report_id,report_day,valid,valid_unix,lat,lon,mag,path_length_mi,location,county,state,remarks,source_url,raw_row_json,feature_json,loaded_at
260621-1,2026-06-21,2026-06-21T19:21:00Z,1782069660.0,38.61,-90.38,0,,Warson Woods,St. Louis,MO,Damage photos provided by broadcast media revealed EF-0 tree damage along Warson Woods drive. This aligns well with radar indicated rotation and a video of a very low.. (LSX),https://www.spc.noaa.gov/climo/reports/260621_rpts_raw_torn.csv,"{""County"":""St. Louis"",""EF_Scale"":""UNK"",""LAT"":""38.61"",""LON"":""-90.38"",""Location"":""Warson Woods"",""Remarks"":""Damage photos provided by broadcast media revealed EF-0 tree damage along Warson Woods drive. This aligns well with radar indicated rotation and a video of a very low.. (LSX)"",""State"":""MO"",""Time"":""1921""}","{""geometry"":{""coordinates"":[-90.38,38.61],""type"":""Point""},""id"":""260621-1"",""properties"":{""_raw_spc_row"":{""County"":""St. Louis"",""EF_Scale"":""UNK"",""LAT"":""38.61"",""LON"":""-90.38"",""Location"":""Warson Woods"",""Remarks"":""Damage photos provided by broadcast media revealed EF-0 tree damage along Warson Woods drive. This aligns well with radar indicated rotation and a video of a very low.. (LSX)"",""State"":""MO"",""Time"":""1921""},""county"":""St. Louis"",""date"":""2026-06-21"",""len"":null,""location"":""Warson Woods"",""mag"":""0"",""remarks"":""Damage photos provided by broadcast media revealed EF-0 tree damage along Warson Woods drive. This aligns well with radar indicated rotation and a video of a very low.. (LSX)"",""report_day"":""2026-06-21"",""source_url"":""https://www.spc.noaa.gov/climo/reports/260621_rpts_raw_torn.csv"",""state"":""MO"",""time"":""19:21:00"",""valid"":""2026-06-21T19:21:00Z""},""type"":""Feature""}",2026-07-09T18:52:04Z
260621-2,2026-06-21,2026-06-21T19:30:00Z,1782070200.0,40.59,-102.06,UNK,,3 ESE Pleasant Valley,Phillips,CO,[Landspout] (BOU),https://www.spc.noaa.gov/climo/reports/260621_rpts_raw_torn.csv,"{""County"":""Phillips"",""EF_Scale"":""UNK"",""LAT"":""40.59"",""LON"":""-102.06"",""Location"":""3 ESE Pleasant Valley"",""Remarks"":""[Landspout] (BOU)"",""State"":""CO"",""Time"":""1930""}","{""geometry"":{""coordinates"":[-102.06,40.59],""type"":""Point""},""id"":""260621-2"",""properties"":{""_raw_spc_row"":{""County"":""Phillips"",""EF_Scale"":""UNK"",""LAT"":""40.59"",""LON"":""-102.06"",""Location"":""3 ESE Pleasant Valley"",""Remarks"":""[Landspout] (BOU)"",""State"":""CO"",""Time"":""1930""},""county"":""Phillips"",""date"":""2026-06-21"",""len"":null,""location"":""3 ESE Pleasant Valley"",""mag"":""UNK"",""remarks"":""[Landspout] (BOU)"",""report_day"":""2026-06-21"",""source_url"":""https://www.spc.noaa.gov/climo/reports/260621_rpts_raw_torn.csv"",""state"":""CO"",""time"":""19:30:00"",""valid"":""2026-06-21T19:30:00Z""},""type"":""Feature""}",2026-07-09T18:52:04Z
260621-3,2026-06-21,2026-06-21T19:44:00Z,1782071040.0,39.96,-103.23,UNK,,1 NNW Elba,Washington,CO,[Landspout] (BOU),https://www.spc.noaa.gov/climo/reports/260621_rpts_raw_torn.csv,"{""County"":""Washington"",""EF_Scale"":""UNK"",""LAT"":""39.96"",""LON"":""-103.23"",""Location"":""1 NNW Elba"",""Remarks"":""[Landspout] (BOU)"",""State"":""CO"",""Time"":""1944""}","{""geometry"":{""coordinates"":[-103.23,39.96],""type"":""Point""},""id"":""260621-3"",""properties"":{""_raw_spc_row"":{""County"":""Washington"",""EF_Scale"":""UNK"",""LAT"":""39.96"",""LON"":""-103.23"",""Location"":""1 NNW Elba"",""Remarks"":""[Landspout] (BOU)"",""State"":""CO"",""Time"":""1944""},""county"":""Washington"",""date"":""2026-06-21"",""len"":null,""location"":""1 NNW Elba"",""mag"":""UNK"",""remarks"":""[Landspout] (BOU)"",""report_day"":""2026-06-21"",""source_url"":""https://www.spc.noaa.gov/climo/reports/260621_rpts_raw_torn.csv"",""state"":""CO"",""time"":""19:44:00"",""valid"":""2026-06-21T19:44:00Z""},""type"":""Feature""}",2026-07-09T18:52:04Z
260621-4,2026-06-21,2026-06-21T20:30:00Z,1782073800.0,38.74,-88.52,1,4.58,2 SSW Louisville,Clay,IL,EF1... max wind 100 mph... path length 4.58 miles... max width 200 yards The tornado was observed 2 miles south-southwest of Louisville just south of Grover Creek Ln. T (ILX),https://www.spc.noaa.gov/climo/reports/260621_rpts_raw_torn.csv,"{""County"":""Clay"",""EF_Scale"":""UNK"",""LAT"":""38.74"",""LON"":""-88.52"",""Location"":""2 SSW Louisville"",""Remarks"":""EF1... max wind 100 mph... path length 4.58 miles... max width 200 yards The tornado was observed 2 miles south-southwest of Louisville just south of Grover Creek Ln. T (ILX)"",""State"":""IL"",""Time"":""2030""}","{""geometry"":{""coordinates"":[-88.52,38.74],""type"":""Point""},""id"":""260621-4"",""properties"":{""_raw_spc_row"":{""County"":""Clay"",""EF_Scale"":""UNK"",""LAT"":""38.74"",""LON"":""-88.52"",""Location"":""2 SSW Louisville"",""Remarks"":""EF1... max wind 100 mph... path length 4.58 miles... max width 200 yards The tornado was observed 2 miles south-southwest of Louisville just south of Grover Creek Ln. T (ILX)"",""State"":""IL"",""Time"":""2030""},""county"":""Clay"",""date"":""2026-06-21"",""len"":4.58,""location"":""2 SSW Louisville"",""mag"":""1"",""remarks"":""EF1... max wind 100 mph... path length 4.58 miles... max width 200 yards The tornado was observed 2 miles south-southwest of Louisville just south of Grover Creek Ln. T (ILX)"",""report_day"":""2026-06-21"",""source_url"":""https://www.spc.noaa.gov/climo/reports/260621_rpts_raw_torn.csv"",""state"":""IL"",""time"":""20:30:00"",""valid"":""2026-06-21T20:30:00Z""},""type"":""Feature""}",2026-07-09T18:52:04Z
260621-5,2026-06-21,2026-06-21T20:30:00Z,1782073800.0,39.23,-88.68,0,2.3,4 NNW Shumway,Shelby,IL,EF-0... max wind 75 mph... path length 2.3 miles... max width 150 yards. The tornado began about 4 miles southwest of Stewardson... causing damage to trees and a farm o (ILX),https://www.spc.noaa.gov/climo/reports/260621_rpts_raw_torn.csv,"{""County"":""Shelby"",""EF_Scale"":""UNK"",""LAT"":""39.23"",""LON"":""-88.68"",""Location"":""4 NNW Shumway"",""Remarks"":""EF-0... max wind 75 mph... path length 2.3 miles... max width 150 yards. The tornado began about 4 miles southwest of Stewardson... causing damage to trees and a farm o (ILX)"",""State"":""IL"",""Time"":""2030""}","{""geometry"":{""coordinates"":[-88.68,39.23],""type"":""Point""},""id"":""260621-5"",""properties"":{""_raw_spc_row"":{""County"":""Shelby"",""EF_Scale"":""UNK"",""LAT"":""39.23"",""LON"":""-88.68"",""Location"":""4 NNW Shumway"",""Remarks"":""EF-0... max wind 75 mph... path length 2.3 miles... max width 150 yards. The tornado began about 4 miles southwest of Stewardson... causing damage to trees and a farm o (ILX)"",""State"":""IL"",""Time"":""2030""},""county"":""Shelby"",""date"":""2026-06-21"",""len"":2.3,""location"":""4 NNW Shumway"",""mag"":""0"",""remarks"":""EF-0... max wind 75 mph... path length 2.3 miles... max width 150 yards. The tornado began about 4 miles southwest of Stewardson... causing damage to trees and a farm o (ILX)"",""report_day"":""2026-06-21"",""source_url"":""https://www.spc.noaa.gov/climo/reports/260621_rpts_raw_torn.csv"",""state"":""IL"",""time"":""20:30:00"",""valid"":""2026-06-21T20:30:00Z""},""type"":""Feature""}",2026-07-09T18:52:04Z
260621-6,2026-06-21,2026-06-21T20:34:00Z,1782074040.0,38.77,-88.5,UNK,,Louisville,Clay,IL,(ILX),https://www.spc.noaa.gov/climo/reports/260621_rpts_raw_torn.csv,"{""County"":""Clay"",""EF_Scale"":""UNK"",""LAT"":""38.77"",""LON"":""-88.5"",""Location"":""Louisville"",""Remarks"":""(ILX)"",""State"":""IL"",""Time"":""2034""}","{""geometry"":{""coordinates"":[-88.5,38.77],""type"":""Point""},""id"":""260621-6"",""properties"":{""_raw_spc_row"":{""County"":""Clay"",""EF_Scale"":""UNK"",""LAT"":""38.77"",""LON"":""-88.5"",""Location"":""Louisville"",""Remarks"":""(ILX)"",""State"":""IL"",""Time"":""2034""},""county"":""Clay"",""date"":""2026-06-21"",""len"":null,""location"":""Louisville"",""mag"":""UNK"",""remarks"":""(ILX)"",""report_day"":""2026-06-21"",""source_url"":""https://www.spc.noaa.gov/climo/reports/260621_rpts_raw_torn.csv"",""state"":""IL"",""time"":""20:34:00"",""valid"":""2026-06-21T20:34:00Z""},""type"":""Feature""}",2026-07-09T18:52:04Z
260621-7,2026-06-21,2026-06-21T20:35:00Z,1782074100.0,40.49,-89.71,UNK,,3 W South Pekin,Tazewell,IL,Received video confirmation of a landspout. (ILX),https://www.spc.noaa.gov/climo/reports/260621_rpts_raw_torn.csv,"{""County"":""Tazewell"",""EF_Scale"":""UNK"",""LAT"":""40.49"",""LON"":""-89.71"",""Location"":""3 W South Pekin"",""Remarks"":""Received video confirmation of a landspout. (ILX)"",""State"":""IL"",""Time"":""2035""}","{""geometry"":{""coordinates"":[-89.71,40.49],""type"":""Point""},""id"":""260621-7"",""properties"":{""_raw_spc_row"":{""County"":""Tazewell"",""EF_Scale"":""UNK"",""LAT"":""40.49"",""LON"":""-89.71"",""Location"":""3 W South Pekin"",""Remarks"":""Received video confirmation of a landspout. (ILX)"",""State"":""IL"",""Time"":""2035""},""county"":""Tazewell"",""date"":""2026-06-21"",""len"":null,""location"":""3 W South Pekin"",""mag"":""UNK"",""remarks"":""Received video confirmation of a landspout. (ILX)"",""report_day"":""2026-06-21"",""source_url"":""https://www.spc.noaa.gov/climo/reports/260621_rpts_raw_torn.csv"",""state"":""IL"",""time"":""20:35:00"",""valid"":""2026-06-21T20:35:00Z""},""type"":""Feature""}",2026-07-09T18:52:04Z
260621-8,2026-06-21,2026-06-21T20:43:00Z,1782074580.0,39.32,-88.43,UNK,,1 ESE Neoga,Cumberland,IL,Areal drone footage shared via broadcast met. Time estimated by radar. (ILX),https://www.spc.noaa.gov/climo/reports/260621_rpts_raw_torn.csv,"{""County"":""Cumberland"",""EF_Scale"":""UNK"",""LAT"":""39.32"",""LON"":""-88.43"",""Location"":""1 ESE Neoga"",""Remarks"":""Areal drone footage shared via broadcast met. Time estimated by radar. (ILX)"",""State"":""IL"",""Time"":""2043""}","{""geometry"":{""coordinates"":[-88.43,39.32],""type"":""Point""},""id"":""260621-8"",""properties"":{""_raw_spc_row"":{""County"":""Cumberland"",""EF_Scale"":""UNK"",""LAT"":""39.32"",""LON"":""-88.43"",""Location"":""1 ESE Neoga"",""Remarks"":""Areal drone footage shared via broadcast met. Time estimated by radar. (ILX)"",""State"":""IL"",""Time"":""2043""},""county"":""Cumberland"",""date"":""2026-06-21"",""len"":null,""location"":""1 ESE Neoga"",""mag"":""UNK"",""remarks"":""Areal drone footage shared via broadcast met. Time estimated by radar. (ILX)"",""report_day"":""2026-06-21"",""source_url"":""https://www.spc.noaa.gov/climo/reports/260621_rpts_raw_torn.csv"",""state"":""IL"",""time"":""20:43:00"",""valid"":""2026-06-21T20:43:00Z""},""type"":""Feature""}",2026-07-09T18:52:04Z
260621-9,2026-06-21,2026-06-21T20:43:00Z,1782074580.0,39.3,-88.43,1,0.85,1 SE Neoga,Cumberland,IL,EF-1... max winds 90 mph... path length 0.85 miles... max width 75 yards. The tornado touched down about 1 mile southeast of Neoga... on the east side of I-57. It damag (ILX),https://www.spc.noaa.gov/climo/reports/260621_rpts_raw_torn.csv,"{""County"":""Cumberland"",""EF_Scale"":""UNK"",""LAT"":""39.3"",""LON"":""-88.43"",""Location"":""1 SE Neoga"",""Remarks"":""EF-1... max winds 90 mph... path length 0.85 miles... max width 75 yards. The tornado touched down about 1 mile southeast of Neoga... on the east side of I-57. It damag (ILX)"",""State"":""IL"",""Time"":""2043""}","{""geometry"":{""coordinates"":[-88.43,39.3],""type"":""Point""},""id"":""260621-9"",""properties"":{""_raw_spc_row"":{""County"":""Cumberland"",""EF_Scale"":""UNK"",""LAT"":""39.3"",""LON"":""-88.43"",""Location"":""1 SE Neoga"",""Remarks"":""EF-1... max winds 90 mph... path length 0.85 miles... max width 75 yards. The tornado touched down about 1 mile southeast of Neoga... on the east side of I-57. It damag (ILX)"",""State"":""IL"",""Time"":""2043""},""county"":""Cumberland"",""date"":""2026-06-21"",""len"":0.85,""location"":""1 SE Neoga"",""mag"":""1"",""remarks"":""EF-1... max winds 90 mph... path length 0.85 miles... max width 75 yards. The tornado touched down about 1 mile southeast of Neoga... on the east side of I-57. It damag (ILX)"",""report_day"":""2026-06-21"",""source_url"":""https://www.spc.noaa.gov/climo/reports/260621_rpts_raw_torn.csv"",""state"":""IL"",""time"":""20:43:00"",""valid"":""2026-06-21T20:43:00Z""},""type"":""Feature""}",2026-07-09T18:52:04Z
260621-10,2026-06-21,2026-06-21T20:47:00Z,1782074820.0,38.84,-88.38,UNK,,3 W Ingraham,Clay,IL,(ILX),https://www.spc.noaa.gov/climo/reports/260621_rpts_raw_torn.csv,"{""County"":""Clay"",""EF_Scale"":""UNK"",""LAT"":""38.84"",""LON"":""-88.38"",""Location"":""3 W Ingraham"",""Remarks"":""(ILX)"",""State"":""IL"",""Time"":""2047""}","{""geometry"":{""coordinates"":[-88.38,38.84],""type"":""Point""},""id"":""260621-10"",""properties"":{""_raw_spc_row"":{""County"":""Clay"",""EF_Scale"":""UNK"",""LAT"":""38.84"",""LON"":""-88.38"",""Location"":""3 W Ingraham"",""Remarks"":""(ILX)"",""State"":""IL"",""Time"":""2047""},""county"":""Clay"",""date"":""2026-06-21"",""len"":null,""location"":""3 W Ingraham"",""mag"":""UNK"",""remarks"":""(ILX)"",""report_day"":""2026-06-21"",""source_url"":""https://www.spc.noaa.gov/climo/reports/260621_rpts_raw_torn.csv"",""state"":""IL"",""time"":""20:47:00"",""valid"":""2026-06-21T20:47:00Z""},""type"":""Feature""}",2026-07-09T18:52:04Z
260621-11,2026-06-21,2026-06-21T20:49:00Z,1782074940.0,38.82,-89.08,UNK,,1 NNE Vernon,Marion,IL,A chaser photo taken around 3:50 on hwy 51 shows a tornado directly in front (south) of a tree line along the Fayette/Marion county line. Just to the west of the tornad (LSX),https://www.spc.noaa.gov/climo/reports/260621_rpts_raw_torn.csv,"{""County"":""Marion"",""EF_Scale"":""UNK"",""LAT"":""38.82"",""LON"":""-89.08"",""Location"":""1 NNE Vernon"",""Remarks"":""A chaser photo taken around 3:50 on hwy 51 shows a tornado directly in front (south) of a tree line along the Fayette/Marion county line. Just to the west of the tornad (LSX)"",""State"":""IL"",""Time"":""2049""}","{""geometry"":{""coordinates"":[-89.08,38.82],""type"":""Point""},""id"":""260621-11"",""properties"":{""_raw_spc_row"":{""County"":""Marion"",""EF_Scale"":""UNK"",""LAT"":""38.82"",""LON"":""-89.08"",""Location"":""1 NNE Vernon"",""Remarks"":""A chaser photo taken around 3:50 on hwy 51 shows a tornado directly in front (south) of a tree line along the Fayette/Marion county line. Just to the west of the tornad (LSX)"",""State"":""IL"",""Time"":""2049""},""county"":""Marion"",""date"":""2026-06-21"",""len"":null,""location"":""1 NNE Vernon"",""mag"":""UNK"",""remarks"":""A chaser photo taken around 3:50 on hwy 51 shows a tornado directly in front (south) of a tree line along the Fayette/Marion county line. Just to the west of the tornad (LSX)"",""report_day"":""2026-06-21"",""source_url"":""https://www.spc.noaa.gov/climo/reports/260621_rpts_raw_torn.csv"",""state"":""IL"",""time"":""20:49:00"",""valid"":""2026-06-21T20:49:00Z""},""type"":""Feature""}",2026-07-09T18:52:04Z
260621-12,2026-06-21,2026-06-21T20:51:00Z,1782075060.0,38.81,-89.08,UNK,,1 NNE Vernon,Marion,IL,Corrects previous tornado report from 3 W Saint Paul. Corrects previous funnel cloud report from 3 W Saint Paul. Report of funnel cloud from Fox 2 Storm Runner broadcas (LSX),https://www.spc.noaa.gov/climo/reports/260621_rpts_raw_torn.csv,"{""County"":""Marion"",""EF_Scale"":""UNK"",""LAT"":""38.81"",""LON"":""-89.08"",""Location"":""1 NNE Vernon"",""Remarks"":""Corrects previous tornado report from 3 W Saint Paul. Corrects previous funnel cloud report from 3 W Saint Paul. Report of funnel cloud from Fox 2 Storm Runner broadcas (LSX)"",""State"":""IL"",""Time"":""2051""}","{""geometry"":{""coordinates"":[-89.08,38.81],""type"":""Point""},""id"":""260621-12"",""properties"":{""_raw_spc_row"":{""County"":""Marion"",""EF_Scale"":""UNK"",""LAT"":""38.81"",""LON"":""-89.08"",""Location"":""1 NNE Vernon"",""Remarks"":""Corrects previous tornado report from 3 W Saint Paul. Corrects previous funnel cloud report from 3 W Saint Paul. Report of funnel cloud from Fox 2 Storm Runner broadcas (LSX)"",""State"":""IL"",""Time"":""2051""},""county"":""Marion"",""date"":""2026-06-21"",""len"":null,""location"":""1 NNE Vernon"",""mag"":""UNK"",""remarks"":""Corrects previous tornado report from 3 W Saint Paul. Corrects previous funnel cloud report from 3 W Saint Paul. Report of funnel cloud from Fox 2 Storm Runner broadcas (LSX)"",""report_day"":""2026-06-21"",""source_url"":""https://www.spc.noaa.gov/climo/reports/260621_rpts_raw_torn.csv"",""state"":""IL"",""time"":""20:51:00"",""valid"":""2026-06-21T20:51:00Z""},""type"":""Feature""}",2026-07-09T18:52:04Z
260621-13,2026-06-21,2026-06-21T20:53:00Z,1782075180.0,38.83,-89.04,UNK,,3 NE Vernon,Fayette,IL,Report of a tornado touchdown near Pittsburgh and Vernon. (LSX),https://www.spc.noaa.gov/climo/reports/260621_rpts_raw_torn.csv,"{""County"":""Fayette"",""EF_Scale"":""UNK"",""LAT"":""38.83"",""LON"":""-89.04"",""Location"":""3 NE Vernon"",""Remarks"":""Report of a tornado touchdown near Pittsburgh and Vernon. (LSX)"",""State"":""IL"",""Time"":""2053""}","{""geometry"":{""coordinates"":[-89.04,38.83],""type"":""Point""},""id"":""260621-13"",""properties"":{""_raw_spc_row"":{""County"":""Fayette"",""EF_Scale"":""UNK"",""LAT"":""38.83"",""LON"":""-89.04"",""Location"":""3 NE Vernon"",""Remarks"":""Report of a tornado touchdown near Pittsburgh and Vernon. (LSX)"",""State"":""IL"",""Time"":""2053""},""county"":""Fayette"",""date"":""2026-06-21"",""len"":null,""location"":""3 NE Vernon"",""mag"":""UNK"",""remarks"":""Report of a tornado touchdown near Pittsburgh and Vernon. (LSX)"",""report_day"":""2026-06-21"",""source_url"":""https://www.spc.noaa.gov/climo/reports/260621_rpts_raw_torn.csv"",""state"":""IL"",""time"":""20:53:00"",""valid"":""2026-06-21T20:53:00Z""},""type"":""Feature""}",2026-07-09T18:52:04Z
260621-14,2026-06-21,2026-06-21T21:06:00Z,1782075960.0,39.31,-88.23,0,6.36,3 NNE Toledo,Cumberland,IL,EF-0... max winds 80 mph... path length 6.36 miles... path width 350 yards. The tornado began about 1 mile southeast of Bradbury near County Road 1350. It tracked north (ILX),https://www.spc.noaa.gov/climo/reports/260621_rpts_raw_torn.csv,"{""County"":""Cumberland"",""EF_Scale"":""UNK"",""LAT"":""39.31"",""LON"":""-88.23"",""Location"":""3 NNE Toledo"",""Remarks"":""EF-0... max winds 80 mph... path length 6.36 miles... path width 350 yards. The tornado began about 1 mile southeast of Bradbury near County Road 1350. It tracked north (ILX)"",""State"":""IL"",""Time"":""2106""}","{""geometry"":{""coordinates"":[-88.23,39.31],""type"":""Point""},""id"":""260621-14"",""properties"":{""_raw_spc_row"":{""County"":""Cumberland"",""EF_Scale"":""UNK"",""LAT"":""39.31"",""LON"":""-88.23"",""Location"":""3 NNE Toledo"",""Remarks"":""EF-0... max winds 80 mph... path length 6.36 miles... path width 350 yards. The tornado began about 1 mile southeast of Bradbury near County Road 1350. It tracked north (ILX)"",""State"":""IL"",""Time"":""2106""},""county"":""Cumberland"",""date"":""2026-06-21"",""len"":6.36,""location"":""3 NNE Toledo"",""mag"":""0"",""remarks"":""EF-0... max winds 80 mph... path length 6.36 miles... path width 350 yards. The tornado began about 1 mile southeast of Bradbury near County Road 1350. It tracked north (ILX)"",""report_day"":""2026-06-21"",""source_url"":""https://www.spc.noaa.gov/climo/reports/260621_rpts_raw_torn.csv"",""state"":""IL"",""time"":""21:06:00"",""valid"":""2026-06-21T21:06:00Z""},""type"":""Feature""}",2026-07-09T18:52:04Z
260621-15,2026-06-21,2026-06-21T21:07:00Z,1782076020.0,38.94,-88.17,2,3.73,4 S Newton,Jasper,IL,EF-2... max wind 120 mph... path length 3.73 miles... max width 250 yards. The tornado touched down about 2 miles south of Newton where it produced EF2 tree damage. It (ILX),https://www.spc.noaa.gov/climo/reports/260621_rpts_raw_torn.csv,"{""County"":""Jasper"",""EF_Scale"":""UNK"",""LAT"":""38.94"",""LON"":""-88.17"",""Location"":""4 S Newton"",""Remarks"":""EF-2... max wind 120 mph... path length 3.73 miles... max width 250 yards. The tornado touched down about 2 miles south of Newton where it produced EF2 tree damage. It (ILX)"",""State"":""IL"",""Time"":""2107""}","{""geometry"":{""coordinates"":[-88.17,38.94],""type"":""Point""},""id"":""260621-15"",""properties"":{""_raw_spc_row"":{""County"":""Jasper"",""EF_Scale"":""UNK"",""LAT"":""38.94"",""LON"":""-88.17"",""Location"":""4 S Newton"",""Remarks"":""EF-2... max wind 120 mph... path length 3.73 miles... max width 250 yards. The tornado touched down about 2 miles south of Newton where it produced EF2 tree damage. It (ILX)"",""State"":""IL"",""Time"":""2107""},""county"":""Jasper"",""date"":""2026-06-21"",""len"":3.73,""location"":""4 S Newton"",""mag"":""2"",""remarks"":""EF-2... max wind 120 mph... path length 3.73 miles... max width 250 yards. The tornado touched down about 2 miles south of Newton where it produced EF2 tree damage. It (ILX)"",""report_day"":""2026-06-21"",""source_url"":""https://www.spc.noaa.gov/climo/reports/260621_rpts_raw_torn.csv"",""state"":""IL"",""time"":""21:07:00"",""valid"":""2026-06-21T21:07:00Z""},""type"":""Feature""}",2026-07-09T18:52:04Z
260621-16,2026-06-21,2026-06-21T21:14:00Z,1782076440.0,38.98,-88.15,UNK,,1 SSE Newton,Jasper,IL,Large TDS on radar. (ILX),https://www.spc.noaa.gov/climo/reports/260621_rpts_raw_torn.csv,"{""County"":""Jasper"",""EF_Scale"":""UNK"",""LAT"":""38.98"",""LON"":""-88.15"",""Location"":""1 SSE Newton"",""Remarks"":""Large TDS on radar. (ILX)"",""State"":""IL"",""Time"":""2114""}","{""geometry"":{""coordinates"":[-88.15,38.98],""type"":""Point""},""id"":""260621-16"",""properties"":{""_raw_spc_row"":{""County"":""Jasper"",""EF_Scale"":""UNK"",""LAT"":""38.98"",""LON"":""-88.15"",""Location"":""1 SSE Newton"",""Remarks"":""Large TDS on radar. (ILX)"",""State"":""IL"",""Time"":""2114""},""county"":""Jasper"",""date"":""2026-06-21"",""len"":null,""location"":""1 SSE Newton"",""mag"":""UNK"",""remarks"":""Large TDS on radar. (ILX)"",""report_day"":""2026-06-21"",""source_url"":""https://www.spc.noaa.gov/climo/reports/260621_rpts_raw_torn.csv"",""state"":""IL"",""time"":""21:14:00"",""valid"":""2026-06-21T21:14:00Z""},""type"":""Feature""}",2026-07-09T18:52:04Z
260621-17,2026-06-21,2026-06-21T21:15:00Z,1782076500.0,38.97,-88.12,2,2.68,3 ESE Newton,Jasper,IL,EF-2. max wind 115 mph... path length 2.68 miles... max width 300 yards. Radar supports a new tornado developing in the area of N 1400 St near the Embarrass River where (ILX),https://www.spc.noaa.gov/climo/reports/260621_rpts_raw_torn.csv,"{""County"":""Jasper"",""EF_Scale"":""UNK"",""LAT"":""38.97"",""LON"":""-88.12"",""Location"":""3 ESE Newton"",""Remarks"":""EF-2. max wind 115 mph... path length 2.68 miles... max width 300 yards. Radar supports a new tornado developing in the area of N 1400 St near the Embarrass River where (ILX)"",""State"":""IL"",""Time"":""2115""}","{""geometry"":{""coordinates"":[-88.12,38.97],""type"":""Point""},""id"":""260621-17"",""properties"":{""_raw_spc_row"":{""County"":""Jasper"",""EF_Scale"":""UNK"",""LAT"":""38.97"",""LON"":""-88.12"",""Location"":""3 ESE Newton"",""Remarks"":""EF-2. max wind 115 mph... path length 2.68 miles... max width 300 yards. Radar supports a new tornado developing in the area of N 1400 St near the Embarrass River where (ILX)"",""State"":""IL"",""Time"":""2115""},""county"":""Jasper"",""date"":""2026-06-21"",""len"":2.68,""location"":""3 ESE Newton"",""mag"":""2"",""remarks"":""EF-2. max wind 115 mph... path length 2.68 miles... max width 300 yards. Radar supports a new tornado developing in the area of N 1400 St near the Embarrass River where (ILX)"",""report_day"":""2026-06-21"",""source_url"":""https://www.spc.noaa.gov/climo/reports/260621_rpts_raw_torn.csv"",""state"":""IL"",""time"":""21:15:00"",""valid"":""2026-06-21T21:15:00Z""},""type"":""Feature""}",2026-07-09T18:52:04Z
260621-18,2026-06-21,2026-06-21T21:31:00Z,1782077460.0,38.8,-88.75,UNK,,2 SE Farina,Marion,IL,Corrects previous tornado report from 3 NNE Stephen Forbes Station. Corrects previous tornado report from 2 E Alma. Emergency manager reported a funnel. Passed along a (LSX),https://www.spc.noaa.gov/climo/reports/260621_rpts_raw_torn.csv,"{""County"":""Marion"",""EF_Scale"":""UNK"",""LAT"":""38.8"",""LON"":""-88.75"",""Location"":""2 SE Farina"",""Remarks"":""Corrects previous tornado report from 3 NNE Stephen Forbes Station. Corrects previous tornado report from 2 E Alma. Emergency manager reported a funnel. Passed along a (LSX)"",""State"":""IL"",""Time"":""2131""}","{""geometry"":{""coordinates"":[-88.75,38.8],""type"":""Point""},""id"":""260621-18"",""properties"":{""_raw_spc_row"":{""County"":""Marion"",""EF_Scale"":""UNK"",""LAT"":""38.8"",""LON"":""-88.75"",""Location"":""2 SE Farina"",""Remarks"":""Corrects previous tornado report from 3 NNE Stephen Forbes Station. Corrects previous tornado report from 2 E Alma. Emergency manager reported a funnel. Passed along a (LSX)"",""State"":""IL"",""Time"":""2131""},""county"":""Marion"",""date"":""2026-06-21"",""len"":null,""location"":""2 SE Farina"",""mag"":""UNK"",""remarks"":""Corrects previous tornado report from 3 NNE Stephen Forbes Station. Corrects previous tornado report from 2 E Alma. Emergency manager reported a funnel. Passed along a (LSX)"",""report_day"":""2026-06-21"",""source_url"":""https://www.spc.noaa.gov/climo/reports/260621_rpts_raw_torn.csv"",""state"":""IL"",""time"":""21:31:00"",""valid"":""2026-06-21T21:31:00Z""},""type"":""Feature""}",2026-07-09T18:52:04Z
260621-19,2026-06-21,2026-06-21T21:36:00Z,1782077760.0,39.11,-87.74,1,6.98,4 ENE Eaton,Crawford,IL,EF-1... max wind 100 mph... path length 6.98 miles... path width 600 yards. The tornado began 3 miles southwest of Annapolis and tracked east-northeast toward N825th St (ILX),https://www.spc.noaa.gov/climo/reports/260621_rpts_raw_torn.csv,"{""County"":""Crawford"",""EF_Scale"":""UNK"",""LAT"":""39.11"",""LON"":""-87.74"",""Location"":""4 ENE Eaton"",""Remarks"":""EF-1... max wind 100 mph... path length 6.98 miles... path width 600 yards. The tornado began 3 miles southwest of Annapolis and tracked east-northeast toward N825th St (ILX)"",""State"":""IL"",""Time"":""2136""}","{""geometry"":{""coordinates"":[-87.74,39.11],""type"":""Point""},""id"":""260621-19"",""properties"":{""_raw_spc_row"":{""County"":""Crawford"",""EF_Scale"":""UNK"",""LAT"":""39.11"",""LON"":""-87.74"",""Location"":""4 ENE Eaton"",""Remarks"":""EF-1... max wind 100 mph... path length 6.98 miles... path width 600 yards. The tornado began 3 miles southwest of Annapolis and tracked east-northeast toward N825th St (ILX)"",""State"":""IL"",""Time"":""2136""},""county"":""Crawford"",""date"":""2026-06-21"",""len"":6.98,""location"":""4 ENE Eaton"",""mag"":""1"",""remarks"":""EF-1... max wind 100 mph... path length 6.98 miles... path width 600 yards. The tornado began 3 miles southwest of Annapolis and tracked east-northeast toward N825th St (ILX)"",""report_day"":""2026-06-21"",""source_url"":""https://www.spc.noaa.gov/climo/reports/260621_rpts_raw_torn.csv"",""state"":""IL"",""time"":""21:36:00"",""valid"":""2026-06-21T21:36:00Z""},""type"":""Feature""}",2026-07-09T18:52:04Z
260621-20,2026-06-21,2026-06-21T21:36:00Z,1782077760.0,38.79,-88.73,1,,4 SE Farina,Marion,IL,NWS storm survey found very clear tornadic damage (EF-1) east of Kinmundy... with supporting video showing a multi-vortex tornado in that location. (LSX),https://www.spc.noaa.gov/climo/reports/260621_rpts_raw_torn.csv,"{""County"":""Marion"",""EF_Scale"":""UNK"",""LAT"":""38.79"",""LON"":""-88.73"",""Location"":""4 SE Farina"",""Remarks"":""NWS storm survey found very clear tornadic damage (EF-1) east of Kinmundy... with supporting video showing a multi-vortex tornado in that location. (LSX)"",""State"":""IL"",""Time"":""2136""}","{""geometry"":{""coordinates"":[-88.73,38.79],""type"":""Point""},""id"":""260621-20"",""properties"":{""_raw_spc_row"":{""County"":""Marion"",""EF_Scale"":""UNK"",""LAT"":""38.79"",""LON"":""-88.73"",""Location"":""4 SE Farina"",""Remarks"":""NWS storm survey found very clear tornadic damage (EF-1) east of Kinmundy... with supporting video showing a multi-vortex tornado in that location. (LSX)"",""State"":""IL"",""Time"":""2136""},""county"":""Marion"",""date"":""2026-06-21"",""len"":null,""location"":""4 SE Farina"",""mag"":""1"",""remarks"":""NWS storm survey found very clear tornadic damage (EF-1) east of Kinmundy... with supporting video showing a multi-vortex tornado in that location. (LSX)"",""report_day"":""2026-06-21"",""source_url"":""https://www.spc.noaa.gov/climo/reports/260621_rpts_raw_torn.csv"",""state"":""IL"",""time"":""21:36:00"",""valid"":""2026-06-21T21:36:00Z""},""type"":""Feature""}",2026-07-09T18:52:04Z
260621-21,2026-06-21,2026-06-21T21:38:00Z,1782077880.0,38.73,-88.87,UNK,,2 E Alma,Marion,IL,Emergency manager reported a funnel. Passed along a report from firemen saying tornado on the ground headed east toward Forbes State Park. (LSX),https://www.spc.noaa.gov/climo/reports/260621_rpts_raw_torn.csv,"{""County"":""Marion"",""EF_Scale"":""UNK"",""LAT"":""38.73"",""LON"":""-88.87"",""Location"":""2 E Alma"",""Remarks"":""Emergency manager reported a funnel. Passed along a report from firemen saying tornado on the ground headed east toward Forbes State Park. (LSX)"",""State"":""IL"",""Time"":""2138""}","{""geometry"":{""coordinates"":[-88.87,38.73],""type"":""Point""},""id"":""260621-21"",""properties"":{""_raw_spc_row"":{""County"":""Marion"",""EF_Scale"":""UNK"",""LAT"":""38.73"",""LON"":""-88.87"",""Location"":""2 E Alma"",""Remarks"":""Emergency manager reported a funnel. Passed along a report from firemen saying tornado on the ground headed east toward Forbes State Park. (LSX)"",""State"":""IL"",""Time"":""2138""},""county"":""Marion"",""date"":""2026-06-21"",""len"":null,""location"":""2 E Alma"",""mag"":""UNK"",""remarks"":""Emergency manager reported a funnel. Passed along a report from firemen saying tornado on the ground headed east toward Forbes State Park. (LSX)"",""report_day"":""2026-06-21"",""source_url"":""https://www.spc.noaa.gov/climo/reports/260621_rpts_raw_torn.csv"",""state"":""IL"",""time"":""21:38:00"",""valid"":""2026-06-21T21:38:00Z""},""type"":""Feature""}",2026-07-09T18:52:04Z
260621-22,2026-06-21,2026-06-21T21:38:00Z,1782077880.0,38.77,-88.74,UNK,,3 NNE Stephen Forbes St,Marion,IL,Corrects previous tornado report from 2 E Alma. Emergency manager reported a funnel. Passed along a report from firemen saying tornado on the ground headed east toward (LSX),https://www.spc.noaa.gov/climo/reports/260621_rpts_raw_torn.csv,"{""County"":""Marion"",""EF_Scale"":""UNK"",""LAT"":""38.77"",""LON"":""-88.74"",""Location"":""3 NNE Stephen Forbes St"",""Remarks"":""Corrects previous tornado report from 2 E Alma. Emergency manager reported a funnel. Passed along a report from firemen saying tornado on the ground headed east toward (LSX)"",""State"":""IL"",""Time"":""2138""}","{""geometry"":{""coordinates"":[-88.74,38.77],""type"":""Point""},""id"":""260621-22"",""properties"":{""_raw_spc_row"":{""County"":""Marion"",""EF_Scale"":""UNK"",""LAT"":""38.77"",""LON"":""-88.74"",""Location"":""3 NNE Stephen Forbes St"",""Remarks"":""Corrects previous tornado report from 2 E Alma. Emergency manager reported a funnel. Passed along a report from firemen saying tornado on the ground headed east toward (LSX)"",""State"":""IL"",""Time"":""2138""},""county"":""Marion"",""date"":""2026-06-21"",""len"":null,""location"":""3 NNE Stephen Forbes St"",""mag"":""UNK"",""remarks"":""Corrects previous tornado report from 2 E Alma. Emergency manager reported a funnel. Passed along a report from firemen saying tornado on the ground headed east toward (LSX)"",""report_day"":""2026-06-21"",""source_url"":""https://www.spc.noaa.gov/climo/reports/260621_rpts_raw_torn.csv"",""state"":""IL"",""time"":""21:38:00"",""valid"":""2026-06-21T21:38:00Z""},""type"":""Feature""}",2026-07-09T18:52:04Z
260621-23,2026-06-21,2026-06-21T21:41:00Z,1782078060.0,39.1,-87.8,1,2.01,1 NNE Eaton,Crawford,IL,EF-1... max wind 95 mph... path length 2.01 miles... path width 600 yards. The tornado touched down about 3 miles SSE of Annapolis and progressed northeast for 2 miles. (ILX),https://www.spc.noaa.gov/climo/reports/260621_rpts_raw_torn.csv,"{""County"":""Crawford"",""EF_Scale"":""UNK"",""LAT"":""39.1"",""LON"":""-87.8"",""Location"":""1 NNE Eaton"",""Remarks"":""EF-1... max wind 95 mph... path length 2.01 miles... path width 600 yards. The tornado touched down about 3 miles SSE of Annapolis and progressed northeast for 2 miles. (ILX)"",""State"":""IL"",""Time"":""2141""}","{""geometry"":{""coordinates"":[-87.8,39.1],""type"":""Point""},""id"":""260621-23"",""properties"":{""_raw_spc_row"":{""County"":""Crawford"",""EF_Scale"":""UNK"",""LAT"":""39.1"",""LON"":""-87.8"",""Location"":""1 NNE Eaton"",""Remarks"":""EF-1... max wind 95 mph... path length 2.01 miles... path width 600 yards. The tornado touched down about 3 miles SSE of Annapolis and progressed northeast for 2 miles. (ILX)"",""State"":""IL"",""Time"":""2141""},""county"":""Crawford"",""date"":""2026-06-21"",""len"":2.01,""location"":""1 NNE Eaton"",""mag"":""1"",""remarks"":""EF-1... max wind 95 mph... path length 2.01 miles... path width 600 yards. The tornado touched down about 3 miles SSE of Annapolis and progressed northeast for 2 miles. (ILX)"",""report_day"":""2026-06-21"",""source_url"":""https://www.spc.noaa.gov/climo/reports/260621_rpts_raw_torn.csv"",""state"":""IL"",""time"":""21:41:00"",""valid"":""2026-06-21T21:41:00Z""},""type"":""Feature""}",2026-07-09T18:52:04Z
260621-24,2026-06-21,2026-06-21T21:41:00Z,1782078060.0,38.78,-88.67,UNK,,2 NW Oskaloosa,Clay,IL,(ILX),https://www.spc.noaa.gov/climo/reports/260621_rpts_raw_torn.csv,"{""County"":""Clay"",""EF_Scale"":""UNK"",""LAT"":""38.78"",""LON"":""-88.67"",""Location"":""2 NW Oskaloosa"",""Remarks"":""(ILX)"",""State"":""IL"",""Time"":""2141""}","{""geometry"":{""coordinates"":[-88.67,38.78],""type"":""Point""},""id"":""260621-24"",""properties"":{""_raw_spc_row"":{""County"":""Clay"",""EF_Scale"":""UNK"",""LAT"":""38.78"",""LON"":""-88.67"",""Location"":""2 NW Oskaloosa"",""Remarks"":""(ILX)"",""State"":""IL"",""Time"":""2141""},""county"":""Clay"",""date"":""2026-06-21"",""len"":null,""location"":""2 NW Oskaloosa"",""mag"":""UNK"",""remarks"":""(ILX)"",""report_day"":""2026-06-21"",""source_url"":""https://www.spc.noaa.gov/climo/reports/260621_rpts_raw_torn.csv"",""state"":""IL"",""time"":""21:41:00"",""valid"":""2026-06-21T21:41:00Z""},""type"":""Feature""}",2026-07-09T18:52:04Z
260621-25,2026-06-21,2026-06-21T21:45:00Z,1782078300.0,39.13,-87.77,UNK,,3 ESE Annapolis,Crawford,IL,TDS observed on radar. (ILX),https://www.spc.noaa.gov/climo/reports/260621_rpts_raw_torn.csv,"{""County"":""Crawford"",""EF_Scale"":""UNK"",""LAT"":""39.13"",""LON"":""-87.77"",""Location"":""3 ESE Annapolis"",""Remarks"":""TDS observed on radar. (ILX)"",""State"":""IL"",""Time"":""2145""}","{""geometry"":{""coordinates"":[-87.77,39.13],""type"":""Point""},""id"":""260621-25"",""properties"":{""_raw_spc_row"":{""County"":""Crawford"",""EF_Scale"":""UNK"",""LAT"":""39.13"",""LON"":""-87.77"",""Location"":""3 ESE Annapolis"",""Remarks"":""TDS observed on radar. (ILX)"",""State"":""IL"",""Time"":""2145""},""county"":""Crawford"",""date"":""2026-06-21"",""len"":null,""location"":""3 ESE Annapolis"",""mag"":""UNK"",""remarks"":""TDS observed on radar. (ILX)"",""report_day"":""2026-06-21"",""source_url"":""https://www.spc.noaa.gov/climo/reports/260621_rpts_raw_torn.csv"",""state"":""IL"",""time"":""21:45:00"",""valid"":""2026-06-21T21:45:00Z""},""type"":""Feature""}",2026-07-09T18:52:04Z
260621-26,2026-06-21,2026-06-21T22:02:00Z,1782079320.0,38.41,-88.93,3,,2 SSE Dix,Jefferson,IL,*** 2 FATAL... 5 INJ *** EF3 Tornado. Peak winds 140 mph. Track 13.8 miles. Several mobile homes destroyed. Severe tree damage... power poles snapped. (PAH),https://www.spc.noaa.gov/climo/reports/260621_rpts_raw_torn.csv,"{""County"":""Jefferson"",""EF_Scale"":""UNK"",""LAT"":""38.41"",""LON"":""-88.93"",""Location"":""2 SSE Dix"",""Remarks"":""*** 2 FATAL... 5 INJ *** EF3 Tornado. Peak winds 140 mph. Track 13.8 miles. Several mobile homes destroyed. Severe tree damage... power poles snapped. (PAH)"",""State"":""IL"",""Time"":""2202""}","{""geometry"":{""coordinates"":[-88.93,38.41],""type"":""Point""},""id"":""260621-26"",""properties"":{""_raw_spc_row"":{""County"":""Jefferson"",""EF_Scale"":""UNK"",""LAT"":""38.41"",""LON"":""-88.93"",""Location"":""2 SSE Dix"",""Remarks"":""*** 2 FATAL... 5 INJ *** EF3 Tornado. Peak winds 140 mph. Track 13.8 miles. Several mobile homes destroyed. Severe tree damage... power poles snapped. (PAH)"",""State"":""IL"",""Time"":""2202""},""county"":""Jefferson"",""date"":""2026-06-21"",""len"":null,""location"":""2 SSE Dix"",""mag"":""3"",""remarks"":""*** 2 FATAL... 5 INJ *** EF3 Tornado. Peak winds 140 mph. Track 13.8 miles. Several mobile homes destroyed. Severe tree damage... power poles snapped. (PAH)"",""report_day"":""2026-06-21"",""source_url"":""https://www.spc.noaa.gov/climo/reports/260621_rpts_raw_torn.csv"",""state"":""IL"",""time"":""22:02:00"",""valid"":""2026-06-21T22:02:00Z""},""type"":""Feature""}",2026-07-09T18:52:04Z
260621-27,2026-06-21,2026-06-21T22:09:00Z,1782079740.0,38.44,-88.89,UNK,,3 E Dix,Jefferson,IL,Photo submission of tornado on Facebook by Texico. (PAH),https://www.spc.noaa.gov/climo/reports/260621_rpts_raw_torn.csv,"{""County"":""Jefferson"",""EF_Scale"":""UNK"",""LAT"":""38.44"",""LON"":""-88.89"",""Location"":""3 E Dix"",""Remarks"":""Photo submission of tornado on Facebook by Texico. (PAH)"",""State"":""IL"",""Time"":""2209""}","{""geometry"":{""coordinates"":[-88.89,38.44],""type"":""Point""},""id"":""260621-27"",""properties"":{""_raw_spc_row"":{""County"":""Jefferson"",""EF_Scale"":""UNK"",""LAT"":""38.44"",""LON"":""-88.89"",""Location"":""3 E Dix"",""Remarks"":""Photo submission of tornado on Facebook by Texico. (PAH)"",""State"":""IL"",""Time"":""2209""},""county"":""Jefferson"",""date"":""2026-06-21"",""len"":null,""location"":""3 E Dix"",""mag"":""UNK"",""remarks"":""Photo submission of tornado on Facebook by Texico. (PAH)"",""report_day"":""2026-06-21"",""source_url"":""https://www.spc.noaa.gov/climo/reports/260621_rpts_raw_torn.csv"",""state"":""IL"",""time"":""22:09:00"",""valid"":""2026-06-21T22:09:00Z""},""type"":""Feature""}",2026-07-09T18:52:04Z
260621-28,2026-06-21,2026-06-21T22:11:00Z,1782079860.0,38.85,-89.01,UNK,,3 W Saint Paul,Fayette,IL,Corrects previous funnel cloud report from 3 W Saint Paul. Report of funnel cloud from Fox 2 Storm Runner broadcast. Funnel reportedly touched ground briefly. (LSX),https://www.spc.noaa.gov/climo/reports/260621_rpts_raw_torn.csv,"{""County"":""Fayette"",""EF_Scale"":""UNK"",""LAT"":""38.85"",""LON"":""-89.01"",""Location"":""3 W Saint Paul"",""Remarks"":""Corrects previous funnel cloud report from 3 W Saint Paul. Report of funnel cloud from Fox 2 Storm Runner broadcast. Funnel reportedly touched ground briefly. (LSX)"",""State"":""IL"",""Time"":""2211""}","{""geometry"":{""coordinates"":[-89.01,38.85],""type"":""Point""},""id"":""260621-28"",""properties"":{""_raw_spc_row"":{""County"":""Fayette"",""EF_Scale"":""UNK"",""LAT"":""38.85"",""LON"":""-89.01"",""Location"":""3 W Saint Paul"",""Remarks"":""Corrects previous funnel cloud report from 3 W Saint Paul. Report of funnel cloud from Fox 2 Storm Runner broadcast. Funnel reportedly touched ground briefly. (LSX)"",""State"":""IL"",""Time"":""2211""},""county"":""Fayette"",""date"":""2026-06-21"",""len"":null,""location"":""3 W Saint Paul"",""mag"":""UNK"",""remarks"":""Corrects previous funnel cloud report from 3 W Saint Paul. Report of funnel cloud from Fox 2 Storm Runner broadcast. Funnel reportedly touched ground briefly. (LSX)"",""report_day"":""2026-06-21"",""source_url"":""https://www.spc.noaa.gov/climo/reports/260621_rpts_raw_torn.csv"",""state"":""IL"",""time"":""22:11:00"",""valid"":""2026-06-21T22:11:00Z""},""type"":""Feature""}",2026-07-09T18:52:04Z
260621-29,2026-06-21,2026-06-21T22:11:00Z,1782079860.0,38.41,-88.85,UNK,,5 ESE Dix,Jefferson,IL,Tornado reported near Tolle Lane and Austin Road per Fire Department. (PAH),https://www.spc.noaa.gov/climo/reports/260621_rpts_raw_torn.csv,"{""County"":""Jefferson"",""EF_Scale"":""UNK"",""LAT"":""38.41"",""LON"":""-88.85"",""Location"":""5 ESE Dix"",""Remarks"":""Tornado reported near Tolle Lane and Austin Road per Fire Department. (PAH)"",""State"":""IL"",""Time"":""2211""}","{""geometry"":{""coordinates"":[-88.85,38.41],""type"":""Point""},""id"":""260621-29"",""properties"":{""_raw_spc_row"":{""County"":""Jefferson"",""EF_Scale"":""UNK"",""LAT"":""38.41"",""LON"":""-88.85"",""Location"":""5 ESE Dix"",""Remarks"":""Tornado reported near Tolle Lane and Austin Road per Fire Department. (PAH)"",""State"":""IL"",""Time"":""2211""},""county"":""Jefferson"",""date"":""2026-06-21"",""len"":null,""location"":""5 ESE Dix"",""mag"":""UNK"",""remarks"":""Tornado reported near Tolle Lane and Austin Road per Fire Department. (PAH)"",""report_day"":""2026-06-21"",""source_url"":""https://www.spc.noaa.gov/climo/reports/260621_rpts_raw_torn.csv"",""state"":""IL"",""time"":""22:11:00"",""valid"":""2026-06-21T22:11:00Z""},""type"":""Feature""}",2026-07-09T18:52:04Z
260621-30,2026-06-21,2026-06-21T22:12:00Z,1782079920.0,39.55,-101.35,UNK,,13 N Brewster,Thomas,KS,Possible Weak TDS: A potential weak TDS may have been observed off GLD radar. (GLD),https://www.spc.noaa.gov/climo/reports/260621_rpts_raw_torn.csv,"{""County"":""Thomas"",""EF_Scale"":""UNK"",""LAT"":""39.55"",""LON"":""-101.35"",""Location"":""13 N Brewster"",""Remarks"":""Possible Weak TDS: A potential weak TDS may have been observed off GLD radar. (GLD)"",""State"":""KS"",""Time"":""2212""}","{""geometry"":{""coordinates"":[-101.35,39.55],""type"":""Point""},""id"":""260621-30"",""properties"":{""_raw_spc_row"":{""County"":""Thomas"",""EF_Scale"":""UNK"",""LAT"":""39.55"",""LON"":""-101.35"",""Location"":""13 N Brewster"",""Remarks"":""Possible Weak TDS: A potential weak TDS may have been observed off GLD radar. (GLD)"",""State"":""KS"",""Time"":""2212""},""county"":""Thomas"",""date"":""2026-06-21"",""len"":null,""location"":""13 N Brewster"",""mag"":""UNK"",""remarks"":""Possible Weak TDS: A potential weak TDS may have been observed off GLD radar. (GLD)"",""report_day"":""2026-06-21"",""source_url"":""https://www.spc.noaa.gov/climo/reports/260621_rpts_raw_torn.csv"",""state"":""KS"",""time"":""22:12:00"",""valid"":""2026-06-21T22:12:00Z""},""type"":""Feature""}",2026-07-09T18:52:04Z
260621-31,2026-06-21,2026-06-21T22:12:00Z,1782079920.0,39.55,-101.35,UNK,,13 N Brewster,Thomas,KS,Weak TDS was observed off GLD radar. Tornado confirmed by two seperate chasers around same time/location. This amends the previous report with seperate confirmation. (GLD),https://www.spc.noaa.gov/climo/reports/260621_rpts_raw_torn.csv,"{""County"":""Thomas"",""EF_Scale"":""UNK"",""LAT"":""39.55"",""LON"":""-101.35"",""Location"":""13 N Brewster"",""Remarks"":""Weak TDS was observed off GLD radar. Tornado confirmed by two seperate chasers around same time/location. This amends the previous report with seperate confirmation. (GLD)"",""State"":""KS"",""Time"":""2212""}","{""geometry"":{""coordinates"":[-101.35,39.55],""type"":""Point""},""id"":""260621-31"",""properties"":{""_raw_spc_row"":{""County"":""Thomas"",""EF_Scale"":""UNK"",""LAT"":""39.55"",""LON"":""-101.35"",""Location"":""13 N Brewster"",""Remarks"":""Weak TDS was observed off GLD radar. Tornado confirmed by two seperate chasers around same time/location. This amends the previous report with seperate confirmation. (GLD)"",""State"":""KS"",""Time"":""2212""},""county"":""Thomas"",""date"":""2026-06-21"",""len"":null,""location"":""13 N Brewster"",""mag"":""UNK"",""remarks"":""Weak TDS was observed off GLD radar. Tornado confirmed by two seperate chasers around same time/location. This amends the previous report with seperate confirmation. (GLD)"",""report_day"":""2026-06-21"",""source_url"":""https://www.spc.noaa.gov/climo/reports/260621_rpts_raw_torn.csv"",""state"":""KS"",""time"":""22:12:00"",""valid"":""2026-06-21T22:12:00Z""},""type"":""Feature""}",2026-07-09T18:52:04Z
260621-32,2026-06-21,2026-06-21T22:22:00Z,1782080520.0,38.87,-88.86,UNK,,1 W Saint Peter,Fayette,IL,Brief tornado touchdown spotted from this location. circulation went near this spot. (LSX),https://www.spc.noaa.gov/climo/reports/260621_rpts_raw_torn.csv,"{""County"":""Fayette"",""EF_Scale"":""UNK"",""LAT"":""38.87"",""LON"":""-88.86"",""Location"":""1 W Saint Peter"",""Remarks"":""Brief tornado touchdown spotted from this location. circulation went near this spot. (LSX)"",""State"":""IL"",""Time"":""2222""}","{""geometry"":{""coordinates"":[-88.86,38.87],""type"":""Point""},""id"":""260621-32"",""properties"":{""_raw_spc_row"":{""County"":""Fayette"",""EF_Scale"":""UNK"",""LAT"":""38.87"",""LON"":""-88.86"",""Location"":""1 W Saint Peter"",""Remarks"":""Brief tornado touchdown spotted from this location. circulation went near this spot. (LSX)"",""State"":""IL"",""Time"":""2222""},""county"":""Fayette"",""date"":""2026-06-21"",""len"":null,""location"":""1 W Saint Peter"",""mag"":""UNK"",""remarks"":""Brief tornado touchdown spotted from this location. circulation went near this spot. (LSX)"",""report_day"":""2026-06-21"",""source_url"":""https://www.spc.noaa.gov/climo/reports/260621_rpts_raw_torn.csv"",""state"":""IL"",""time"":""22:22:00"",""valid"":""2026-06-21T22:22:00Z""},""type"":""Feature""}",2026-07-09T18:52:04Z
260621-33,2026-06-21,2026-06-21T22:22:00Z,1782080520.0,38.87,-88.86,UNK,,1 W Saint Peter,Fayette,IL,Corrects previous tornado report from 1 W Saint Peter. Brief tornado touchdown spotted from this location. circulation went south of here. (LSX),https://www.spc.noaa.gov/climo/reports/260621_rpts_raw_torn.csv,"{""County"":""Fayette"",""EF_Scale"":""UNK"",""LAT"":""38.87"",""LON"":""-88.86"",""Location"":""1 W Saint Peter"",""Remarks"":""Corrects previous tornado report from 1 W Saint Peter. Brief tornado touchdown spotted from this location. circulation went south of here. (LSX)"",""State"":""IL"",""Time"":""2222""}","{""geometry"":{""coordinates"":[-88.86,38.87],""type"":""Point""},""id"":""260621-33"",""properties"":{""_raw_spc_row"":{""County"":""Fayette"",""EF_Scale"":""UNK"",""LAT"":""38.87"",""LON"":""-88.86"",""Location"":""1 W Saint Peter"",""Remarks"":""Corrects previous tornado report from 1 W Saint Peter. Brief tornado touchdown spotted from this location. circulation went south of here. (LSX)"",""State"":""IL"",""Time"":""2222""},""county"":""Fayette"",""date"":""2026-06-21"",""len"":null,""location"":""1 W Saint Peter"",""mag"":""UNK"",""remarks"":""Corrects previous tornado report from 1 W Saint Peter. Brief tornado touchdown spotted from this location. circulation went south of here. (LSX)"",""report_day"":""2026-06-21"",""source_url"":""https://www.spc.noaa.gov/climo/reports/260621_rpts_raw_torn.csv"",""state"":""IL"",""time"":""22:22:00"",""valid"":""2026-06-21T22:22:00Z""},""type"":""Feature""}",2026-07-09T18:52:04Z
260621-34,2026-06-21,2026-06-21T22:22:00Z,1782080520.0,39.2,-87.35,1,2.74,3 ENE Shelburn,Sullivan,IN,An EF-1 tornado with path length of 2.74 miles and a path length of 425 yards began at this location. The peak winds were 100 mph with damage mostly limited to trees an (IND),https://www.spc.noaa.gov/climo/reports/260621_rpts_raw_torn.csv,"{""County"":""Sullivan"",""EF_Scale"":""UNK"",""LAT"":""39.2"",""LON"":""-87.35"",""Location"":""3 ENE Shelburn"",""Remarks"":""An EF-1 tornado with path length of 2.74 miles and a path length of 425 yards began at this location. The peak winds were 100 mph with damage mostly limited to trees an (IND)"",""State"":""IN"",""Time"":""2222""}","{""geometry"":{""coordinates"":[-87.35,39.2],""type"":""Point""},""id"":""260621-34"",""properties"":{""_raw_spc_row"":{""County"":""Sullivan"",""EF_Scale"":""UNK"",""LAT"":""39.2"",""LON"":""-87.35"",""Location"":""3 ENE Shelburn"",""Remarks"":""An EF-1 tornado with path length of 2.74 miles and a path length of 425 yards began at this location. The peak winds were 100 mph with damage mostly limited to trees an (IND)"",""State"":""IN"",""Time"":""2222""},""county"":""Sullivan"",""date"":""2026-06-21"",""len"":2.74,""location"":""3 ENE Shelburn"",""mag"":""1"",""remarks"":""An EF-1 tornado with path length of 2.74 miles and a path length of 425 yards began at this location. The peak winds were 100 mph with damage mostly limited to trees an (IND)"",""report_day"":""2026-06-21"",""source_url"":""https://www.spc.noaa.gov/climo/reports/260621_rpts_raw_torn.csv"",""state"":""IN"",""time"":""22:22:00"",""valid"":""2026-06-21T22:22:00Z""},""type"":""Feature""}",2026-07-09T18:52:04Z
260621-35,2026-06-21,2026-06-21T22:25:00Z,1782080700.0,38.84,-87.72,1,4.36,3 W Birds,Lawrence,IL,EF-1... max wind 100 mph... path length 4.36 miles... max width 300 yards. The tornado touched down about 3 miles west of Birds and travels for 4.3 miles to the east an (ILX),https://www.spc.noaa.gov/climo/reports/260621_rpts_raw_torn.csv,"{""County"":""Lawrence"",""EF_Scale"":""UNK"",""LAT"":""38.84"",""LON"":""-87.72"",""Location"":""3 W Birds"",""Remarks"":""EF-1... max wind 100 mph... path length 4.36 miles... max width 300 yards. The tornado touched down about 3 miles west of Birds and travels for 4.3 miles to the east an (ILX)"",""State"":""IL"",""Time"":""2225""}","{""geometry"":{""coordinates"":[-87.72,38.84],""type"":""Point""},""id"":""260621-35"",""properties"":{""_raw_spc_row"":{""County"":""Lawrence"",""EF_Scale"":""UNK"",""LAT"":""38.84"",""LON"":""-87.72"",""Location"":""3 W Birds"",""Remarks"":""EF-1... max wind 100 mph... path length 4.36 miles... max width 300 yards. The tornado touched down about 3 miles west of Birds and travels for 4.3 miles to the east an (ILX)"",""State"":""IL"",""Time"":""2225""},""county"":""Lawrence"",""date"":""2026-06-21"",""len"":4.36,""location"":""3 W Birds"",""mag"":""1"",""remarks"":""EF-1... max wind 100 mph... path length 4.36 miles... max width 300 yards. The tornado touched down about 3 miles west of Birds and travels for 4.3 miles to the east an (ILX)"",""report_day"":""2026-06-21"",""source_url"":""https://www.spc.noaa.gov/climo/reports/260621_rpts_raw_torn.csv"",""state"":""IL"",""time"":""22:25:00"",""valid"":""2026-06-21T22:25:00Z""},""type"":""Feature""}",2026-07-09T18:52:04Z
260621-36,2026-06-21,2026-06-21T22:26:00Z,1782080760.0,38.82,-89.08,UNK,,2 NNE Vernon,Marion,IL,Fox 2 Storm Runner caught brief touchdown about 1 mile north of Vernon just east of Hwy 51. (LSX),https://www.spc.noaa.gov/climo/reports/260621_rpts_raw_torn.csv,"{""County"":""Marion"",""EF_Scale"":""UNK"",""LAT"":""38.82"",""LON"":""-89.08"",""Location"":""2 NNE Vernon"",""Remarks"":""Fox 2 Storm Runner caught brief touchdown about 1 mile north of Vernon just east of Hwy 51. (LSX)"",""State"":""IL"",""Time"":""2226""}","{""geometry"":{""coordinates"":[-89.08,38.82],""type"":""Point""},""id"":""260621-36"",""properties"":{""_raw_spc_row"":{""County"":""Marion"",""EF_Scale"":""UNK"",""LAT"":""38.82"",""LON"":""-89.08"",""Location"":""2 NNE Vernon"",""Remarks"":""Fox 2 Storm Runner caught brief touchdown about 1 mile north of Vernon just east of Hwy 51. (LSX)"",""State"":""IL"",""Time"":""2226""},""county"":""Marion"",""date"":""2026-06-21"",""len"":null,""location"":""2 NNE Vernon"",""mag"":""UNK"",""remarks"":""Fox 2 Storm Runner caught brief touchdown about 1 mile north of Vernon just east of Hwy 51. (LSX)"",""report_day"":""2026-06-21"",""source_url"":""https://www.spc.noaa.gov/climo/reports/260621_rpts_raw_torn.csv"",""state"":""IL"",""time"":""22:26:00"",""valid"":""2026-06-21T22:26:00Z""},""type"":""Feature""}",2026-07-09T18:52:04Z
260621-37,2026-06-21,2026-06-21T22:27:00Z,1782080820.0,38.84,-89.09,UNK,,2 S Shobonier,Fayette,IL,Video from around 1/2 mile south of the Marion/Fayette county line shows a weak tornado to the north of a treeline along the county line. Just to the west of the tornad (LSX),https://www.spc.noaa.gov/climo/reports/260621_rpts_raw_torn.csv,"{""County"":""Fayette"",""EF_Scale"":""UNK"",""LAT"":""38.84"",""LON"":""-89.09"",""Location"":""2 S Shobonier"",""Remarks"":""Video from around 1/2 mile south of the Marion/Fayette county line shows a weak tornado to the north of a treeline along the county line. Just to the west of the tornad (LSX)"",""State"":""IL"",""Time"":""2227""}","{""geometry"":{""coordinates"":[-89.09,38.84],""type"":""Point""},""id"":""260621-37"",""properties"":{""_raw_spc_row"":{""County"":""Fayette"",""EF_Scale"":""UNK"",""LAT"":""38.84"",""LON"":""-89.09"",""Location"":""2 S Shobonier"",""Remarks"":""Video from around 1/2 mile south of the Marion/Fayette county line shows a weak tornado to the north of a treeline along the county line. Just to the west of the tornad (LSX)"",""State"":""IL"",""Time"":""2227""},""county"":""Fayette"",""date"":""2026-06-21"",""len"":null,""location"":""2 S Shobonier"",""mag"":""UNK"",""remarks"":""Video from around 1/2 mile south of the Marion/Fayette county line shows a weak tornado to the north of a treeline along the county line. Just to the west of the tornad (LSX)"",""report_day"":""2026-06-21"",""source_url"":""https://www.spc.noaa.gov/climo/reports/260621_rpts_raw_torn.csv"",""state"":""IL"",""time"":""22:27:00"",""valid"":""2026-06-21T22:27:00Z""},""type"":""Feature""}",2026-07-09T18:52:04Z
260621-38,2026-06-21,2026-06-21T22:53:00Z,1782082380.0,38.69,-87.95,1,3.2,2 SSE Claremont,Richland,IL,EF1... max wind 95 mph... path length 3.2 miles... max width 300 yards The tornado developed 3 miles to the southwest of Hadley. It traveled east through farmland... da (ILX),https://www.spc.noaa.gov/climo/reports/260621_rpts_raw_torn.csv,"{""County"":""Richland"",""EF_Scale"":""UNK"",""LAT"":""38.69"",""LON"":""-87.95"",""Location"":""2 SSE Claremont"",""Remarks"":""EF1... max wind 95 mph... path length 3.2 miles... max width 300 yards The tornado developed 3 miles to the southwest of Hadley. It traveled east through farmland... da (ILX)"",""State"":""IL"",""Time"":""2253""}","{""geometry"":{""coordinates"":[-87.95,38.69],""type"":""Point""},""id"":""260621-38"",""properties"":{""_raw_spc_row"":{""County"":""Richland"",""EF_Scale"":""UNK"",""LAT"":""38.69"",""LON"":""-87.95"",""Location"":""2 SSE Claremont"",""Remarks"":""EF1... max wind 95 mph... path length 3.2 miles... max width 300 yards The tornado developed 3 miles to the southwest of Hadley. It traveled east through farmland... da (ILX)"",""State"":""IL"",""Time"":""2253""},""county"":""Richland"",""date"":""2026-06-21"",""len"":3.2,""location"":""2 SSE Claremont"",""mag"":""1"",""remarks"":""EF1... max wind 95 mph... path length 3.2 miles... max width 300 yards The tornado developed 3 miles to the southwest of Hadley. It traveled east through farmland... da (ILX)"",""report_day"":""2026-06-21"",""source_url"":""https://www.spc.noaa.gov/climo/reports/260621_rpts_raw_torn.csv"",""state"":""IL"",""time"":""22:53:00"",""valid"":""2026-06-21T22:53:00Z""},""type"":""Feature""}",2026-07-09T18:52:04Z
260621-39,2026-06-21,2026-06-21T22:56:00Z,1782082560.0,39.27,-86.96,0,,3 S Patricksburg,Owen,IN,A EF0 tornado with estimated peak wind 80 mph... 0.92 mile path length... and path width of 25 yards. Survey damage suggests the tornado began west of North Humpty Dump (IND),https://www.spc.noaa.gov/climo/reports/260621_rpts_raw_torn.csv,"{""County"":""Owen"",""EF_Scale"":""UNK"",""LAT"":""39.27"",""LON"":""-86.96"",""Location"":""3 S Patricksburg"",""Remarks"":""A EF0 tornado with estimated peak wind 80 mph... 0.92 mile path length... and path width of 25 yards. Survey damage suggests the tornado began west of North Humpty Dump (IND)"",""State"":""IN"",""Time"":""2256""}","{""geometry"":{""coordinates"":[-86.96,39.27],""type"":""Point""},""id"":""260621-39"",""properties"":{""_raw_spc_row"":{""County"":""Owen"",""EF_Scale"":""UNK"",""LAT"":""39.27"",""LON"":""-86.96"",""Location"":""3 S Patricksburg"",""Remarks"":""A EF0 tornado with estimated peak wind 80 mph... 0.92 mile path length... and path width of 25 yards. Survey damage suggests the tornado began west of North Humpty Dump (IND)"",""State"":""IN"",""Time"":""2256""},""county"":""Owen"",""date"":""2026-06-21"",""len"":null,""location"":""3 S Patricksburg"",""mag"":""0"",""remarks"":""A EF0 tornado with estimated peak wind 80 mph... 0.92 mile path length... and path width of 25 yards. Survey damage suggests the tornado began west of North Humpty Dump (IND)"",""report_day"":""2026-06-21"",""source_url"":""https://www.spc.noaa.gov/climo/reports/260621_rpts_raw_torn.csv"",""state"":""IN"",""time"":""22:56:00"",""valid"":""2026-06-21T22:56:00Z""},""type"":""Feature""}",2026-07-09T18:52:04Z
260621-40,2026-06-21,2026-06-21T22:57:00Z,1782082620.0,38.41,-88.5,1,1.53,4 NNE Sims,Wayne,IL,EF1 Tornado. Peak winds 95 mph. Path Length 1.53 miles. Storage shed and barn damaged/destroyed. Tree damage. (PAH),https://www.spc.noaa.gov/climo/reports/260621_rpts_raw_torn.csv,"{""County"":""Wayne"",""EF_Scale"":""UNK"",""LAT"":""38.41"",""LON"":""-88.5"",""Location"":""4 NNE Sims"",""Remarks"":""EF1 Tornado. Peak winds 95 mph. Path Length 1.53 miles. Storage shed and barn damaged/destroyed. Tree damage. (PAH)"",""State"":""IL"",""Time"":""2257""}","{""geometry"":{""coordinates"":[-88.5,38.41],""type"":""Point""},""id"":""260621-40"",""properties"":{""_raw_spc_row"":{""County"":""Wayne"",""EF_Scale"":""UNK"",""LAT"":""38.41"",""LON"":""-88.5"",""Location"":""4 NNE Sims"",""Remarks"":""EF1 Tornado. Peak winds 95 mph. Path Length 1.53 miles. Storage shed and barn damaged/destroyed. Tree damage. (PAH)"",""State"":""IL"",""Time"":""2257""},""county"":""Wayne"",""date"":""2026-06-21"",""len"":1.53,""location"":""4 NNE Sims"",""mag"":""1"",""remarks"":""EF1 Tornado. Peak winds 95 mph. Path Length 1.53 miles. Storage shed and barn damaged/destroyed. Tree damage. (PAH)"",""report_day"":""2026-06-21"",""source_url"":""https://www.spc.noaa.gov/climo/reports/260621_rpts_raw_torn.csv"",""state"":""IL"",""time"":""22:57:00"",""valid"":""2026-06-21T22:57:00Z""},""type"":""Feature""}",2026-07-09T18:52:04Z
260621-41,2026-06-21,2026-06-21T23:00:00Z,1782082800.0,38.79,-87.36,0,0.3,3 WNW Bicknell,Knox,IN,Late report of an EF-0 tornado with path length of 0.30 miles and a maximum path width of 80 yards that began at this location. The peak winds were 85 mph with damage m (IND),https://www.spc.noaa.gov/climo/reports/260621_rpts_raw_torn.csv,"{""County"":""Knox"",""EF_Scale"":""UNK"",""LAT"":""38.79"",""LON"":""-87.36"",""Location"":""3 WNW Bicknell"",""Remarks"":""Late report of an EF-0 tornado with path length of 0.30 miles and a maximum path width of 80 yards that began at this location. The peak winds were 85 mph with damage m (IND)"",""State"":""IN"",""Time"":""2300""}","{""geometry"":{""coordinates"":[-87.36,38.79],""type"":""Point""},""id"":""260621-41"",""properties"":{""_raw_spc_row"":{""County"":""Knox"",""EF_Scale"":""UNK"",""LAT"":""38.79"",""LON"":""-87.36"",""Location"":""3 WNW Bicknell"",""Remarks"":""Late report of an EF-0 tornado with path length of 0.30 miles and a maximum path width of 80 yards that began at this location. The peak winds were 85 mph with damage m (IND)"",""State"":""IN"",""Time"":""2300""},""county"":""Knox"",""date"":""2026-06-21"",""len"":0.3,""location"":""3 WNW Bicknell"",""mag"":""0"",""remarks"":""Late report of an EF-0 tornado with path length of 0.30 miles and a maximum path width of 80 yards that began at this location. The peak winds were 85 mph with damage m (IND)"",""report_day"":""2026-06-21"",""source_url"":""https://www.spc.noaa.gov/climo/reports/260621_rpts_raw_torn.csv"",""state"":""IN"",""time"":""23:00:00"",""valid"":""2026-06-21T23:00:00Z""},""type"":""Feature""}",2026-07-09T18:52:04Z
260621-42,2026-06-21,2026-06-21T23:21:00Z,1782084060.0,38.62,-89.08,UNK,,2 W Odin,Marion,IL,Report of tornado briefly on the ground. (LSX),https://www.spc.noaa.gov/climo/reports/260621_rpts_raw_torn.csv,"{""County"":""Marion"",""EF_Scale"":""UNK"",""LAT"":""38.62"",""LON"":""-89.08"",""Location"":""2 W Odin"",""Remarks"":""Report of tornado briefly on the ground. (LSX)"",""State"":""IL"",""Time"":""2321""}","{""geometry"":{""coordinates"":[-89.08,38.62],""type"":""Point""},""id"":""260621-42"",""properties"":{""_raw_spc_row"":{""County"":""Marion"",""EF_Scale"":""UNK"",""LAT"":""38.62"",""LON"":""-89.08"",""Location"":""2 W Odin"",""Remarks"":""Report of tornado briefly on the ground. (LSX)"",""State"":""IL"",""Time"":""2321""},""county"":""Marion"",""date"":""2026-06-21"",""len"":null,""location"":""2 W Odin"",""mag"":""UNK"",""remarks"":""Report of tornado briefly on the ground. (LSX)"",""report_day"":""2026-06-21"",""source_url"":""https://www.spc.noaa.gov/climo/reports/260621_rpts_raw_torn.csv"",""state"":""IL"",""time"":""23:21:00"",""valid"":""2026-06-21T23:21:00Z""},""type"":""Feature""}",2026-07-09T18:52:04Z
260621-43,2026-06-21,2026-06-21T23:58:00Z,1782086280.0,38.72,-86.81,0,2.02,4 NNW Shoals,Martin,IN,An EF-0 tornado with path length of 2.02 miles and a path width of 50 yards began at this location. The peak winds were 85 mph with much of the damage limited to trees (IND),https://www.spc.noaa.gov/climo/reports/260621_rpts_raw_torn.csv,"{""County"":""Martin"",""EF_Scale"":""UNK"",""LAT"":""38.72"",""LON"":""-86.81"",""Location"":""4 NNW Shoals"",""Remarks"":""An EF-0 tornado with path length of 2.02 miles and a path width of 50 yards began at this location. The peak winds were 85 mph with much of the damage limited to trees (IND)"",""State"":""IN"",""Time"":""2358""}","{""geometry"":{""coordinates"":[-86.81,38.72],""type"":""Point""},""id"":""260621-43"",""properties"":{""_raw_spc_row"":{""County"":""Martin"",""EF_Scale"":""UNK"",""LAT"":""38.72"",""LON"":""-86.81"",""Location"":""4 NNW Shoals"",""Remarks"":""An EF-0 tornado with path length of 2.02 miles and a path width of 50 yards began at this location. The peak winds were 85 mph with much of the damage limited to trees (IND)"",""State"":""IN"",""Time"":""2358""},""county"":""Martin"",""date"":""2026-06-21"",""len"":2.02,""location"":""4 NNW Shoals"",""mag"":""0"",""remarks"":""An EF-0 tornado with path length of 2.02 miles and a path width of 50 yards began at this location. The peak winds were 85 mph with much of the damage limited to trees (IND)"",""report_day"":""2026-06-21"",""source_url"":""https://www.spc.noaa.gov/climo/reports/260621_rpts_raw_torn.csv"",""state"":""IN"",""time"":""23:58:00"",""valid"":""2026-06-21T23:58:00Z""},""type"":""Feature""}",2026-07-09T18:52:04Z
260621-44,2026-06-21,2026-06-22T00:02:00Z,1782086520.0,38.22,-87.7,2,11.5,3 NNE Cynthiana,Gibson,IN,EF2 Tornado. Peak Wind 115 mph. Path Length 11.5 miles. Church severely damaged... Home with roof removed. Significant damage to power poles and transmission lines. Sev (PAH),https://www.spc.noaa.gov/climo/reports/260621_rpts_raw_torn.csv,"{""County"":""Gibson"",""EF_Scale"":""UNK"",""LAT"":""38.22"",""LON"":""-87.7"",""Location"":""3 NNE Cynthiana"",""Remarks"":""EF2 Tornado. Peak Wind 115 mph. Path Length 11.5 miles. Church severely damaged... Home with roof removed. Significant damage to power poles and transmission lines. Sev (PAH)"",""State"":""IN"",""Time"":""0002""}","{""geometry"":{""coordinates"":[-87.7,38.22],""type"":""Point""},""id"":""260621-44"",""properties"":{""_raw_spc_row"":{""County"":""Gibson"",""EF_Scale"":""UNK"",""LAT"":""38.22"",""LON"":""-87.7"",""Location"":""3 NNE Cynthiana"",""Remarks"":""EF2 Tornado. Peak Wind 115 mph. Path Length 11.5 miles. Church severely damaged... Home with roof removed. Significant damage to power poles and transmission lines. Sev (PAH)"",""State"":""IN"",""Time"":""0002""},""county"":""Gibson"",""date"":""2026-06-22"",""len"":11.5,""location"":""3 NNE Cynthiana"",""mag"":""2"",""remarks"":""EF2 Tornado. Peak Wind 115 mph. Path Length 11.5 miles. Church severely damaged... Home with roof removed. Significant damage to power poles and transmission lines. Sev (PAH)"",""report_day"":""2026-06-21"",""source_url"":""https://www.spc.noaa.gov/climo/reports/260621_rpts_raw_torn.csv"",""state"":""IN"",""time"":""00:02:00"",""valid"":""2026-06-22T00:02:00Z""},""type"":""Feature""}",2026-07-09T18:52:04Z
260621-45,2026-06-21,2026-06-22T00:09:00Z,1782086940.0,38.25,-87.64,UNK,,3 ESE Owensville,Gibson,IN,Tornado reported on the ground from 41 between Owensville and Ft. Branch. (PAH),https://www.spc.noaa.gov/climo/reports/260621_rpts_raw_torn.csv,"{""County"":""Gibson"",""EF_Scale"":""UNK"",""LAT"":""38.25"",""LON"":""-87.64"",""Location"":""3 ESE Owensville"",""Remarks"":""Tornado reported on the ground from 41 between Owensville and Ft. Branch. (PAH)"",""State"":""IN"",""Time"":""0009""}","{""geometry"":{""coordinates"":[-87.64,38.25],""type"":""Point""},""id"":""260621-45"",""properties"":{""_raw_spc_row"":{""County"":""Gibson"",""EF_Scale"":""UNK"",""LAT"":""38.25"",""LON"":""-87.64"",""Location"":""3 ESE Owensville"",""Remarks"":""Tornado reported on the ground from 41 between Owensville and Ft. Branch. (PAH)"",""State"":""IN"",""Time"":""0009""},""county"":""Gibson"",""date"":""2026-06-22"",""len"":null,""location"":""3 ESE Owensville"",""mag"":""UNK"",""remarks"":""Tornado reported on the ground from 41 between Owensville and Ft. Branch. (PAH)"",""report_day"":""2026-06-21"",""source_url"":""https://www.spc.noaa.gov/climo/reports/260621_rpts_raw_torn.csv"",""state"":""IN"",""time"":""00:09:00"",""valid"":""2026-06-22T00:09:00Z""},""type"":""Feature""}",2026-07-09T18:52:04Z
260621-46,2026-06-21,2026-06-22T00:11:00Z,1782087060.0,38.44,-88.36,1,,2 E Jeffersonville,Wayne,IL,EF1 Tornado. 90 mph peak winds. 3.78 mile path. Carport destroyed... trees damaged. Severe crop damage. (PAH),https://www.spc.noaa.gov/climo/reports/260621_rpts_raw_torn.csv,"{""County"":""Wayne"",""EF_Scale"":""UNK"",""LAT"":""38.44"",""LON"":""-88.36"",""Location"":""2 E Jeffersonville"",""Remarks"":""EF1 Tornado. 90 mph peak winds. 3.78 mile path. Carport destroyed... trees damaged. Severe crop damage. (PAH)"",""State"":""IL"",""Time"":""0011""}","{""geometry"":{""coordinates"":[-88.36,38.44],""type"":""Point""},""id"":""260621-46"",""properties"":{""_raw_spc_row"":{""County"":""Wayne"",""EF_Scale"":""UNK"",""LAT"":""38.44"",""LON"":""-88.36"",""Location"":""2 E Jeffersonville"",""Remarks"":""EF1 Tornado. 90 mph peak winds. 3.78 mile path. Carport destroyed... trees damaged. Severe crop damage. (PAH)"",""State"":""IL"",""Time"":""0011""},""county"":""Wayne"",""date"":""2026-06-22"",""len"":null,""location"":""2 E Jeffersonville"",""mag"":""1"",""remarks"":""EF1 Tornado. 90 mph peak winds. 3.78 mile path. Carport destroyed... trees damaged. Severe crop damage. (PAH)"",""report_day"":""2026-06-21"",""source_url"":""https://www.spc.noaa.gov/climo/reports/260621_rpts_raw_torn.csv"",""state"":""IL"",""time"":""00:11:00"",""valid"":""2026-06-22T00:11:00Z""},""type"":""Feature""}",2026-07-09T18:52:04Z
260621-47,2026-06-21,2026-06-22T00:12:00Z,1782087120.0,39.27,-85.94,0,,2 SSE Taylorsville,Bartholomew,IN,A EF0 tornado with estimated peak wind 85 mph... 0.49 miles path length... and path width of 85 yards. The tornado began east of US 31 and continued northeast through a (IND),https://www.spc.noaa.gov/climo/reports/260621_rpts_raw_torn.csv,"{""County"":""Bartholomew"",""EF_Scale"":""UNK"",""LAT"":""39.27"",""LON"":""-85.94"",""Location"":""2 SSE Taylorsville"",""Remarks"":""A EF0 tornado with estimated peak wind 85 mph... 0.49 miles path length... and path width of 85 yards. The tornado began east of US 31 and continued northeast through a (IND)"",""State"":""IN"",""Time"":""0012""}","{""geometry"":{""coordinates"":[-85.94,39.27],""type"":""Point""},""id"":""260621-47"",""properties"":{""_raw_spc_row"":{""County"":""Bartholomew"",""EF_Scale"":""UNK"",""LAT"":""39.27"",""LON"":""-85.94"",""Location"":""2 SSE Taylorsville"",""Remarks"":""A EF0 tornado with estimated peak wind 85 mph... 0.49 miles path length... and path width of 85 yards. The tornado began east of US 31 and continued northeast through a (IND)"",""State"":""IN"",""Time"":""0012""},""county"":""Bartholomew"",""date"":""2026-06-22"",""len"":null,""location"":""2 SSE Taylorsville"",""mag"":""0"",""remarks"":""A EF0 tornado with estimated peak wind 85 mph... 0.49 miles path length... and path width of 85 yards. The tornado began east of US 31 and continued northeast through a (IND)"",""report_day"":""2026-06-21"",""source_url"":""https://www.spc.noaa.gov/climo/reports/260621_rpts_raw_torn.csv"",""state"":""IN"",""time"":""00:12:00"",""valid"":""2026-06-22T00:12:00Z""},""type"":""Feature""}",2026-07-09T18:52:04Z
260621-48,2026-06-21,2026-06-22T00:25:00Z,1782087900.0,38.3,-87.55,UNK,,4 SSE Princeton,Gibson,IN,Tornado reported near CR 350S and CR 100E. (PAH),https://www.spc.noaa.gov/climo/reports/260621_rpts_raw_torn.csv,"{""County"":""Gibson"",""EF_Scale"":""UNK"",""LAT"":""38.3"",""LON"":""-87.55"",""Location"":""4 SSE Princeton"",""Remarks"":""Tornado reported near CR 350S and CR 100E. (PAH)"",""State"":""IN"",""Time"":""0025""}","{""geometry"":{""coordinates"":[-87.55,38.3],""type"":""Point""},""id"":""260621-48"",""properties"":{""_raw_spc_row"":{""County"":""Gibson"",""EF_Scale"":""UNK"",""LAT"":""38.3"",""LON"":""-87.55"",""Location"":""4 SSE Princeton"",""Remarks"":""Tornado reported near CR 350S and CR 100E. (PAH)"",""State"":""IN"",""Time"":""0025""},""county"":""Gibson"",""date"":""2026-06-22"",""len"":null,""location"":""4 SSE Princeton"",""mag"":""UNK"",""remarks"":""Tornado reported near CR 350S and CR 100E. (PAH)"",""report_day"":""2026-06-21"",""source_url"":""https://www.spc.noaa.gov/climo/reports/260621_rpts_raw_torn.csv"",""state"":""IN"",""time"":""00:25:00"",""valid"":""2026-06-22T00:25:00Z""},""type"":""Feature""}",2026-07-09T18:52:04Z
260621-49,2026-06-21,2026-06-22T00:27:00Z,1782088020.0,39.65,-89.43,UNK,,2 WSW Edinburg,Christian,IL,(ILX),https://www.spc.noaa.gov/climo/reports/260621_rpts_raw_torn.csv,"{""County"":""Christian"",""EF_Scale"":""UNK"",""LAT"":""39.65"",""LON"":""-89.43"",""Location"":""2 WSW Edinburg"",""Remarks"":""(ILX)"",""State"":""IL"",""Time"":""0027""}","{""geometry"":{""coordinates"":[-89.43,39.65],""type"":""Point""},""id"":""260621-49"",""properties"":{""_raw_spc_row"":{""County"":""Christian"",""EF_Scale"":""UNK"",""LAT"":""39.65"",""LON"":""-89.43"",""Location"":""2 WSW Edinburg"",""Remarks"":""(ILX)"",""State"":""IL"",""Time"":""0027""},""county"":""Christian"",""date"":""2026-06-22"",""len"":null,""location"":""2 WSW Edinburg"",""mag"":""UNK"",""remarks"":""(ILX)"",""report_day"":""2026-06-21"",""source_url"":""https://www.spc.noaa.gov/climo/reports/260621_rpts_raw_torn.csv"",""state"":""IL"",""time"":""00:27:00"",""valid"":""2026-06-22T00:27:00Z""},""type"":""Feature""}",2026-07-09T18:52:04Z
260621-50,2026-06-21,2026-06-22T00:28:00Z,1782088080.0,38.44,-88.26,UNK,,5 SSW Mount Erie,Wayne,IL,Social media report of a tornado north of Toms Prairie. This tornado was also spotted from Merriam. (PAH),https://www.spc.noaa.gov/climo/reports/260621_rpts_raw_torn.csv,"{""County"":""Wayne"",""EF_Scale"":""UNK"",""LAT"":""38.44"",""LON"":""-88.26"",""Location"":""5 SSW Mount Erie"",""Remarks"":""Social media report of a tornado north of Toms Prairie. This tornado was also spotted from Merriam. (PAH)"",""State"":""IL"",""Time"":""0028""}","{""geometry"":{""coordinates"":[-88.26,38.44],""type"":""Point""},""id"":""260621-50"",""properties"":{""_raw_spc_row"":{""County"":""Wayne"",""EF_Scale"":""UNK"",""LAT"":""38.44"",""LON"":""-88.26"",""Location"":""5 SSW Mount Erie"",""Remarks"":""Social media report of a tornado north of Toms Prairie. This tornado was also spotted from Merriam. (PAH)"",""State"":""IL"",""Time"":""0028""},""county"":""Wayne"",""date"":""2026-06-22"",""len"":null,""location"":""5 SSW Mount Erie"",""mag"":""UNK"",""remarks"":""Social media report of a tornado north of Toms Prairie. This tornado was also spotted from Merriam. (PAH)"",""report_day"":""2026-06-21"",""source_url"":""https://www.spc.noaa.gov/climo/reports/260621_rpts_raw_torn.csv"",""state"":""IL"",""time"":""00:28:00"",""valid"":""2026-06-22T00:28:00Z""},""type"":""Feature""}",2026-07-09T18:52:04Z
260621-51,2026-06-21,2026-06-22T00:30:00Z,1782088200.0,38.28,-87.55,UNK,,3 NNE Fort Branch,Gibson,IN,Photo from X showing a tornado NE of Fort Branch... IN. (PAH),https://www.spc.noaa.gov/climo/reports/260621_rpts_raw_torn.csv,"{""County"":""Gibson"",""EF_Scale"":""UNK"",""LAT"":""38.28"",""LON"":""-87.55"",""Location"":""3 NNE Fort Branch"",""Remarks"":""Photo from X showing a tornado NE of Fort Branch... IN. (PAH)"",""State"":""IN"",""Time"":""0030""}","{""geometry"":{""coordinates"":[-87.55,38.28],""type"":""Point""},""id"":""260621-51"",""properties"":{""_raw_spc_row"":{""County"":""Gibson"",""EF_Scale"":""UNK"",""LAT"":""38.28"",""LON"":""-87.55"",""Location"":""3 NNE Fort Branch"",""Remarks"":""Photo from X showing a tornado NE of Fort Branch... IN. (PAH)"",""State"":""IN"",""Time"":""0030""},""county"":""Gibson"",""date"":""2026-06-22"",""len"":null,""location"":""3 NNE Fort Branch"",""mag"":""UNK"",""remarks"":""Photo from X showing a tornado NE of Fort Branch... IN. (PAH)"",""report_day"":""2026-06-21"",""source_url"":""https://www.spc.noaa.gov/climo/reports/260621_rpts_raw_torn.csv"",""state"":""IN"",""time"":""00:30:00"",""valid"":""2026-06-22T00:30:00Z""},""type"":""Feature""}",2026-07-09T18:52:04Z
260621-52,2026-06-21,2026-06-22T00:32:00Z,1782088320.0,39.03,-87.91,UNK,,2 N Oblong,Crawford,IL,Several downed power lines off 1250 N... between 200 E and 300 E. (ILX),https://www.spc.noaa.gov/climo/reports/260621_rpts_raw_torn.csv,"{""County"":""Crawford"",""EF_Scale"":""UNK"",""LAT"":""39.03"",""LON"":""-87.91"",""Location"":""2 N Oblong"",""Remarks"":""Several downed power lines off 1250 N... between 200 E and 300 E. (ILX)"",""State"":""IL"",""Time"":""0032""}","{""geometry"":{""coordinates"":[-87.91,39.03],""type"":""Point""},""id"":""260621-52"",""properties"":{""_raw_spc_row"":{""County"":""Crawford"",""EF_Scale"":""UNK"",""LAT"":""39.03"",""LON"":""-87.91"",""Location"":""2 N Oblong"",""Remarks"":""Several downed power lines off 1250 N... between 200 E and 300 E. (ILX)"",""State"":""IL"",""Time"":""0032""},""county"":""Crawford"",""date"":""2026-06-22"",""len"":null,""location"":""2 N Oblong"",""mag"":""UNK"",""remarks"":""Several downed power lines off 1250 N... between 200 E and 300 E. (ILX)"",""report_day"":""2026-06-21"",""source_url"":""https://www.spc.noaa.gov/climo/reports/260621_rpts_raw_torn.csv"",""state"":""IL"",""time"":""00:32:00"",""valid"":""2026-06-22T00:32:00Z""},""type"":""Feature""}",2026-07-09T18:52:04Z
260621-53,2026-06-21,2026-06-22T00:38:00Z,1782088680.0,38.25,-87.38,1,1.53,1 ENE Mackey,Gibson,IN,EF1 Tornado. Peak Winds 90 mph. Path Length 1.53 miles. Outbuilding collapsed... mobile home suffered partial roof removal. Severe crop damage. (PAH),https://www.spc.noaa.gov/climo/reports/260621_rpts_raw_torn.csv,"{""County"":""Gibson"",""EF_Scale"":""UNK"",""LAT"":""38.25"",""LON"":""-87.38"",""Location"":""1 ENE Mackey"",""Remarks"":""EF1 Tornado. Peak Winds 90 mph. Path Length 1.53 miles. Outbuilding collapsed... mobile home suffered partial roof removal. Severe crop damage. (PAH)"",""State"":""IN"",""Time"":""0038""}","{""geometry"":{""coordinates"":[-87.38,38.25],""type"":""Point""},""id"":""260621-53"",""properties"":{""_raw_spc_row"":{""County"":""Gibson"",""EF_Scale"":""UNK"",""LAT"":""38.25"",""LON"":""-87.38"",""Location"":""1 ENE Mackey"",""Remarks"":""EF1 Tornado. Peak Winds 90 mph. Path Length 1.53 miles. Outbuilding collapsed... mobile home suffered partial roof removal. Severe crop damage. (PAH)"",""State"":""IN"",""Time"":""0038""},""county"":""Gibson"",""date"":""2026-06-22"",""len"":1.53,""location"":""1 ENE Mackey"",""mag"":""1"",""remarks"":""EF1 Tornado. Peak Winds 90 mph. Path Length 1.53 miles. Outbuilding collapsed... mobile home suffered partial roof removal. Severe crop damage. (PAH)"",""report_day"":""2026-06-21"",""source_url"":""https://www.spc.noaa.gov/climo/reports/260621_rpts_raw_torn.csv"",""state"":""IN"",""time"":""00:38:00"",""valid"":""2026-06-22T00:38:00Z""},""type"":""Feature""}",2026-07-09T18:52:04Z
260621-54,2026-06-21,2026-06-22T00:41:00Z,1782088860.0,38.33,-88.59,UNK,,2 S Wayne City,Wayne,IL,Brief tornado spotted south of Wayne City. (PAH),https://www.spc.noaa.gov/climo/reports/260621_rpts_raw_torn.csv,"{""County"":""Wayne"",""EF_Scale"":""UNK"",""LAT"":""38.33"",""LON"":""-88.59"",""Location"":""2 S Wayne City"",""Remarks"":""Brief tornado spotted south of Wayne City. (PAH)"",""State"":""IL"",""Time"":""0041""}","{""geometry"":{""coordinates"":[-88.59,38.33],""type"":""Point""},""id"":""260621-54"",""properties"":{""_raw_spc_row"":{""County"":""Wayne"",""EF_Scale"":""UNK"",""LAT"":""38.33"",""LON"":""-88.59"",""Location"":""2 S Wayne City"",""Remarks"":""Brief tornado spotted south of Wayne City. (PAH)"",""State"":""IL"",""Time"":""0041""},""county"":""Wayne"",""date"":""2026-06-22"",""len"":null,""location"":""2 S Wayne City"",""mag"":""UNK"",""remarks"":""Brief tornado spotted south of Wayne City. (PAH)"",""report_day"":""2026-06-21"",""source_url"":""https://www.spc.noaa.gov/climo/reports/260621_rpts_raw_torn.csv"",""state"":""IL"",""time"":""00:41:00"",""valid"":""2026-06-22T00:41:00Z""},""type"":""Feature""}",2026-07-09T18:52:04Z
260621-55,2026-06-21,2026-06-22T00:41:00Z,1782088860.0,38.44,-88.15,UNK,,6 NNE Golden Gate,Edwards,IL,Tornado on the ground from a trained spotter. (PAH),https://www.spc.noaa.gov/climo/reports/260621_rpts_raw_torn.csv,"{""County"":""Edwards"",""EF_Scale"":""UNK"",""LAT"":""38.44"",""LON"":""-88.15"",""Location"":""6 NNE Golden Gate"",""Remarks"":""Tornado on the ground from a trained spotter. (PAH)"",""State"":""IL"",""Time"":""0041""}","{""geometry"":{""coordinates"":[-88.15,38.44],""type"":""Point""},""id"":""260621-55"",""properties"":{""_raw_spc_row"":{""County"":""Edwards"",""EF_Scale"":""UNK"",""LAT"":""38.44"",""LON"":""-88.15"",""Location"":""6 NNE Golden Gate"",""Remarks"":""Tornado on the ground from a trained spotter. (PAH)"",""State"":""IL"",""Time"":""0041""},""county"":""Edwards"",""date"":""2026-06-22"",""len"":null,""location"":""6 NNE Golden Gate"",""mag"":""UNK"",""remarks"":""Tornado on the ground from a trained spotter. (PAH)"",""report_day"":""2026-06-21"",""source_url"":""https://www.spc.noaa.gov/climo/reports/260621_rpts_raw_torn.csv"",""state"":""IL"",""time"":""00:41:00"",""valid"":""2026-06-22T00:41:00Z""},""type"":""Feature""}",2026-07-09T18:52:04Z
260621-56,2026-06-21,2026-06-22T00:42:00Z,1782088920.0,38.33,-88.58,UNK,,2 SSE Wayne City,Wayne,IL,Tornado on the ground south of Wayne City... IL from photo report on X. (PAH),https://www.spc.noaa.gov/climo/reports/260621_rpts_raw_torn.csv,"{""County"":""Wayne"",""EF_Scale"":""UNK"",""LAT"":""38.33"",""LON"":""-88.58"",""Location"":""2 SSE Wayne City"",""Remarks"":""Tornado on the ground south of Wayne City... IL from photo report on X. (PAH)"",""State"":""IL"",""Time"":""0042""}","{""geometry"":{""coordinates"":[-88.58,38.33],""type"":""Point""},""id"":""260621-56"",""properties"":{""_raw_spc_row"":{""County"":""Wayne"",""EF_Scale"":""UNK"",""LAT"":""38.33"",""LON"":""-88.58"",""Location"":""2 SSE Wayne City"",""Remarks"":""Tornado on the ground south of Wayne City... IL from photo report on X. (PAH)"",""State"":""IL"",""Time"":""0042""},""county"":""Wayne"",""date"":""2026-06-22"",""len"":null,""location"":""2 SSE Wayne City"",""mag"":""UNK"",""remarks"":""Tornado on the ground south of Wayne City... IL from photo report on X. (PAH)"",""report_day"":""2026-06-21"",""source_url"":""https://www.spc.noaa.gov/climo/reports/260621_rpts_raw_torn.csv"",""state"":""IL"",""time"":""00:42:00"",""valid"":""2026-06-22T00:42:00Z""},""type"":""Feature""}",2026-07-09T18:52:04Z
260621-57,2026-06-21,2026-06-22T00:47:00Z,1782089220.0,38.23,-87.29,1,1.0,3 NE Lynnville,Warrick,IN,EF1 Tornado. 90 mph Peak Wind. Path length 1 mile. Several power poles leaning... large broken tree branches. (PAH),https://www.spc.noaa.gov/climo/reports/260621_rpts_raw_torn.csv,"{""County"":""Warrick"",""EF_Scale"":""UNK"",""LAT"":""38.23"",""LON"":""-87.29"",""Location"":""3 NE Lynnville"",""Remarks"":""EF1 Tornado. 90 mph Peak Wind. Path length 1 mile. Several power poles leaning... large broken tree branches. (PAH)"",""State"":""IN"",""Time"":""0047""}","{""geometry"":{""coordinates"":[-87.29,38.23],""type"":""Point""},""id"":""260621-57"",""properties"":{""_raw_spc_row"":{""County"":""Warrick"",""EF_Scale"":""UNK"",""LAT"":""38.23"",""LON"":""-87.29"",""Location"":""3 NE Lynnville"",""Remarks"":""EF1 Tornado. 90 mph Peak Wind. Path length 1 mile. Several power poles leaning... large broken tree branches. (PAH)"",""State"":""IN"",""Time"":""0047""},""county"":""Warrick"",""date"":""2026-06-22"",""len"":1.0,""location"":""3 NE Lynnville"",""mag"":""1"",""remarks"":""EF1 Tornado. 90 mph Peak Wind. Path length 1 mile. Several power poles leaning... large broken tree branches. (PAH)"",""report_day"":""2026-06-21"",""source_url"":""https://www.spc.noaa.gov/climo/reports/260621_rpts_raw_torn.csv"",""state"":""IN"",""time"":""00:47:00"",""valid"":""2026-06-22T00:47:00Z""},""type"":""Feature""}",2026-07-09T18:52:04Z
260621-58,2026-06-21,2026-06-22T00:52:00Z,1782089520.0,38.22,-87.25,0,,3 S Spurgeon,Warrick,IN,EF0 Tornado. Peak Winds 80 mph. Path length less than one half mile. Brief tornado produced scattered tree damage and a few uprooted trees. (PAH),https://www.spc.noaa.gov/climo/reports/260621_rpts_raw_torn.csv,"{""County"":""Warrick"",""EF_Scale"":""UNK"",""LAT"":""38.22"",""LON"":""-87.25"",""Location"":""3 S Spurgeon"",""Remarks"":""EF0 Tornado. Peak Winds 80 mph. Path length less than one half mile. Brief tornado produced scattered tree damage and a few uprooted trees. (PAH)"",""State"":""IN"",""Time"":""0052""}","{""geometry"":{""coordinates"":[-87.25,38.22],""type"":""Point""},""id"":""260621-58"",""properties"":{""_raw_spc_row"":{""County"":""Warrick"",""EF_Scale"":""UNK"",""LAT"":""38.22"",""LON"":""-87.25"",""Location"":""3 S Spurgeon"",""Remarks"":""EF0 Tornado. Peak Winds 80 mph. Path length less than one half mile. Brief tornado produced scattered tree damage and a few uprooted trees. (PAH)"",""State"":""IN"",""Time"":""0052""},""county"":""Warrick"",""date"":""2026-06-22"",""len"":null,""location"":""3 S Spurgeon"",""mag"":""0"",""remarks"":""EF0 Tornado. Peak Winds 80 mph. Path length less than one half mile. Brief tornado produced scattered tree damage and a few uprooted trees. (PAH)"",""report_day"":""2026-06-21"",""source_url"":""https://www.spc.noaa.gov/climo/reports/260621_rpts_raw_torn.csv"",""state"":""IN"",""time"":""00:52:00"",""valid"":""2026-06-22T00:52:00Z""},""type"":""Feature""}",2026-07-09T18:52:04Z
260621-59,2026-06-21,2026-06-22T00:55:00Z,1782089700.0,38.25,-87.28,UNK,,1 WSW Spurgeon,Pike,IN,Rope tornado on the ground from EM. (PAH),https://www.spc.noaa.gov/climo/reports/260621_rpts_raw_torn.csv,"{""County"":""Pike"",""EF_Scale"":""UNK"",""LAT"":""38.25"",""LON"":""-87.28"",""Location"":""1 WSW Spurgeon"",""Remarks"":""Rope tornado on the ground from EM. (PAH)"",""State"":""IN"",""Time"":""0055""}","{""geometry"":{""coordinates"":[-87.28,38.25],""type"":""Point""},""id"":""260621-59"",""properties"":{""_raw_spc_row"":{""County"":""Pike"",""EF_Scale"":""UNK"",""LAT"":""38.25"",""LON"":""-87.28"",""Location"":""1 WSW Spurgeon"",""Remarks"":""Rope tornado on the ground from EM. (PAH)"",""State"":""IN"",""Time"":""0055""},""county"":""Pike"",""date"":""2026-06-22"",""len"":null,""location"":""1 WSW Spurgeon"",""mag"":""UNK"",""remarks"":""Rope tornado on the ground from EM. (PAH)"",""report_day"":""2026-06-21"",""source_url"":""https://www.spc.noaa.gov/climo/reports/260621_rpts_raw_torn.csv"",""state"":""IN"",""time"":""00:55:00"",""valid"":""2026-06-22T00:55:00Z""},""type"":""Feature""}",2026-07-09T18:52:04Z
260621-60,2026-06-21,2026-06-22T00:57:00Z,1782089820.0,38.21,-87.18,0,,5 SE Spurgeon,Warrick,IN,EF0 Tornado. Peak Winds 85 mph. Several trees uprooted. (PAH),https://www.spc.noaa.gov/climo/reports/260621_rpts_raw_torn.csv,"{""County"":""Warrick"",""EF_Scale"":""UNK"",""LAT"":""38.21"",""LON"":""-87.18"",""Location"":""5 SE Spurgeon"",""Remarks"":""EF0 Tornado. Peak Winds 85 mph. Several trees uprooted. (PAH)"",""State"":""IN"",""Time"":""0057""}","{""geometry"":{""coordinates"":[-87.18,38.21],""type"":""Point""},""id"":""260621-60"",""properties"":{""_raw_spc_row"":{""County"":""Warrick"",""EF_Scale"":""UNK"",""LAT"":""38.21"",""LON"":""-87.18"",""Location"":""5 SE Spurgeon"",""Remarks"":""EF0 Tornado. Peak Winds 85 mph. Several trees uprooted. (PAH)"",""State"":""IN"",""Time"":""0057""},""county"":""Warrick"",""date"":""2026-06-22"",""len"":null,""location"":""5 SE Spurgeon"",""mag"":""0"",""remarks"":""EF0 Tornado. Peak Winds 85 mph. Several trees uprooted. (PAH)"",""report_day"":""2026-06-21"",""source_url"":""https://www.spc.noaa.gov/climo/reports/260621_rpts_raw_torn.csv"",""state"":""IN"",""time"":""00:57:00"",""valid"":""2026-06-22T00:57:00Z""},""type"":""Feature""}",2026-07-09T18:52:04Z
260621-61,2026-06-21,2026-06-22T01:00:00Z,1782090000.0,37.1,-91.26,0,,6 ESE Eminence,Shannon,MO,NWS ground survey along with public reports determined that an EF0 tornado with a 200 yard wide path initially touched down in a wooded area at the end of County Road H (SGF),https://www.spc.noaa.gov/climo/reports/260621_rpts_raw_torn.csv,"{""County"":""Shannon"",""EF_Scale"":""UNK"",""LAT"":""37.1"",""LON"":""-91.26"",""Location"":""6 ESE Eminence"",""Remarks"":""NWS ground survey along with public reports determined that an EF0 tornado with a 200 yard wide path initially touched down in a wooded area at the end of County Road H (SGF)"",""State"":""MO"",""Time"":""0100""}","{""geometry"":{""coordinates"":[-91.26,37.1],""type"":""Point""},""id"":""260621-61"",""properties"":{""_raw_spc_row"":{""County"":""Shannon"",""EF_Scale"":""UNK"",""LAT"":""37.1"",""LON"":""-91.26"",""Location"":""6 ESE Eminence"",""Remarks"":""NWS ground survey along with public reports determined that an EF0 tornado with a 200 yard wide path initially touched down in a wooded area at the end of County Road H (SGF)"",""State"":""MO"",""Time"":""0100""},""county"":""Shannon"",""date"":""2026-06-22"",""len"":null,""location"":""6 ESE Eminence"",""mag"":""0"",""remarks"":""NWS ground survey along with public reports determined that an EF0 tornado with a 200 yard wide path initially touched down in a wooded area at the end of County Road H (SGF)"",""report_day"":""2026-06-21"",""source_url"":""https://www.spc.noaa.gov/climo/reports/260621_rpts_raw_torn.csv"",""state"":""MO"",""time"":""01:00:00"",""valid"":""2026-06-22T01:00:00Z""},""type"":""Feature""}",2026-07-09T18:52:04Z
260621-62,2026-06-21,2026-06-22T01:03:00Z,1782090180.0,38.27,-88.53,UNK,,4 NNE Belle Prairie Cit,Wayne,IL,Tornado reported northeast of Belle Prairie City. (PAH),https://www.spc.noaa.gov/climo/reports/260621_rpts_raw_torn.csv,"{""County"":""Wayne"",""EF_Scale"":""UNK"",""LAT"":""38.27"",""LON"":""-88.53"",""Location"":""4 NNE Belle Prairie Cit"",""Remarks"":""Tornado reported northeast of Belle Prairie City. (PAH)"",""State"":""IL"",""Time"":""0103""}","{""geometry"":{""coordinates"":[-88.53,38.27],""type"":""Point""},""id"":""260621-62"",""properties"":{""_raw_spc_row"":{""County"":""Wayne"",""EF_Scale"":""UNK"",""LAT"":""38.27"",""LON"":""-88.53"",""Location"":""4 NNE Belle Prairie Cit"",""Remarks"":""Tornado reported northeast of Belle Prairie City. (PAH)"",""State"":""IL"",""Time"":""0103""},""county"":""Wayne"",""date"":""2026-06-22"",""len"":null,""location"":""4 NNE Belle Prairie Cit"",""mag"":""UNK"",""remarks"":""Tornado reported northeast of Belle Prairie City. (PAH)"",""report_day"":""2026-06-21"",""source_url"":""https://www.spc.noaa.gov/climo/reports/260621_rpts_raw_torn.csv"",""state"":""IL"",""time"":""01:03:00"",""valid"":""2026-06-22T01:03:00Z""},""type"":""Feature""}",2026-07-09T18:52:04Z
260621-63,2026-06-21,2026-06-22T01:07:00Z,1782090420.0,39.36,-88.99,UNK,,3 SW Tower Hill,Shelby,IL,Very brief touchdown just east of Tower Hill. (ILX),https://www.spc.noaa.gov/climo/reports/260621_rpts_raw_torn.csv,"{""County"":""Shelby"",""EF_Scale"":""UNK"",""LAT"":""39.36"",""LON"":""-88.99"",""Location"":""3 SW Tower Hill"",""Remarks"":""Very brief touchdown just east of Tower Hill. (ILX)"",""State"":""IL"",""Time"":""0107""}","{""geometry"":{""coordinates"":[-88.99,39.36],""type"":""Point""},""id"":""260621-63"",""properties"":{""_raw_spc_row"":{""County"":""Shelby"",""EF_Scale"":""UNK"",""LAT"":""39.36"",""LON"":""-88.99"",""Location"":""3 SW Tower Hill"",""Remarks"":""Very brief touchdown just east of Tower Hill. (ILX)"",""State"":""IL"",""Time"":""0107""},""county"":""Shelby"",""date"":""2026-06-22"",""len"":null,""location"":""3 SW Tower Hill"",""mag"":""UNK"",""remarks"":""Very brief touchdown just east of Tower Hill. (ILX)"",""report_day"":""2026-06-21"",""source_url"":""https://www.spc.noaa.gov/climo/reports/260621_rpts_raw_torn.csv"",""state"":""IL"",""time"":""01:07:00"",""valid"":""2026-06-22T01:07:00Z""},""type"":""Feature""}",2026-07-09T18:52:04Z
260621-64,2026-06-21,2026-06-22T01:09:00Z,1782090540.0,38.24,-87.1,UNK,,8 NW Dale,Pike,IN,Corrects previous tornado report from 8 NW Dale. Tornado reported on the ground near Dale... IN. Public and chaser report relayed via EM. (PAH),https://www.spc.noaa.gov/climo/reports/260621_rpts_raw_torn.csv,"{""County"":""Pike"",""EF_Scale"":""UNK"",""LAT"":""38.24"",""LON"":""-87.1"",""Location"":""8 NW Dale"",""Remarks"":""Corrects previous tornado report from 8 NW Dale. Tornado reported on the ground near Dale... IN. Public and chaser report relayed via EM. (PAH)"",""State"":""IN"",""Time"":""0109""}","{""geometry"":{""coordinates"":[-87.1,38.24],""type"":""Point""},""id"":""260621-64"",""properties"":{""_raw_spc_row"":{""County"":""Pike"",""EF_Scale"":""UNK"",""LAT"":""38.24"",""LON"":""-87.1"",""Location"":""8 NW Dale"",""Remarks"":""Corrects previous tornado report from 8 NW Dale. Tornado reported on the ground near Dale... IN. Public and chaser report relayed via EM. (PAH)"",""State"":""IN"",""Time"":""0109""},""county"":""Pike"",""date"":""2026-06-22"",""len"":null,""location"":""8 NW Dale"",""mag"":""UNK"",""remarks"":""Corrects previous tornado report from 8 NW Dale. Tornado reported on the ground near Dale... IN. Public and chaser report relayed via EM. (PAH)"",""report_day"":""2026-06-21"",""source_url"":""https://www.spc.noaa.gov/climo/reports/260621_rpts_raw_torn.csv"",""state"":""IN"",""time"":""01:09:00"",""valid"":""2026-06-22T01:09:00Z""},""type"":""Feature""}",2026-07-09T18:52:04Z
260621-65,2026-06-21,2026-06-22T01:15:00Z,1782090900.0,38.18,-87.0,1,,1 NW Dale,Spencer,IN,EF1 Tornado. Peak Winds 95 mph. Path Length less than one-half mile. Extensive crop damage. Turkey barns suffered significant roof damage. Shingle damage to adjacent ho (PAH),https://www.spc.noaa.gov/climo/reports/260621_rpts_raw_torn.csv,"{""County"":""Spencer"",""EF_Scale"":""UNK"",""LAT"":""38.18"",""LON"":""-87"",""Location"":""1 NW Dale"",""Remarks"":""EF1 Tornado. Peak Winds 95 mph. Path Length less than one-half mile. Extensive crop damage. Turkey barns suffered significant roof damage. Shingle damage to adjacent ho (PAH)"",""State"":""IN"",""Time"":""0115""}","{""geometry"":{""coordinates"":[-87.0,38.18],""type"":""Point""},""id"":""260621-65"",""properties"":{""_raw_spc_row"":{""County"":""Spencer"",""EF_Scale"":""UNK"",""LAT"":""38.18"",""LON"":""-87"",""Location"":""1 NW Dale"",""Remarks"":""EF1 Tornado. Peak Winds 95 mph. Path Length less than one-half mile. Extensive crop damage. Turkey barns suffered significant roof damage. Shingle damage to adjacent ho (PAH)"",""State"":""IN"",""Time"":""0115""},""county"":""Spencer"",""date"":""2026-06-22"",""len"":null,""location"":""1 NW Dale"",""mag"":""1"",""remarks"":""EF1 Tornado. Peak Winds 95 mph. Path Length less than one-half mile. Extensive crop damage. Turkey barns suffered significant roof damage. Shingle damage to adjacent ho (PAH)"",""report_day"":""2026-06-21"",""source_url"":""https://www.spc.noaa.gov/climo/reports/260621_rpts_raw_torn.csv"",""state"":""IN"",""time"":""01:15:00"",""valid"":""2026-06-22T01:15:00Z""},""type"":""Feature""}",2026-07-09T18:52:04Z
260621-66,2026-06-21,2026-06-22T01:16:00Z,1782090960.0,38.24,-87.1,UNK,,8 NW Dale,Pike,IN,Tornado reported on the ground near Dale... IN. Public and chaser report relayed via EM. (PAH),https://www.spc.noaa.gov/climo/reports/260621_rpts_raw_torn.csv,"{""County"":""Pike"",""EF_Scale"":""UNK"",""LAT"":""38.24"",""LON"":""-87.1"",""Location"":""8 NW Dale"",""Remarks"":""Tornado reported on the ground near Dale... IN. Public and chaser report relayed via EM. (PAH)"",""State"":""IN"",""Time"":""0116""}","{""geometry"":{""coordinates"":[-87.1,38.24],""type"":""Point""},""id"":""260621-66"",""properties"":{""_raw_spc_row"":{""County"":""Pike"",""EF_Scale"":""UNK"",""LAT"":""38.24"",""LON"":""-87.1"",""Location"":""8 NW Dale"",""Remarks"":""Tornado reported on the ground near Dale... IN. Public and chaser report relayed via EM. (PAH)"",""State"":""IN"",""Time"":""0116""},""county"":""Pike"",""date"":""2026-06-22"",""len"":null,""location"":""8 NW Dale"",""mag"":""UNK"",""remarks"":""Tornado reported on the ground near Dale... IN. Public and chaser report relayed via EM. (PAH)"",""report_day"":""2026-06-21"",""source_url"":""https://www.spc.noaa.gov/climo/reports/260621_rpts_raw_torn.csv"",""state"":""IN"",""time"":""01:16:00"",""valid"":""2026-06-22T01:16:00Z""},""type"":""Feature""}",2026-07-09T18:52:04Z
260621-67,2026-06-21,2026-06-22T01:19:00Z,1782091140.0,38.19,-86.98,UNK,,2 N Dale,Spencer,IN,Reported near I-64 and US 231. (PAH),https://www.spc.noaa.gov/climo/reports/260621_rpts_raw_torn.csv,"{""County"":""Spencer"",""EF_Scale"":""UNK"",""LAT"":""38.19"",""LON"":""-86.98"",""Location"":""2 N Dale"",""Remarks"":""Reported near I-64 and US 231. (PAH)"",""State"":""IN"",""Time"":""0119""}","{""geometry"":{""coordinates"":[-86.98,38.19],""type"":""Point""},""id"":""260621-67"",""properties"":{""_raw_spc_row"":{""County"":""Spencer"",""EF_Scale"":""UNK"",""LAT"":""38.19"",""LON"":""-86.98"",""Location"":""2 N Dale"",""Remarks"":""Reported near I-64 and US 231. (PAH)"",""State"":""IN"",""Time"":""0119""},""county"":""Spencer"",""date"":""2026-06-22"",""len"":null,""location"":""2 N Dale"",""mag"":""UNK"",""remarks"":""Reported near I-64 and US 231. (PAH)"",""report_day"":""2026-06-21"",""source_url"":""https://www.spc.noaa.gov/climo/reports/260621_rpts_raw_torn.csv"",""state"":""IN"",""time"":""01:19:00"",""valid"":""2026-06-22T01:19:00Z""},""type"":""Feature""}",2026-07-09T18:52:04Z
260621-68,2026-06-21,2026-06-22T01:50:00Z,1782093000.0,38.5,-85.72,1,,3 ENE Memphis,Clark,IN,NWS storm survey team determined an EF1 tornado with 100 mph winds impacted portions of central Clark County on June 21... 2026. The tornado was 3.05 miles in length an (LMK),https://www.spc.noaa.gov/climo/reports/260621_rpts_raw_torn.csv,"{""County"":""Clark"",""EF_Scale"":""UNK"",""LAT"":""38.5"",""LON"":""-85.72"",""Location"":""3 ENE Memphis"",""Remarks"":""NWS storm survey team determined an EF1 tornado with 100 mph winds impacted portions of central Clark County on June 21... 2026. The tornado was 3.05 miles in length an (LMK)"",""State"":""IN"",""Time"":""0150""}","{""geometry"":{""coordinates"":[-85.72,38.5],""type"":""Point""},""id"":""260621-68"",""properties"":{""_raw_spc_row"":{""County"":""Clark"",""EF_Scale"":""UNK"",""LAT"":""38.5"",""LON"":""-85.72"",""Location"":""3 ENE Memphis"",""Remarks"":""NWS storm survey team determined an EF1 tornado with 100 mph winds impacted portions of central Clark County on June 21... 2026. The tornado was 3.05 miles in length an (LMK)"",""State"":""IN"",""Time"":""0150""},""county"":""Clark"",""date"":""2026-06-22"",""len"":null,""location"":""3 ENE Memphis"",""mag"":""1"",""remarks"":""NWS storm survey team determined an EF1 tornado with 100 mph winds impacted portions of central Clark County on June 21... 2026. The tornado was 3.05 miles in length an (LMK)"",""report_day"":""2026-06-21"",""source_url"":""https://www.spc.noaa.gov/climo/reports/260621_rpts_raw_torn.csv"",""state"":""IN"",""time"":""01:50:00"",""valid"":""2026-06-22T01:50:00Z""},""type"":""Feature""}",2026-07-09T18:52:04Z
260621-69,2026-06-21,2026-06-22T01:53:00Z,1782093180.0,38.15,-88.29,UNK,,4 NE Enfield,White,IL,EFU tornado. Eyewitness and video of a brief tornado touchdown but no damage was found. (PAH),https://www.spc.noaa.gov/climo/reports/260621_rpts_raw_torn.csv,"{""County"":""White"",""EF_Scale"":""UNK"",""LAT"":""38.15"",""LON"":""-88.29"",""Location"":""4 NE Enfield"",""Remarks"":""EFU tornado. Eyewitness and video of a brief tornado touchdown but no damage was found. (PAH)"",""State"":""IL"",""Time"":""0153""}","{""geometry"":{""coordinates"":[-88.29,38.15],""type"":""Point""},""id"":""260621-69"",""properties"":{""_raw_spc_row"":{""County"":""White"",""EF_Scale"":""UNK"",""LAT"":""38.15"",""LON"":""-88.29"",""Location"":""4 NE Enfield"",""Remarks"":""EFU tornado. Eyewitness and video of a brief tornado touchdown but no damage was found. (PAH)"",""State"":""IL"",""Time"":""0153""},""county"":""White"",""date"":""2026-06-22"",""len"":null,""location"":""4 NE Enfield"",""mag"":""UNK"",""remarks"":""EFU tornado. Eyewitness and video of a brief tornado touchdown but no damage was found. (PAH)"",""report_day"":""2026-06-21"",""source_url"":""https://www.spc.noaa.gov/climo/reports/260621_rpts_raw_torn.csv"",""state"":""IL"",""time"":""01:53:00"",""valid"":""2026-06-22T01:53:00Z""},""type"":""Feature""}",2026-07-09T18:52:04Z
260621-70,2026-06-21,2026-06-22T02:00:00Z,1782093600.0,38.15,-88.27,UNK,,5 NE Enfield,White,IL,Brief tornado about 5 miles northeast of Enfield. (PAH),https://www.spc.noaa.gov/climo/reports/260621_rpts_raw_torn.csv,"{""County"":""White"",""EF_Scale"":""UNK"",""LAT"":""38.15"",""LON"":""-88.27"",""Location"":""5 NE Enfield"",""Remarks"":""Brief tornado about 5 miles northeast of Enfield. (PAH)"",""State"":""IL"",""Time"":""0200""}","{""geometry"":{""coordinates"":[-88.27,38.15],""type"":""Point""},""id"":""260621-70"",""properties"":{""_raw_spc_row"":{""County"":""White"",""EF_Scale"":""UNK"",""LAT"":""38.15"",""LON"":""-88.27"",""Location"":""5 NE Enfield"",""Remarks"":""Brief tornado about 5 miles northeast of Enfield. (PAH)"",""State"":""IL"",""Time"":""0200""},""county"":""White"",""date"":""2026-06-22"",""len"":null,""location"":""5 NE Enfield"",""mag"":""UNK"",""remarks"":""Brief tornado about 5 miles northeast of Enfield. (PAH)"",""report_day"":""2026-06-21"",""source_url"":""https://www.spc.noaa.gov/climo/reports/260621_rpts_raw_torn.csv"",""state"":""IL"",""time"":""02:00:00"",""valid"":""2026-06-22T02:00:00Z""},""type"":""Feature""}",2026-07-09T18:52:04Z
260621-71,2026-06-21,2026-06-22T02:15:00Z,1782094500.0,37.98,-87.44,UNK,,3 NW Newburgh,Warrick,IN,Brief tornado reported near Epworth Road and Lloyd Expy near Deaconess Gateway. (PAH),https://www.spc.noaa.gov/climo/reports/260621_rpts_raw_torn.csv,"{""County"":""Warrick"",""EF_Scale"":""UNK"",""LAT"":""37.98"",""LON"":""-87.44"",""Location"":""3 NW Newburgh"",""Remarks"":""Brief tornado reported near Epworth Road and Lloyd Expy near Deaconess Gateway. (PAH)"",""State"":""IN"",""Time"":""0215""}","{""geometry"":{""coordinates"":[-87.44,37.98],""type"":""Point""},""id"":""260621-71"",""properties"":{""_raw_spc_row"":{""County"":""Warrick"",""EF_Scale"":""UNK"",""LAT"":""37.98"",""LON"":""-87.44"",""Location"":""3 NW Newburgh"",""Remarks"":""Brief tornado reported near Epworth Road and Lloyd Expy near Deaconess Gateway. (PAH)"",""State"":""IN"",""Time"":""0215""},""county"":""Warrick"",""date"":""2026-06-22"",""len"":null,""location"":""3 NW Newburgh"",""mag"":""UNK"",""remarks"":""Brief tornado reported near Epworth Road and Lloyd Expy near Deaconess Gateway. (PAH)"",""report_day"":""2026-06-21"",""source_url"":""https://www.spc.noaa.gov/climo/reports/260621_rpts_raw_torn.csv"",""state"":""IN"",""time"":""02:15:00"",""valid"":""2026-06-22T02:15:00Z""},""type"":""Feature""}",2026-07-09T18:52:04Z
260621-72,2026-06-21,2026-06-22T02:15:00Z,1782094500.0,37.98,-87.45,1,,3 NW Newburgh,Warrick,IN,*** 2 INJ *** EF1 Tornado. 100 mph peak winds. 3 mile path length. Roof and fence damage at an apartment complex. Roof damage continues to other apartments downstream. (PAH),https://www.spc.noaa.gov/climo/reports/260621_rpts_raw_torn.csv,"{""County"":""Warrick"",""EF_Scale"":""UNK"",""LAT"":""37.98"",""LON"":""-87.45"",""Location"":""3 NW Newburgh"",""Remarks"":""*** 2 INJ *** EF1 Tornado. 100 mph peak winds. 3 mile path length. Roof and fence damage at an apartment complex. Roof damage continues to other apartments downstream. (PAH)"",""State"":""IN"",""Time"":""0215""}","{""geometry"":{""coordinates"":[-87.45,37.98],""type"":""Point""},""id"":""260621-72"",""properties"":{""_raw_spc_row"":{""County"":""Warrick"",""EF_Scale"":""UNK"",""LAT"":""37.98"",""LON"":""-87.45"",""Location"":""3 NW Newburgh"",""Remarks"":""*** 2 INJ *** EF1 Tornado. 100 mph peak winds. 3 mile path length. Roof and fence damage at an apartment complex. Roof damage continues to other apartments downstream. (PAH)"",""State"":""IN"",""Time"":""0215""},""county"":""Warrick"",""date"":""2026-06-22"",""len"":null,""location"":""3 NW Newburgh"",""mag"":""1"",""remarks"":""*** 2 INJ *** EF1 Tornado. 100 mph peak winds. 3 mile path length. Roof and fence damage at an apartment complex. Roof damage continues to other apartments downstream. (PAH)"",""report_day"":""2026-06-21"",""source_url"":""https://www.spc.noaa.gov/climo/reports/260621_rpts_raw_torn.csv"",""state"":""IN"",""time"":""02:15:00"",""valid"":""2026-06-22T02:15:00Z""},""type"":""Feature""}",2026-07-09T18:52:04Z
260621-73,2026-06-21,2026-06-22T02:28:00Z,1782095280.0,37.96,-87.32,UNK,,4 E Newburgh,Warrick,IN,Brief touchdown reported in Dayville. (PAH),https://www.spc.noaa.gov/climo/reports/260621_rpts_raw_torn.csv,"{""County"":""Warrick"",""EF_Scale"":""UNK"",""LAT"":""37.96"",""LON"":""-87.32"",""Location"":""4 E Newburgh"",""Remarks"":""Brief touchdown reported in Dayville. (PAH)"",""State"":""IN"",""Time"":""0228""}","{""geometry"":{""coordinates"":[-87.32,37.96],""type"":""Point""},""id"":""260621-73"",""properties"":{""_raw_spc_row"":{""County"":""Warrick"",""EF_Scale"":""UNK"",""LAT"":""37.96"",""LON"":""-87.32"",""Location"":""4 E Newburgh"",""Remarks"":""Brief touchdown reported in Dayville. (PAH)"",""State"":""IN"",""Time"":""0228""},""county"":""Warrick"",""date"":""2026-06-22"",""len"":null,""location"":""4 E Newburgh"",""mag"":""UNK"",""remarks"":""Brief touchdown reported in Dayville. (PAH)"",""report_day"":""2026-06-21"",""source_url"":""https://www.spc.noaa.gov/climo/reports/260621_rpts_raw_torn.csv"",""state"":""IN"",""time"":""02:28:00"",""valid"":""2026-06-22T02:28:00Z""},""type"":""Feature""}",2026-07-09T18:52:04Z
260621-74,2026-06-21,2026-06-22T02:53:00Z,1782096780.0,38.1,-86.2,0,,1 E Valley City,Harrison,IN,NWS survey confirmed an 85 mph EF0 tornado occurred with a width of 100 yards and length of 0.85 miles. (LMK),https://www.spc.noaa.gov/climo/reports/260621_rpts_raw_torn.csv,"{""County"":""Harrison"",""EF_Scale"":""UNK"",""LAT"":""38.1"",""LON"":""-86.2"",""Location"":""1 E Valley City"",""Remarks"":""NWS survey confirmed an 85 mph EF0 tornado occurred with a width of 100 yards and length of 0.85 miles. (LMK)"",""State"":""IN"",""Time"":""0253""}","{""geometry"":{""coordinates"":[-86.2,38.1],""type"":""Point""},""id"":""260621-74"",""properties"":{""_raw_spc_row"":{""County"":""Harrison"",""EF_Scale"":""UNK"",""LAT"":""38.1"",""LON"":""-86.2"",""Location"":""1 E Valley City"",""Remarks"":""NWS survey confirmed an 85 mph EF0 tornado occurred with a width of 100 yards and length of 0.85 miles. (LMK)"",""State"":""IN"",""Time"":""0253""},""county"":""Harrison"",""date"":""2026-06-22"",""len"":null,""location"":""1 E Valley City"",""mag"":""0"",""remarks"":""NWS survey confirmed an 85 mph EF0 tornado occurred with a width of 100 yards and length of 0.85 miles. (LMK)"",""report_day"":""2026-06-21"",""source_url"":""https://www.spc.noaa.gov/climo/reports/260621_rpts_raw_torn.csv"",""state"":""IN"",""time"":""02:53:00"",""valid"":""2026-06-22T02:53:00Z""},""type"":""Feature""}",2026-07-09T18:52:04Z
260621-75,2026-06-21,2026-06-22T03:03:00Z,1782097380.0,37.94,-86.99,0,,Grandview,Spencer,IN,EF0 Tornado. Peak Winds 80 mph. Path Length one-half mile. Brief tornado produced shingle damage to a couple homes and uprooted several trees. (PAH),https://www.spc.noaa.gov/climo/reports/260621_rpts_raw_torn.csv,"{""County"":""Spencer"",""EF_Scale"":""UNK"",""LAT"":""37.94"",""LON"":""-86.99"",""Location"":""Grandview"",""Remarks"":""EF0 Tornado. Peak Winds 80 mph. Path Length one-half mile. Brief tornado produced shingle damage to a couple homes and uprooted several trees. (PAH)"",""State"":""IN"",""Time"":""0303""}","{""geometry"":{""coordinates"":[-86.99,37.94],""type"":""Point""},""id"":""260621-75"",""properties"":{""_raw_spc_row"":{""County"":""Spencer"",""EF_Scale"":""UNK"",""LAT"":""37.94"",""LON"":""-86.99"",""Location"":""Grandview"",""Remarks"":""EF0 Tornado. Peak Winds 80 mph. Path Length one-half mile. Brief tornado produced shingle damage to a couple homes and uprooted several trees. (PAH)"",""State"":""IN"",""Time"":""0303""},""county"":""Spencer"",""date"":""2026-06-22"",""len"":null,""location"":""Grandview"",""mag"":""0"",""remarks"":""EF0 Tornado. Peak Winds 80 mph. Path Length one-half mile. Brief tornado produced shingle damage to a couple homes and uprooted several trees. (PAH)"",""report_day"":""2026-06-21"",""source_url"":""https://www.spc.noaa.gov/climo/reports/260621_rpts_raw_torn.csv"",""state"":""IN"",""time"":""03:03:00"",""valid"":""2026-06-22T03:03:00Z""},""type"":""Feature""}",2026-07-09T18:52:04Z
260621-76,2026-06-21,2026-06-22T03:06:00Z,1782097560.0,37.95,-86.95,UNK,,2 ENE Grandview,Spencer,IN,Tornado reported with trees down between Grandview and Lewisport. (PAH),https://www.spc.noaa.gov/climo/reports/260621_rpts_raw_torn.csv,"{""County"":""Spencer"",""EF_Scale"":""UNK"",""LAT"":""37.95"",""LON"":""-86.95"",""Location"":""2 ENE Grandview"",""Remarks"":""Tornado reported with trees down between Grandview and Lewisport. (PAH)"",""State"":""IN"",""Time"":""0306""}","{""geometry"":{""coordinates"":[-86.95,37.95],""type"":""Point""},""id"":""260621-76"",""properties"":{""_raw_spc_row"":{""County"":""Spencer"",""EF_Scale"":""UNK"",""LAT"":""37.95"",""LON"":""-86.95"",""Location"":""2 ENE Grandview"",""Remarks"":""Tornado reported with trees down between Grandview and Lewisport. (PAH)"",""State"":""IN"",""Time"":""0306""},""county"":""Spencer"",""date"":""2026-06-22"",""len"":null,""location"":""2 ENE Grandview"",""mag"":""UNK"",""remarks"":""Tornado reported with trees down between Grandview and Lewisport. (PAH)"",""report_day"":""2026-06-21"",""source_url"":""https://www.spc.noaa.gov/climo/reports/260621_rpts_raw_torn.csv"",""state"":""IN"",""time"":""03:06:00"",""valid"":""2026-06-22T03:06:00Z""},""type"":""Feature""}",2026-07-09T18:52:04Z
260621-77,2026-06-21,2026-06-22T03:37:00Z,1782099420.0,38.06,-87.39,1,0.5,2 NW Chandler,Warrick,IN,EF1 Tornado. Peak Winds 105 mph. Path Length 0.5 miles. Partial roof loss to an outbuilding. Dozens of tree trunks snapped. (PAH),https://www.spc.noaa.gov/climo/reports/260621_rpts_raw_torn.csv,"{""County"":""Warrick"",""EF_Scale"":""UNK"",""LAT"":""38.06"",""LON"":""-87.39"",""Location"":""2 NW Chandler"",""Remarks"":""EF1 Tornado. Peak Winds 105 mph. Path Length 0.5 miles. Partial roof loss to an outbuilding. Dozens of tree trunks snapped. (PAH)"",""State"":""IN"",""Time"":""0337""}","{""geometry"":{""coordinates"":[-87.39,38.06],""type"":""Point""},""id"":""260621-77"",""properties"":{""_raw_spc_row"":{""County"":""Warrick"",""EF_Scale"":""UNK"",""LAT"":""38.06"",""LON"":""-87.39"",""Location"":""2 NW Chandler"",""Remarks"":""EF1 Tornado. Peak Winds 105 mph. Path Length 0.5 miles. Partial roof loss to an outbuilding. Dozens of tree trunks snapped. (PAH)"",""State"":""IN"",""Time"":""0337""},""county"":""Warrick"",""date"":""2026-06-22"",""len"":0.5,""location"":""2 NW Chandler"",""mag"":""1"",""remarks"":""EF1 Tornado. Peak Winds 105 mph. Path Length 0.5 miles. Partial roof loss to an outbuilding. Dozens of tree trunks snapped. (PAH)"",""report_day"":""2026-06-21"",""source_url"":""https://www.spc.noaa.gov/climo/reports/260621_rpts_raw_torn.csv"",""state"":""IN"",""time"":""03:37:00"",""valid"":""2026-06-22T03:37:00Z""},""type"":""Feature""}",2026-07-09T18:52:04Z
260621-78,2026-06-21,2026-06-22T03:39:00Z,1782099540.0,38.06,-87.38,1,,1 NNW Chandler,Warrick,IN,EF1 Tornado. Peak Wind 110 mph. Dozens of snapped tree trunks. Shingle damage to home. Widespread corn crop blow down. (PAH),https://www.spc.noaa.gov/climo/reports/260621_rpts_raw_torn.csv,"{""County"":""Warrick"",""EF_Scale"":""UNK"",""LAT"":""38.06"",""LON"":""-87.38"",""Location"":""1 NNW Chandler"",""Remarks"":""EF1 Tornado. Peak Wind 110 mph. Dozens of snapped tree trunks. Shingle damage to home. Widespread corn crop blow down. (PAH)"",""State"":""IN"",""Time"":""0339""}","{""geometry"":{""coordinates"":[-87.38,38.06],""type"":""Point""},""id"":""260621-78"",""properties"":{""_raw_spc_row"":{""County"":""Warrick"",""EF_Scale"":""UNK"",""LAT"":""38.06"",""LON"":""-87.38"",""Location"":""1 NNW Chandler"",""Remarks"":""EF1 Tornado. Peak Wind 110 mph. Dozens of snapped tree trunks. Shingle damage to home. Widespread corn crop blow down. (PAH)"",""State"":""IN"",""Time"":""0339""},""county"":""Warrick"",""date"":""2026-06-22"",""len"":null,""location"":""1 NNW Chandler"",""mag"":""1"",""remarks"":""EF1 Tornado. Peak Wind 110 mph. Dozens of snapped tree trunks. Shingle damage to home. Widespread corn crop blow down. (PAH)"",""report_day"":""2026-06-21"",""source_url"":""https://www.spc.noaa.gov/climo/reports/260621_rpts_raw_torn.csv"",""state"":""IN"",""time"":""03:39:00"",""valid"":""2026-06-22T03:39:00Z""},""type"":""Feature""}",2026-07-09T18:52:04Z
260621-79,2026-06-21,2026-06-22T03:41:00Z,1782099660.0,38.05,-87.38,UNK,,1 WNW Chandler,Warrick,IN,Tornado reported near the Chandler airport. (PAH),https://www.spc.noaa.gov/climo/reports/260621_rpts_raw_torn.csv,"{""County"":""Warrick"",""EF_Scale"":""UNK"",""LAT"":""38.05"",""LON"":""-87.38"",""Location"":""1 WNW Chandler"",""Remarks"":""Tornado reported near the Chandler airport. (PAH)"",""State"":""IN"",""Time"":""0341""}","{""geometry"":{""coordinates"":[-87.38,38.05],""type"":""Point""},""id"":""260621-79"",""properties"":{""_raw_spc_row"":{""County"":""Warrick"",""EF_Scale"":""UNK"",""LAT"":""38.05"",""LON"":""-87.38"",""Location"":""1 WNW Chandler"",""Remarks"":""Tornado reported near the Chandler airport. (PAH)"",""State"":""IN"",""Time"":""0341""},""county"":""Warrick"",""date"":""2026-06-22"",""len"":null,""location"":""1 WNW Chandler"",""mag"":""UNK"",""remarks"":""Tornado reported near the Chandler airport. (PAH)"",""report_day"":""2026-06-21"",""source_url"":""https://www.spc.noaa.gov/climo/reports/260621_rpts_raw_torn.csv"",""state"":""IN"",""time"":""03:41:00"",""valid"":""2026-06-22T03:41:00Z""},""type"":""Feature""}",2026-07-09T18:52:04Z
260621-80,2026-06-21,2026-06-22T04:07:00Z,1782101220.0,37.9,-86.45,0,,2 S Union Star,Breckinridge,KY,An NWS damage survey concluded that a brief EF-0 tornado with peak winds of 85 mph occurred just after Midnight EDT on June 22. The tornado had a max path width of 50 y (LMK),https://www.spc.noaa.gov/climo/reports/260621_rpts_raw_torn.csv,"{""County"":""Breckinridge"",""EF_Scale"":""UNK"",""LAT"":""37.9"",""LON"":""-86.45"",""Location"":""2 S Union Star"",""Remarks"":""An NWS damage survey concluded that a brief EF-0 tornado with peak winds of 85 mph occurred just after Midnight EDT on June 22. The tornado had a max path width of 50 y (LMK)"",""State"":""KY"",""Time"":""0407""}","{""geometry"":{""coordinates"":[-86.45,37.9],""type"":""Point""},""id"":""260621-80"",""properties"":{""_raw_spc_row"":{""County"":""Breckinridge"",""EF_Scale"":""UNK"",""LAT"":""37.9"",""LON"":""-86.45"",""Location"":""2 S Union Star"",""Remarks"":""An NWS damage survey concluded that a brief EF-0 tornado with peak winds of 85 mph occurred just after Midnight EDT on June 22. The tornado had a max path width of 50 y (LMK)"",""State"":""KY"",""Time"":""0407""},""county"":""Breckinridge"",""date"":""2026-06-22"",""len"":null,""location"":""2 S Union Star"",""mag"":""0"",""remarks"":""An NWS damage survey concluded that a brief EF-0 tornado with peak winds of 85 mph occurred just after Midnight EDT on June 22. The tornado had a max path width of 50 y (LMK)"",""report_day"":""2026-06-21"",""source_url"":""https://www.spc.noaa.gov/climo/reports/260621_rpts_raw_torn.csv"",""state"":""KY"",""time"":""04:07:00"",""valid"":""2026-06-22T04:07:00Z""},""type"":""Feature""}",2026-07-09T18:52:04Z
260621-81,2026-06-21,2026-06-22T04:14:00Z,1782101640.0,37.88,-86.38,1,,3 W Webster,Breckinridge,KY,An NWS damage survey concluded that a brief EF-1 tornado touched down just after Midnight EDT on June 22nd. The tornado had peak winds of 100 mph and a max path width o (LMK),https://www.spc.noaa.gov/climo/reports/260621_rpts_raw_torn.csv,"{""County"":""Breckinridge"",""EF_Scale"":""UNK"",""LAT"":""37.88"",""LON"":""-86.38"",""Location"":""3 W Webster"",""Remarks"":""An NWS damage survey concluded that a brief EF-1 tornado touched down just after Midnight EDT on June 22nd. The tornado had peak winds of 100 mph and a max path width o (LMK)"",""State"":""KY"",""Time"":""0414""}","{""geometry"":{""coordinates"":[-86.38,37.88],""type"":""Point""},""id"":""260621-81"",""properties"":{""_raw_spc_row"":{""County"":""Breckinridge"",""EF_Scale"":""UNK"",""LAT"":""37.88"",""LON"":""-86.38"",""Location"":""3 W Webster"",""Remarks"":""An NWS damage survey concluded that a brief EF-1 tornado touched down just after Midnight EDT on June 22nd. The tornado had peak winds of 100 mph and a max path width o (LMK)"",""State"":""KY"",""Time"":""0414""},""county"":""Breckinridge"",""date"":""2026-06-22"",""len"":null,""location"":""3 W Webster"",""mag"":""1"",""remarks"":""An NWS damage survey concluded that a brief EF-1 tornado touched down just after Midnight EDT on June 22nd. The tornado had peak winds of 100 mph and a max path width o (LMK)"",""report_day"":""2026-06-21"",""source_url"":""https://www.spc.noaa.gov/climo/reports/260621_rpts_raw_torn.csv"",""state"":""KY"",""time"":""04:14:00"",""valid"":""2026-06-22T04:14:00Z""},""type"":""Feature""}",2026-07-09T18:52:04Z
