id,source,source_feature_id,event,headline,effective,expires,sender_name,status,has_polygon,geometry_json,properties_json,raw_feature_json,window_start,window_end,loaded_at
1740,iem_watchwarn,iem_watchwarn|DVN|184|SV|W|2026-06-13T17:59:00Z|2026-06-13T18:45:00Z|,Severe Thunderstorm Warning,,2026-06-13T17:59:00Z,2026-06-13T18:45:00Z,DVN,NEW,1,"{""coordinates"":[[[-91.51,41.69],[-91.66,41.28],[-92.23,41.34],[-92.11,41.7],[-91.51,41.69]]],""type"":""Polygon""}","{""_map_py"":{""effective"":""2026-06-13T17:59:00Z"",""event"":""Severe Thunderstorm Warning"",""expires"":""2026-06-13T18:45:00Z"",""has_polygon"":true,""headline"":"""",""sender"":""DVN""},""effective"":""2026-06-13T17:59:00Z"",""event"":""Severe Thunderstorm Warning"",""expires"":""2026-06-13T18:45:00Z"",""headline"":"""",""iem_damagetag"":"""",""iem_emergency"":""False"",""iem_event_id"":""184"",""iem_forecaster"":""Uttech"",""iem_gtype"":""P"",""iem_hailtag"":""1.0"",""iem_phenomena"":""SV"",""iem_raw_properties"":{""AREA_KM2"":""2129.1408495807445"",""DAMAGTAG"":null,""EMERGENC"":""False"",""ETN"":""184"",""EXPIRED"":""202606131845"",""FCSTER"":""Uttech"",""GTYPE"":""P"",""HAILTAG"":""1.0"",""HV_CAUSE"":null,""HV_NWSLI"":null,""HV_REC"":null,""HV_SEV"":null,""INIT_EXP"":""202606131845"",""INIT_ISS"":""202606131759"",""ISSUED"":""202606131759"",""NWS_UGC"":null,""PHENOM"":""SV"",""POLY_BEG"":""202606131759"",""POLY_END"":""202606131811"",""PROD_ID"":""202606131759-KDVN-WUUS53-SVRDVN"",""SIG"":""W"",""STATUS"":""NEW"",""TORNTAG"":null,""UPDATED"":""202606131759"",""VTEC_YR"":""2026"",""WFO"":""DVN"",""WINDTAG"":""60.0""},""iem_significance"":""W"",""iem_tornadotag"":"""",""iem_ugc"":"""",""iem_wfo"":""DVN"",""iem_windtag"":""60.0"",""senderName"":""DVN"",""status"":""NEW""}","{""geometry"":{""coordinates"":[[[-91.51,41.69],[-91.66,41.28],[-92.23,41.34],[-92.11,41.7],[-91.51,41.69]]],""type"":""Polygon""},""properties"":{""_map_py"":{""effective"":""2026-06-13T17:59:00Z"",""event"":""Severe Thunderstorm Warning"",""expires"":""2026-06-13T18:45:00Z"",""has_polygon"":true,""headline"":"""",""sender"":""DVN""},""effective"":""2026-06-13T17:59:00Z"",""event"":""Severe Thunderstorm Warning"",""expires"":""2026-06-13T18:45:00Z"",""headline"":"""",""iem_damagetag"":"""",""iem_emergency"":""False"",""iem_event_id"":""184"",""iem_forecaster"":""Uttech"",""iem_gtype"":""P"",""iem_hailtag"":""1.0"",""iem_phenomena"":""SV"",""iem_raw_properties"":{""AREA_KM2"":""2129.1408495807445"",""DAMAGTAG"":null,""EMERGENC"":""False"",""ETN"":""184"",""EXPIRED"":""202606131845"",""FCSTER"":""Uttech"",""GTYPE"":""P"",""HAILTAG"":""1.0"",""HV_CAUSE"":null,""HV_NWSLI"":null,""HV_REC"":null,""HV_SEV"":null,""INIT_EXP"":""202606131845"",""INIT_ISS"":""202606131759"",""ISSUED"":""202606131759"",""NWS_UGC"":null,""PHENOM"":""SV"",""POLY_BEG"":""202606131759"",""POLY_END"":""202606131811"",""PROD_ID"":""202606131759-KDVN-WUUS53-SVRDVN"",""SIG"":""W"",""STATUS"":""NEW"",""TORNTAG"":null,""UPDATED"":""202606131759"",""VTEC_YR"":""2026"",""WFO"":""DVN"",""WINDTAG"":""60.0""},""iem_significance"":""W"",""iem_tornadotag"":"""",""iem_ugc"":"""",""iem_wfo"":""DVN"",""iem_windtag"":""60.0"",""senderName"":""DVN"",""status"":""NEW""},""type"":""Feature""}",2026-04-27T17:31:58Z,2026-07-09T05:15:02Z,2026-07-09T18:49:04Z
5770,iem_watchwarn,iem_watchwarn|PAH|166|SV|W|2026-06-13T18:04:00Z|2026-06-13T19:00:00Z|,Severe Thunderstorm Warning,,2026-06-13T18:04:00Z,2026-06-13T19:00:00Z,PAH,NEW,1,"{""coordinates"":[[[-91.12,36.82],[-91.01,36.82],[-90.94,36.81],[-90.72,36.81],[-90.85,36.5],[-91.12,36.5],[-91.12,36.82]]],""type"":""Polygon""}","{""_map_py"":{""effective"":""2026-06-13T18:04:00Z"",""event"":""Severe Thunderstorm Warning"",""expires"":""2026-06-13T19:00:00Z"",""has_polygon"":true,""headline"":"""",""sender"":""PAH""},""effective"":""2026-06-13T18:04:00Z"",""event"":""Severe Thunderstorm Warning"",""expires"":""2026-06-13T19:00:00Z"",""headline"":"""",""iem_damagetag"":"""",""iem_emergency"":""False"",""iem_event_id"":""166"",""iem_forecaster"":""RST"",""iem_gtype"":""P"",""iem_hailtag"":""0.75"",""iem_phenomena"":""SV"",""iem_raw_properties"":{""AREA_KM2"":""1043.9452446294486"",""DAMAGTAG"":null,""EMERGENC"":""False"",""ETN"":""166"",""EXPIRED"":""202606131900"",""FCSTER"":""RST"",""GTYPE"":""P"",""HAILTAG"":""0.75"",""HV_CAUSE"":null,""HV_NWSLI"":null,""HV_REC"":null,""HV_SEV"":null,""INIT_EXP"":""202606131900"",""INIT_ISS"":""202606131804"",""ISSUED"":""202606131804"",""NWS_UGC"":null,""PHENOM"":""SV"",""POLY_BEG"":""202606131804"",""POLY_END"":""202606131839"",""PROD_ID"":""202606131804-KPAH-WUUS53-SVRPAH"",""SIG"":""W"",""STATUS"":""NEW"",""TORNTAG"":""POSSIBLE"",""UPDATED"":""202606131804"",""VTEC_YR"":""2026"",""WFO"":""PAH"",""WINDTAG"":""60.0""},""iem_significance"":""W"",""iem_tornadotag"":""POSSIBLE"",""iem_ugc"":"""",""iem_wfo"":""PAH"",""iem_windtag"":""60.0"",""senderName"":""PAH"",""status"":""NEW""}","{""geometry"":{""coordinates"":[[[-91.12,36.82],[-91.01,36.82],[-90.94,36.81],[-90.72,36.81],[-90.85,36.5],[-91.12,36.5],[-91.12,36.82]]],""type"":""Polygon""},""properties"":{""_map_py"":{""effective"":""2026-06-13T18:04:00Z"",""event"":""Severe Thunderstorm Warning"",""expires"":""2026-06-13T19:00:00Z"",""has_polygon"":true,""headline"":"""",""sender"":""PAH""},""effective"":""2026-06-13T18:04:00Z"",""event"":""Severe Thunderstorm Warning"",""expires"":""2026-06-13T19:00:00Z"",""headline"":"""",""iem_damagetag"":"""",""iem_emergency"":""False"",""iem_event_id"":""166"",""iem_forecaster"":""RST"",""iem_gtype"":""P"",""iem_hailtag"":""0.75"",""iem_phenomena"":""SV"",""iem_raw_properties"":{""AREA_KM2"":""1043.9452446294486"",""DAMAGTAG"":null,""EMERGENC"":""False"",""ETN"":""166"",""EXPIRED"":""202606131900"",""FCSTER"":""RST"",""GTYPE"":""P"",""HAILTAG"":""0.75"",""HV_CAUSE"":null,""HV_NWSLI"":null,""HV_REC"":null,""HV_SEV"":null,""INIT_EXP"":""202606131900"",""INIT_ISS"":""202606131804"",""ISSUED"":""202606131804"",""NWS_UGC"":null,""PHENOM"":""SV"",""POLY_BEG"":""202606131804"",""POLY_END"":""202606131839"",""PROD_ID"":""202606131804-KPAH-WUUS53-SVRPAH"",""SIG"":""W"",""STATUS"":""NEW"",""TORNTAG"":""POSSIBLE"",""UPDATED"":""202606131804"",""VTEC_YR"":""2026"",""WFO"":""PAH"",""WINDTAG"":""60.0""},""iem_significance"":""W"",""iem_tornadotag"":""POSSIBLE"",""iem_ugc"":"""",""iem_wfo"":""PAH"",""iem_windtag"":""60.0"",""senderName"":""PAH"",""status"":""NEW""},""type"":""Feature""}",2026-04-27T17:31:58Z,2026-07-09T05:15:02Z,2026-07-09T18:49:04Z
4179,iem_watchwarn,iem_watchwarn|LZK|200|SV|W|2026-06-13T18:06:00Z|2026-06-13T18:45:00Z|,Severe Thunderstorm Warning,,2026-06-13T18:06:00Z,2026-06-13T18:45:00Z,LZK,NEW,1,"{""coordinates"":[[[-91.53,36.21],[-92.25,36.15],[-92.44,36.41],[-92.21,36.5],[-91.67,36.5],[-91.53,36.21]]],""type"":""Polygon""}","{""_map_py"":{""effective"":""2026-06-13T18:06:00Z"",""event"":""Severe Thunderstorm Warning"",""expires"":""2026-06-13T18:45:00Z"",""has_polygon"":true,""headline"":"""",""sender"":""LZK""},""effective"":""2026-06-13T18:06:00Z"",""event"":""Severe Thunderstorm Warning"",""expires"":""2026-06-13T18:45:00Z"",""headline"":"""",""iem_damagetag"":"""",""iem_emergency"":""False"",""iem_event_id"":""200"",""iem_forecaster"":""62"",""iem_gtype"":""P"",""iem_hailtag"":""1.0"",""iem_phenomena"":""SV"",""iem_raw_properties"":{""AREA_KM2"":""2404.115514026649"",""DAMAGTAG"":null,""EMERGENC"":""False"",""ETN"":""200"",""EXPIRED"":""202606131845"",""FCSTER"":""62"",""GTYPE"":""P"",""HAILTAG"":""1.0"",""HV_CAUSE"":null,""HV_NWSLI"":null,""HV_REC"":null,""HV_SEV"":null,""INIT_EXP"":""202606131845"",""INIT_ISS"":""202606131806"",""ISSUED"":""202606131806"",""NWS_UGC"":null,""PHENOM"":""SV"",""POLY_BEG"":""202606131806"",""POLY_END"":""202606131835"",""PROD_ID"":""202606131806-KLZK-WUUS54-SVRLZK"",""SIG"":""W"",""STATUS"":""NEW"",""TORNTAG"":null,""UPDATED"":""202606131806"",""VTEC_YR"":""2026"",""WFO"":""LZK"",""WINDTAG"":""60.0""},""iem_significance"":""W"",""iem_tornadotag"":"""",""iem_ugc"":"""",""iem_wfo"":""LZK"",""iem_windtag"":""60.0"",""senderName"":""LZK"",""status"":""NEW""}","{""geometry"":{""coordinates"":[[[-91.53,36.21],[-92.25,36.15],[-92.44,36.41],[-92.21,36.5],[-91.67,36.5],[-91.53,36.21]]],""type"":""Polygon""},""properties"":{""_map_py"":{""effective"":""2026-06-13T18:06:00Z"",""event"":""Severe Thunderstorm Warning"",""expires"":""2026-06-13T18:45:00Z"",""has_polygon"":true,""headline"":"""",""sender"":""LZK""},""effective"":""2026-06-13T18:06:00Z"",""event"":""Severe Thunderstorm Warning"",""expires"":""2026-06-13T18:45:00Z"",""headline"":"""",""iem_damagetag"":"""",""iem_emergency"":""False"",""iem_event_id"":""200"",""iem_forecaster"":""62"",""iem_gtype"":""P"",""iem_hailtag"":""1.0"",""iem_phenomena"":""SV"",""iem_raw_properties"":{""AREA_KM2"":""2404.115514026649"",""DAMAGTAG"":null,""EMERGENC"":""False"",""ETN"":""200"",""EXPIRED"":""202606131845"",""FCSTER"":""62"",""GTYPE"":""P"",""HAILTAG"":""1.0"",""HV_CAUSE"":null,""HV_NWSLI"":null,""HV_REC"":null,""HV_SEV"":null,""INIT_EXP"":""202606131845"",""INIT_ISS"":""202606131806"",""ISSUED"":""202606131806"",""NWS_UGC"":null,""PHENOM"":""SV"",""POLY_BEG"":""202606131806"",""POLY_END"":""202606131835"",""PROD_ID"":""202606131806-KLZK-WUUS54-SVRLZK"",""SIG"":""W"",""STATUS"":""NEW"",""TORNTAG"":null,""UPDATED"":""202606131806"",""VTEC_YR"":""2026"",""WFO"":""LZK"",""WINDTAG"":""60.0""},""iem_significance"":""W"",""iem_tornadotag"":"""",""iem_ugc"":"""",""iem_wfo"":""LZK"",""iem_windtag"":""60.0"",""senderName"":""LZK"",""status"":""NEW""},""type"":""Feature""}",2026-04-27T17:31:58Z,2026-07-09T05:15:02Z,2026-07-09T18:49:04Z
4672,iem_watchwarn,iem_watchwarn|SGF|265|SV|W|2026-06-13T18:13:00Z|2026-06-13T18:45:00Z|,Severe Thunderstorm Warning,,2026-06-13T18:13:00Z,2026-06-13T18:45:00Z,SGF,NEW,1,"{""coordinates"":[[[-91.15,36.83],[-91.11,36.82],[-91.13,36.5],[-91.34,36.49],[-91.35,36.5],[-91.15,36.83]]],""type"":""Polygon""}","{""_map_py"":{""effective"":""2026-06-13T18:13:00Z"",""event"":""Severe Thunderstorm Warning"",""expires"":""2026-06-13T18:45:00Z"",""has_polygon"":true,""headline"":"""",""sender"":""SGF""},""effective"":""2026-06-13T18:13:00Z"",""event"":""Severe Thunderstorm Warning"",""expires"":""2026-06-13T18:45:00Z"",""headline"":"""",""iem_damagetag"":"""",""iem_emergency"":""False"",""iem_event_id"":""265"",""iem_forecaster"":""Camden"",""iem_gtype"":""P"",""iem_hailtag"":""0.75"",""iem_phenomena"":""SV"",""iem_raw_properties"":{""AREA_KM2"":""436.089853738991"",""DAMAGTAG"":null,""EMERGENC"":""False"",""ETN"":""265"",""EXPIRED"":""202606131845"",""FCSTER"":""Camden"",""GTYPE"":""P"",""HAILTAG"":""0.75"",""HV_CAUSE"":null,""HV_NWSLI"":null,""HV_REC"":null,""HV_SEV"":null,""INIT_EXP"":""202606131845"",""INIT_ISS"":""202606131813"",""ISSUED"":""202606131813"",""NWS_UGC"":null,""PHENOM"":""SV"",""POLY_BEG"":""202606131813"",""POLY_END"":""202606131842"",""PROD_ID"":""202606131813-KSGF-WUUS53-SVRSGF"",""SIG"":""W"",""STATUS"":""NEW"",""TORNTAG"":""POSSIBLE"",""UPDATED"":""202606131813"",""VTEC_YR"":""2026"",""WFO"":""SGF"",""WINDTAG"":""60.0""},""iem_significance"":""W"",""iem_tornadotag"":""POSSIBLE"",""iem_ugc"":"""",""iem_wfo"":""SGF"",""iem_windtag"":""60.0"",""senderName"":""SGF"",""status"":""NEW""}","{""geometry"":{""coordinates"":[[[-91.15,36.83],[-91.11,36.82],[-91.13,36.5],[-91.34,36.49],[-91.35,36.5],[-91.15,36.83]]],""type"":""Polygon""},""properties"":{""_map_py"":{""effective"":""2026-06-13T18:13:00Z"",""event"":""Severe Thunderstorm Warning"",""expires"":""2026-06-13T18:45:00Z"",""has_polygon"":true,""headline"":"""",""sender"":""SGF""},""effective"":""2026-06-13T18:13:00Z"",""event"":""Severe Thunderstorm Warning"",""expires"":""2026-06-13T18:45:00Z"",""headline"":"""",""iem_damagetag"":"""",""iem_emergency"":""False"",""iem_event_id"":""265"",""iem_forecaster"":""Camden"",""iem_gtype"":""P"",""iem_hailtag"":""0.75"",""iem_phenomena"":""SV"",""iem_raw_properties"":{""AREA_KM2"":""436.089853738991"",""DAMAGTAG"":null,""EMERGENC"":""False"",""ETN"":""265"",""EXPIRED"":""202606131845"",""FCSTER"":""Camden"",""GTYPE"":""P"",""HAILTAG"":""0.75"",""HV_CAUSE"":null,""HV_NWSLI"":null,""HV_REC"":null,""HV_SEV"":null,""INIT_EXP"":""202606131845"",""INIT_ISS"":""202606131813"",""ISSUED"":""202606131813"",""NWS_UGC"":null,""PHENOM"":""SV"",""POLY_BEG"":""202606131813"",""POLY_END"":""202606131842"",""PROD_ID"":""202606131813-KSGF-WUUS53-SVRSGF"",""SIG"":""W"",""STATUS"":""NEW"",""TORNTAG"":""POSSIBLE"",""UPDATED"":""202606131813"",""VTEC_YR"":""2026"",""WFO"":""SGF"",""WINDTAG"":""60.0""},""iem_significance"":""W"",""iem_tornadotag"":""POSSIBLE"",""iem_ugc"":"""",""iem_wfo"":""SGF"",""iem_windtag"":""60.0"",""senderName"":""SGF"",""status"":""NEW""},""type"":""Feature""}",2026-04-27T17:31:58Z,2026-07-09T05:15:02Z,2026-07-09T18:49:04Z
4614,iem_watchwarn,iem_watchwarn|LZK|32|TO|W|2026-06-13T18:16:00Z|2026-06-13T18:31:00Z|,Tornado Warning,,2026-06-13T18:16:00Z,2026-06-13T18:31:00Z,LZK,NEW,1,"{""coordinates"":[[[-91.74,36.26],[-92.25,36.27],[-92.26,36.4],[-91.87,36.5],[-91.79,36.5],[-91.74,36.26]]],""type"":""Polygon""}","{""_map_py"":{""effective"":""2026-06-13T18:16:00Z"",""event"":""Tornado Warning"",""expires"":""2026-06-13T18:31:00Z"",""has_polygon"":true,""headline"":"""",""sender"":""LZK""},""effective"":""2026-06-13T18:16:00Z"",""event"":""Tornado Warning"",""expires"":""2026-06-13T18:31:00Z"",""headline"":"""",""iem_damagetag"":"""",""iem_emergency"":""False"",""iem_event_id"":""32"",""iem_forecaster"":""62"",""iem_gtype"":""P"",""iem_hailtag"":""1.0"",""iem_phenomena"":""TO"",""iem_raw_properties"":{""AREA_KM2"":""955.3889578351689"",""DAMAGTAG"":null,""EMERGENC"":""False"",""ETN"":""32"",""EXPIRED"":""202606131831"",""FCSTER"":""62"",""GTYPE"":""P"",""HAILTAG"":""1.0"",""HV_CAUSE"":null,""HV_NWSLI"":null,""HV_REC"":null,""HV_SEV"":null,""INIT_EXP"":""202606131845"",""INIT_ISS"":""202606131816"",""ISSUED"":""202606131816"",""NWS_UGC"":null,""PHENOM"":""TO"",""POLY_BEG"":""202606131816"",""POLY_END"":""202606131831"",""PROD_ID"":""202606131816-KLZK-WFUS54-TORLZK"",""SIG"":""W"",""STATUS"":""NEW"",""TORNTAG"":""RADAR INDICATED"",""UPDATED"":""202606131816"",""VTEC_YR"":""2026"",""WFO"":""LZK"",""WINDTAG"":null},""iem_significance"":""W"",""iem_tornadotag"":""RADAR INDICATED"",""iem_ugc"":"""",""iem_wfo"":""LZK"",""iem_windtag"":"""",""senderName"":""LZK"",""status"":""NEW""}","{""geometry"":{""coordinates"":[[[-91.74,36.26],[-92.25,36.27],[-92.26,36.4],[-91.87,36.5],[-91.79,36.5],[-91.74,36.26]]],""type"":""Polygon""},""properties"":{""_map_py"":{""effective"":""2026-06-13T18:16:00Z"",""event"":""Tornado Warning"",""expires"":""2026-06-13T18:31:00Z"",""has_polygon"":true,""headline"":"""",""sender"":""LZK""},""effective"":""2026-06-13T18:16:00Z"",""event"":""Tornado Warning"",""expires"":""2026-06-13T18:31:00Z"",""headline"":"""",""iem_damagetag"":"""",""iem_emergency"":""False"",""iem_event_id"":""32"",""iem_forecaster"":""62"",""iem_gtype"":""P"",""iem_hailtag"":""1.0"",""iem_phenomena"":""TO"",""iem_raw_properties"":{""AREA_KM2"":""955.3889578351689"",""DAMAGTAG"":null,""EMERGENC"":""False"",""ETN"":""32"",""EXPIRED"":""202606131831"",""FCSTER"":""62"",""GTYPE"":""P"",""HAILTAG"":""1.0"",""HV_CAUSE"":null,""HV_NWSLI"":null,""HV_REC"":null,""HV_SEV"":null,""INIT_EXP"":""202606131845"",""INIT_ISS"":""202606131816"",""ISSUED"":""202606131816"",""NWS_UGC"":null,""PHENOM"":""TO"",""POLY_BEG"":""202606131816"",""POLY_END"":""202606131831"",""PROD_ID"":""202606131816-KLZK-WFUS54-TORLZK"",""SIG"":""W"",""STATUS"":""NEW"",""TORNTAG"":""RADAR INDICATED"",""UPDATED"":""202606131816"",""VTEC_YR"":""2026"",""WFO"":""LZK"",""WINDTAG"":null},""iem_significance"":""W"",""iem_tornadotag"":""RADAR INDICATED"",""iem_ugc"":"""",""iem_wfo"":""LZK"",""iem_windtag"":"""",""senderName"":""LZK"",""status"":""NEW""},""type"":""Feature""}",2026-04-27T17:31:58Z,2026-07-09T05:15:02Z,2026-07-09T18:49:04Z
10361,iem_watchwarn,iem_watchwarn|APX|34|SV|W|2026-06-13T18:24:00Z|2026-06-13T18:45:00Z|,Severe Thunderstorm Warning,,2026-06-13T18:24:00Z,2026-06-13T18:45:00Z,APX,NEW,1,"{""coordinates"":[[[-83.2,45.0],[-83.26,44.99],[-83.38,45.02],[-83.36,44.98],[-83.38,44.95],[-83.36,44.94],[-83.32,44.95],[-83.28,44.93],[-83.24,44.83],[-83.31,44.83],[-83.33,44.86],[-83.71,44.86],[-83.73,45.04],[-83.19,45.08],[-83.2,45.0]]],""type"":""Polygon""}","{""_map_py"":{""effective"":""2026-06-13T18:24:00Z"",""event"":""Severe Thunderstorm Warning"",""expires"":""2026-06-13T18:45:00Z"",""has_polygon"":true,""headline"":"""",""sender"":""APX""},""effective"":""2026-06-13T18:24:00Z"",""event"":""Severe Thunderstorm Warning"",""expires"":""2026-06-13T18:45:00Z"",""headline"":"""",""iem_damagetag"":"""",""iem_emergency"":""False"",""iem_event_id"":""34"",""iem_forecaster"":""NSC"",""iem_gtype"":""P"",""iem_hailtag"":""1.0"",""iem_phenomena"":""SV"",""iem_raw_properties"":{""AREA_KM2"":""797.6809259645423"",""DAMAGTAG"":null,""EMERGENC"":""False"",""ETN"":""34"",""EXPIRED"":""202606131845"",""FCSTER"":""NSC"",""GTYPE"":""P"",""HAILTAG"":""1.0"",""HV_CAUSE"":null,""HV_NWSLI"":null,""HV_REC"":null,""HV_SEV"":null,""INIT_EXP"":""202606131845"",""INIT_ISS"":""202606131824"",""ISSUED"":""202606131824"",""NWS_UGC"":null,""PHENOM"":""SV"",""POLY_BEG"":""202606131824"",""POLY_END"":""202606131837"",""PROD_ID"":""202606131824-KAPX-WUUS53-SVRAPX"",""SIG"":""W"",""STATUS"":""NEW"",""TORNTAG"":null,""UPDATED"":""202606131824"",""VTEC_YR"":""2026"",""WFO"":""APX"",""WINDTAG"":""60.0""},""iem_significance"":""W"",""iem_tornadotag"":"""",""iem_ugc"":"""",""iem_wfo"":""APX"",""iem_windtag"":""60.0"",""senderName"":""APX"",""status"":""NEW""}","{""geometry"":{""coordinates"":[[[-83.2,45.0],[-83.26,44.99],[-83.38,45.02],[-83.36,44.98],[-83.38,44.95],[-83.36,44.94],[-83.32,44.95],[-83.28,44.93],[-83.24,44.83],[-83.31,44.83],[-83.33,44.86],[-83.71,44.86],[-83.73,45.04],[-83.19,45.08],[-83.2,45.0]]],""type"":""Polygon""},""properties"":{""_map_py"":{""effective"":""2026-06-13T18:24:00Z"",""event"":""Severe Thunderstorm Warning"",""expires"":""2026-06-13T18:45:00Z"",""has_polygon"":true,""headline"":"""",""sender"":""APX""},""effective"":""2026-06-13T18:24:00Z"",""event"":""Severe Thunderstorm Warning"",""expires"":""2026-06-13T18:45:00Z"",""headline"":"""",""iem_damagetag"":"""",""iem_emergency"":""False"",""iem_event_id"":""34"",""iem_forecaster"":""NSC"",""iem_gtype"":""P"",""iem_hailtag"":""1.0"",""iem_phenomena"":""SV"",""iem_raw_properties"":{""AREA_KM2"":""797.6809259645423"",""DAMAGTAG"":null,""EMERGENC"":""False"",""ETN"":""34"",""EXPIRED"":""202606131845"",""FCSTER"":""NSC"",""GTYPE"":""P"",""HAILTAG"":""1.0"",""HV_CAUSE"":null,""HV_NWSLI"":null,""HV_REC"":null,""HV_SEV"":null,""INIT_EXP"":""202606131845"",""INIT_ISS"":""202606131824"",""ISSUED"":""202606131824"",""NWS_UGC"":null,""PHENOM"":""SV"",""POLY_BEG"":""202606131824"",""POLY_END"":""202606131837"",""PROD_ID"":""202606131824-KAPX-WUUS53-SVRAPX"",""SIG"":""W"",""STATUS"":""NEW"",""TORNTAG"":null,""UPDATED"":""202606131824"",""VTEC_YR"":""2026"",""WFO"":""APX"",""WINDTAG"":""60.0""},""iem_significance"":""W"",""iem_tornadotag"":"""",""iem_ugc"":"""",""iem_wfo"":""APX"",""iem_windtag"":""60.0"",""senderName"":""APX"",""status"":""NEW""},""type"":""Feature""}",2026-04-27T17:31:58Z,2026-07-09T05:15:02Z,2026-07-09T18:49:04Z
1877,iem_watchwarn,iem_watchwarn|LZK|33|TO|W|2026-06-13T18:27:00Z|2026-06-13T19:00:00Z|,Tornado Warning,,2026-06-13T18:27:00Z,2026-06-13T19:00:00Z,LZK,NEW,1,"{""coordinates"":[[[-92.08,36.14],[-92.1,36.26],[-91.74,36.33],[-91.69,36.08],[-92.08,36.14]]],""type"":""Polygon""}","{""_map_py"":{""effective"":""2026-06-13T18:27:00Z"",""event"":""Tornado Warning"",""expires"":""2026-06-13T19:00:00Z"",""has_polygon"":true,""headline"":"""",""sender"":""LZK""},""effective"":""2026-06-13T18:27:00Z"",""event"":""Tornado Warning"",""expires"":""2026-06-13T19:00:00Z"",""headline"":"""",""iem_damagetag"":"""",""iem_emergency"":""False"",""iem_event_id"":""33"",""iem_forecaster"":""62"",""iem_gtype"":""P"",""iem_hailtag"":""1.0"",""iem_phenomena"":""TO"",""iem_raw_properties"":{""AREA_KM2"":""693.8723393022048"",""DAMAGTAG"":null,""EMERGENC"":""False"",""ETN"":""33"",""EXPIRED"":""202606131900"",""FCSTER"":""62"",""GTYPE"":""P"",""HAILTAG"":""1.0"",""HV_CAUSE"":null,""HV_NWSLI"":null,""HV_REC"":null,""HV_SEV"":null,""INIT_EXP"":""202606131900"",""INIT_ISS"":""202606131827"",""ISSUED"":""202606131827"",""NWS_UGC"":null,""PHENOM"":""TO"",""POLY_BEG"":""202606131827"",""POLY_END"":""202606131834"",""PROD_ID"":""202606131827-KLZK-WFUS54-TORLZK"",""SIG"":""W"",""STATUS"":""NEW"",""TORNTAG"":""RADAR INDICATED"",""UPDATED"":""202606131827"",""VTEC_YR"":""2026"",""WFO"":""LZK"",""WINDTAG"":null},""iem_significance"":""W"",""iem_tornadotag"":""RADAR INDICATED"",""iem_ugc"":"""",""iem_wfo"":""LZK"",""iem_windtag"":"""",""senderName"":""LZK"",""status"":""NEW""}","{""geometry"":{""coordinates"":[[[-92.08,36.14],[-92.1,36.26],[-91.74,36.33],[-91.69,36.08],[-92.08,36.14]]],""type"":""Polygon""},""properties"":{""_map_py"":{""effective"":""2026-06-13T18:27:00Z"",""event"":""Tornado Warning"",""expires"":""2026-06-13T19:00:00Z"",""has_polygon"":true,""headline"":"""",""sender"":""LZK""},""effective"":""2026-06-13T18:27:00Z"",""event"":""Tornado Warning"",""expires"":""2026-06-13T19:00:00Z"",""headline"":"""",""iem_damagetag"":"""",""iem_emergency"":""False"",""iem_event_id"":""33"",""iem_forecaster"":""62"",""iem_gtype"":""P"",""iem_hailtag"":""1.0"",""iem_phenomena"":""TO"",""iem_raw_properties"":{""AREA_KM2"":""693.8723393022048"",""DAMAGTAG"":null,""EMERGENC"":""False"",""ETN"":""33"",""EXPIRED"":""202606131900"",""FCSTER"":""62"",""GTYPE"":""P"",""HAILTAG"":""1.0"",""HV_CAUSE"":null,""HV_NWSLI"":null,""HV_REC"":null,""HV_SEV"":null,""INIT_EXP"":""202606131900"",""INIT_ISS"":""202606131827"",""ISSUED"":""202606131827"",""NWS_UGC"":null,""PHENOM"":""TO"",""POLY_BEG"":""202606131827"",""POLY_END"":""202606131834"",""PROD_ID"":""202606131827-KLZK-WFUS54-TORLZK"",""SIG"":""W"",""STATUS"":""NEW"",""TORNTAG"":""RADAR INDICATED"",""UPDATED"":""202606131827"",""VTEC_YR"":""2026"",""WFO"":""LZK"",""WINDTAG"":null},""iem_significance"":""W"",""iem_tornadotag"":""RADAR INDICATED"",""iem_ugc"":"""",""iem_wfo"":""LZK"",""iem_windtag"":"""",""senderName"":""LZK"",""status"":""NEW""},""type"":""Feature""}",2026-04-27T17:31:58Z,2026-07-09T05:15:02Z,2026-07-09T18:49:04Z
10135,iem_watchwarn,iem_watchwarn|LZK|201|SV|W|2026-06-13T18:32:00Z|2026-06-13T19:30:00Z|,Severe Thunderstorm Warning,,2026-06-13T18:32:00Z,2026-06-13T19:30:00Z,LZK,NEW,1,"{""coordinates"":[[[-90.77,36.48],[-90.78,36.43],[-90.76,36.43],[-90.77,36.42],[-90.75,36.41],[-90.75,36.28],[-90.78,36.28],[-90.79,36.29],[-90.81,36.29],[-90.81,36.16],[-91.34,36.49],[-91.31,36.5],[-90.78,36.5],[-90.77,36.48]]],""type"":""Polygon""}","{""_map_py"":{""effective"":""2026-06-13T18:32:00Z"",""event"":""Severe Thunderstorm Warning"",""expires"":""2026-06-13T19:30:00Z"",""has_polygon"":true,""headline"":"""",""sender"":""LZK""},""effective"":""2026-06-13T18:32:00Z"",""event"":""Severe Thunderstorm Warning"",""expires"":""2026-06-13T19:30:00Z"",""headline"":"""",""iem_damagetag"":"""",""iem_emergency"":""False"",""iem_event_id"":""201"",""iem_forecaster"":""62"",""iem_gtype"":""P"",""iem_hailtag"":""1.0"",""iem_phenomena"":""SV"",""iem_raw_properties"":{""AREA_KM2"":""1029.5047279089574"",""DAMAGTAG"":null,""EMERGENC"":""False"",""ETN"":""201"",""EXPIRED"":""202606131930"",""FCSTER"":""62"",""GTYPE"":""P"",""HAILTAG"":""1.0"",""HV_CAUSE"":null,""HV_NWSLI"":null,""HV_REC"":null,""HV_SEV"":null,""INIT_EXP"":""202606131930"",""INIT_ISS"":""202606131832"",""ISSUED"":""202606131832"",""NWS_UGC"":null,""PHENOM"":""SV"",""POLY_BEG"":""202606131832"",""POLY_END"":""202606131839"",""PROD_ID"":""202606131832-KLZK-WUUS54-SVRLZK"",""SIG"":""W"",""STATUS"":""NEW"",""TORNTAG"":null,""UPDATED"":""202606131832"",""VTEC_YR"":""2026"",""WFO"":""LZK"",""WINDTAG"":""60.0""},""iem_significance"":""W"",""iem_tornadotag"":"""",""iem_ugc"":"""",""iem_wfo"":""LZK"",""iem_windtag"":""60.0"",""senderName"":""LZK"",""status"":""NEW""}","{""geometry"":{""coordinates"":[[[-90.77,36.48],[-90.78,36.43],[-90.76,36.43],[-90.77,36.42],[-90.75,36.41],[-90.75,36.28],[-90.78,36.28],[-90.79,36.29],[-90.81,36.29],[-90.81,36.16],[-91.34,36.49],[-91.31,36.5],[-90.78,36.5],[-90.77,36.48]]],""type"":""Polygon""},""properties"":{""_map_py"":{""effective"":""2026-06-13T18:32:00Z"",""event"":""Severe Thunderstorm Warning"",""expires"":""2026-06-13T19:30:00Z"",""has_polygon"":true,""headline"":"""",""sender"":""LZK""},""effective"":""2026-06-13T18:32:00Z"",""event"":""Severe Thunderstorm Warning"",""expires"":""2026-06-13T19:30:00Z"",""headline"":"""",""iem_damagetag"":"""",""iem_emergency"":""False"",""iem_event_id"":""201"",""iem_forecaster"":""62"",""iem_gtype"":""P"",""iem_hailtag"":""1.0"",""iem_phenomena"":""SV"",""iem_raw_properties"":{""AREA_KM2"":""1029.5047279089574"",""DAMAGTAG"":null,""EMERGENC"":""False"",""ETN"":""201"",""EXPIRED"":""202606131930"",""FCSTER"":""62"",""GTYPE"":""P"",""HAILTAG"":""1.0"",""HV_CAUSE"":null,""HV_NWSLI"":null,""HV_REC"":null,""HV_SEV"":null,""INIT_EXP"":""202606131930"",""INIT_ISS"":""202606131832"",""ISSUED"":""202606131832"",""NWS_UGC"":null,""PHENOM"":""SV"",""POLY_BEG"":""202606131832"",""POLY_END"":""202606131839"",""PROD_ID"":""202606131832-KLZK-WUUS54-SVRLZK"",""SIG"":""W"",""STATUS"":""NEW"",""TORNTAG"":null,""UPDATED"":""202606131832"",""VTEC_YR"":""2026"",""WFO"":""LZK"",""WINDTAG"":""60.0""},""iem_significance"":""W"",""iem_tornadotag"":"""",""iem_ugc"":"""",""iem_wfo"":""LZK"",""iem_windtag"":""60.0"",""senderName"":""LZK"",""status"":""NEW""},""type"":""Feature""}",2026-04-27T17:31:58Z,2026-07-09T05:15:02Z,2026-07-09T18:49:04Z
3717,iem_watchwarn,iem_watchwarn|JAX|65|SV|W|2026-06-13T18:49:00Z|2026-06-13T19:30:00Z|,Severe Thunderstorm Warning,,2026-06-13T18:49:00Z,2026-06-13T19:30:00Z,JAX,NEW,1,"{""coordinates"":[[[-81.48,29.81],[-81.39,29.87],[-81.3,29.89],[-81.17,29.63],[-81.4,29.59],[-81.48,29.81]]],""type"":""Polygon""}","{""_map_py"":{""effective"":""2026-06-13T18:49:00Z"",""event"":""Severe Thunderstorm Warning"",""expires"":""2026-06-13T19:30:00Z"",""has_polygon"":true,""headline"":"""",""sender"":""JAX""},""effective"":""2026-06-13T18:49:00Z"",""event"":""Severe Thunderstorm Warning"",""expires"":""2026-06-13T19:30:00Z"",""headline"":"""",""iem_damagetag"":"""",""iem_emergency"":""False"",""iem_event_id"":""65"",""iem_forecaster"":""SHASHY"",""iem_gtype"":""P"",""iem_hailtag"":""0.75"",""iem_phenomena"":""SV"",""iem_raw_properties"":{""AREA_KM2"":""615.1949514964001"",""DAMAGTAG"":null,""EMERGENC"":""False"",""ETN"":""65"",""EXPIRED"":""202606131930"",""FCSTER"":""SHASHY"",""GTYPE"":""P"",""HAILTAG"":""0.75"",""HV_CAUSE"":null,""HV_NWSLI"":null,""HV_REC"":null,""HV_SEV"":null,""INIT_EXP"":""202606131930"",""INIT_ISS"":""202606131849"",""ISSUED"":""202606131849"",""NWS_UGC"":null,""PHENOM"":""SV"",""POLY_BEG"":""202606131849"",""POLY_END"":""202606131905"",""PROD_ID"":""202606131849-KJAX-WUUS52-SVRJAX"",""SIG"":""W"",""STATUS"":""NEW"",""TORNTAG"":null,""UPDATED"":""202606131849"",""VTEC_YR"":""2026"",""WFO"":""JAX"",""WINDTAG"":""60.0""},""iem_significance"":""W"",""iem_tornadotag"":"""",""iem_ugc"":"""",""iem_wfo"":""JAX"",""iem_windtag"":""60.0"",""senderName"":""JAX"",""status"":""NEW""}","{""geometry"":{""coordinates"":[[[-81.48,29.81],[-81.39,29.87],[-81.3,29.89],[-81.17,29.63],[-81.4,29.59],[-81.48,29.81]]],""type"":""Polygon""},""properties"":{""_map_py"":{""effective"":""2026-06-13T18:49:00Z"",""event"":""Severe Thunderstorm Warning"",""expires"":""2026-06-13T19:30:00Z"",""has_polygon"":true,""headline"":"""",""sender"":""JAX""},""effective"":""2026-06-13T18:49:00Z"",""event"":""Severe Thunderstorm Warning"",""expires"":""2026-06-13T19:30:00Z"",""headline"":"""",""iem_damagetag"":"""",""iem_emergency"":""False"",""iem_event_id"":""65"",""iem_forecaster"":""SHASHY"",""iem_gtype"":""P"",""iem_hailtag"":""0.75"",""iem_phenomena"":""SV"",""iem_raw_properties"":{""AREA_KM2"":""615.1949514964001"",""DAMAGTAG"":null,""EMERGENC"":""False"",""ETN"":""65"",""EXPIRED"":""202606131930"",""FCSTER"":""SHASHY"",""GTYPE"":""P"",""HAILTAG"":""0.75"",""HV_CAUSE"":null,""HV_NWSLI"":null,""HV_REC"":null,""HV_SEV"":null,""INIT_EXP"":""202606131930"",""INIT_ISS"":""202606131849"",""ISSUED"":""202606131849"",""NWS_UGC"":null,""PHENOM"":""SV"",""POLY_BEG"":""202606131849"",""POLY_END"":""202606131905"",""PROD_ID"":""202606131849-KJAX-WUUS52-SVRJAX"",""SIG"":""W"",""STATUS"":""NEW"",""TORNTAG"":null,""UPDATED"":""202606131849"",""VTEC_YR"":""2026"",""WFO"":""JAX"",""WINDTAG"":""60.0""},""iem_significance"":""W"",""iem_tornadotag"":"""",""iem_ugc"":"""",""iem_wfo"":""JAX"",""iem_windtag"":""60.0"",""senderName"":""JAX"",""status"":""NEW""},""type"":""Feature""}",2026-04-27T17:31:58Z,2026-07-09T05:15:02Z,2026-07-09T18:49:04Z
8916,iem_watchwarn,iem_watchwarn|TAE|115|SV|W|2026-06-13T18:53:00Z|2026-06-13T19:07:00Z|,Severe Thunderstorm Warning,,2026-06-13T18:53:00Z,2026-06-13T19:07:00Z,TAE,NEW,1,"{""coordinates"":[[[-83.23,29.83],[-83.24,29.82],[-83.43,30.02],[-83.23,30.14],[-83.23,30.11],[-83.21,30.1],[-83.2,30.11],[-83.18,30.1],[-83.17,30.1],[-83.08,29.91],[-83.23,29.83]]],""type"":""Polygon""}","{""_map_py"":{""effective"":""2026-06-13T18:53:00Z"",""event"":""Severe Thunderstorm Warning"",""expires"":""2026-06-13T19:07:00Z"",""has_polygon"":true,""headline"":"""",""sender"":""TAE""},""effective"":""2026-06-13T18:53:00Z"",""event"":""Severe Thunderstorm Warning"",""expires"":""2026-06-13T19:07:00Z"",""headline"":"""",""iem_damagetag"":"""",""iem_emergency"":""False"",""iem_event_id"":""115"",""iem_forecaster"":""82-RH"",""iem_gtype"":""P"",""iem_hailtag"":""0.75"",""iem_phenomena"":""SV"",""iem_raw_properties"":{""AREA_KM2"":""633.4528683922613"",""DAMAGTAG"":null,""EMERGENC"":""False"",""ETN"":""115"",""EXPIRED"":""202606131907"",""FCSTER"":""82-RH"",""GTYPE"":""P"",""HAILTAG"":""0.75"",""HV_CAUSE"":null,""HV_NWSLI"":null,""HV_REC"":null,""HV_SEV"":null,""INIT_EXP"":""202606131945"",""INIT_ISS"":""202606131853"",""ISSUED"":""202606131853"",""NWS_UGC"":null,""PHENOM"":""SV"",""POLY_BEG"":""202606131853"",""POLY_END"":""202606131907"",""PROD_ID"":""202606131853-KTAE-WUUS52-SVRTAE"",""SIG"":""W"",""STATUS"":""NEW"",""TORNTAG"":null,""UPDATED"":""202606131853"",""VTEC_YR"":""2026"",""WFO"":""TAE"",""WINDTAG"":""60.0""},""iem_significance"":""W"",""iem_tornadotag"":"""",""iem_ugc"":"""",""iem_wfo"":""TAE"",""iem_windtag"":""60.0"",""senderName"":""TAE"",""status"":""NEW""}","{""geometry"":{""coordinates"":[[[-83.23,29.83],[-83.24,29.82],[-83.43,30.02],[-83.23,30.14],[-83.23,30.11],[-83.21,30.1],[-83.2,30.11],[-83.18,30.1],[-83.17,30.1],[-83.08,29.91],[-83.23,29.83]]],""type"":""Polygon""},""properties"":{""_map_py"":{""effective"":""2026-06-13T18:53:00Z"",""event"":""Severe Thunderstorm Warning"",""expires"":""2026-06-13T19:07:00Z"",""has_polygon"":true,""headline"":"""",""sender"":""TAE""},""effective"":""2026-06-13T18:53:00Z"",""event"":""Severe Thunderstorm Warning"",""expires"":""2026-06-13T19:07:00Z"",""headline"":"""",""iem_damagetag"":"""",""iem_emergency"":""False"",""iem_event_id"":""115"",""iem_forecaster"":""82-RH"",""iem_gtype"":""P"",""iem_hailtag"":""0.75"",""iem_phenomena"":""SV"",""iem_raw_properties"":{""AREA_KM2"":""633.4528683922613"",""DAMAGTAG"":null,""EMERGENC"":""False"",""ETN"":""115"",""EXPIRED"":""202606131907"",""FCSTER"":""82-RH"",""GTYPE"":""P"",""HAILTAG"":""0.75"",""HV_CAUSE"":null,""HV_NWSLI"":null,""HV_REC"":null,""HV_SEV"":null,""INIT_EXP"":""202606131945"",""INIT_ISS"":""202606131853"",""ISSUED"":""202606131853"",""NWS_UGC"":null,""PHENOM"":""SV"",""POLY_BEG"":""202606131853"",""POLY_END"":""202606131907"",""PROD_ID"":""202606131853-KTAE-WUUS52-SVRTAE"",""SIG"":""W"",""STATUS"":""NEW"",""TORNTAG"":null,""UPDATED"":""202606131853"",""VTEC_YR"":""2026"",""WFO"":""TAE"",""WINDTAG"":""60.0""},""iem_significance"":""W"",""iem_tornadotag"":"""",""iem_ugc"":"""",""iem_wfo"":""TAE"",""iem_windtag"":""60.0"",""senderName"":""TAE"",""status"":""NEW""},""type"":""Feature""}",2026-04-27T17:31:58Z,2026-07-09T05:15:02Z,2026-07-09T18:49:04Z
10251,iem_watchwarn,iem_watchwarn|MFL|35|SV|W|2026-06-13T18:57:00Z|2026-06-13T19:30:00Z|,Severe Thunderstorm Warning,,2026-06-13T18:57:00Z,2026-06-13T19:30:00Z,MFL,NEW,1,"{""coordinates"":[[[-80.94,27.2],[-80.91,27.19],[-80.91,27.18],[-80.9,27.17],[-80.88,27.17],[-80.87,27.14],[-80.84,27.19],[-80.82,27.2],[-80.83,27.09],[-80.85,27.06],[-80.87,27.0],[-81.13,27.05],[-81.05,27.21],[-80.94,27.21],[-80.94,27.2]]],""type"":""Polygon""}","{""_map_py"":{""effective"":""2026-06-13T18:57:00Z"",""event"":""Severe Thunderstorm Warning"",""expires"":""2026-06-13T19:30:00Z"",""has_polygon"":true,""headline"":"""",""sender"":""MFL""},""effective"":""2026-06-13T18:57:00Z"",""event"":""Severe Thunderstorm Warning"",""expires"":""2026-06-13T19:30:00Z"",""headline"":"""",""iem_damagetag"":"""",""iem_emergency"":""False"",""iem_event_id"":""35"",""iem_forecaster"":""Bunker"",""iem_gtype"":""P"",""iem_hailtag"":""0.88"",""iem_phenomena"":""SV"",""iem_raw_properties"":{""AREA_KM2"":""493.5221904385382"",""DAMAGTAG"":null,""EMERGENC"":""False"",""ETN"":""35"",""EXPIRED"":""202606131930"",""FCSTER"":""Bunker"",""GTYPE"":""P"",""HAILTAG"":""0.88"",""HV_CAUSE"":null,""HV_NWSLI"":null,""HV_REC"":null,""HV_SEV"":null,""INIT_EXP"":""202606131930"",""INIT_ISS"":""202606131857"",""ISSUED"":""202606131857"",""NWS_UGC"":null,""PHENOM"":""SV"",""POLY_BEG"":""202606131857"",""POLY_END"":""202606131930"",""PROD_ID"":""202606131857-KMFL-WUUS52-SVRMFL"",""SIG"":""W"",""STATUS"":""NEW"",""TORNTAG"":null,""UPDATED"":""202606131857"",""VTEC_YR"":""2026"",""WFO"":""MFL"",""WINDTAG"":""60.0""},""iem_significance"":""W"",""iem_tornadotag"":"""",""iem_ugc"":"""",""iem_wfo"":""MFL"",""iem_windtag"":""60.0"",""senderName"":""MFL"",""status"":""NEW""}","{""geometry"":{""coordinates"":[[[-80.94,27.2],[-80.91,27.19],[-80.91,27.18],[-80.9,27.17],[-80.88,27.17],[-80.87,27.14],[-80.84,27.19],[-80.82,27.2],[-80.83,27.09],[-80.85,27.06],[-80.87,27.0],[-81.13,27.05],[-81.05,27.21],[-80.94,27.21],[-80.94,27.2]]],""type"":""Polygon""},""properties"":{""_map_py"":{""effective"":""2026-06-13T18:57:00Z"",""event"":""Severe Thunderstorm Warning"",""expires"":""2026-06-13T19:30:00Z"",""has_polygon"":true,""headline"":"""",""sender"":""MFL""},""effective"":""2026-06-13T18:57:00Z"",""event"":""Severe Thunderstorm Warning"",""expires"":""2026-06-13T19:30:00Z"",""headline"":"""",""iem_damagetag"":"""",""iem_emergency"":""False"",""iem_event_id"":""35"",""iem_forecaster"":""Bunker"",""iem_gtype"":""P"",""iem_hailtag"":""0.88"",""iem_phenomena"":""SV"",""iem_raw_properties"":{""AREA_KM2"":""493.5221904385382"",""DAMAGTAG"":null,""EMERGENC"":""False"",""ETN"":""35"",""EXPIRED"":""202606131930"",""FCSTER"":""Bunker"",""GTYPE"":""P"",""HAILTAG"":""0.88"",""HV_CAUSE"":null,""HV_NWSLI"":null,""HV_REC"":null,""HV_SEV"":null,""INIT_EXP"":""202606131930"",""INIT_ISS"":""202606131857"",""ISSUED"":""202606131857"",""NWS_UGC"":null,""PHENOM"":""SV"",""POLY_BEG"":""202606131857"",""POLY_END"":""202606131930"",""PROD_ID"":""202606131857-KMFL-WUUS52-SVRMFL"",""SIG"":""W"",""STATUS"":""NEW"",""TORNTAG"":null,""UPDATED"":""202606131857"",""VTEC_YR"":""2026"",""WFO"":""MFL"",""WINDTAG"":""60.0""},""iem_significance"":""W"",""iem_tornadotag"":"""",""iem_ugc"":"""",""iem_wfo"":""MFL"",""iem_windtag"":""60.0"",""senderName"":""MFL"",""status"":""NEW""},""type"":""Feature""}",2026-04-27T17:31:58Z,2026-07-09T05:15:02Z,2026-07-09T18:49:04Z
8489,iem_watchwarn,iem_watchwarn|LZK|202|SV|W|2026-06-13T18:58:00Z|2026-06-13T19:45:00Z|,Severe Thunderstorm Warning,,2026-06-13T18:58:00Z,2026-06-13T19:45:00Z,LZK,NEW,1,"{""coordinates"":[[[-91.05,36.23],[-91.35,35.97],[-91.6,35.94],[-92.06,36.04],[-92.08,36.06],[-92.12,36.07],[-92.13,36.1],[-92.12,36.11],[-91.79,36.26],[-91.05,36.23]]],""type"":""Polygon""}","{""_map_py"":{""effective"":""2026-06-13T18:58:00Z"",""event"":""Severe Thunderstorm Warning"",""expires"":""2026-06-13T19:45:00Z"",""has_polygon"":true,""headline"":"""",""sender"":""LZK""},""effective"":""2026-06-13T18:58:00Z"",""event"":""Severe Thunderstorm Warning"",""expires"":""2026-06-13T19:45:00Z"",""headline"":"""",""iem_damagetag"":"""",""iem_emergency"":""False"",""iem_event_id"":""202"",""iem_forecaster"":""62"",""iem_gtype"":""P"",""iem_hailtag"":""1.25"",""iem_phenomena"":""SV"",""iem_raw_properties"":{""AREA_KM2"":""2247.419573435548"",""DAMAGTAG"":null,""EMERGENC"":""False"",""ETN"":""202"",""EXPIRED"":""202606131945"",""FCSTER"":""62"",""GTYPE"":""P"",""HAILTAG"":""1.25"",""HV_CAUSE"":null,""HV_NWSLI"":null,""HV_REC"":null,""HV_SEV"":null,""INIT_EXP"":""202606131945"",""INIT_ISS"":""202606131858"",""ISSUED"":""202606131858"",""NWS_UGC"":null,""PHENOM"":""SV"",""POLY_BEG"":""202606131858"",""POLY_END"":""202606131907"",""PROD_ID"":""202606131858-KLZK-WUUS54-SVRLZK"",""SIG"":""W"",""STATUS"":""NEW"",""TORNTAG"":null,""UPDATED"":""202606131858"",""VTEC_YR"":""2026"",""WFO"":""LZK"",""WINDTAG"":""60.0""},""iem_significance"":""W"",""iem_tornadotag"":"""",""iem_ugc"":"""",""iem_wfo"":""LZK"",""iem_windtag"":""60.0"",""senderName"":""LZK"",""status"":""NEW""}","{""geometry"":{""coordinates"":[[[-91.05,36.23],[-91.35,35.97],[-91.6,35.94],[-92.06,36.04],[-92.08,36.06],[-92.12,36.07],[-92.13,36.1],[-92.12,36.11],[-91.79,36.26],[-91.05,36.23]]],""type"":""Polygon""},""properties"":{""_map_py"":{""effective"":""2026-06-13T18:58:00Z"",""event"":""Severe Thunderstorm Warning"",""expires"":""2026-06-13T19:45:00Z"",""has_polygon"":true,""headline"":"""",""sender"":""LZK""},""effective"":""2026-06-13T18:58:00Z"",""event"":""Severe Thunderstorm Warning"",""expires"":""2026-06-13T19:45:00Z"",""headline"":"""",""iem_damagetag"":"""",""iem_emergency"":""False"",""iem_event_id"":""202"",""iem_forecaster"":""62"",""iem_gtype"":""P"",""iem_hailtag"":""1.25"",""iem_phenomena"":""SV"",""iem_raw_properties"":{""AREA_KM2"":""2247.419573435548"",""DAMAGTAG"":null,""EMERGENC"":""False"",""ETN"":""202"",""EXPIRED"":""202606131945"",""FCSTER"":""62"",""GTYPE"":""P"",""HAILTAG"":""1.25"",""HV_CAUSE"":null,""HV_NWSLI"":null,""HV_REC"":null,""HV_SEV"":null,""INIT_EXP"":""202606131945"",""INIT_ISS"":""202606131858"",""ISSUED"":""202606131858"",""NWS_UGC"":null,""PHENOM"":""SV"",""POLY_BEG"":""202606131858"",""POLY_END"":""202606131907"",""PROD_ID"":""202606131858-KLZK-WUUS54-SVRLZK"",""SIG"":""W"",""STATUS"":""NEW"",""TORNTAG"":null,""UPDATED"":""202606131858"",""VTEC_YR"":""2026"",""WFO"":""LZK"",""WINDTAG"":""60.0""},""iem_significance"":""W"",""iem_tornadotag"":"""",""iem_ugc"":"""",""iem_wfo"":""LZK"",""iem_windtag"":""60.0"",""senderName"":""LZK"",""status"":""NEW""},""type"":""Feature""}",2026-04-27T17:31:58Z,2026-07-09T05:15:02Z,2026-07-09T18:49:04Z
3564,iem_watchwarn,iem_watchwarn|JAX|66|SV|W|2026-06-13T19:01:00Z|2026-06-13T19:30:00Z|,Severe Thunderstorm Warning,,2026-06-13T19:01:00Z,2026-06-13T19:30:00Z,JAX,NEW,1,"{""coordinates"":[[[-81.41,30.52],[-81.49,30.4],[-81.63,30.48],[-81.55,30.59],[-81.4,30.56],[-81.41,30.52]]],""type"":""Polygon""}","{""_map_py"":{""effective"":""2026-06-13T19:01:00Z"",""event"":""Severe Thunderstorm Warning"",""expires"":""2026-06-13T19:30:00Z"",""has_polygon"":true,""headline"":"""",""sender"":""JAX""},""effective"":""2026-06-13T19:01:00Z"",""event"":""Severe Thunderstorm Warning"",""expires"":""2026-06-13T19:30:00Z"",""headline"":"""",""iem_damagetag"":"""",""iem_emergency"":""False"",""iem_event_id"":""66"",""iem_forecaster"":""SHASHY"",""iem_gtype"":""P"",""iem_hailtag"":""0.75"",""iem_phenomena"":""SV"",""iem_raw_properties"":{""AREA_KM2"":""268.97527498011493"",""DAMAGTAG"":null,""EMERGENC"":""False"",""ETN"":""66"",""EXPIRED"":""202606131930"",""FCSTER"":""SHASHY"",""GTYPE"":""P"",""HAILTAG"":""0.75"",""HV_CAUSE"":null,""HV_NWSLI"":null,""HV_REC"":null,""HV_SEV"":null,""INIT_EXP"":""202606131930"",""INIT_ISS"":""202606131901"",""ISSUED"":""202606131901"",""NWS_UGC"":null,""PHENOM"":""SV"",""POLY_BEG"":""202606131901"",""POLY_END"":""202606131917"",""PROD_ID"":""202606131901-KJAX-WUUS52-SVRJAX"",""SIG"":""W"",""STATUS"":""NEW"",""TORNTAG"":null,""UPDATED"":""202606131901"",""VTEC_YR"":""2026"",""WFO"":""JAX"",""WINDTAG"":""60.0""},""iem_significance"":""W"",""iem_tornadotag"":"""",""iem_ugc"":"""",""iem_wfo"":""JAX"",""iem_windtag"":""60.0"",""senderName"":""JAX"",""status"":""NEW""}","{""geometry"":{""coordinates"":[[[-81.41,30.52],[-81.49,30.4],[-81.63,30.48],[-81.55,30.59],[-81.4,30.56],[-81.41,30.52]]],""type"":""Polygon""},""properties"":{""_map_py"":{""effective"":""2026-06-13T19:01:00Z"",""event"":""Severe Thunderstorm Warning"",""expires"":""2026-06-13T19:30:00Z"",""has_polygon"":true,""headline"":"""",""sender"":""JAX""},""effective"":""2026-06-13T19:01:00Z"",""event"":""Severe Thunderstorm Warning"",""expires"":""2026-06-13T19:30:00Z"",""headline"":"""",""iem_damagetag"":"""",""iem_emergency"":""False"",""iem_event_id"":""66"",""iem_forecaster"":""SHASHY"",""iem_gtype"":""P"",""iem_hailtag"":""0.75"",""iem_phenomena"":""SV"",""iem_raw_properties"":{""AREA_KM2"":""268.97527498011493"",""DAMAGTAG"":null,""EMERGENC"":""False"",""ETN"":""66"",""EXPIRED"":""202606131930"",""FCSTER"":""SHASHY"",""GTYPE"":""P"",""HAILTAG"":""0.75"",""HV_CAUSE"":null,""HV_NWSLI"":null,""HV_REC"":null,""HV_SEV"":null,""INIT_EXP"":""202606131930"",""INIT_ISS"":""202606131901"",""ISSUED"":""202606131901"",""NWS_UGC"":null,""PHENOM"":""SV"",""POLY_BEG"":""202606131901"",""POLY_END"":""202606131917"",""PROD_ID"":""202606131901-KJAX-WUUS52-SVRJAX"",""SIG"":""W"",""STATUS"":""NEW"",""TORNTAG"":null,""UPDATED"":""202606131901"",""VTEC_YR"":""2026"",""WFO"":""JAX"",""WINDTAG"":""60.0""},""iem_significance"":""W"",""iem_tornadotag"":"""",""iem_ugc"":"""",""iem_wfo"":""JAX"",""iem_windtag"":""60.0"",""senderName"":""JAX"",""status"":""NEW""},""type"":""Feature""}",2026-04-27T17:31:58Z,2026-07-09T05:15:02Z,2026-07-09T18:49:04Z
9589,iem_watchwarn,iem_watchwarn|MEG|140|SV|W|2026-06-13T19:08:00Z|2026-06-13T20:15:00Z|,Severe Thunderstorm Warning,,2026-06-13T19:08:00Z,2026-06-13T20:15:00Z,MEG,NEW,1,"{""coordinates"":[[[-90.16,36.5],[-90.58,35.99],[-90.81,36.08],[-90.75,36.15],[-90.81,36.16],[-90.81,36.29],[-90.79,36.3],[-90.78,36.28],[-90.75,36.28],[-90.75,36.41],[-90.78,36.44],[-90.78,36.5],[-90.16,36.5]]],""type"":""Polygon""}","{""_map_py"":{""effective"":""2026-06-13T19:08:00Z"",""event"":""Severe Thunderstorm Warning"",""expires"":""2026-06-13T20:15:00Z"",""has_polygon"":true,""headline"":"""",""sender"":""MEG""},""effective"":""2026-06-13T19:08:00Z"",""event"":""Severe Thunderstorm Warning"",""expires"":""2026-06-13T20:15:00Z"",""headline"":"""",""iem_damagetag"":"""",""iem_emergency"":""False"",""iem_event_id"":""140"",""iem_forecaster"":""CAD"",""iem_gtype"":""P"",""iem_hailtag"":""1.25"",""iem_phenomena"":""SV"",""iem_raw_properties"":{""AREA_KM2"":""2002.3460842600814"",""DAMAGTAG"":null,""EMERGENC"":""False"",""ETN"":""140"",""EXPIRED"":""202606132015"",""FCSTER"":""CAD"",""GTYPE"":""P"",""HAILTAG"":""1.25"",""HV_CAUSE"":null,""HV_NWSLI"":null,""HV_REC"":null,""HV_SEV"":null,""INIT_EXP"":""202606132015"",""INIT_ISS"":""202606131908"",""ISSUED"":""202606131908"",""NWS_UGC"":null,""PHENOM"":""SV"",""POLY_BEG"":""202606131908"",""POLY_END"":""202606131942"",""PROD_ID"":""202606131908-KMEG-WUUS54-SVRMEG"",""SIG"":""W"",""STATUS"":""NEW"",""TORNTAG"":""POSSIBLE"",""UPDATED"":""202606131908"",""VTEC_YR"":""2026"",""WFO"":""MEG"",""WINDTAG"":""60.0""},""iem_significance"":""W"",""iem_tornadotag"":""POSSIBLE"",""iem_ugc"":"""",""iem_wfo"":""MEG"",""iem_windtag"":""60.0"",""senderName"":""MEG"",""status"":""NEW""}","{""geometry"":{""coordinates"":[[[-90.16,36.5],[-90.58,35.99],[-90.81,36.08],[-90.75,36.15],[-90.81,36.16],[-90.81,36.29],[-90.79,36.3],[-90.78,36.28],[-90.75,36.28],[-90.75,36.41],[-90.78,36.44],[-90.78,36.5],[-90.16,36.5]]],""type"":""Polygon""},""properties"":{""_map_py"":{""effective"":""2026-06-13T19:08:00Z"",""event"":""Severe Thunderstorm Warning"",""expires"":""2026-06-13T20:15:00Z"",""has_polygon"":true,""headline"":"""",""sender"":""MEG""},""effective"":""2026-06-13T19:08:00Z"",""event"":""Severe Thunderstorm Warning"",""expires"":""2026-06-13T20:15:00Z"",""headline"":"""",""iem_damagetag"":"""",""iem_emergency"":""False"",""iem_event_id"":""140"",""iem_forecaster"":""CAD"",""iem_gtype"":""P"",""iem_hailtag"":""1.25"",""iem_phenomena"":""SV"",""iem_raw_properties"":{""AREA_KM2"":""2002.3460842600814"",""DAMAGTAG"":null,""EMERGENC"":""False"",""ETN"":""140"",""EXPIRED"":""202606132015"",""FCSTER"":""CAD"",""GTYPE"":""P"",""HAILTAG"":""1.25"",""HV_CAUSE"":null,""HV_NWSLI"":null,""HV_REC"":null,""HV_SEV"":null,""INIT_EXP"":""202606132015"",""INIT_ISS"":""202606131908"",""ISSUED"":""202606131908"",""NWS_UGC"":null,""PHENOM"":""SV"",""POLY_BEG"":""202606131908"",""POLY_END"":""202606131942"",""PROD_ID"":""202606131908-KMEG-WUUS54-SVRMEG"",""SIG"":""W"",""STATUS"":""NEW"",""TORNTAG"":""POSSIBLE"",""UPDATED"":""202606131908"",""VTEC_YR"":""2026"",""WFO"":""MEG"",""WINDTAG"":""60.0""},""iem_significance"":""W"",""iem_tornadotag"":""POSSIBLE"",""iem_ugc"":"""",""iem_wfo"":""MEG"",""iem_windtag"":""60.0"",""senderName"":""MEG"",""status"":""NEW""},""type"":""Feature""}",2026-04-27T17:31:58Z,2026-07-09T05:15:02Z,2026-07-09T18:49:04Z
6711,iem_watchwarn,iem_watchwarn|JAX|67|SV|W|2026-06-13T19:21:00Z|2026-06-13T20:00:00Z|,Severe Thunderstorm Warning,,2026-06-13T19:21:00Z,2026-06-13T20:00:00Z,JAX,NEW,1,"{""coordinates"":[[[-81.25,31.18],[-81.37,31.1],[-81.37,31.02],[-81.4,30.99],[-81.56,31.15],[-81.45,31.29],[-81.25,31.2],[-81.25,31.18]]],""type"":""Polygon""}","{""_map_py"":{""effective"":""2026-06-13T19:21:00Z"",""event"":""Severe Thunderstorm Warning"",""expires"":""2026-06-13T20:00:00Z"",""has_polygon"":true,""headline"":"""",""sender"":""JAX""},""effective"":""2026-06-13T19:21:00Z"",""event"":""Severe Thunderstorm Warning"",""expires"":""2026-06-13T20:00:00Z"",""headline"":"""",""iem_damagetag"":"""",""iem_emergency"":""False"",""iem_event_id"":""67"",""iem_forecaster"":""SHASHY"",""iem_gtype"":""P"",""iem_hailtag"":""0.75"",""iem_phenomena"":""SV"",""iem_raw_properties"":{""AREA_KM2"":""476.69253948169853"",""DAMAGTAG"":null,""EMERGENC"":""False"",""ETN"":""67"",""EXPIRED"":""202606132000"",""FCSTER"":""SHASHY"",""GTYPE"":""P"",""HAILTAG"":""0.75"",""HV_CAUSE"":null,""HV_NWSLI"":null,""HV_REC"":null,""HV_SEV"":null,""INIT_EXP"":""202606132000"",""INIT_ISS"":""202606131921"",""ISSUED"":""202606131921"",""NWS_UGC"":null,""PHENOM"":""SV"",""POLY_BEG"":""202606131921"",""POLY_END"":""202606131938"",""PROD_ID"":""202606131921-KJAX-WUUS52-SVRJAX"",""SIG"":""W"",""STATUS"":""NEW"",""TORNTAG"":null,""UPDATED"":""202606131921"",""VTEC_YR"":""2026"",""WFO"":""JAX"",""WINDTAG"":""60.0""},""iem_significance"":""W"",""iem_tornadotag"":"""",""iem_ugc"":"""",""iem_wfo"":""JAX"",""iem_windtag"":""60.0"",""senderName"":""JAX"",""status"":""NEW""}","{""geometry"":{""coordinates"":[[[-81.25,31.18],[-81.37,31.1],[-81.37,31.02],[-81.4,30.99],[-81.56,31.15],[-81.45,31.29],[-81.25,31.2],[-81.25,31.18]]],""type"":""Polygon""},""properties"":{""_map_py"":{""effective"":""2026-06-13T19:21:00Z"",""event"":""Severe Thunderstorm Warning"",""expires"":""2026-06-13T20:00:00Z"",""has_polygon"":true,""headline"":"""",""sender"":""JAX""},""effective"":""2026-06-13T19:21:00Z"",""event"":""Severe Thunderstorm Warning"",""expires"":""2026-06-13T20:00:00Z"",""headline"":"""",""iem_damagetag"":"""",""iem_emergency"":""False"",""iem_event_id"":""67"",""iem_forecaster"":""SHASHY"",""iem_gtype"":""P"",""iem_hailtag"":""0.75"",""iem_phenomena"":""SV"",""iem_raw_properties"":{""AREA_KM2"":""476.69253948169853"",""DAMAGTAG"":null,""EMERGENC"":""False"",""ETN"":""67"",""EXPIRED"":""202606132000"",""FCSTER"":""SHASHY"",""GTYPE"":""P"",""HAILTAG"":""0.75"",""HV_CAUSE"":null,""HV_NWSLI"":null,""HV_REC"":null,""HV_SEV"":null,""INIT_EXP"":""202606132000"",""INIT_ISS"":""202606131921"",""ISSUED"":""202606131921"",""NWS_UGC"":null,""PHENOM"":""SV"",""POLY_BEG"":""202606131921"",""POLY_END"":""202606131938"",""PROD_ID"":""202606131921-KJAX-WUUS52-SVRJAX"",""SIG"":""W"",""STATUS"":""NEW"",""TORNTAG"":null,""UPDATED"":""202606131921"",""VTEC_YR"":""2026"",""WFO"":""JAX"",""WINDTAG"":""60.0""},""iem_significance"":""W"",""iem_tornadotag"":"""",""iem_ugc"":"""",""iem_wfo"":""JAX"",""iem_windtag"":""60.0"",""senderName"":""JAX"",""status"":""NEW""},""type"":""Feature""}",2026-04-27T17:31:58Z,2026-07-09T05:15:02Z,2026-07-09T18:49:04Z
10411,iem_watchwarn,iem_watchwarn|LZK|203|SV|W|2026-06-13T19:22:00Z|2026-06-13T20:00:00Z|,Severe Thunderstorm Warning,,2026-06-13T19:22:00Z,2026-06-13T20:00:00Z,LZK,NEW,1,"{""coordinates"":[[[-90.75,36.14],[-91.22,36.23],[-91.13,36.41],[-90.78,36.5],[-90.77,36.49],[-90.78,36.43],[-90.76,36.43],[-90.77,36.42],[-90.75,36.41],[-90.75,36.28],[-90.78,36.28],[-90.79,36.29],[-90.81,36.29],[-90.81,36.16],[-90.75,36.15],[-90.75,36.14]]],""type"":""Polygon""}","{""_map_py"":{""effective"":""2026-06-13T19:22:00Z"",""event"":""Severe Thunderstorm Warning"",""expires"":""2026-06-13T20:00:00Z"",""has_polygon"":true,""headline"":"""",""sender"":""LZK""},""effective"":""2026-06-13T19:22:00Z"",""event"":""Severe Thunderstorm Warning"",""expires"":""2026-06-13T20:00:00Z"",""headline"":"""",""iem_damagetag"":"""",""iem_emergency"":""False"",""iem_event_id"":""203"",""iem_forecaster"":""62"",""iem_gtype"":""P"",""iem_hailtag"":""1.0"",""iem_phenomena"":""SV"",""iem_raw_properties"":{""AREA_KM2"":""1059.0630600035336"",""DAMAGTAG"":null,""EMERGENC"":""False"",""ETN"":""203"",""EXPIRED"":""202606132000"",""FCSTER"":""62"",""GTYPE"":""P"",""HAILTAG"":""1.0"",""HV_CAUSE"":null,""HV_NWSLI"":null,""HV_REC"":null,""HV_SEV"":null,""INIT_EXP"":""202606132015"",""INIT_ISS"":""202606131922"",""ISSUED"":""202606131922"",""NWS_UGC"":null,""PHENOM"":""SV"",""POLY_BEG"":""202606131922"",""POLY_END"":""202606131935"",""PROD_ID"":""202606131922-KLZK-WUUS54-SVRLZK"",""SIG"":""W"",""STATUS"":""NEW"",""TORNTAG"":null,""UPDATED"":""202606131922"",""VTEC_YR"":""2026"",""WFO"":""LZK"",""WINDTAG"":""60.0""},""iem_significance"":""W"",""iem_tornadotag"":"""",""iem_ugc"":"""",""iem_wfo"":""LZK"",""iem_windtag"":""60.0"",""senderName"":""LZK"",""status"":""NEW""}","{""geometry"":{""coordinates"":[[[-90.75,36.14],[-91.22,36.23],[-91.13,36.41],[-90.78,36.5],[-90.77,36.49],[-90.78,36.43],[-90.76,36.43],[-90.77,36.42],[-90.75,36.41],[-90.75,36.28],[-90.78,36.28],[-90.79,36.29],[-90.81,36.29],[-90.81,36.16],[-90.75,36.15],[-90.75,36.14]]],""type"":""Polygon""},""properties"":{""_map_py"":{""effective"":""2026-06-13T19:22:00Z"",""event"":""Severe Thunderstorm Warning"",""expires"":""2026-06-13T20:00:00Z"",""has_polygon"":true,""headline"":"""",""sender"":""LZK""},""effective"":""2026-06-13T19:22:00Z"",""event"":""Severe Thunderstorm Warning"",""expires"":""2026-06-13T20:00:00Z"",""headline"":"""",""iem_damagetag"":"""",""iem_emergency"":""False"",""iem_event_id"":""203"",""iem_forecaster"":""62"",""iem_gtype"":""P"",""iem_hailtag"":""1.0"",""iem_phenomena"":""SV"",""iem_raw_properties"":{""AREA_KM2"":""1059.0630600035336"",""DAMAGTAG"":null,""EMERGENC"":""False"",""ETN"":""203"",""EXPIRED"":""202606132000"",""FCSTER"":""62"",""GTYPE"":""P"",""HAILTAG"":""1.0"",""HV_CAUSE"":null,""HV_NWSLI"":null,""HV_REC"":null,""HV_SEV"":null,""INIT_EXP"":""202606132015"",""INIT_ISS"":""202606131922"",""ISSUED"":""202606131922"",""NWS_UGC"":null,""PHENOM"":""SV"",""POLY_BEG"":""202606131922"",""POLY_END"":""202606131935"",""PROD_ID"":""202606131922-KLZK-WUUS54-SVRLZK"",""SIG"":""W"",""STATUS"":""NEW"",""TORNTAG"":null,""UPDATED"":""202606131922"",""VTEC_YR"":""2026"",""WFO"":""LZK"",""WINDTAG"":""60.0""},""iem_significance"":""W"",""iem_tornadotag"":"""",""iem_ugc"":"""",""iem_wfo"":""LZK"",""iem_windtag"":""60.0"",""senderName"":""LZK"",""status"":""NEW""},""type"":""Feature""}",2026-04-27T17:31:58Z,2026-07-09T05:15:02Z,2026-07-09T18:49:04Z
956,iem_watchwarn,iem_watchwarn|TAE|116|SV|W|2026-06-13T19:34:00Z|2026-06-13T20:00:00Z|,Severe Thunderstorm Warning,,2026-06-13T19:34:00Z,2026-06-13T20:00:00Z,TAE,NEW,1,"{""coordinates"":[[[-85.96,30.61],[-85.44,30.57],[-85.48,30.32],[-86.01,30.39],[-85.96,30.61]]],""type"":""Polygon""}","{""_map_py"":{""effective"":""2026-06-13T19:34:00Z"",""event"":""Severe Thunderstorm Warning"",""expires"":""2026-06-13T20:00:00Z"",""has_polygon"":true,""headline"":"""",""sender"":""TAE""},""effective"":""2026-06-13T19:34:00Z"",""event"":""Severe Thunderstorm Warning"",""expires"":""2026-06-13T20:00:00Z"",""headline"":"""",""iem_damagetag"":"""",""iem_emergency"":""False"",""iem_event_id"":""116"",""iem_forecaster"":""82-RH"",""iem_gtype"":""P"",""iem_hailtag"":""0.75"",""iem_phenomena"":""SV"",""iem_raw_properties"":{""AREA_KM2"":""1341.0163149064967"",""DAMAGTAG"":null,""EMERGENC"":""False"",""ETN"":""116"",""EXPIRED"":""202606132000"",""FCSTER"":""82-RH"",""GTYPE"":""P"",""HAILTAG"":""0.75"",""HV_CAUSE"":null,""HV_NWSLI"":null,""HV_REC"":null,""HV_SEV"":null,""INIT_EXP"":""202606132000"",""INIT_ISS"":""202606131934"",""ISSUED"":""202606131934"",""NWS_UGC"":null,""PHENOM"":""SV"",""POLY_BEG"":""202606131934"",""POLY_END"":""202606131957"",""PROD_ID"":""202606131934-KTAE-WUUS52-SVRTAE"",""SIG"":""W"",""STATUS"":""NEW"",""TORNTAG"":null,""UPDATED"":""202606131934"",""VTEC_YR"":""2026"",""WFO"":""TAE"",""WINDTAG"":""60.0""},""iem_significance"":""W"",""iem_tornadotag"":"""",""iem_ugc"":"""",""iem_wfo"":""TAE"",""iem_windtag"":""60.0"",""senderName"":""TAE"",""status"":""NEW""}","{""geometry"":{""coordinates"":[[[-85.96,30.61],[-85.44,30.57],[-85.48,30.32],[-86.01,30.39],[-85.96,30.61]]],""type"":""Polygon""},""properties"":{""_map_py"":{""effective"":""2026-06-13T19:34:00Z"",""event"":""Severe Thunderstorm Warning"",""expires"":""2026-06-13T20:00:00Z"",""has_polygon"":true,""headline"":"""",""sender"":""TAE""},""effective"":""2026-06-13T19:34:00Z"",""event"":""Severe Thunderstorm Warning"",""expires"":""2026-06-13T20:00:00Z"",""headline"":"""",""iem_damagetag"":"""",""iem_emergency"":""False"",""iem_event_id"":""116"",""iem_forecaster"":""82-RH"",""iem_gtype"":""P"",""iem_hailtag"":""0.75"",""iem_phenomena"":""SV"",""iem_raw_properties"":{""AREA_KM2"":""1341.0163149064967"",""DAMAGTAG"":null,""EMERGENC"":""False"",""ETN"":""116"",""EXPIRED"":""202606132000"",""FCSTER"":""82-RH"",""GTYPE"":""P"",""HAILTAG"":""0.75"",""HV_CAUSE"":null,""HV_NWSLI"":null,""HV_REC"":null,""HV_SEV"":null,""INIT_EXP"":""202606132000"",""INIT_ISS"":""202606131934"",""ISSUED"":""202606131934"",""NWS_UGC"":null,""PHENOM"":""SV"",""POLY_BEG"":""202606131934"",""POLY_END"":""202606131957"",""PROD_ID"":""202606131934-KTAE-WUUS52-SVRTAE"",""SIG"":""W"",""STATUS"":""NEW"",""TORNTAG"":null,""UPDATED"":""202606131934"",""VTEC_YR"":""2026"",""WFO"":""TAE"",""WINDTAG"":""60.0""},""iem_significance"":""W"",""iem_tornadotag"":"""",""iem_ugc"":"""",""iem_wfo"":""TAE"",""iem_windtag"":""60.0"",""senderName"":""TAE"",""status"":""NEW""},""type"":""Feature""}",2026-04-27T17:31:58Z,2026-07-09T05:15:02Z,2026-07-09T18:49:04Z
9067,iem_watchwarn,iem_watchwarn|JAX|68|SV|W|2026-06-13T19:41:00Z|2026-06-13T20:15:00Z|,Severe Thunderstorm Warning,,2026-06-13T19:41:00Z,2026-06-13T20:15:00Z,JAX,NEW,1,"{""coordinates"":[[[-81.42,30.81],[-81.72,30.79],[-81.66,31.04],[-81.48,31.04],[-81.48,31.03],[-81.47,31.04],[-81.47,31.03],[-81.45,31.04],[-81.44,31.03],[-81.41,30.85],[-81.42,30.81]]],""type"":""Polygon""}","{""_map_py"":{""effective"":""2026-06-13T19:41:00Z"",""event"":""Severe Thunderstorm Warning"",""expires"":""2026-06-13T20:15:00Z"",""has_polygon"":true,""headline"":"""",""sender"":""JAX""},""effective"":""2026-06-13T19:41:00Z"",""event"":""Severe Thunderstorm Warning"",""expires"":""2026-06-13T20:15:00Z"",""headline"":"""",""iem_damagetag"":"""",""iem_emergency"":""False"",""iem_event_id"":""68"",""iem_forecaster"":""SHASHY"",""iem_gtype"":""P"",""iem_hailtag"":""0.75"",""iem_phenomena"":""SV"",""iem_raw_properties"":{""AREA_KM2"":""672.47855135825"",""DAMAGTAG"":null,""EMERGENC"":""False"",""ETN"":""68"",""EXPIRED"":""202606132015"",""FCSTER"":""SHASHY"",""GTYPE"":""P"",""HAILTAG"":""0.75"",""HV_CAUSE"":null,""HV_NWSLI"":null,""HV_REC"":null,""HV_SEV"":null,""INIT_EXP"":""202606132015"",""INIT_ISS"":""202606131941"",""ISSUED"":""202606131941"",""NWS_UGC"":null,""PHENOM"":""SV"",""POLY_BEG"":""202606131941"",""POLY_END"":""202606132013"",""PROD_ID"":""202606131941-KJAX-WUUS52-SVRJAX"",""SIG"":""W"",""STATUS"":""NEW"",""TORNTAG"":null,""UPDATED"":""202606131941"",""VTEC_YR"":""2026"",""WFO"":""JAX"",""WINDTAG"":""60.0""},""iem_significance"":""W"",""iem_tornadotag"":"""",""iem_ugc"":"""",""iem_wfo"":""JAX"",""iem_windtag"":""60.0"",""senderName"":""JAX"",""status"":""NEW""}","{""geometry"":{""coordinates"":[[[-81.42,30.81],[-81.72,30.79],[-81.66,31.04],[-81.48,31.04],[-81.48,31.03],[-81.47,31.04],[-81.47,31.03],[-81.45,31.04],[-81.44,31.03],[-81.41,30.85],[-81.42,30.81]]],""type"":""Polygon""},""properties"":{""_map_py"":{""effective"":""2026-06-13T19:41:00Z"",""event"":""Severe Thunderstorm Warning"",""expires"":""2026-06-13T20:15:00Z"",""has_polygon"":true,""headline"":"""",""sender"":""JAX""},""effective"":""2026-06-13T19:41:00Z"",""event"":""Severe Thunderstorm Warning"",""expires"":""2026-06-13T20:15:00Z"",""headline"":"""",""iem_damagetag"":"""",""iem_emergency"":""False"",""iem_event_id"":""68"",""iem_forecaster"":""SHASHY"",""iem_gtype"":""P"",""iem_hailtag"":""0.75"",""iem_phenomena"":""SV"",""iem_raw_properties"":{""AREA_KM2"":""672.47855135825"",""DAMAGTAG"":null,""EMERGENC"":""False"",""ETN"":""68"",""EXPIRED"":""202606132015"",""FCSTER"":""SHASHY"",""GTYPE"":""P"",""HAILTAG"":""0.75"",""HV_CAUSE"":null,""HV_NWSLI"":null,""HV_REC"":null,""HV_SEV"":null,""INIT_EXP"":""202606132015"",""INIT_ISS"":""202606131941"",""ISSUED"":""202606131941"",""NWS_UGC"":null,""PHENOM"":""SV"",""POLY_BEG"":""202606131941"",""POLY_END"":""202606132013"",""PROD_ID"":""202606131941-KJAX-WUUS52-SVRJAX"",""SIG"":""W"",""STATUS"":""NEW"",""TORNTAG"":null,""UPDATED"":""202606131941"",""VTEC_YR"":""2026"",""WFO"":""JAX"",""WINDTAG"":""60.0""},""iem_significance"":""W"",""iem_tornadotag"":"""",""iem_ugc"":"""",""iem_wfo"":""JAX"",""iem_windtag"":""60.0"",""senderName"":""JAX"",""status"":""NEW""},""type"":""Feature""}",2026-04-27T17:31:58Z,2026-07-09T05:15:02Z,2026-07-09T18:49:04Z
1223,iem_watchwarn,iem_watchwarn|LZK|204|SV|W|2026-06-13T19:43:00Z|2026-06-13T19:53:00Z|,Severe Thunderstorm Warning,,2026-06-13T19:43:00Z,2026-06-13T19:53:00Z,LZK,NEW,1,"{""coordinates"":[[[-93.28,36.19],[-93.28,36.3],[-92.89,36.37],[-92.89,36.19],[-93.28,36.19]]],""type"":""Polygon""}","{""_map_py"":{""effective"":""2026-06-13T19:43:00Z"",""event"":""Severe Thunderstorm Warning"",""expires"":""2026-06-13T19:53:00Z"",""has_polygon"":true,""headline"":"""",""sender"":""LZK""},""effective"":""2026-06-13T19:43:00Z"",""event"":""Severe Thunderstorm Warning"",""expires"":""2026-06-13T19:53:00Z"",""headline"":"""",""iem_damagetag"":"""",""iem_emergency"":""False"",""iem_event_id"":""204"",""iem_forecaster"":""74"",""iem_gtype"":""P"",""iem_hailtag"":""1.0"",""iem_phenomena"":""SV"",""iem_raw_properties"":{""AREA_KM2"":""563.8057365748058"",""DAMAGTAG"":null,""EMERGENC"":""False"",""ETN"":""204"",""EXPIRED"":""202606131953"",""FCSTER"":""74"",""GTYPE"":""P"",""HAILTAG"":""1.0"",""HV_CAUSE"":null,""HV_NWSLI"":null,""HV_REC"":null,""HV_SEV"":null,""INIT_EXP"":""202606132015"",""INIT_ISS"":""202606131943"",""ISSUED"":""202606131943"",""NWS_UGC"":null,""PHENOM"":""SV"",""POLY_BEG"":""202606131943"",""POLY_END"":""202606131953"",""PROD_ID"":""202606131943-KLZK-WUUS54-SVRLZK"",""SIG"":""W"",""STATUS"":""NEW"",""TORNTAG"":null,""UPDATED"":""202606131943"",""VTEC_YR"":""2026"",""WFO"":""LZK"",""WINDTAG"":""60.0""},""iem_significance"":""W"",""iem_tornadotag"":"""",""iem_ugc"":"""",""iem_wfo"":""LZK"",""iem_windtag"":""60.0"",""senderName"":""LZK"",""status"":""NEW""}","{""geometry"":{""coordinates"":[[[-93.28,36.19],[-93.28,36.3],[-92.89,36.37],[-92.89,36.19],[-93.28,36.19]]],""type"":""Polygon""},""properties"":{""_map_py"":{""effective"":""2026-06-13T19:43:00Z"",""event"":""Severe Thunderstorm Warning"",""expires"":""2026-06-13T19:53:00Z"",""has_polygon"":true,""headline"":"""",""sender"":""LZK""},""effective"":""2026-06-13T19:43:00Z"",""event"":""Severe Thunderstorm Warning"",""expires"":""2026-06-13T19:53:00Z"",""headline"":"""",""iem_damagetag"":"""",""iem_emergency"":""False"",""iem_event_id"":""204"",""iem_forecaster"":""74"",""iem_gtype"":""P"",""iem_hailtag"":""1.0"",""iem_phenomena"":""SV"",""iem_raw_properties"":{""AREA_KM2"":""563.8057365748058"",""DAMAGTAG"":null,""EMERGENC"":""False"",""ETN"":""204"",""EXPIRED"":""202606131953"",""FCSTER"":""74"",""GTYPE"":""P"",""HAILTAG"":""1.0"",""HV_CAUSE"":null,""HV_NWSLI"":null,""HV_REC"":null,""HV_SEV"":null,""INIT_EXP"":""202606132015"",""INIT_ISS"":""202606131943"",""ISSUED"":""202606131943"",""NWS_UGC"":null,""PHENOM"":""SV"",""POLY_BEG"":""202606131943"",""POLY_END"":""202606131953"",""PROD_ID"":""202606131943-KLZK-WUUS54-SVRLZK"",""SIG"":""W"",""STATUS"":""NEW"",""TORNTAG"":null,""UPDATED"":""202606131943"",""VTEC_YR"":""2026"",""WFO"":""LZK"",""WINDTAG"":""60.0""},""iem_significance"":""W"",""iem_tornadotag"":"""",""iem_ugc"":"""",""iem_wfo"":""LZK"",""iem_windtag"":""60.0"",""senderName"":""LZK"",""status"":""NEW""},""type"":""Feature""}",2026-04-27T17:31:58Z,2026-07-09T05:15:02Z,2026-07-09T18:49:04Z
10763,iem_watchwarn,iem_watchwarn|LZK|205|SV|W|2026-06-13T19:44:00Z|2026-06-13T20:45:00Z|,Severe Thunderstorm Warning,,2026-06-13T19:44:00Z,2026-06-13T20:45:00Z,LZK,NEW,1,"{""coordinates"":[[[-90.77,36.12],[-90.82,36.08],[-90.86,35.99],[-90.84,35.98],[-90.87,35.95],[-90.86,35.93],[-90.87,35.92],[-90.88,35.88],[-91.03,35.88],[-91.04,35.79],[-91.36,35.68],[-92.08,35.92],[-91.17,36.22],[-90.81,36.16],[-90.81,36.15],[-90.75,36.15],[-90.77,36.12]]],""type"":""Polygon""}","{""_map_py"":{""effective"":""2026-06-13T19:44:00Z"",""event"":""Severe Thunderstorm Warning"",""expires"":""2026-06-13T20:45:00Z"",""has_polygon"":true,""headline"":"""",""sender"":""LZK""},""effective"":""2026-06-13T19:44:00Z"",""event"":""Severe Thunderstorm Warning"",""expires"":""2026-06-13T20:45:00Z"",""headline"":"""",""iem_damagetag"":"""",""iem_emergency"":""False"",""iem_event_id"":""205"",""iem_forecaster"":""62"",""iem_gtype"":""P"",""iem_hailtag"":""1.0"",""iem_phenomena"":""SV"",""iem_raw_properties"":{""AREA_KM2"":""3831.0232573545595"",""DAMAGTAG"":null,""EMERGENC"":""False"",""ETN"":""205"",""EXPIRED"":""202606132045"",""FCSTER"":""62"",""GTYPE"":""P"",""HAILTAG"":""1.0"",""HV_CAUSE"":null,""HV_NWSLI"":null,""HV_REC"":null,""HV_SEV"":null,""INIT_EXP"":""202606132045"",""INIT_ISS"":""202606131944"",""ISSUED"":""202606131944"",""NWS_UGC"":null,""PHENOM"":""SV"",""POLY_BEG"":""202606131944"",""POLY_END"":""202606132004"",""PROD_ID"":""202606131944-KLZK-WUUS54-SVRLZK"",""SIG"":""W"",""STATUS"":""NEW"",""TORNTAG"":null,""UPDATED"":""202606131944"",""VTEC_YR"":""2026"",""WFO"":""LZK"",""WINDTAG"":""60.0""},""iem_significance"":""W"",""iem_tornadotag"":"""",""iem_ugc"":"""",""iem_wfo"":""LZK"",""iem_windtag"":""60.0"",""senderName"":""LZK"",""status"":""NEW""}","{""geometry"":{""coordinates"":[[[-90.77,36.12],[-90.82,36.08],[-90.86,35.99],[-90.84,35.98],[-90.87,35.95],[-90.86,35.93],[-90.87,35.92],[-90.88,35.88],[-91.03,35.88],[-91.04,35.79],[-91.36,35.68],[-92.08,35.92],[-91.17,36.22],[-90.81,36.16],[-90.81,36.15],[-90.75,36.15],[-90.77,36.12]]],""type"":""Polygon""},""properties"":{""_map_py"":{""effective"":""2026-06-13T19:44:00Z"",""event"":""Severe Thunderstorm Warning"",""expires"":""2026-06-13T20:45:00Z"",""has_polygon"":true,""headline"":"""",""sender"":""LZK""},""effective"":""2026-06-13T19:44:00Z"",""event"":""Severe Thunderstorm Warning"",""expires"":""2026-06-13T20:45:00Z"",""headline"":"""",""iem_damagetag"":"""",""iem_emergency"":""False"",""iem_event_id"":""205"",""iem_forecaster"":""62"",""iem_gtype"":""P"",""iem_hailtag"":""1.0"",""iem_phenomena"":""SV"",""iem_raw_properties"":{""AREA_KM2"":""3831.0232573545595"",""DAMAGTAG"":null,""EMERGENC"":""False"",""ETN"":""205"",""EXPIRED"":""202606132045"",""FCSTER"":""62"",""GTYPE"":""P"",""HAILTAG"":""1.0"",""HV_CAUSE"":null,""HV_NWSLI"":null,""HV_REC"":null,""HV_SEV"":null,""INIT_EXP"":""202606132045"",""INIT_ISS"":""202606131944"",""ISSUED"":""202606131944"",""NWS_UGC"":null,""PHENOM"":""SV"",""POLY_BEG"":""202606131944"",""POLY_END"":""202606132004"",""PROD_ID"":""202606131944-KLZK-WUUS54-SVRLZK"",""SIG"":""W"",""STATUS"":""NEW"",""TORNTAG"":null,""UPDATED"":""202606131944"",""VTEC_YR"":""2026"",""WFO"":""LZK"",""WINDTAG"":""60.0""},""iem_significance"":""W"",""iem_tornadotag"":"""",""iem_ugc"":"""",""iem_wfo"":""LZK"",""iem_windtag"":""60.0"",""senderName"":""LZK"",""status"":""NEW""},""type"":""Feature""}",2026-04-27T17:31:58Z,2026-07-09T05:15:02Z,2026-07-09T18:49:04Z
3488,iem_watchwarn,iem_watchwarn|JAX|69|SV|W|2026-06-13T19:49:00Z|2026-06-13T20:15:00Z|,Severe Thunderstorm Warning,,2026-06-13T19:49:00Z,2026-06-13T20:15:00Z,JAX,NEW,1,"{""coordinates"":[[[-81.5,30.0],[-81.55,30.2],[-81.36,30.26],[-81.32,30.21],[-81.29,30.08],[-81.5,30.0]]],""type"":""Polygon""}","{""_map_py"":{""effective"":""2026-06-13T19:49:00Z"",""event"":""Severe Thunderstorm Warning"",""expires"":""2026-06-13T20:15:00Z"",""has_polygon"":true,""headline"":"""",""sender"":""JAX""},""effective"":""2026-06-13T19:49:00Z"",""event"":""Severe Thunderstorm Warning"",""expires"":""2026-06-13T20:15:00Z"",""headline"":"""",""iem_damagetag"":"""",""iem_emergency"":""False"",""iem_event_id"":""69"",""iem_forecaster"":""SHASHY"",""iem_gtype"":""P"",""iem_hailtag"":""0.75"",""iem_phenomena"":""SV"",""iem_raw_properties"":{""AREA_KM2"":""470.9848073371242"",""DAMAGTAG"":null,""EMERGENC"":""False"",""ETN"":""69"",""EXPIRED"":""202606132015"",""FCSTER"":""SHASHY"",""GTYPE"":""P"",""HAILTAG"":""0.75"",""HV_CAUSE"":null,""HV_NWSLI"":null,""HV_REC"":null,""HV_SEV"":null,""INIT_EXP"":""202606132030"",""INIT_ISS"":""202606131949"",""ISSUED"":""202606131949"",""NWS_UGC"":null,""PHENOM"":""SV"",""POLY_BEG"":""202606131949"",""POLY_END"":""202606132002"",""PROD_ID"":""202606131949-KJAX-WUUS52-SVRJAX"",""SIG"":""W"",""STATUS"":""NEW"",""TORNTAG"":null,""UPDATED"":""202606131949"",""VTEC_YR"":""2026"",""WFO"":""JAX"",""WINDTAG"":""60.0""},""iem_significance"":""W"",""iem_tornadotag"":"""",""iem_ugc"":"""",""iem_wfo"":""JAX"",""iem_windtag"":""60.0"",""senderName"":""JAX"",""status"":""NEW""}","{""geometry"":{""coordinates"":[[[-81.5,30.0],[-81.55,30.2],[-81.36,30.26],[-81.32,30.21],[-81.29,30.08],[-81.5,30.0]]],""type"":""Polygon""},""properties"":{""_map_py"":{""effective"":""2026-06-13T19:49:00Z"",""event"":""Severe Thunderstorm Warning"",""expires"":""2026-06-13T20:15:00Z"",""has_polygon"":true,""headline"":"""",""sender"":""JAX""},""effective"":""2026-06-13T19:49:00Z"",""event"":""Severe Thunderstorm Warning"",""expires"":""2026-06-13T20:15:00Z"",""headline"":"""",""iem_damagetag"":"""",""iem_emergency"":""False"",""iem_event_id"":""69"",""iem_forecaster"":""SHASHY"",""iem_gtype"":""P"",""iem_hailtag"":""0.75"",""iem_phenomena"":""SV"",""iem_raw_properties"":{""AREA_KM2"":""470.9848073371242"",""DAMAGTAG"":null,""EMERGENC"":""False"",""ETN"":""69"",""EXPIRED"":""202606132015"",""FCSTER"":""SHASHY"",""GTYPE"":""P"",""HAILTAG"":""0.75"",""HV_CAUSE"":null,""HV_NWSLI"":null,""HV_REC"":null,""HV_SEV"":null,""INIT_EXP"":""202606132030"",""INIT_ISS"":""202606131949"",""ISSUED"":""202606131949"",""NWS_UGC"":null,""PHENOM"":""SV"",""POLY_BEG"":""202606131949"",""POLY_END"":""202606132002"",""PROD_ID"":""202606131949-KJAX-WUUS52-SVRJAX"",""SIG"":""W"",""STATUS"":""NEW"",""TORNTAG"":null,""UPDATED"":""202606131949"",""VTEC_YR"":""2026"",""WFO"":""JAX"",""WINDTAG"":""60.0""},""iem_significance"":""W"",""iem_tornadotag"":"""",""iem_ugc"":"""",""iem_wfo"":""JAX"",""iem_windtag"":""60.0"",""senderName"":""JAX"",""status"":""NEW""},""type"":""Feature""}",2026-04-27T17:31:58Z,2026-07-09T05:15:02Z,2026-07-09T18:49:04Z
10530,iem_watchwarn,iem_watchwarn|MEG|141|SV|W|2026-06-13T20:09:00Z|2026-06-13T21:00:00Z|,Severe Thunderstorm Warning,,2026-06-13T20:09:00Z,2026-06-13T21:00:00Z,MEG,NEW,1,"{""coordinates"":[[[-89.4,36.4],[-89.47,36.22],[-89.48,36.22],[-89.48,36.21],[-89.56,36.0],[-90.25,35.97],[-90.29,35.98],[-90.29,36.0],[-90.37,35.99],[-90.69,36.06],[-90.44,36.32],[-89.59,36.39],[-89.54,36.34],[-89.51,36.36],[-89.52,36.39],[-89.4,36.4]]],""type"":""Polygon""}","{""_map_py"":{""effective"":""2026-06-13T20:09:00Z"",""event"":""Severe Thunderstorm Warning"",""expires"":""2026-06-13T21:00:00Z"",""has_polygon"":true,""headline"":"""",""sender"":""MEG""},""effective"":""2026-06-13T20:09:00Z"",""event"":""Severe Thunderstorm Warning"",""expires"":""2026-06-13T21:00:00Z"",""headline"":"""",""iem_damagetag"":"""",""iem_emergency"":""False"",""iem_event_id"":""141"",""iem_forecaster"":""CAD"",""iem_gtype"":""P"",""iem_hailtag"":""1.0"",""iem_phenomena"":""SV"",""iem_raw_properties"":{""AREA_KM2"":""3925.9207450501617"",""DAMAGTAG"":null,""EMERGENC"":""False"",""ETN"":""141"",""EXPIRED"":""202606132100"",""FCSTER"":""CAD"",""GTYPE"":""P"",""HAILTAG"":""1.0"",""HV_CAUSE"":null,""HV_NWSLI"":null,""HV_REC"":null,""HV_SEV"":null,""INIT_EXP"":""202606132100"",""INIT_ISS"":""202606132009"",""ISSUED"":""202606132009"",""NWS_UGC"":null,""PHENOM"":""SV"",""POLY_BEG"":""202606132009"",""POLY_END"":""202606132030"",""PROD_ID"":""202606132009-KMEG-WUUS54-SVRMEG"",""SIG"":""W"",""STATUS"":""NEW"",""TORNTAG"":""POSSIBLE"",""UPDATED"":""202606132009"",""VTEC_YR"":""2026"",""WFO"":""MEG"",""WINDTAG"":""60.0""},""iem_significance"":""W"",""iem_tornadotag"":""POSSIBLE"",""iem_ugc"":"""",""iem_wfo"":""MEG"",""iem_windtag"":""60.0"",""senderName"":""MEG"",""status"":""NEW""}","{""geometry"":{""coordinates"":[[[-89.4,36.4],[-89.47,36.22],[-89.48,36.22],[-89.48,36.21],[-89.56,36.0],[-90.25,35.97],[-90.29,35.98],[-90.29,36.0],[-90.37,35.99],[-90.69,36.06],[-90.44,36.32],[-89.59,36.39],[-89.54,36.34],[-89.51,36.36],[-89.52,36.39],[-89.4,36.4]]],""type"":""Polygon""},""properties"":{""_map_py"":{""effective"":""2026-06-13T20:09:00Z"",""event"":""Severe Thunderstorm Warning"",""expires"":""2026-06-13T21:00:00Z"",""has_polygon"":true,""headline"":"""",""sender"":""MEG""},""effective"":""2026-06-13T20:09:00Z"",""event"":""Severe Thunderstorm Warning"",""expires"":""2026-06-13T21:00:00Z"",""headline"":"""",""iem_damagetag"":"""",""iem_emergency"":""False"",""iem_event_id"":""141"",""iem_forecaster"":""CAD"",""iem_gtype"":""P"",""iem_hailtag"":""1.0"",""iem_phenomena"":""SV"",""iem_raw_properties"":{""AREA_KM2"":""3925.9207450501617"",""DAMAGTAG"":null,""EMERGENC"":""False"",""ETN"":""141"",""EXPIRED"":""202606132100"",""FCSTER"":""CAD"",""GTYPE"":""P"",""HAILTAG"":""1.0"",""HV_CAUSE"":null,""HV_NWSLI"":null,""HV_REC"":null,""HV_SEV"":null,""INIT_EXP"":""202606132100"",""INIT_ISS"":""202606132009"",""ISSUED"":""202606132009"",""NWS_UGC"":null,""PHENOM"":""SV"",""POLY_BEG"":""202606132009"",""POLY_END"":""202606132030"",""PROD_ID"":""202606132009-KMEG-WUUS54-SVRMEG"",""SIG"":""W"",""STATUS"":""NEW"",""TORNTAG"":""POSSIBLE"",""UPDATED"":""202606132009"",""VTEC_YR"":""2026"",""WFO"":""MEG"",""WINDTAG"":""60.0""},""iem_significance"":""W"",""iem_tornadotag"":""POSSIBLE"",""iem_ugc"":"""",""iem_wfo"":""MEG"",""iem_windtag"":""60.0"",""senderName"":""MEG"",""status"":""NEW""},""type"":""Feature""}",2026-04-27T17:31:58Z,2026-07-09T05:15:02Z,2026-07-09T18:49:04Z
9319,iem_watchwarn,iem_watchwarn|MEG|21|TO|W|2026-06-13T20:12:00Z|2026-06-13T20:39:00Z|,Tornado Warning,,2026-06-13T20:12:00Z,2026-06-13T20:39:00Z,MEG,NEW,1,"{""coordinates"":[[[-90.32,36.22],[-90.32,36.2],[-90.26,36.2],[-90.05,36.14],[-90.2,36.0],[-90.29,35.99],[-90.29,35.91],[-90.35,35.85],[-90.69,36.1],[-90.52,36.26],[-90.48,36.26],[-90.32,36.22]]],""type"":""Polygon""}","{""_map_py"":{""effective"":""2026-06-13T20:12:00Z"",""event"":""Tornado Warning"",""expires"":""2026-06-13T20:39:00Z"",""has_polygon"":true,""headline"":"""",""sender"":""MEG""},""effective"":""2026-06-13T20:12:00Z"",""event"":""Tornado Warning"",""expires"":""2026-06-13T20:39:00Z"",""headline"":"""",""iem_damagetag"":"""",""iem_emergency"":""False"",""iem_event_id"":""21"",""iem_forecaster"":""CAD"",""iem_gtype"":""P"",""iem_hailtag"":""0.75"",""iem_phenomena"":""TO"",""iem_raw_properties"":{""AREA_KM2"":""1325.857409144752"",""DAMAGTAG"":null,""EMERGENC"":""False"",""ETN"":""21"",""EXPIRED"":""202606132039"",""FCSTER"":""CAD"",""GTYPE"":""P"",""HAILTAG"":""0.75"",""HV_CAUSE"":null,""HV_NWSLI"":null,""HV_REC"":null,""HV_SEV"":null,""INIT_EXP"":""202606132100"",""INIT_ISS"":""202606132012"",""ISSUED"":""202606132012"",""NWS_UGC"":null,""PHENOM"":""TO"",""POLY_BEG"":""202606132012"",""POLY_END"":""202606132024"",""PROD_ID"":""202606132012-KMEG-WFUS54-TORMEG"",""SIG"":""W"",""STATUS"":""NEW"",""TORNTAG"":""RADAR INDICATED"",""UPDATED"":""202606132012"",""VTEC_YR"":""2026"",""WFO"":""MEG"",""WINDTAG"":null},""iem_significance"":""W"",""iem_tornadotag"":""RADAR INDICATED"",""iem_ugc"":"""",""iem_wfo"":""MEG"",""iem_windtag"":"""",""senderName"":""MEG"",""status"":""NEW""}","{""geometry"":{""coordinates"":[[[-90.32,36.22],[-90.32,36.2],[-90.26,36.2],[-90.05,36.14],[-90.2,36.0],[-90.29,35.99],[-90.29,35.91],[-90.35,35.85],[-90.69,36.1],[-90.52,36.26],[-90.48,36.26],[-90.32,36.22]]],""type"":""Polygon""},""properties"":{""_map_py"":{""effective"":""2026-06-13T20:12:00Z"",""event"":""Tornado Warning"",""expires"":""2026-06-13T20:39:00Z"",""has_polygon"":true,""headline"":"""",""sender"":""MEG""},""effective"":""2026-06-13T20:12:00Z"",""event"":""Tornado Warning"",""expires"":""2026-06-13T20:39:00Z"",""headline"":"""",""iem_damagetag"":"""",""iem_emergency"":""False"",""iem_event_id"":""21"",""iem_forecaster"":""CAD"",""iem_gtype"":""P"",""iem_hailtag"":""0.75"",""iem_phenomena"":""TO"",""iem_raw_properties"":{""AREA_KM2"":""1325.857409144752"",""DAMAGTAG"":null,""EMERGENC"":""False"",""ETN"":""21"",""EXPIRED"":""202606132039"",""FCSTER"":""CAD"",""GTYPE"":""P"",""HAILTAG"":""0.75"",""HV_CAUSE"":null,""HV_NWSLI"":null,""HV_REC"":null,""HV_SEV"":null,""INIT_EXP"":""202606132100"",""INIT_ISS"":""202606132012"",""ISSUED"":""202606132012"",""NWS_UGC"":null,""PHENOM"":""TO"",""POLY_BEG"":""202606132012"",""POLY_END"":""202606132024"",""PROD_ID"":""202606132012-KMEG-WFUS54-TORMEG"",""SIG"":""W"",""STATUS"":""NEW"",""TORNTAG"":""RADAR INDICATED"",""UPDATED"":""202606132012"",""VTEC_YR"":""2026"",""WFO"":""MEG"",""WINDTAG"":null},""iem_significance"":""W"",""iem_tornadotag"":""RADAR INDICATED"",""iem_ugc"":"""",""iem_wfo"":""MEG"",""iem_windtag"":"""",""senderName"":""MEG"",""status"":""NEW""},""type"":""Feature""}",2026-04-27T17:31:58Z,2026-07-09T05:15:02Z,2026-07-09T18:49:04Z
3934,iem_watchwarn,iem_watchwarn|LZK|206|SV|W|2026-06-13T20:39:00Z|2026-06-13T21:30:00Z|,Severe Thunderstorm Warning,,2026-06-13T20:39:00Z,2026-06-13T21:30:00Z,LZK,NEW,1,"{""coordinates"":[[[-91.55,35.74],[-91.35,35.89],[-91.17,35.89],[-91.03,35.88],[-91.04,35.5],[-91.55,35.74]]],""type"":""Polygon""}","{""_map_py"":{""effective"":""2026-06-13T20:39:00Z"",""event"":""Severe Thunderstorm Warning"",""expires"":""2026-06-13T21:30:00Z"",""has_polygon"":true,""headline"":"""",""sender"":""LZK""},""effective"":""2026-06-13T20:39:00Z"",""event"":""Severe Thunderstorm Warning"",""expires"":""2026-06-13T21:30:00Z"",""headline"":"""",""iem_damagetag"":"""",""iem_emergency"":""False"",""iem_event_id"":""206"",""iem_forecaster"":""62"",""iem_gtype"":""P"",""iem_hailtag"":""1.5"",""iem_phenomena"":""SV"",""iem_raw_properties"":{""AREA_KM2"":""1242.97912208466"",""DAMAGTAG"":null,""EMERGENC"":""False"",""ETN"":""206"",""EXPIRED"":""202606132130"",""FCSTER"":""62"",""GTYPE"":""P"",""HAILTAG"":""1.5"",""HV_CAUSE"":null,""HV_NWSLI"":null,""HV_REC"":null,""HV_SEV"":null,""INIT_EXP"":""202606132130"",""INIT_ISS"":""202606132039"",""ISSUED"":""202606132039"",""NWS_UGC"":null,""PHENOM"":""SV"",""POLY_BEG"":""202606132039"",""POLY_END"":""202606132053"",""PROD_ID"":""202606132039-KLZK-WUUS54-SVRLZK"",""SIG"":""W"",""STATUS"":""NEW"",""TORNTAG"":null,""UPDATED"":""202606132039"",""VTEC_YR"":""2026"",""WFO"":""LZK"",""WINDTAG"":""60.0""},""iem_significance"":""W"",""iem_tornadotag"":"""",""iem_ugc"":"""",""iem_wfo"":""LZK"",""iem_windtag"":""60.0"",""senderName"":""LZK"",""status"":""NEW""}","{""geometry"":{""coordinates"":[[[-91.55,35.74],[-91.35,35.89],[-91.17,35.89],[-91.03,35.88],[-91.04,35.5],[-91.55,35.74]]],""type"":""Polygon""},""properties"":{""_map_py"":{""effective"":""2026-06-13T20:39:00Z"",""event"":""Severe Thunderstorm Warning"",""expires"":""2026-06-13T21:30:00Z"",""has_polygon"":true,""headline"":"""",""sender"":""LZK""},""effective"":""2026-06-13T20:39:00Z"",""event"":""Severe Thunderstorm Warning"",""expires"":""2026-06-13T21:30:00Z"",""headline"":"""",""iem_damagetag"":"""",""iem_emergency"":""False"",""iem_event_id"":""206"",""iem_forecaster"":""62"",""iem_gtype"":""P"",""iem_hailtag"":""1.5"",""iem_phenomena"":""SV"",""iem_raw_properties"":{""AREA_KM2"":""1242.97912208466"",""DAMAGTAG"":null,""EMERGENC"":""False"",""ETN"":""206"",""EXPIRED"":""202606132130"",""FCSTER"":""62"",""GTYPE"":""P"",""HAILTAG"":""1.5"",""HV_CAUSE"":null,""HV_NWSLI"":null,""HV_REC"":null,""HV_SEV"":null,""INIT_EXP"":""202606132130"",""INIT_ISS"":""202606132039"",""ISSUED"":""202606132039"",""NWS_UGC"":null,""PHENOM"":""SV"",""POLY_BEG"":""202606132039"",""POLY_END"":""202606132053"",""PROD_ID"":""202606132039-KLZK-WUUS54-SVRLZK"",""SIG"":""W"",""STATUS"":""NEW"",""TORNTAG"":null,""UPDATED"":""202606132039"",""VTEC_YR"":""2026"",""WFO"":""LZK"",""WINDTAG"":""60.0""},""iem_significance"":""W"",""iem_tornadotag"":"""",""iem_ugc"":"""",""iem_wfo"":""LZK"",""iem_windtag"":""60.0"",""senderName"":""LZK"",""status"":""NEW""},""type"":""Feature""}",2026-04-27T17:31:58Z,2026-07-09T05:15:02Z,2026-07-09T18:49:04Z
5380,iem_watchwarn,iem_watchwarn|JAX|70|SV|W|2026-06-13T20:43:00Z|2026-06-13T21:15:00Z|,Severe Thunderstorm Warning,,2026-06-13T20:43:00Z,2026-06-13T21:15:00Z,JAX,NEW,1,"{""coordinates"":[[[-82.0,30.29],[-81.98,30.34],[-81.83,30.46],[-81.75,30.45],[-81.65,30.36],[-81.85,30.19],[-82.0,30.29]]],""type"":""Polygon""}","{""_map_py"":{""effective"":""2026-06-13T20:43:00Z"",""event"":""Severe Thunderstorm Warning"",""expires"":""2026-06-13T21:15:00Z"",""has_polygon"":true,""headline"":"""",""sender"":""JAX""},""effective"":""2026-06-13T20:43:00Z"",""event"":""Severe Thunderstorm Warning"",""expires"":""2026-06-13T21:15:00Z"",""headline"":"""",""iem_damagetag"":"""",""iem_emergency"":""False"",""iem_event_id"":""70"",""iem_forecaster"":""SHASHY"",""iem_gtype"":""P"",""iem_hailtag"":""0.75"",""iem_phenomena"":""SV"",""iem_raw_properties"":{""AREA_KM2"":""556.8933822909848"",""DAMAGTAG"":null,""EMERGENC"":""False"",""ETN"":""70"",""EXPIRED"":""202606132115"",""FCSTER"":""SHASHY"",""GTYPE"":""P"",""HAILTAG"":""0.75"",""HV_CAUSE"":null,""HV_NWSLI"":null,""HV_REC"":null,""HV_SEV"":null,""INIT_EXP"":""202606132115"",""INIT_ISS"":""202606132043"",""ISSUED"":""202606132043"",""NWS_UGC"":null,""PHENOM"":""SV"",""POLY_BEG"":""202606132043"",""POLY_END"":""202606132104"",""PROD_ID"":""202606132043-KJAX-WUUS52-SVRJAX"",""SIG"":""W"",""STATUS"":""NEW"",""TORNTAG"":null,""UPDATED"":""202606132043"",""VTEC_YR"":""2026"",""WFO"":""JAX"",""WINDTAG"":""60.0""},""iem_significance"":""W"",""iem_tornadotag"":"""",""iem_ugc"":"""",""iem_wfo"":""JAX"",""iem_windtag"":""60.0"",""senderName"":""JAX"",""status"":""NEW""}","{""geometry"":{""coordinates"":[[[-82.0,30.29],[-81.98,30.34],[-81.83,30.46],[-81.75,30.45],[-81.65,30.36],[-81.85,30.19],[-82.0,30.29]]],""type"":""Polygon""},""properties"":{""_map_py"":{""effective"":""2026-06-13T20:43:00Z"",""event"":""Severe Thunderstorm Warning"",""expires"":""2026-06-13T21:15:00Z"",""has_polygon"":true,""headline"":"""",""sender"":""JAX""},""effective"":""2026-06-13T20:43:00Z"",""event"":""Severe Thunderstorm Warning"",""expires"":""2026-06-13T21:15:00Z"",""headline"":"""",""iem_damagetag"":"""",""iem_emergency"":""False"",""iem_event_id"":""70"",""iem_forecaster"":""SHASHY"",""iem_gtype"":""P"",""iem_hailtag"":""0.75"",""iem_phenomena"":""SV"",""iem_raw_properties"":{""AREA_KM2"":""556.8933822909848"",""DAMAGTAG"":null,""EMERGENC"":""False"",""ETN"":""70"",""EXPIRED"":""202606132115"",""FCSTER"":""SHASHY"",""GTYPE"":""P"",""HAILTAG"":""0.75"",""HV_CAUSE"":null,""HV_NWSLI"":null,""HV_REC"":null,""HV_SEV"":null,""INIT_EXP"":""202606132115"",""INIT_ISS"":""202606132043"",""ISSUED"":""202606132043"",""NWS_UGC"":null,""PHENOM"":""SV"",""POLY_BEG"":""202606132043"",""POLY_END"":""202606132104"",""PROD_ID"":""202606132043-KJAX-WUUS52-SVRJAX"",""SIG"":""W"",""STATUS"":""NEW"",""TORNTAG"":null,""UPDATED"":""202606132043"",""VTEC_YR"":""2026"",""WFO"":""JAX"",""WINDTAG"":""60.0""},""iem_significance"":""W"",""iem_tornadotag"":"""",""iem_ugc"":"""",""iem_wfo"":""JAX"",""iem_windtag"":""60.0"",""senderName"":""JAX"",""status"":""NEW""},""type"":""Feature""}",2026-04-27T17:31:58Z,2026-07-09T05:15:02Z,2026-07-09T18:49:04Z
5276,iem_watchwarn,iem_watchwarn|LZK|207|SV|W|2026-06-13T20:45:00Z|2026-06-13T21:30:00Z|,Severe Thunderstorm Warning,,2026-06-13T20:45:00Z,2026-06-13T21:30:00Z,LZK,NEW,1,"{""coordinates"":[[[-92.84,35.97],[-92.43,36.19],[-91.85,36.09],[-92.3,35.68],[-92.63,35.79],[-92.84,35.97]]],""type"":""Polygon""}","{""_map_py"":{""effective"":""2026-06-13T20:45:00Z"",""event"":""Severe Thunderstorm Warning"",""expires"":""2026-06-13T21:30:00Z"",""has_polygon"":true,""headline"":"""",""sender"":""LZK""},""effective"":""2026-06-13T20:45:00Z"",""event"":""Severe Thunderstorm Warning"",""expires"":""2026-06-13T21:30:00Z"",""headline"":"""",""iem_damagetag"":"""",""iem_emergency"":""False"",""iem_event_id"":""207"",""iem_forecaster"":""74"",""iem_gtype"":""P"",""iem_hailtag"":""1.0"",""iem_phenomena"":""SV"",""iem_raw_properties"":{""AREA_KM2"":""2785.759734315417"",""DAMAGTAG"":null,""EMERGENC"":""False"",""ETN"":""207"",""EXPIRED"":""202606132130"",""FCSTER"":""74"",""GTYPE"":""P"",""HAILTAG"":""1.0"",""HV_CAUSE"":null,""HV_NWSLI"":null,""HV_REC"":null,""HV_SEV"":null,""INIT_EXP"":""202606132130"",""INIT_ISS"":""202606132045"",""ISSUED"":""202606132045"",""NWS_UGC"":null,""PHENOM"":""SV"",""POLY_BEG"":""202606132045"",""POLY_END"":""202606132113"",""PROD_ID"":""202606132045-KLZK-WUUS54-SVRLZK"",""SIG"":""W"",""STATUS"":""NEW"",""TORNTAG"":null,""UPDATED"":""202606132045"",""VTEC_YR"":""2026"",""WFO"":""LZK"",""WINDTAG"":""60.0""},""iem_significance"":""W"",""iem_tornadotag"":"""",""iem_ugc"":"""",""iem_wfo"":""LZK"",""iem_windtag"":""60.0"",""senderName"":""LZK"",""status"":""NEW""}","{""geometry"":{""coordinates"":[[[-92.84,35.97],[-92.43,36.19],[-91.85,36.09],[-92.3,35.68],[-92.63,35.79],[-92.84,35.97]]],""type"":""Polygon""},""properties"":{""_map_py"":{""effective"":""2026-06-13T20:45:00Z"",""event"":""Severe Thunderstorm Warning"",""expires"":""2026-06-13T21:30:00Z"",""has_polygon"":true,""headline"":"""",""sender"":""LZK""},""effective"":""2026-06-13T20:45:00Z"",""event"":""Severe Thunderstorm Warning"",""expires"":""2026-06-13T21:30:00Z"",""headline"":"""",""iem_damagetag"":"""",""iem_emergency"":""False"",""iem_event_id"":""207"",""iem_forecaster"":""74"",""iem_gtype"":""P"",""iem_hailtag"":""1.0"",""iem_phenomena"":""SV"",""iem_raw_properties"":{""AREA_KM2"":""2785.759734315417"",""DAMAGTAG"":null,""EMERGENC"":""False"",""ETN"":""207"",""EXPIRED"":""202606132130"",""FCSTER"":""74"",""GTYPE"":""P"",""HAILTAG"":""1.0"",""HV_CAUSE"":null,""HV_NWSLI"":null,""HV_REC"":null,""HV_SEV"":null,""INIT_EXP"":""202606132130"",""INIT_ISS"":""202606132045"",""ISSUED"":""202606132045"",""NWS_UGC"":null,""PHENOM"":""SV"",""POLY_BEG"":""202606132045"",""POLY_END"":""202606132113"",""PROD_ID"":""202606132045-KLZK-WUUS54-SVRLZK"",""SIG"":""W"",""STATUS"":""NEW"",""TORNTAG"":null,""UPDATED"":""202606132045"",""VTEC_YR"":""2026"",""WFO"":""LZK"",""WINDTAG"":""60.0""},""iem_significance"":""W"",""iem_tornadotag"":"""",""iem_ugc"":"""",""iem_wfo"":""LZK"",""iem_windtag"":""60.0"",""senderName"":""LZK"",""status"":""NEW""},""type"":""Feature""}",2026-04-27T17:31:58Z,2026-07-09T05:15:02Z,2026-07-09T18:49:04Z
6606,iem_watchwarn,iem_watchwarn|GID|185|SV|W|2026-06-13T20:45:00Z|2026-06-13T21:30:00Z|,Severe Thunderstorm Warning,,2026-06-13T20:45:00Z,2026-06-13T21:30:00Z,GID,NEW,1,"{""coordinates"":[[[-97.93,40.0],[-97.93,39.94],[-98.42,39.91],[-98.44,40.03],[-97.82,40.2],[-97.82,40.0],[-97.93,40.0]]],""type"":""Polygon""}","{""_map_py"":{""effective"":""2026-06-13T20:45:00Z"",""event"":""Severe Thunderstorm Warning"",""expires"":""2026-06-13T21:30:00Z"",""has_polygon"":true,""headline"":"""",""sender"":""GID""},""effective"":""2026-06-13T20:45:00Z"",""event"":""Severe Thunderstorm Warning"",""expires"":""2026-06-13T21:30:00Z"",""headline"":"""",""iem_damagetag"":"""",""iem_emergency"":""False"",""iem_event_id"":""185"",""iem_forecaster"":""Mangels"",""iem_gtype"":""P"",""iem_hailtag"":""1.0"",""iem_phenomena"":""SV"",""iem_raw_properties"":{""AREA_KM2"":""1029.8821628393966"",""DAMAGTAG"":null,""EMERGENC"":""False"",""ETN"":""185"",""EXPIRED"":""202606132130"",""FCSTER"":""Mangels"",""GTYPE"":""P"",""HAILTAG"":""1.0"",""HV_CAUSE"":null,""HV_NWSLI"":null,""HV_REC"":null,""HV_SEV"":null,""INIT_EXP"":""202606132130"",""INIT_ISS"":""202606132045"",""ISSUED"":""202606132045"",""NWS_UGC"":null,""PHENOM"":""SV"",""POLY_BEG"":""202606132045"",""POLY_END"":""202606132049"",""PROD_ID"":""202606132045-KGID-WUUS53-SVRGID"",""SIG"":""W"",""STATUS"":""NEW"",""TORNTAG"":null,""UPDATED"":""202606132045"",""VTEC_YR"":""2026"",""WFO"":""GID"",""WINDTAG"":""60.0""},""iem_significance"":""W"",""iem_tornadotag"":"""",""iem_ugc"":"""",""iem_wfo"":""GID"",""iem_windtag"":""60.0"",""senderName"":""GID"",""status"":""NEW""}","{""geometry"":{""coordinates"":[[[-97.93,40.0],[-97.93,39.94],[-98.42,39.91],[-98.44,40.03],[-97.82,40.2],[-97.82,40.0],[-97.93,40.0]]],""type"":""Polygon""},""properties"":{""_map_py"":{""effective"":""2026-06-13T20:45:00Z"",""event"":""Severe Thunderstorm Warning"",""expires"":""2026-06-13T21:30:00Z"",""has_polygon"":true,""headline"":"""",""sender"":""GID""},""effective"":""2026-06-13T20:45:00Z"",""event"":""Severe Thunderstorm Warning"",""expires"":""2026-06-13T21:30:00Z"",""headline"":"""",""iem_damagetag"":"""",""iem_emergency"":""False"",""iem_event_id"":""185"",""iem_forecaster"":""Mangels"",""iem_gtype"":""P"",""iem_hailtag"":""1.0"",""iem_phenomena"":""SV"",""iem_raw_properties"":{""AREA_KM2"":""1029.8821628393966"",""DAMAGTAG"":null,""EMERGENC"":""False"",""ETN"":""185"",""EXPIRED"":""202606132130"",""FCSTER"":""Mangels"",""GTYPE"":""P"",""HAILTAG"":""1.0"",""HV_CAUSE"":null,""HV_NWSLI"":null,""HV_REC"":null,""HV_SEV"":null,""INIT_EXP"":""202606132130"",""INIT_ISS"":""202606132045"",""ISSUED"":""202606132045"",""NWS_UGC"":null,""PHENOM"":""SV"",""POLY_BEG"":""202606132045"",""POLY_END"":""202606132049"",""PROD_ID"":""202606132045-KGID-WUUS53-SVRGID"",""SIG"":""W"",""STATUS"":""NEW"",""TORNTAG"":null,""UPDATED"":""202606132045"",""VTEC_YR"":""2026"",""WFO"":""GID"",""WINDTAG"":""60.0""},""iem_significance"":""W"",""iem_tornadotag"":"""",""iem_ugc"":"""",""iem_wfo"":""GID"",""iem_windtag"":""60.0"",""senderName"":""GID"",""status"":""NEW""},""type"":""Feature""}",2026-04-27T17:31:58Z,2026-07-09T05:15:02Z,2026-07-09T18:49:04Z
132,iem_watchwarn,iem_watchwarn|TOP|298|SV|W|2026-06-13T20:51:00Z|2026-06-13T21:30:00Z|,Severe Thunderstorm Warning,,2026-06-13T20:51:00Z,2026-06-13T21:30:00Z,TOP,NEW,1,"{""coordinates"":[[[-97.75,40.0],[-97.75,39.94],[-97.93,39.93],[-97.93,40.0],[-97.75,40.0]]],""type"":""Polygon""}","{""_map_py"":{""effective"":""2026-06-13T20:51:00Z"",""event"":""Severe Thunderstorm Warning"",""expires"":""2026-06-13T21:30:00Z"",""has_polygon"":true,""headline"":"""",""sender"":""TOP""},""effective"":""2026-06-13T20:51:00Z"",""event"":""Severe Thunderstorm Warning"",""expires"":""2026-06-13T21:30:00Z"",""headline"":"""",""iem_damagetag"":"""",""iem_emergency"":""False"",""iem_event_id"":""298"",""iem_forecaster"":""Prieto"",""iem_gtype"":""P"",""iem_hailtag"":""1.0"",""iem_phenomena"":""SV"",""iem_raw_properties"":{""AREA_KM2"":""110.86786803130259"",""DAMAGTAG"":null,""EMERGENC"":""False"",""ETN"":""298"",""EXPIRED"":""202606132130"",""FCSTER"":""Prieto"",""GTYPE"":""P"",""HAILTAG"":""1.0"",""HV_CAUSE"":null,""HV_NWSLI"":null,""HV_REC"":null,""HV_SEV"":null,""INIT_EXP"":""202606132130"",""INIT_ISS"":""202606132051"",""ISSUED"":""202606132051"",""NWS_UGC"":null,""PHENOM"":""SV"",""POLY_BEG"":""202606132051"",""POLY_END"":""202606132100"",""PROD_ID"":""202606132051-KTOP-WUUS53-SVRTOP"",""SIG"":""W"",""STATUS"":""NEW"",""TORNTAG"":null,""UPDATED"":""202606132051"",""VTEC_YR"":""2026"",""WFO"":""TOP"",""WINDTAG"":""60.0""},""iem_significance"":""W"",""iem_tornadotag"":"""",""iem_ugc"":"""",""iem_wfo"":""TOP"",""iem_windtag"":""60.0"",""senderName"":""TOP"",""status"":""NEW""}","{""geometry"":{""coordinates"":[[[-97.75,40.0],[-97.75,39.94],[-97.93,39.93],[-97.93,40.0],[-97.75,40.0]]],""type"":""Polygon""},""properties"":{""_map_py"":{""effective"":""2026-06-13T20:51:00Z"",""event"":""Severe Thunderstorm Warning"",""expires"":""2026-06-13T21:30:00Z"",""has_polygon"":true,""headline"":"""",""sender"":""TOP""},""effective"":""2026-06-13T20:51:00Z"",""event"":""Severe Thunderstorm Warning"",""expires"":""2026-06-13T21:30:00Z"",""headline"":"""",""iem_damagetag"":"""",""iem_emergency"":""False"",""iem_event_id"":""298"",""iem_forecaster"":""Prieto"",""iem_gtype"":""P"",""iem_hailtag"":""1.0"",""iem_phenomena"":""SV"",""iem_raw_properties"":{""AREA_KM2"":""110.86786803130259"",""DAMAGTAG"":null,""EMERGENC"":""False"",""ETN"":""298"",""EXPIRED"":""202606132130"",""FCSTER"":""Prieto"",""GTYPE"":""P"",""HAILTAG"":""1.0"",""HV_CAUSE"":null,""HV_NWSLI"":null,""HV_REC"":null,""HV_SEV"":null,""INIT_EXP"":""202606132130"",""INIT_ISS"":""202606132051"",""ISSUED"":""202606132051"",""NWS_UGC"":null,""PHENOM"":""SV"",""POLY_BEG"":""202606132051"",""POLY_END"":""202606132100"",""PROD_ID"":""202606132051-KTOP-WUUS53-SVRTOP"",""SIG"":""W"",""STATUS"":""NEW"",""TORNTAG"":null,""UPDATED"":""202606132051"",""VTEC_YR"":""2026"",""WFO"":""TOP"",""WINDTAG"":""60.0""},""iem_significance"":""W"",""iem_tornadotag"":"""",""iem_ugc"":"""",""iem_wfo"":""TOP"",""iem_windtag"":""60.0"",""senderName"":""TOP"",""status"":""NEW""},""type"":""Feature""}",2026-04-27T17:31:58Z,2026-07-09T05:15:02Z,2026-07-09T18:49:04Z
11332,iem_watchwarn,iem_watchwarn|MEG|142|SV|W|2026-06-13T20:55:00Z|2026-06-13T21:45:00Z|,Severe Thunderstorm Warning,,2026-06-13T20:55:00Z,2026-06-13T21:45:00Z,MEG,NEW,1,"{""coordinates"":[[[-88.89,36.5],[-88.91,36.4],[-88.95,36.4],[-88.95,36.21],[-89.0,36.0],[-89.72,35.97],[-89.73,36.0],[-89.82,36.0],[-89.61,36.41],[-89.54,36.34],[-89.52,36.35],[-89.51,36.36],[-89.55,36.42],[-89.52,36.46],[-89.54,36.5],[-89.49,36.5],[-89.49,36.47],[-89.47,36.46],[-89.42,36.5],[-89.33,36.51],[-88.89,36.5]]],""type"":""Polygon""}","{""_map_py"":{""effective"":""2026-06-13T20:55:00Z"",""event"":""Severe Thunderstorm Warning"",""expires"":""2026-06-13T21:45:00Z"",""has_polygon"":true,""headline"":"""",""sender"":""MEG""},""effective"":""2026-06-13T20:55:00Z"",""event"":""Severe Thunderstorm Warning"",""expires"":""2026-06-13T21:45:00Z"",""headline"":"""",""iem_damagetag"":"""",""iem_emergency"":""False"",""iem_event_id"":""142"",""iem_forecaster"":""CAD"",""iem_gtype"":""P"",""iem_hailtag"":""1.0"",""iem_phenomena"":""SV"",""iem_raw_properties"":{""AREA_KM2"":""3732.600078510571"",""DAMAGTAG"":null,""EMERGENC"":""False"",""ETN"":""142"",""EXPIRED"":""202606132145"",""FCSTER"":""CAD"",""GTYPE"":""P"",""HAILTAG"":""1.0"",""HV_CAUSE"":null,""HV_NWSLI"":null,""HV_REC"":null,""HV_SEV"":null,""INIT_EXP"":""202606132145"",""INIT_ISS"":""202606132055"",""ISSUED"":""202606132055"",""NWS_UGC"":null,""PHENOM"":""SV"",""POLY_BEG"":""202606132055"",""POLY_END"":""202606132111"",""PROD_ID"":""202606132055-KMEG-WUUS54-SVRMEG"",""SIG"":""W"",""STATUS"":""NEW"",""TORNTAG"":null,""UPDATED"":""202606132055"",""VTEC_YR"":""2026"",""WFO"":""MEG"",""WINDTAG"":""50.0""},""iem_significance"":""W"",""iem_tornadotag"":"""",""iem_ugc"":"""",""iem_wfo"":""MEG"",""iem_windtag"":""50.0"",""senderName"":""MEG"",""status"":""NEW""}","{""geometry"":{""coordinates"":[[[-88.89,36.5],[-88.91,36.4],[-88.95,36.4],[-88.95,36.21],[-89.0,36.0],[-89.72,35.97],[-89.73,36.0],[-89.82,36.0],[-89.61,36.41],[-89.54,36.34],[-89.52,36.35],[-89.51,36.36],[-89.55,36.42],[-89.52,36.46],[-89.54,36.5],[-89.49,36.5],[-89.49,36.47],[-89.47,36.46],[-89.42,36.5],[-89.33,36.51],[-88.89,36.5]]],""type"":""Polygon""},""properties"":{""_map_py"":{""effective"":""2026-06-13T20:55:00Z"",""event"":""Severe Thunderstorm Warning"",""expires"":""2026-06-13T21:45:00Z"",""has_polygon"":true,""headline"":"""",""sender"":""MEG""},""effective"":""2026-06-13T20:55:00Z"",""event"":""Severe Thunderstorm Warning"",""expires"":""2026-06-13T21:45:00Z"",""headline"":"""",""iem_damagetag"":"""",""iem_emergency"":""False"",""iem_event_id"":""142"",""iem_forecaster"":""CAD"",""iem_gtype"":""P"",""iem_hailtag"":""1.0"",""iem_phenomena"":""SV"",""iem_raw_properties"":{""AREA_KM2"":""3732.600078510571"",""DAMAGTAG"":null,""EMERGENC"":""False"",""ETN"":""142"",""EXPIRED"":""202606132145"",""FCSTER"":""CAD"",""GTYPE"":""P"",""HAILTAG"":""1.0"",""HV_CAUSE"":null,""HV_NWSLI"":null,""HV_REC"":null,""HV_SEV"":null,""INIT_EXP"":""202606132145"",""INIT_ISS"":""202606132055"",""ISSUED"":""202606132055"",""NWS_UGC"":null,""PHENOM"":""SV"",""POLY_BEG"":""202606132055"",""POLY_END"":""202606132111"",""PROD_ID"":""202606132055-KMEG-WUUS54-SVRMEG"",""SIG"":""W"",""STATUS"":""NEW"",""TORNTAG"":null,""UPDATED"":""202606132055"",""VTEC_YR"":""2026"",""WFO"":""MEG"",""WINDTAG"":""50.0""},""iem_significance"":""W"",""iem_tornadotag"":"""",""iem_ugc"":"""",""iem_wfo"":""MEG"",""iem_windtag"":""50.0"",""senderName"":""MEG"",""status"":""NEW""},""type"":""Feature""}",2026-04-27T17:31:58Z,2026-07-09T05:15:02Z,2026-07-09T18:49:04Z
1290,iem_watchwarn,iem_watchwarn|MEG|143|SV|W|2026-06-13T21:03:00Z|2026-06-13T21:30:00Z|,Severe Thunderstorm Warning,,2026-06-13T21:03:00Z,2026-06-13T21:30:00Z,MEG,NEW,1,"{""coordinates"":[[[-91.03,35.85],[-90.7,35.83],[-90.76,35.55],[-91.04,35.62],[-91.03,35.85]]],""type"":""Polygon""}","{""_map_py"":{""effective"":""2026-06-13T21:03:00Z"",""event"":""Severe Thunderstorm Warning"",""expires"":""2026-06-13T21:30:00Z"",""has_polygon"":true,""headline"":"""",""sender"":""MEG""},""effective"":""2026-06-13T21:03:00Z"",""event"":""Severe Thunderstorm Warning"",""expires"":""2026-06-13T21:30:00Z"",""headline"":"""",""iem_damagetag"":"""",""iem_emergency"":""False"",""iem_event_id"":""143"",""iem_forecaster"":""DNM"",""iem_gtype"":""P"",""iem_hailtag"":""1.25"",""iem_phenomena"":""SV"",""iem_raw_properties"":{""AREA_KM2"":""796.5606951196468"",""DAMAGTAG"":null,""EMERGENC"":""False"",""ETN"":""143"",""EXPIRED"":""202606132130"",""FCSTER"":""DNM"",""GTYPE"":""P"",""HAILTAG"":""1.25"",""HV_CAUSE"":null,""HV_NWSLI"":null,""HV_REC"":null,""HV_SEV"":null,""INIT_EXP"":""202606132145"",""INIT_ISS"":""202606132103"",""ISSUED"":""202606132103"",""NWS_UGC"":null,""PHENOM"":""SV"",""POLY_BEG"":""202606132103"",""POLY_END"":""202606132130"",""PROD_ID"":""202606132103-KMEG-WUUS54-SVRMEG"",""SIG"":""W"",""STATUS"":""NEW"",""TORNTAG"":null,""UPDATED"":""202606132103"",""VTEC_YR"":""2026"",""WFO"":""MEG"",""WINDTAG"":""60.0""},""iem_significance"":""W"",""iem_tornadotag"":"""",""iem_ugc"":"""",""iem_wfo"":""MEG"",""iem_windtag"":""60.0"",""senderName"":""MEG"",""status"":""NEW""}","{""geometry"":{""coordinates"":[[[-91.03,35.85],[-90.7,35.83],[-90.76,35.55],[-91.04,35.62],[-91.03,35.85]]],""type"":""Polygon""},""properties"":{""_map_py"":{""effective"":""2026-06-13T21:03:00Z"",""event"":""Severe Thunderstorm Warning"",""expires"":""2026-06-13T21:30:00Z"",""has_polygon"":true,""headline"":"""",""sender"":""MEG""},""effective"":""2026-06-13T21:03:00Z"",""event"":""Severe Thunderstorm Warning"",""expires"":""2026-06-13T21:30:00Z"",""headline"":"""",""iem_damagetag"":"""",""iem_emergency"":""False"",""iem_event_id"":""143"",""iem_forecaster"":""DNM"",""iem_gtype"":""P"",""iem_hailtag"":""1.25"",""iem_phenomena"":""SV"",""iem_raw_properties"":{""AREA_KM2"":""796.5606951196468"",""DAMAGTAG"":null,""EMERGENC"":""False"",""ETN"":""143"",""EXPIRED"":""202606132130"",""FCSTER"":""DNM"",""GTYPE"":""P"",""HAILTAG"":""1.25"",""HV_CAUSE"":null,""HV_NWSLI"":null,""HV_REC"":null,""HV_SEV"":null,""INIT_EXP"":""202606132145"",""INIT_ISS"":""202606132103"",""ISSUED"":""202606132103"",""NWS_UGC"":null,""PHENOM"":""SV"",""POLY_BEG"":""202606132103"",""POLY_END"":""202606132130"",""PROD_ID"":""202606132103-KMEG-WUUS54-SVRMEG"",""SIG"":""W"",""STATUS"":""NEW"",""TORNTAG"":null,""UPDATED"":""202606132103"",""VTEC_YR"":""2026"",""WFO"":""MEG"",""WINDTAG"":""60.0""},""iem_significance"":""W"",""iem_tornadotag"":"""",""iem_ugc"":"""",""iem_wfo"":""MEG"",""iem_windtag"":""60.0"",""senderName"":""MEG"",""status"":""NEW""},""type"":""Feature""}",2026-04-27T17:31:58Z,2026-07-09T05:15:02Z,2026-07-09T18:49:04Z
6605,iem_watchwarn,iem_watchwarn|GID|186|SV|W|2026-06-13T21:07:00Z|2026-06-13T22:00:00Z|,Severe Thunderstorm Warning,,2026-06-13T21:07:00Z,2026-06-13T22:00:00Z,GID,NEW,1,"{""coordinates"":[[[-97.93,40.0],[-97.93,39.89],[-98.11,39.9],[-98.11,40.07],[-97.37,40.18],[-97.37,40.0],[-97.93,40.0]]],""type"":""Polygon""}","{""_map_py"":{""effective"":""2026-06-13T21:07:00Z"",""event"":""Severe Thunderstorm Warning"",""expires"":""2026-06-13T22:00:00Z"",""has_polygon"":true,""headline"":"""",""sender"":""GID""},""effective"":""2026-06-13T21:07:00Z"",""event"":""Severe Thunderstorm Warning"",""expires"":""2026-06-13T22:00:00Z"",""headline"":"""",""iem_damagetag"":""CONSIDERABLE"",""iem_emergency"":""False"",""iem_event_id"":""186"",""iem_forecaster"":""Mangels"",""iem_gtype"":""P"",""iem_hailtag"":""1.75"",""iem_phenomena"":""SV"",""iem_raw_properties"":{""AREA_KM2"":""1056.2534060607659"",""DAMAGTAG"":""CONSIDERABLE"",""EMERGENC"":""False"",""ETN"":""186"",""EXPIRED"":""202606132200"",""FCSTER"":""Mangels"",""GTYPE"":""P"",""HAILTAG"":""1.75"",""HV_CAUSE"":null,""HV_NWSLI"":null,""HV_REC"":null,""HV_SEV"":null,""INIT_EXP"":""202606132200"",""INIT_ISS"":""202606132107"",""ISSUED"":""202606132107"",""NWS_UGC"":null,""PHENOM"":""SV"",""POLY_BEG"":""202606132107"",""POLY_END"":""202606132131"",""PROD_ID"":""202606132107-KGID-WUUS53-SVRGID"",""SIG"":""W"",""STATUS"":""NEW"",""TORNTAG"":null,""UPDATED"":""202606132107"",""VTEC_YR"":""2026"",""WFO"":""GID"",""WINDTAG"":""60.0""},""iem_significance"":""W"",""iem_tornadotag"":"""",""iem_ugc"":"""",""iem_wfo"":""GID"",""iem_windtag"":""60.0"",""senderName"":""GID"",""status"":""NEW""}","{""geometry"":{""coordinates"":[[[-97.93,40.0],[-97.93,39.89],[-98.11,39.9],[-98.11,40.07],[-97.37,40.18],[-97.37,40.0],[-97.93,40.0]]],""type"":""Polygon""},""properties"":{""_map_py"":{""effective"":""2026-06-13T21:07:00Z"",""event"":""Severe Thunderstorm Warning"",""expires"":""2026-06-13T22:00:00Z"",""has_polygon"":true,""headline"":"""",""sender"":""GID""},""effective"":""2026-06-13T21:07:00Z"",""event"":""Severe Thunderstorm Warning"",""expires"":""2026-06-13T22:00:00Z"",""headline"":"""",""iem_damagetag"":""CONSIDERABLE"",""iem_emergency"":""False"",""iem_event_id"":""186"",""iem_forecaster"":""Mangels"",""iem_gtype"":""P"",""iem_hailtag"":""1.75"",""iem_phenomena"":""SV"",""iem_raw_properties"":{""AREA_KM2"":""1056.2534060607659"",""DAMAGTAG"":""CONSIDERABLE"",""EMERGENC"":""False"",""ETN"":""186"",""EXPIRED"":""202606132200"",""FCSTER"":""Mangels"",""GTYPE"":""P"",""HAILTAG"":""1.75"",""HV_CAUSE"":null,""HV_NWSLI"":null,""HV_REC"":null,""HV_SEV"":null,""INIT_EXP"":""202606132200"",""INIT_ISS"":""202606132107"",""ISSUED"":""202606132107"",""NWS_UGC"":null,""PHENOM"":""SV"",""POLY_BEG"":""202606132107"",""POLY_END"":""202606132131"",""PROD_ID"":""202606132107-KGID-WUUS53-SVRGID"",""SIG"":""W"",""STATUS"":""NEW"",""TORNTAG"":null,""UPDATED"":""202606132107"",""VTEC_YR"":""2026"",""WFO"":""GID"",""WINDTAG"":""60.0""},""iem_significance"":""W"",""iem_tornadotag"":"""",""iem_ugc"":"""",""iem_wfo"":""GID"",""iem_windtag"":""60.0"",""senderName"":""GID"",""status"":""NEW""},""type"":""Feature""}",2026-04-27T17:31:58Z,2026-07-09T05:15:02Z,2026-07-09T18:49:04Z
765,iem_watchwarn,iem_watchwarn|LZK|208|SV|W|2026-06-13T21:08:00Z|2026-06-13T21:35:00Z|,Severe Thunderstorm Warning,,2026-06-13T21:08:00Z,2026-06-13T21:35:00Z,LZK,NEW,1,"{""coordinates"":[[[-93.3,35.33],[-93.38,35.45],[-93.06,35.68],[-92.9,35.39],[-93.3,35.33]]],""type"":""Polygon""}","{""_map_py"":{""effective"":""2026-06-13T21:08:00Z"",""event"":""Severe Thunderstorm Warning"",""expires"":""2026-06-13T21:35:00Z"",""has_polygon"":true,""headline"":"""",""sender"":""LZK""},""effective"":""2026-06-13T21:08:00Z"",""event"":""Severe Thunderstorm Warning"",""expires"":""2026-06-13T21:35:00Z"",""headline"":"""",""iem_damagetag"":"""",""iem_emergency"":""False"",""iem_event_id"":""208"",""iem_forecaster"":""62"",""iem_gtype"":""P"",""iem_hailtag"":""1.0"",""iem_phenomena"":""SV"",""iem_raw_properties"":{""AREA_KM2"":""918.7142003589365"",""DAMAGTAG"":null,""EMERGENC"":""False"",""ETN"":""208"",""EXPIRED"":""202606132135"",""FCSTER"":""62"",""GTYPE"":""P"",""HAILTAG"":""1.0"",""HV_CAUSE"":null,""HV_NWSLI"":null,""HV_REC"":null,""HV_SEV"":null,""INIT_EXP"":""202606132200"",""INIT_ISS"":""202606132108"",""ISSUED"":""202606132108"",""NWS_UGC"":null,""PHENOM"":""SV"",""POLY_BEG"":""202606132108"",""POLY_END"":""202606132123"",""PROD_ID"":""202606132108-KLZK-WUUS54-SVRLZK"",""SIG"":""W"",""STATUS"":""NEW"",""TORNTAG"":null,""UPDATED"":""202606132108"",""VTEC_YR"":""2026"",""WFO"":""LZK"",""WINDTAG"":""60.0""},""iem_significance"":""W"",""iem_tornadotag"":"""",""iem_ugc"":"""",""iem_wfo"":""LZK"",""iem_windtag"":""60.0"",""senderName"":""LZK"",""status"":""NEW""}","{""geometry"":{""coordinates"":[[[-93.3,35.33],[-93.38,35.45],[-93.06,35.68],[-92.9,35.39],[-93.3,35.33]]],""type"":""Polygon""},""properties"":{""_map_py"":{""effective"":""2026-06-13T21:08:00Z"",""event"":""Severe Thunderstorm Warning"",""expires"":""2026-06-13T21:35:00Z"",""has_polygon"":true,""headline"":"""",""sender"":""LZK""},""effective"":""2026-06-13T21:08:00Z"",""event"":""Severe Thunderstorm Warning"",""expires"":""2026-06-13T21:35:00Z"",""headline"":"""",""iem_damagetag"":"""",""iem_emergency"":""False"",""iem_event_id"":""208"",""iem_forecaster"":""62"",""iem_gtype"":""P"",""iem_hailtag"":""1.0"",""iem_phenomena"":""SV"",""iem_raw_properties"":{""AREA_KM2"":""918.7142003589365"",""DAMAGTAG"":null,""EMERGENC"":""False"",""ETN"":""208"",""EXPIRED"":""202606132135"",""FCSTER"":""62"",""GTYPE"":""P"",""HAILTAG"":""1.0"",""HV_CAUSE"":null,""HV_NWSLI"":null,""HV_REC"":null,""HV_SEV"":null,""INIT_EXP"":""202606132200"",""INIT_ISS"":""202606132108"",""ISSUED"":""202606132108"",""NWS_UGC"":null,""PHENOM"":""SV"",""POLY_BEG"":""202606132108"",""POLY_END"":""202606132123"",""PROD_ID"":""202606132108-KLZK-WUUS54-SVRLZK"",""SIG"":""W"",""STATUS"":""NEW"",""TORNTAG"":null,""UPDATED"":""202606132108"",""VTEC_YR"":""2026"",""WFO"":""LZK"",""WINDTAG"":""60.0""},""iem_significance"":""W"",""iem_tornadotag"":"""",""iem_ugc"":"""",""iem_wfo"":""LZK"",""iem_windtag"":""60.0"",""senderName"":""LZK"",""status"":""NEW""},""type"":""Feature""}",2026-04-27T17:31:58Z,2026-07-09T05:15:02Z,2026-07-09T18:49:04Z
2025,iem_watchwarn,iem_watchwarn|TOP|299|SV|W|2026-06-13T21:10:00Z|2026-06-13T21:45:00Z|,Severe Thunderstorm Warning,,2026-06-13T21:10:00Z,2026-06-13T21:45:00Z,TOP,NEW,1,"{""coordinates"":[[[-96.99,40.0],[-97.01,39.86],[-97.37,39.85],[-97.37,40.0],[-96.99,40.0]]],""type"":""Polygon""}","{""_map_py"":{""effective"":""2026-06-13T21:10:00Z"",""event"":""Severe Thunderstorm Warning"",""expires"":""2026-06-13T21:45:00Z"",""has_polygon"":true,""headline"":"""",""sender"":""TOP""},""effective"":""2026-06-13T21:10:00Z"",""event"":""Severe Thunderstorm Warning"",""expires"":""2026-06-13T21:45:00Z"",""headline"":"""",""iem_damagetag"":"""",""iem_emergency"":""False"",""iem_event_id"":""299"",""iem_forecaster"":""Prieto"",""iem_gtype"":""P"",""iem_hailtag"":""1.0"",""iem_phenomena"":""SV"",""iem_raw_properties"":{""AREA_KM2"":""508.2498849666935"",""DAMAGTAG"":null,""EMERGENC"":""False"",""ETN"":""299"",""EXPIRED"":""202606132145"",""FCSTER"":""Prieto"",""GTYPE"":""P"",""HAILTAG"":""1.0"",""HV_CAUSE"":null,""HV_NWSLI"":null,""HV_REC"":null,""HV_SEV"":null,""INIT_EXP"":""202606132145"",""INIT_ISS"":""202606132110"",""ISSUED"":""202606132110"",""NWS_UGC"":null,""PHENOM"":""SV"",""POLY_BEG"":""202606132110"",""POLY_END"":""202606132115"",""PROD_ID"":""202606132110-KTOP-WUUS53-SVRTOP"",""SIG"":""W"",""STATUS"":""NEW"",""TORNTAG"":null,""UPDATED"":""202606132110"",""VTEC_YR"":""2026"",""WFO"":""TOP"",""WINDTAG"":""60.0""},""iem_significance"":""W"",""iem_tornadotag"":"""",""iem_ugc"":"""",""iem_wfo"":""TOP"",""iem_windtag"":""60.0"",""senderName"":""TOP"",""status"":""NEW""}","{""geometry"":{""coordinates"":[[[-96.99,40.0],[-97.01,39.86],[-97.37,39.85],[-97.37,40.0],[-96.99,40.0]]],""type"":""Polygon""},""properties"":{""_map_py"":{""effective"":""2026-06-13T21:10:00Z"",""event"":""Severe Thunderstorm Warning"",""expires"":""2026-06-13T21:45:00Z"",""has_polygon"":true,""headline"":"""",""sender"":""TOP""},""effective"":""2026-06-13T21:10:00Z"",""event"":""Severe Thunderstorm Warning"",""expires"":""2026-06-13T21:45:00Z"",""headline"":"""",""iem_damagetag"":"""",""iem_emergency"":""False"",""iem_event_id"":""299"",""iem_forecaster"":""Prieto"",""iem_gtype"":""P"",""iem_hailtag"":""1.0"",""iem_phenomena"":""SV"",""iem_raw_properties"":{""AREA_KM2"":""508.2498849666935"",""DAMAGTAG"":null,""EMERGENC"":""False"",""ETN"":""299"",""EXPIRED"":""202606132145"",""FCSTER"":""Prieto"",""GTYPE"":""P"",""HAILTAG"":""1.0"",""HV_CAUSE"":null,""HV_NWSLI"":null,""HV_REC"":null,""HV_SEV"":null,""INIT_EXP"":""202606132145"",""INIT_ISS"":""202606132110"",""ISSUED"":""202606132110"",""NWS_UGC"":null,""PHENOM"":""SV"",""POLY_BEG"":""202606132110"",""POLY_END"":""202606132115"",""PROD_ID"":""202606132110-KTOP-WUUS53-SVRTOP"",""SIG"":""W"",""STATUS"":""NEW"",""TORNTAG"":null,""UPDATED"":""202606132110"",""VTEC_YR"":""2026"",""WFO"":""TOP"",""WINDTAG"":""60.0""},""iem_significance"":""W"",""iem_tornadotag"":"""",""iem_ugc"":"""",""iem_wfo"":""TOP"",""iem_windtag"":""60.0"",""senderName"":""TOP"",""status"":""NEW""},""type"":""Feature""}",2026-04-27T17:31:58Z,2026-07-09T05:15:02Z,2026-07-09T18:49:04Z
2217,iem_watchwarn,iem_watchwarn|PAH|167|SV|W|2026-06-13T21:12:00Z|2026-06-13T21:34:00Z|,Severe Thunderstorm Warning,,2026-06-13T21:12:00Z,2026-06-13T21:34:00Z,PAH,NEW,1,"{""coordinates"":[[[-87.4,37.35],[-87.4,37.44],[-87.17,37.49],[-87.15,37.35],[-87.4,37.35]]],""type"":""Polygon""}","{""_map_py"":{""effective"":""2026-06-13T21:12:00Z"",""event"":""Severe Thunderstorm Warning"",""expires"":""2026-06-13T21:34:00Z"",""has_polygon"":true,""headline"":"""",""sender"":""PAH""},""effective"":""2026-06-13T21:12:00Z"",""event"":""Severe Thunderstorm Warning"",""expires"":""2026-06-13T21:34:00Z"",""headline"":"""",""iem_damagetag"":"""",""iem_emergency"":""False"",""iem_event_id"":""167"",""iem_forecaster"":""ATL"",""iem_gtype"":""P"",""iem_hailtag"":""1.0"",""iem_phenomena"":""SV"",""iem_raw_properties"":{""AREA_KM2"":""273.51549066532897"",""DAMAGTAG"":null,""EMERGENC"":""False"",""ETN"":""167"",""EXPIRED"":""202606132134"",""FCSTER"":""ATL"",""GTYPE"":""P"",""HAILTAG"":""1.0"",""HV_CAUSE"":null,""HV_NWSLI"":null,""HV_REC"":null,""HV_SEV"":null,""INIT_EXP"":""202606132145"",""INIT_ISS"":""202606132112"",""ISSUED"":""202606132112"",""NWS_UGC"":null,""PHENOM"":""SV"",""POLY_BEG"":""202606132112"",""POLY_END"":""202606132118"",""PROD_ID"":""202606132112-KPAH-WUUS53-SVRPAH"",""SIG"":""W"",""STATUS"":""NEW"",""TORNTAG"":null,""UPDATED"":""202606132112"",""VTEC_YR"":""2026"",""WFO"":""PAH"",""WINDTAG"":""60.0""},""iem_significance"":""W"",""iem_tornadotag"":"""",""iem_ugc"":"""",""iem_wfo"":""PAH"",""iem_windtag"":""60.0"",""senderName"":""PAH"",""status"":""NEW""}","{""geometry"":{""coordinates"":[[[-87.4,37.35],[-87.4,37.44],[-87.17,37.49],[-87.15,37.35],[-87.4,37.35]]],""type"":""Polygon""},""properties"":{""_map_py"":{""effective"":""2026-06-13T21:12:00Z"",""event"":""Severe Thunderstorm Warning"",""expires"":""2026-06-13T21:34:00Z"",""has_polygon"":true,""headline"":"""",""sender"":""PAH""},""effective"":""2026-06-13T21:12:00Z"",""event"":""Severe Thunderstorm Warning"",""expires"":""2026-06-13T21:34:00Z"",""headline"":"""",""iem_damagetag"":"""",""iem_emergency"":""False"",""iem_event_id"":""167"",""iem_forecaster"":""ATL"",""iem_gtype"":""P"",""iem_hailtag"":""1.0"",""iem_phenomena"":""SV"",""iem_raw_properties"":{""AREA_KM2"":""273.51549066532897"",""DAMAGTAG"":null,""EMERGENC"":""False"",""ETN"":""167"",""EXPIRED"":""202606132134"",""FCSTER"":""ATL"",""GTYPE"":""P"",""HAILTAG"":""1.0"",""HV_CAUSE"":null,""HV_NWSLI"":null,""HV_REC"":null,""HV_SEV"":null,""INIT_EXP"":""202606132145"",""INIT_ISS"":""202606132112"",""ISSUED"":""202606132112"",""NWS_UGC"":null,""PHENOM"":""SV"",""POLY_BEG"":""202606132112"",""POLY_END"":""202606132118"",""PROD_ID"":""202606132112-KPAH-WUUS53-SVRPAH"",""SIG"":""W"",""STATUS"":""NEW"",""TORNTAG"":null,""UPDATED"":""202606132112"",""VTEC_YR"":""2026"",""WFO"":""PAH"",""WINDTAG"":""60.0""},""iem_significance"":""W"",""iem_tornadotag"":"""",""iem_ugc"":"""",""iem_wfo"":""PAH"",""iem_windtag"":""60.0"",""senderName"":""PAH"",""status"":""NEW""},""type"":""Feature""}",2026-04-27T17:31:58Z,2026-07-09T05:15:02Z,2026-07-09T18:49:04Z
2710,iem_watchwarn,iem_watchwarn|TOP|300|SV|W|2026-06-13T21:13:00Z|2026-06-13T22:00:00Z|,Severe Thunderstorm Warning,,2026-06-13T21:13:00Z,2026-06-13T22:00:00Z,TOP,NEW,1,"{""coordinates"":[[[-97.54,40.0],[-97.53,39.86],[-97.93,39.86],[-97.93,40.0],[-97.54,40.0]]],""type"":""Polygon""}","{""_map_py"":{""effective"":""2026-06-13T21:13:00Z"",""event"":""Severe Thunderstorm Warning"",""expires"":""2026-06-13T22:00:00Z"",""has_polygon"":true,""headline"":"""",""sender"":""TOP""},""effective"":""2026-06-13T21:13:00Z"",""event"":""Severe Thunderstorm Warning"",""expires"":""2026-06-13T22:00:00Z"",""headline"":"""",""iem_damagetag"":""CONSIDERABLE"",""iem_emergency"":""False"",""iem_event_id"":""300"",""iem_forecaster"":""Prieto"",""iem_gtype"":""P"",""iem_hailtag"":""2.0"",""iem_phenomena"":""SV"",""iem_raw_properties"":{""AREA_KM2"":""524.2766972378404"",""DAMAGTAG"":""CONSIDERABLE"",""EMERGENC"":""False"",""ETN"":""300"",""EXPIRED"":""202606132200"",""FCSTER"":""Prieto"",""GTYPE"":""P"",""HAILTAG"":""2.0"",""HV_CAUSE"":null,""HV_NWSLI"":null,""HV_REC"":null,""HV_SEV"":null,""INIT_EXP"":""202606132200"",""INIT_ISS"":""202606132113"",""ISSUED"":""202606132113"",""NWS_UGC"":null,""PHENOM"":""SV"",""POLY_BEG"":""202606132113"",""POLY_END"":""202606132125"",""PROD_ID"":""202606132113-KTOP-WUUS53-SVRTOP"",""SIG"":""W"",""STATUS"":""NEW"",""TORNTAG"":null,""UPDATED"":""202606132113"",""VTEC_YR"":""2026"",""WFO"":""TOP"",""WINDTAG"":""60.0""},""iem_significance"":""W"",""iem_tornadotag"":"""",""iem_ugc"":"""",""iem_wfo"":""TOP"",""iem_windtag"":""60.0"",""senderName"":""TOP"",""status"":""NEW""}","{""geometry"":{""coordinates"":[[[-97.54,40.0],[-97.53,39.86],[-97.93,39.86],[-97.93,40.0],[-97.54,40.0]]],""type"":""Polygon""},""properties"":{""_map_py"":{""effective"":""2026-06-13T21:13:00Z"",""event"":""Severe Thunderstorm Warning"",""expires"":""2026-06-13T22:00:00Z"",""has_polygon"":true,""headline"":"""",""sender"":""TOP""},""effective"":""2026-06-13T21:13:00Z"",""event"":""Severe Thunderstorm Warning"",""expires"":""2026-06-13T22:00:00Z"",""headline"":"""",""iem_damagetag"":""CONSIDERABLE"",""iem_emergency"":""False"",""iem_event_id"":""300"",""iem_forecaster"":""Prieto"",""iem_gtype"":""P"",""iem_hailtag"":""2.0"",""iem_phenomena"":""SV"",""iem_raw_properties"":{""AREA_KM2"":""524.2766972378404"",""DAMAGTAG"":""CONSIDERABLE"",""EMERGENC"":""False"",""ETN"":""300"",""EXPIRED"":""202606132200"",""FCSTER"":""Prieto"",""GTYPE"":""P"",""HAILTAG"":""2.0"",""HV_CAUSE"":null,""HV_NWSLI"":null,""HV_REC"":null,""HV_SEV"":null,""INIT_EXP"":""202606132200"",""INIT_ISS"":""202606132113"",""ISSUED"":""202606132113"",""NWS_UGC"":null,""PHENOM"":""SV"",""POLY_BEG"":""202606132113"",""POLY_END"":""202606132125"",""PROD_ID"":""202606132113-KTOP-WUUS53-SVRTOP"",""SIG"":""W"",""STATUS"":""NEW"",""TORNTAG"":null,""UPDATED"":""202606132113"",""VTEC_YR"":""2026"",""WFO"":""TOP"",""WINDTAG"":""60.0""},""iem_significance"":""W"",""iem_tornadotag"":"""",""iem_ugc"":"""",""iem_wfo"":""TOP"",""iem_windtag"":""60.0"",""senderName"":""TOP"",""status"":""NEW""},""type"":""Feature""}",2026-04-27T17:31:58Z,2026-07-09T05:15:02Z,2026-07-09T18:49:04Z
9189,iem_watchwarn,iem_watchwarn|RAH|37|SV|W|2026-06-13T21:16:00Z|2026-06-13T22:00:00Z|,Severe Thunderstorm Warning,,2026-06-13T21:16:00Z,2026-06-13T22:00:00Z,RAH,NEW,1,"{""coordinates"":[[[-78.45,34.8],[-78.45,34.81],[-78.46,34.81],[-78.47,34.83],[-78.49,34.84],[-78.5,34.85],[-78.66,34.85],[-78.43,35.01],[-78.2,34.89],[-78.43,34.78],[-78.45,34.8]]],""type"":""Polygon""}","{""_map_py"":{""effective"":""2026-06-13T21:16:00Z"",""event"":""Severe Thunderstorm Warning"",""expires"":""2026-06-13T22:00:00Z"",""has_polygon"":true,""headline"":"""",""sender"":""RAH""},""effective"":""2026-06-13T21:16:00Z"",""event"":""Severe Thunderstorm Warning"",""expires"":""2026-06-13T22:00:00Z"",""headline"":"""",""iem_damagetag"":"""",""iem_emergency"":""False"",""iem_event_id"":""37"",""iem_forecaster"":""CA"",""iem_gtype"":""P"",""iem_hailtag"":""1.0"",""iem_phenomena"":""SV"",""iem_raw_properties"":{""AREA_KM2"":""477.86249067885313"",""DAMAGTAG"":null,""EMERGENC"":""False"",""ETN"":""37"",""EXPIRED"":""202606132200"",""FCSTER"":""CA"",""GTYPE"":""P"",""HAILTAG"":""1.0"",""HV_CAUSE"":null,""HV_NWSLI"":null,""HV_REC"":null,""HV_SEV"":null,""INIT_EXP"":""202606132200"",""INIT_ISS"":""202606132116"",""ISSUED"":""202606132116"",""NWS_UGC"":null,""PHENOM"":""SV"",""POLY_BEG"":""202606132116"",""POLY_END"":""202606132153"",""PROD_ID"":""202606132116-KRAH-WUUS52-SVRRAH"",""SIG"":""W"",""STATUS"":""NEW"",""TORNTAG"":null,""UPDATED"":""202606132116"",""VTEC_YR"":""2026"",""WFO"":""RAH"",""WINDTAG"":""60.0""},""iem_significance"":""W"",""iem_tornadotag"":"""",""iem_ugc"":"""",""iem_wfo"":""RAH"",""iem_windtag"":""60.0"",""senderName"":""RAH"",""status"":""NEW""}","{""geometry"":{""coordinates"":[[[-78.45,34.8],[-78.45,34.81],[-78.46,34.81],[-78.47,34.83],[-78.49,34.84],[-78.5,34.85],[-78.66,34.85],[-78.43,35.01],[-78.2,34.89],[-78.43,34.78],[-78.45,34.8]]],""type"":""Polygon""},""properties"":{""_map_py"":{""effective"":""2026-06-13T21:16:00Z"",""event"":""Severe Thunderstorm Warning"",""expires"":""2026-06-13T22:00:00Z"",""has_polygon"":true,""headline"":"""",""sender"":""RAH""},""effective"":""2026-06-13T21:16:00Z"",""event"":""Severe Thunderstorm Warning"",""expires"":""2026-06-13T22:00:00Z"",""headline"":"""",""iem_damagetag"":"""",""iem_emergency"":""False"",""iem_event_id"":""37"",""iem_forecaster"":""CA"",""iem_gtype"":""P"",""iem_hailtag"":""1.0"",""iem_phenomena"":""SV"",""iem_raw_properties"":{""AREA_KM2"":""477.86249067885313"",""DAMAGTAG"":null,""EMERGENC"":""False"",""ETN"":""37"",""EXPIRED"":""202606132200"",""FCSTER"":""CA"",""GTYPE"":""P"",""HAILTAG"":""1.0"",""HV_CAUSE"":null,""HV_NWSLI"":null,""HV_REC"":null,""HV_SEV"":null,""INIT_EXP"":""202606132200"",""INIT_ISS"":""202606132116"",""ISSUED"":""202606132116"",""NWS_UGC"":null,""PHENOM"":""SV"",""POLY_BEG"":""202606132116"",""POLY_END"":""202606132153"",""PROD_ID"":""202606132116-KRAH-WUUS52-SVRRAH"",""SIG"":""W"",""STATUS"":""NEW"",""TORNTAG"":null,""UPDATED"":""202606132116"",""VTEC_YR"":""2026"",""WFO"":""RAH"",""WINDTAG"":""60.0""},""iem_significance"":""W"",""iem_tornadotag"":"""",""iem_ugc"":"""",""iem_wfo"":""RAH"",""iem_windtag"":""60.0"",""senderName"":""RAH"",""status"":""NEW""},""type"":""Feature""}",2026-04-27T17:31:58Z,2026-07-09T05:15:02Z,2026-07-09T18:49:04Z
5677,iem_watchwarn,iem_watchwarn|LZK|209|SV|W|2026-06-13T21:18:00Z|2026-06-13T21:34:00Z|,Severe Thunderstorm Warning,,2026-06-13T21:18:00Z,2026-06-13T21:34:00Z,LZK,NEW,1,"{""coordinates"":[[[-92.46,35.82],[-92.91,35.76],[-92.95,35.85],[-92.94,35.91],[-92.6,36.07],[-92.59,36.06],[-92.46,35.82]]],""type"":""Polygon""}","{""_map_py"":{""effective"":""2026-06-13T21:18:00Z"",""event"":""Severe Thunderstorm Warning"",""expires"":""2026-06-13T21:34:00Z"",""has_polygon"":true,""headline"":"""",""sender"":""LZK""},""effective"":""2026-06-13T21:18:00Z"",""event"":""Severe Thunderstorm Warning"",""expires"":""2026-06-13T21:34:00Z"",""headline"":"""",""iem_damagetag"":"""",""iem_emergency"":""False"",""iem_event_id"":""209"",""iem_forecaster"":""62"",""iem_gtype"":""P"",""iem_hailtag"":""1.0"",""iem_phenomena"":""SV"",""iem_raw_properties"":{""AREA_KM2"":""906.9027371415515"",""DAMAGTAG"":null,""EMERGENC"":""False"",""ETN"":""209"",""EXPIRED"":""202606132134"",""FCSTER"":""62"",""GTYPE"":""P"",""HAILTAG"":""1.0"",""HV_CAUSE"":null,""HV_NWSLI"":null,""HV_REC"":null,""HV_SEV"":null,""INIT_EXP"":""202606132145"",""INIT_ISS"":""202606132118"",""ISSUED"":""202606132118"",""NWS_UGC"":null,""PHENOM"":""SV"",""POLY_BEG"":""202606132118"",""POLY_END"":""202606132124"",""PROD_ID"":""202606132118-KLZK-WUUS54-SVRLZK"",""SIG"":""W"",""STATUS"":""NEW"",""TORNTAG"":null,""UPDATED"":""202606132118"",""VTEC_YR"":""2026"",""WFO"":""LZK"",""WINDTAG"":""60.0""},""iem_significance"":""W"",""iem_tornadotag"":"""",""iem_ugc"":"""",""iem_wfo"":""LZK"",""iem_windtag"":""60.0"",""senderName"":""LZK"",""status"":""NEW""}","{""geometry"":{""coordinates"":[[[-92.46,35.82],[-92.91,35.76],[-92.95,35.85],[-92.94,35.91],[-92.6,36.07],[-92.59,36.06],[-92.46,35.82]]],""type"":""Polygon""},""properties"":{""_map_py"":{""effective"":""2026-06-13T21:18:00Z"",""event"":""Severe Thunderstorm Warning"",""expires"":""2026-06-13T21:34:00Z"",""has_polygon"":true,""headline"":"""",""sender"":""LZK""},""effective"":""2026-06-13T21:18:00Z"",""event"":""Severe Thunderstorm Warning"",""expires"":""2026-06-13T21:34:00Z"",""headline"":"""",""iem_damagetag"":"""",""iem_emergency"":""False"",""iem_event_id"":""209"",""iem_forecaster"":""62"",""iem_gtype"":""P"",""iem_hailtag"":""1.0"",""iem_phenomena"":""SV"",""iem_raw_properties"":{""AREA_KM2"":""906.9027371415515"",""DAMAGTAG"":null,""EMERGENC"":""False"",""ETN"":""209"",""EXPIRED"":""202606132134"",""FCSTER"":""62"",""GTYPE"":""P"",""HAILTAG"":""1.0"",""HV_CAUSE"":null,""HV_NWSLI"":null,""HV_REC"":null,""HV_SEV"":null,""INIT_EXP"":""202606132145"",""INIT_ISS"":""202606132118"",""ISSUED"":""202606132118"",""NWS_UGC"":null,""PHENOM"":""SV"",""POLY_BEG"":""202606132118"",""POLY_END"":""202606132124"",""PROD_ID"":""202606132118-KLZK-WUUS54-SVRLZK"",""SIG"":""W"",""STATUS"":""NEW"",""TORNTAG"":null,""UPDATED"":""202606132118"",""VTEC_YR"":""2026"",""WFO"":""LZK"",""WINDTAG"":""60.0""},""iem_significance"":""W"",""iem_tornadotag"":"""",""iem_ugc"":"""",""iem_wfo"":""LZK"",""iem_windtag"":""60.0"",""senderName"":""LZK"",""status"":""NEW""},""type"":""Feature""}",2026-04-27T17:31:58Z,2026-07-09T05:15:02Z,2026-07-09T18:49:04Z
2515,iem_watchwarn,iem_watchwarn|LZK|210|SV|W|2026-06-13T21:19:00Z|2026-06-13T21:45:00Z|,Severe Thunderstorm Warning,,2026-06-13T21:19:00Z,2026-06-13T21:45:00Z,LZK,NEW,1,"{""coordinates"":[[[-92.38,35.71],[-92.08,36.1],[-91.49,36.09],[-91.93,35.54],[-92.38,35.71]]],""type"":""Polygon""}","{""_map_py"":{""effective"":""2026-06-13T21:19:00Z"",""event"":""Severe Thunderstorm Warning"",""expires"":""2026-06-13T21:45:00Z"",""has_polygon"":true,""headline"":"""",""sender"":""LZK""},""effective"":""2026-06-13T21:19:00Z"",""event"":""Severe Thunderstorm Warning"",""expires"":""2026-06-13T21:45:00Z"",""headline"":"""",""iem_damagetag"":"""",""iem_emergency"":""False"",""iem_event_id"":""210"",""iem_forecaster"":""74"",""iem_gtype"":""P"",""iem_hailtag"":""1.0"",""iem_phenomena"":""SV"",""iem_raw_properties"":{""AREA_KM2"":""2780.717653393573"",""DAMAGTAG"":null,""EMERGENC"":""False"",""ETN"":""210"",""EXPIRED"":""202606132145"",""FCSTER"":""74"",""GTYPE"":""P"",""HAILTAG"":""1.0"",""HV_CAUSE"":null,""HV_NWSLI"":null,""HV_REC"":null,""HV_SEV"":null,""INIT_EXP"":""202606132145"",""INIT_ISS"":""202606132119"",""ISSUED"":""202606132119"",""NWS_UGC"":null,""PHENOM"":""SV"",""POLY_BEG"":""202606132119"",""POLY_END"":""202606132140"",""PROD_ID"":""202606132119-KLZK-WUUS54-SVRLZK"",""SIG"":""W"",""STATUS"":""NEW"",""TORNTAG"":null,""UPDATED"":""202606132119"",""VTEC_YR"":""2026"",""WFO"":""LZK"",""WINDTAG"":""60.0""},""iem_significance"":""W"",""iem_tornadotag"":"""",""iem_ugc"":"""",""iem_wfo"":""LZK"",""iem_windtag"":""60.0"",""senderName"":""LZK"",""status"":""NEW""}","{""geometry"":{""coordinates"":[[[-92.38,35.71],[-92.08,36.1],[-91.49,36.09],[-91.93,35.54],[-92.38,35.71]]],""type"":""Polygon""},""properties"":{""_map_py"":{""effective"":""2026-06-13T21:19:00Z"",""event"":""Severe Thunderstorm Warning"",""expires"":""2026-06-13T21:45:00Z"",""has_polygon"":true,""headline"":"""",""sender"":""LZK""},""effective"":""2026-06-13T21:19:00Z"",""event"":""Severe Thunderstorm Warning"",""expires"":""2026-06-13T21:45:00Z"",""headline"":"""",""iem_damagetag"":"""",""iem_emergency"":""False"",""iem_event_id"":""210"",""iem_forecaster"":""74"",""iem_gtype"":""P"",""iem_hailtag"":""1.0"",""iem_phenomena"":""SV"",""iem_raw_properties"":{""AREA_KM2"":""2780.717653393573"",""DAMAGTAG"":null,""EMERGENC"":""False"",""ETN"":""210"",""EXPIRED"":""202606132145"",""FCSTER"":""74"",""GTYPE"":""P"",""HAILTAG"":""1.0"",""HV_CAUSE"":null,""HV_NWSLI"":null,""HV_REC"":null,""HV_SEV"":null,""INIT_EXP"":""202606132145"",""INIT_ISS"":""202606132119"",""ISSUED"":""202606132119"",""NWS_UGC"":null,""PHENOM"":""SV"",""POLY_BEG"":""202606132119"",""POLY_END"":""202606132140"",""PROD_ID"":""202606132119-KLZK-WUUS54-SVRLZK"",""SIG"":""W"",""STATUS"":""NEW"",""TORNTAG"":null,""UPDATED"":""202606132119"",""VTEC_YR"":""2026"",""WFO"":""LZK"",""WINDTAG"":""60.0""},""iem_significance"":""W"",""iem_tornadotag"":"""",""iem_ugc"":"""",""iem_wfo"":""LZK"",""iem_windtag"":""60.0"",""senderName"":""LZK"",""status"":""NEW""},""type"":""Feature""}",2026-04-27T17:31:58Z,2026-07-09T05:15:02Z,2026-07-09T18:49:04Z
6917,iem_watchwarn,iem_watchwarn|TOP|301|SV|W|2026-06-13T21:29:00Z|2026-06-13T22:15:00Z|,Severe Thunderstorm Warning,,2026-06-13T21:29:00Z,2026-06-13T22:15:00Z,TOP,NEW,1,"{""coordinates"":[[[-97.55,40.0],[-97.37,39.96],[-97.37,39.95],[-97.58,39.78],[-97.93,39.75],[-97.93,39.9],[-97.72,40.0],[-97.55,40.0]]],""type"":""Polygon""}","{""_map_py"":{""effective"":""2026-06-13T21:29:00Z"",""event"":""Severe Thunderstorm Warning"",""expires"":""2026-06-13T22:15:00Z"",""has_polygon"":true,""headline"":"""",""sender"":""TOP""},""effective"":""2026-06-13T21:29:00Z"",""event"":""Severe Thunderstorm Warning"",""expires"":""2026-06-13T22:15:00Z"",""headline"":"""",""iem_damagetag"":""CONSIDERABLE"",""iem_emergency"":""False"",""iem_event_id"":""301"",""iem_forecaster"":""Prieto"",""iem_gtype"":""P"",""iem_hailtag"":""1.75"",""iem_phenomena"":""SV"",""iem_raw_properties"":{""AREA_KM2"":""915.2416178040683"",""DAMAGTAG"":""CONSIDERABLE"",""EMERGENC"":""False"",""ETN"":""301"",""EXPIRED"":""202606132215"",""FCSTER"":""Prieto"",""GTYPE"":""P"",""HAILTAG"":""1.75"",""HV_CAUSE"":null,""HV_NWSLI"":null,""HV_REC"":null,""HV_SEV"":null,""INIT_EXP"":""202606132215"",""INIT_ISS"":""202606132129"",""ISSUED"":""202606132129"",""NWS_UGC"":null,""PHENOM"":""SV"",""POLY_BEG"":""202606132129"",""POLY_END"":""202606132149"",""PROD_ID"":""202606132129-KTOP-WUUS53-SVRTOP"",""SIG"":""W"",""STATUS"":""NEW"",""TORNTAG"":null,""UPDATED"":""202606132129"",""VTEC_YR"":""2026"",""WFO"":""TOP"",""WINDTAG"":""70.0""},""iem_significance"":""W"",""iem_tornadotag"":"""",""iem_ugc"":"""",""iem_wfo"":""TOP"",""iem_windtag"":""70.0"",""senderName"":""TOP"",""status"":""NEW""}","{""geometry"":{""coordinates"":[[[-97.55,40.0],[-97.37,39.96],[-97.37,39.95],[-97.58,39.78],[-97.93,39.75],[-97.93,39.9],[-97.72,40.0],[-97.55,40.0]]],""type"":""Polygon""},""properties"":{""_map_py"":{""effective"":""2026-06-13T21:29:00Z"",""event"":""Severe Thunderstorm Warning"",""expires"":""2026-06-13T22:15:00Z"",""has_polygon"":true,""headline"":"""",""sender"":""TOP""},""effective"":""2026-06-13T21:29:00Z"",""event"":""Severe Thunderstorm Warning"",""expires"":""2026-06-13T22:15:00Z"",""headline"":"""",""iem_damagetag"":""CONSIDERABLE"",""iem_emergency"":""False"",""iem_event_id"":""301"",""iem_forecaster"":""Prieto"",""iem_gtype"":""P"",""iem_hailtag"":""1.75"",""iem_phenomena"":""SV"",""iem_raw_properties"":{""AREA_KM2"":""915.2416178040683"",""DAMAGTAG"":""CONSIDERABLE"",""EMERGENC"":""False"",""ETN"":""301"",""EXPIRED"":""202606132215"",""FCSTER"":""Prieto"",""GTYPE"":""P"",""HAILTAG"":""1.75"",""HV_CAUSE"":null,""HV_NWSLI"":null,""HV_REC"":null,""HV_SEV"":null,""INIT_EXP"":""202606132215"",""INIT_ISS"":""202606132129"",""ISSUED"":""202606132129"",""NWS_UGC"":null,""PHENOM"":""SV"",""POLY_BEG"":""202606132129"",""POLY_END"":""202606132149"",""PROD_ID"":""202606132129-KTOP-WUUS53-SVRTOP"",""SIG"":""W"",""STATUS"":""NEW"",""TORNTAG"":null,""UPDATED"":""202606132129"",""VTEC_YR"":""2026"",""WFO"":""TOP"",""WINDTAG"":""70.0""},""iem_significance"":""W"",""iem_tornadotag"":"""",""iem_ugc"":"""",""iem_wfo"":""TOP"",""iem_windtag"":""70.0"",""senderName"":""TOP"",""status"":""NEW""},""type"":""Feature""}",2026-04-27T17:31:58Z,2026-07-09T05:15:02Z,2026-07-09T18:49:04Z
4124,iem_watchwarn,iem_watchwarn|OAX|260|SV|W|2026-06-13T21:32:00Z|2026-06-13T22:15:00Z|,Severe Thunderstorm Warning,,2026-06-13T21:32:00Z,2026-06-13T22:15:00Z,OAX,NEW,1,"{""coordinates"":[[[-97.28,40.01],[-97.27,40.06],[-96.86,40.18],[-96.86,40.0],[-97.25,40.0],[-97.28,40.01]]],""type"":""Polygon""}","{""_map_py"":{""effective"":""2026-06-13T21:32:00Z"",""event"":""Severe Thunderstorm Warning"",""expires"":""2026-06-13T22:15:00Z"",""has_polygon"":true,""headline"":"""",""sender"":""OAX""},""effective"":""2026-06-13T21:32:00Z"",""event"":""Severe Thunderstorm Warning"",""expires"":""2026-06-13T22:15:00Z"",""headline"":"""",""iem_damagetag"":"""",""iem_emergency"":""False"",""iem_event_id"":""260"",""iem_forecaster"":""Wood"",""iem_gtype"":""P"",""iem_hailtag"":""1.0"",""iem_phenomena"":""SV"",""iem_raw_properties"":{""AREA_KM2"":""467.6576241270606"",""DAMAGTAG"":null,""EMERGENC"":""False"",""ETN"":""260"",""EXPIRED"":""202606132215"",""FCSTER"":""Wood"",""GTYPE"":""P"",""HAILTAG"":""1.0"",""HV_CAUSE"":null,""HV_NWSLI"":null,""HV_REC"":null,""HV_SEV"":null,""INIT_EXP"":""202606132215"",""INIT_ISS"":""202606132132"",""ISSUED"":""202606132132"",""NWS_UGC"":null,""PHENOM"":""SV"",""POLY_BEG"":""202606132132"",""POLY_END"":""202606132144"",""PROD_ID"":""202606132132-KOAX-WUUS53-SVROAX"",""SIG"":""W"",""STATUS"":""NEW"",""TORNTAG"":null,""UPDATED"":""202606132132"",""VTEC_YR"":""2026"",""WFO"":""OAX"",""WINDTAG"":""60.0""},""iem_significance"":""W"",""iem_tornadotag"":"""",""iem_ugc"":"""",""iem_wfo"":""OAX"",""iem_windtag"":""60.0"",""senderName"":""OAX"",""status"":""NEW""}","{""geometry"":{""coordinates"":[[[-97.28,40.01],[-97.27,40.06],[-96.86,40.18],[-96.86,40.0],[-97.25,40.0],[-97.28,40.01]]],""type"":""Polygon""},""properties"":{""_map_py"":{""effective"":""2026-06-13T21:32:00Z"",""event"":""Severe Thunderstorm Warning"",""expires"":""2026-06-13T22:15:00Z"",""has_polygon"":true,""headline"":"""",""sender"":""OAX""},""effective"":""2026-06-13T21:32:00Z"",""event"":""Severe Thunderstorm Warning"",""expires"":""2026-06-13T22:15:00Z"",""headline"":"""",""iem_damagetag"":"""",""iem_emergency"":""False"",""iem_event_id"":""260"",""iem_forecaster"":""Wood"",""iem_gtype"":""P"",""iem_hailtag"":""1.0"",""iem_phenomena"":""SV"",""iem_raw_properties"":{""AREA_KM2"":""467.6576241270606"",""DAMAGTAG"":null,""EMERGENC"":""False"",""ETN"":""260"",""EXPIRED"":""202606132215"",""FCSTER"":""Wood"",""GTYPE"":""P"",""HAILTAG"":""1.0"",""HV_CAUSE"":null,""HV_NWSLI"":null,""HV_REC"":null,""HV_SEV"":null,""INIT_EXP"":""202606132215"",""INIT_ISS"":""202606132132"",""ISSUED"":""202606132132"",""NWS_UGC"":null,""PHENOM"":""SV"",""POLY_BEG"":""202606132132"",""POLY_END"":""202606132144"",""PROD_ID"":""202606132132-KOAX-WUUS53-SVROAX"",""SIG"":""W"",""STATUS"":""NEW"",""TORNTAG"":null,""UPDATED"":""202606132132"",""VTEC_YR"":""2026"",""WFO"":""OAX"",""WINDTAG"":""60.0""},""iem_significance"":""W"",""iem_tornadotag"":"""",""iem_ugc"":"""",""iem_wfo"":""OAX"",""iem_windtag"":""60.0"",""senderName"":""OAX"",""status"":""NEW""},""type"":""Feature""}",2026-04-27T17:31:58Z,2026-07-09T05:15:02Z,2026-07-09T18:49:04Z
3143,iem_watchwarn,iem_watchwarn|GID|187|SV|W|2026-06-13T21:38:00Z|2026-06-13T22:00:00Z|,Severe Thunderstorm Warning,,2026-06-13T21:38:00Z,2026-06-13T22:00:00Z,GID,NEW,1,"{""coordinates"":[[[-98.02,39.82],[-98.06,39.9],[-97.93,39.89],[-97.93,39.8],[-98.02,39.82]]],""type"":""Polygon""}","{""_map_py"":{""effective"":""2026-06-13T21:38:00Z"",""event"":""Severe Thunderstorm Warning"",""expires"":""2026-06-13T22:00:00Z"",""has_polygon"":true,""headline"":"""",""sender"":""GID""},""effective"":""2026-06-13T21:38:00Z"",""event"":""Severe Thunderstorm Warning"",""expires"":""2026-06-13T22:00:00Z"",""headline"":"""",""iem_damagetag"":""CONSIDERABLE"",""iem_emergency"":""False"",""iem_event_id"":""187"",""iem_forecaster"":""Davis"",""iem_gtype"":""P"",""iem_hailtag"":""1.75"",""iem_phenomena"":""SV"",""iem_raw_properties"":{""AREA_KM2"":""85.90152084522617"",""DAMAGTAG"":""CONSIDERABLE"",""EMERGENC"":""False"",""ETN"":""187"",""EXPIRED"":""202606132200"",""FCSTER"":""Davis"",""GTYPE"":""P"",""HAILTAG"":""1.75"",""HV_CAUSE"":null,""HV_NWSLI"":null,""HV_REC"":null,""HV_SEV"":null,""INIT_EXP"":""202606132200"",""INIT_ISS"":""202606132138"",""ISSUED"":""202606132138"",""NWS_UGC"":null,""PHENOM"":""SV"",""POLY_BEG"":""202606132138"",""POLY_END"":""202606132150"",""PROD_ID"":""202606132138-KGID-WUUS53-SVRGID"",""SIG"":""W"",""STATUS"":""NEW"",""TORNTAG"":null,""UPDATED"":""202606132138"",""VTEC_YR"":""2026"",""WFO"":""GID"",""WINDTAG"":""50.0""},""iem_significance"":""W"",""iem_tornadotag"":"""",""iem_ugc"":"""",""iem_wfo"":""GID"",""iem_windtag"":""50.0"",""senderName"":""GID"",""status"":""NEW""}","{""geometry"":{""coordinates"":[[[-98.02,39.82],[-98.06,39.9],[-97.93,39.89],[-97.93,39.8],[-98.02,39.82]]],""type"":""Polygon""},""properties"":{""_map_py"":{""effective"":""2026-06-13T21:38:00Z"",""event"":""Severe Thunderstorm Warning"",""expires"":""2026-06-13T22:00:00Z"",""has_polygon"":true,""headline"":"""",""sender"":""GID""},""effective"":""2026-06-13T21:38:00Z"",""event"":""Severe Thunderstorm Warning"",""expires"":""2026-06-13T22:00:00Z"",""headline"":"""",""iem_damagetag"":""CONSIDERABLE"",""iem_emergency"":""False"",""iem_event_id"":""187"",""iem_forecaster"":""Davis"",""iem_gtype"":""P"",""iem_hailtag"":""1.75"",""iem_phenomena"":""SV"",""iem_raw_properties"":{""AREA_KM2"":""85.90152084522617"",""DAMAGTAG"":""CONSIDERABLE"",""EMERGENC"":""False"",""ETN"":""187"",""EXPIRED"":""202606132200"",""FCSTER"":""Davis"",""GTYPE"":""P"",""HAILTAG"":""1.75"",""HV_CAUSE"":null,""HV_NWSLI"":null,""HV_REC"":null,""HV_SEV"":null,""INIT_EXP"":""202606132200"",""INIT_ISS"":""202606132138"",""ISSUED"":""202606132138"",""NWS_UGC"":null,""PHENOM"":""SV"",""POLY_BEG"":""202606132138"",""POLY_END"":""202606132150"",""PROD_ID"":""202606132138-KGID-WUUS53-SVRGID"",""SIG"":""W"",""STATUS"":""NEW"",""TORNTAG"":null,""UPDATED"":""202606132138"",""VTEC_YR"":""2026"",""WFO"":""GID"",""WINDTAG"":""50.0""},""iem_significance"":""W"",""iem_tornadotag"":"""",""iem_ugc"":"""",""iem_wfo"":""GID"",""iem_windtag"":""50.0"",""senderName"":""GID"",""status"":""NEW""},""type"":""Feature""}",2026-04-27T17:31:58Z,2026-07-09T05:15:02Z,2026-07-09T18:49:04Z
2262,iem_watchwarn,iem_watchwarn|TOP|302|SV|W|2026-06-13T21:40:00Z|2026-06-13T22:15:00Z|,Severe Thunderstorm Warning,,2026-06-13T21:40:00Z,2026-06-13T22:15:00Z,TOP,NEW,1,"{""coordinates"":[[[-96.81,40.0],[-96.81,39.85],[-97.23,39.88],[-97.24,40.0],[-96.81,40.0]]],""type"":""Polygon""}","{""_map_py"":{""effective"":""2026-06-13T21:40:00Z"",""event"":""Severe Thunderstorm Warning"",""expires"":""2026-06-13T22:15:00Z"",""has_polygon"":true,""headline"":"""",""sender"":""TOP""},""effective"":""2026-06-13T21:40:00Z"",""event"":""Severe Thunderstorm Warning"",""expires"":""2026-06-13T22:15:00Z"",""headline"":"""",""iem_damagetag"":""CONSIDERABLE"",""iem_emergency"":""False"",""iem_event_id"":""302"",""iem_forecaster"":""Prieto"",""iem_gtype"":""P"",""iem_hailtag"":""2.5"",""iem_phenomena"":""SV"",""iem_raw_properties"":{""AREA_KM2"":""543.2738849769336"",""DAMAGTAG"":""CONSIDERABLE"",""EMERGENC"":""False"",""ETN"":""302"",""EXPIRED"":""202606132215"",""FCSTER"":""Prieto"",""GTYPE"":""P"",""HAILTAG"":""2.5"",""HV_CAUSE"":null,""HV_NWSLI"":null,""HV_REC"":null,""HV_SEV"":null,""INIT_EXP"":""202606132215"",""INIT_ISS"":""202606132140"",""ISSUED"":""202606132140"",""NWS_UGC"":null,""PHENOM"":""SV"",""POLY_BEG"":""202606132140"",""POLY_END"":""202606132157"",""PROD_ID"":""202606132140-KTOP-WUUS53-SVRTOP"",""SIG"":""W"",""STATUS"":""NEW"",""TORNTAG"":null,""UPDATED"":""202606132140"",""VTEC_YR"":""2026"",""WFO"":""TOP"",""WINDTAG"":""60.0""},""iem_significance"":""W"",""iem_tornadotag"":"""",""iem_ugc"":"""",""iem_wfo"":""TOP"",""iem_windtag"":""60.0"",""senderName"":""TOP"",""status"":""NEW""}","{""geometry"":{""coordinates"":[[[-96.81,40.0],[-96.81,39.85],[-97.23,39.88],[-97.24,40.0],[-96.81,40.0]]],""type"":""Polygon""},""properties"":{""_map_py"":{""effective"":""2026-06-13T21:40:00Z"",""event"":""Severe Thunderstorm Warning"",""expires"":""2026-06-13T22:15:00Z"",""has_polygon"":true,""headline"":"""",""sender"":""TOP""},""effective"":""2026-06-13T21:40:00Z"",""event"":""Severe Thunderstorm Warning"",""expires"":""2026-06-13T22:15:00Z"",""headline"":"""",""iem_damagetag"":""CONSIDERABLE"",""iem_emergency"":""False"",""iem_event_id"":""302"",""iem_forecaster"":""Prieto"",""iem_gtype"":""P"",""iem_hailtag"":""2.5"",""iem_phenomena"":""SV"",""iem_raw_properties"":{""AREA_KM2"":""543.2738849769336"",""DAMAGTAG"":""CONSIDERABLE"",""EMERGENC"":""False"",""ETN"":""302"",""EXPIRED"":""202606132215"",""FCSTER"":""Prieto"",""GTYPE"":""P"",""HAILTAG"":""2.5"",""HV_CAUSE"":null,""HV_NWSLI"":null,""HV_REC"":null,""HV_SEV"":null,""INIT_EXP"":""202606132215"",""INIT_ISS"":""202606132140"",""ISSUED"":""202606132140"",""NWS_UGC"":null,""PHENOM"":""SV"",""POLY_BEG"":""202606132140"",""POLY_END"":""202606132157"",""PROD_ID"":""202606132140-KTOP-WUUS53-SVRTOP"",""SIG"":""W"",""STATUS"":""NEW"",""TORNTAG"":null,""UPDATED"":""202606132140"",""VTEC_YR"":""2026"",""WFO"":""TOP"",""WINDTAG"":""60.0""},""iem_significance"":""W"",""iem_tornadotag"":"""",""iem_ugc"":"""",""iem_wfo"":""TOP"",""iem_windtag"":""60.0"",""senderName"":""TOP"",""status"":""NEW""},""type"":""Feature""}",2026-04-27T17:31:58Z,2026-07-09T05:15:02Z,2026-07-09T18:49:04Z
3529,iem_watchwarn,iem_watchwarn|TSA|249|SV|W|2026-06-13T21:52:00Z|2026-06-13T22:30:00Z|,Severe Thunderstorm Warning,,2026-06-13T21:52:00Z,2026-06-13T22:30:00Z,TSA,NEW,1,"{""coordinates"":[[[-95.0,36.49],[-95.0,36.46],[-95.34,36.43],[-95.42,36.59],[-95.11,36.71],[-95.0,36.49]]],""type"":""Polygon""}","{""_map_py"":{""effective"":""2026-06-13T21:52:00Z"",""event"":""Severe Thunderstorm Warning"",""expires"":""2026-06-13T22:30:00Z"",""has_polygon"":true,""headline"":"""",""sender"":""TSA""},""effective"":""2026-06-13T21:52:00Z"",""event"":""Severe Thunderstorm Warning"",""expires"":""2026-06-13T22:30:00Z"",""headline"":"""",""iem_damagetag"":"""",""iem_emergency"":""False"",""iem_event_id"":""249"",""iem_forecaster"":"""",""iem_gtype"":""P"",""iem_hailtag"":""1.0"",""iem_phenomena"":""SV"",""iem_raw_properties"":{""AREA_KM2"":""749.0093070405601"",""DAMAGTAG"":null,""EMERGENC"":""False"",""ETN"":""249"",""EXPIRED"":""202606132230"",""FCSTER"":null,""GTYPE"":""P"",""HAILTAG"":""1.0"",""HV_CAUSE"":null,""HV_NWSLI"":null,""HV_REC"":null,""HV_SEV"":null,""INIT_EXP"":""202606132230"",""INIT_ISS"":""202606132152"",""ISSUED"":""202606132152"",""NWS_UGC"":null,""PHENOM"":""SV"",""POLY_BEG"":""202606132152"",""POLY_END"":""202606132156"",""PROD_ID"":""202606132152-KTSA-WUUS54-SVRTSA"",""SIG"":""W"",""STATUS"":""NEW"",""TORNTAG"":null,""UPDATED"":""202606132152"",""VTEC_YR"":""2026"",""WFO"":""TSA"",""WINDTAG"":""60.0""},""iem_significance"":""W"",""iem_tornadotag"":"""",""iem_ugc"":"""",""iem_wfo"":""TSA"",""iem_windtag"":""60.0"",""senderName"":""TSA"",""status"":""NEW""}","{""geometry"":{""coordinates"":[[[-95.0,36.49],[-95.0,36.46],[-95.34,36.43],[-95.42,36.59],[-95.11,36.71],[-95.0,36.49]]],""type"":""Polygon""},""properties"":{""_map_py"":{""effective"":""2026-06-13T21:52:00Z"",""event"":""Severe Thunderstorm Warning"",""expires"":""2026-06-13T22:30:00Z"",""has_polygon"":true,""headline"":"""",""sender"":""TSA""},""effective"":""2026-06-13T21:52:00Z"",""event"":""Severe Thunderstorm Warning"",""expires"":""2026-06-13T22:30:00Z"",""headline"":"""",""iem_damagetag"":"""",""iem_emergency"":""False"",""iem_event_id"":""249"",""iem_forecaster"":"""",""iem_gtype"":""P"",""iem_hailtag"":""1.0"",""iem_phenomena"":""SV"",""iem_raw_properties"":{""AREA_KM2"":""749.0093070405601"",""DAMAGTAG"":null,""EMERGENC"":""False"",""ETN"":""249"",""EXPIRED"":""202606132230"",""FCSTER"":null,""GTYPE"":""P"",""HAILTAG"":""1.0"",""HV_CAUSE"":null,""HV_NWSLI"":null,""HV_REC"":null,""HV_SEV"":null,""INIT_EXP"":""202606132230"",""INIT_ISS"":""202606132152"",""ISSUED"":""202606132152"",""NWS_UGC"":null,""PHENOM"":""SV"",""POLY_BEG"":""202606132152"",""POLY_END"":""202606132156"",""PROD_ID"":""202606132152-KTSA-WUUS54-SVRTSA"",""SIG"":""W"",""STATUS"":""NEW"",""TORNTAG"":null,""UPDATED"":""202606132152"",""VTEC_YR"":""2026"",""WFO"":""TSA"",""WINDTAG"":""60.0""},""iem_significance"":""W"",""iem_tornadotag"":"""",""iem_ugc"":"""",""iem_wfo"":""TSA"",""iem_windtag"":""60.0"",""senderName"":""TSA"",""status"":""NEW""},""type"":""Feature""}",2026-04-27T17:31:58Z,2026-07-09T05:15:02Z,2026-07-09T18:49:04Z
2927,iem_watchwarn,iem_watchwarn|OAX|261|SV|W|2026-06-13T21:54:00Z|2026-06-13T22:45:00Z|,Severe Thunderstorm Warning,,2026-06-13T21:54:00Z,2026-06-13T22:45:00Z,OAX,NEW,1,"{""coordinates"":[[[-96.36,40.03],[-96.35,40.16],[-95.87,40.26],[-95.88,40.03],[-96.36,40.03]]],""type"":""Polygon""}","{""_map_py"":{""effective"":""2026-06-13T21:54:00Z"",""event"":""Severe Thunderstorm Warning"",""expires"":""2026-06-13T22:45:00Z"",""has_polygon"":true,""headline"":"""",""sender"":""OAX""},""effective"":""2026-06-13T21:54:00Z"",""event"":""Severe Thunderstorm Warning"",""expires"":""2026-06-13T22:45:00Z"",""headline"":"""",""iem_damagetag"":"""",""iem_emergency"":""False"",""iem_event_id"":""261"",""iem_forecaster"":""Wood"",""iem_gtype"":""P"",""iem_hailtag"":""1.0"",""iem_phenomena"":""SV"",""iem_raw_properties"":{""AREA_KM2"":""812.2421035446612"",""DAMAGTAG"":null,""EMERGENC"":""False"",""ETN"":""261"",""EXPIRED"":""202606132245"",""FCSTER"":""Wood"",""GTYPE"":""P"",""HAILTAG"":""1.0"",""HV_CAUSE"":null,""HV_NWSLI"":null,""HV_REC"":null,""HV_SEV"":null,""INIT_EXP"":""202606132245"",""INIT_ISS"":""202606132154"",""ISSUED"":""202606132154"",""NWS_UGC"":null,""PHENOM"":""SV"",""POLY_BEG"":""202606132154"",""POLY_END"":""202606132212"",""PROD_ID"":""202606132154-KOAX-WUUS53-SVROAX"",""SIG"":""W"",""STATUS"":""NEW"",""TORNTAG"":null,""UPDATED"":""202606132154"",""VTEC_YR"":""2026"",""WFO"":""OAX"",""WINDTAG"":""60.0""},""iem_significance"":""W"",""iem_tornadotag"":"""",""iem_ugc"":"""",""iem_wfo"":""OAX"",""iem_windtag"":""60.0"",""senderName"":""OAX"",""status"":""NEW""}","{""geometry"":{""coordinates"":[[[-96.36,40.03],[-96.35,40.16],[-95.87,40.26],[-95.88,40.03],[-96.36,40.03]]],""type"":""Polygon""},""properties"":{""_map_py"":{""effective"":""2026-06-13T21:54:00Z"",""event"":""Severe Thunderstorm Warning"",""expires"":""2026-06-13T22:45:00Z"",""has_polygon"":true,""headline"":"""",""sender"":""OAX""},""effective"":""2026-06-13T21:54:00Z"",""event"":""Severe Thunderstorm Warning"",""expires"":""2026-06-13T22:45:00Z"",""headline"":"""",""iem_damagetag"":"""",""iem_emergency"":""False"",""iem_event_id"":""261"",""iem_forecaster"":""Wood"",""iem_gtype"":""P"",""iem_hailtag"":""1.0"",""iem_phenomena"":""SV"",""iem_raw_properties"":{""AREA_KM2"":""812.2421035446612"",""DAMAGTAG"":null,""EMERGENC"":""False"",""ETN"":""261"",""EXPIRED"":""202606132245"",""FCSTER"":""Wood"",""GTYPE"":""P"",""HAILTAG"":""1.0"",""HV_CAUSE"":null,""HV_NWSLI"":null,""HV_REC"":null,""HV_SEV"":null,""INIT_EXP"":""202606132245"",""INIT_ISS"":""202606132154"",""ISSUED"":""202606132154"",""NWS_UGC"":null,""PHENOM"":""SV"",""POLY_BEG"":""202606132154"",""POLY_END"":""202606132212"",""PROD_ID"":""202606132154-KOAX-WUUS53-SVROAX"",""SIG"":""W"",""STATUS"":""NEW"",""TORNTAG"":null,""UPDATED"":""202606132154"",""VTEC_YR"":""2026"",""WFO"":""OAX"",""WINDTAG"":""60.0""},""iem_significance"":""W"",""iem_tornadotag"":"""",""iem_ugc"":"""",""iem_wfo"":""OAX"",""iem_windtag"":""60.0"",""senderName"":""OAX"",""status"":""NEW""},""type"":""Feature""}",2026-04-27T17:31:58Z,2026-07-09T05:15:02Z,2026-07-09T18:49:04Z
7552,iem_watchwarn,iem_watchwarn|TOP|303|SV|W|2026-06-13T21:55:00Z|2026-06-13T22:45:00Z|,Severe Thunderstorm Warning,,2026-06-13T21:55:00Z,2026-06-13T22:45:00Z,TOP,NEW,1,"{""coordinates"":[[[-97.52,40.0],[-97.12,39.87],[-97.4,39.65],[-97.75,39.62],[-97.93,39.78],[-97.93,39.9],[-97.71,40.0],[-97.52,40.0]]],""type"":""Polygon""}","{""_map_py"":{""effective"":""2026-06-13T21:55:00Z"",""event"":""Severe Thunderstorm Warning"",""expires"":""2026-06-13T22:45:00Z"",""has_polygon"":true,""headline"":"""",""sender"":""TOP""},""effective"":""2026-06-13T21:55:00Z"",""event"":""Severe Thunderstorm Warning"",""expires"":""2026-06-13T22:45:00Z"",""headline"":"""",""iem_damagetag"":""CONSIDERABLE"",""iem_emergency"":""False"",""iem_event_id"":""303"",""iem_forecaster"":""Prieto"",""iem_gtype"":""P"",""iem_hailtag"":""2.0"",""iem_phenomena"":""SV"",""iem_raw_properties"":{""AREA_KM2"":""2012.6666705127489"",""DAMAGTAG"":""CONSIDERABLE"",""EMERGENC"":""False"",""ETN"":""303"",""EXPIRED"":""202606132245"",""FCSTER"":""Prieto"",""GTYPE"":""P"",""HAILTAG"":""2.0"",""HV_CAUSE"":null,""HV_NWSLI"":null,""HV_REC"":null,""HV_SEV"":null,""INIT_EXP"":""202606132245"",""INIT_ISS"":""202606132155"",""ISSUED"":""202606132155"",""NWS_UGC"":null,""PHENOM"":""SV"",""POLY_BEG"":""202606132155"",""POLY_END"":""202606132210"",""PROD_ID"":""202606132155-KTOP-WUUS53-SVRTOP"",""SIG"":""W"",""STATUS"":""NEW"",""TORNTAG"":null,""UPDATED"":""202606132155"",""VTEC_YR"":""2026"",""WFO"":""TOP"",""WINDTAG"":""70.0""},""iem_significance"":""W"",""iem_tornadotag"":"""",""iem_ugc"":"""",""iem_wfo"":""TOP"",""iem_windtag"":""70.0"",""senderName"":""TOP"",""status"":""NEW""}","{""geometry"":{""coordinates"":[[[-97.52,40.0],[-97.12,39.87],[-97.4,39.65],[-97.75,39.62],[-97.93,39.78],[-97.93,39.9],[-97.71,40.0],[-97.52,40.0]]],""type"":""Polygon""},""properties"":{""_map_py"":{""effective"":""2026-06-13T21:55:00Z"",""event"":""Severe Thunderstorm Warning"",""expires"":""2026-06-13T22:45:00Z"",""has_polygon"":true,""headline"":"""",""sender"":""TOP""},""effective"":""2026-06-13T21:55:00Z"",""event"":""Severe Thunderstorm Warning"",""expires"":""2026-06-13T22:45:00Z"",""headline"":"""",""iem_damagetag"":""CONSIDERABLE"",""iem_emergency"":""False"",""iem_event_id"":""303"",""iem_forecaster"":""Prieto"",""iem_gtype"":""P"",""iem_hailtag"":""2.0"",""iem_phenomena"":""SV"",""iem_raw_properties"":{""AREA_KM2"":""2012.6666705127489"",""DAMAGTAG"":""CONSIDERABLE"",""EMERGENC"":""False"",""ETN"":""303"",""EXPIRED"":""202606132245"",""FCSTER"":""Prieto"",""GTYPE"":""P"",""HAILTAG"":""2.0"",""HV_CAUSE"":null,""HV_NWSLI"":null,""HV_REC"":null,""HV_SEV"":null,""INIT_EXP"":""202606132245"",""INIT_ISS"":""202606132155"",""ISSUED"":""202606132155"",""NWS_UGC"":null,""PHENOM"":""SV"",""POLY_BEG"":""202606132155"",""POLY_END"":""202606132210"",""PROD_ID"":""202606132155-KTOP-WUUS53-SVRTOP"",""SIG"":""W"",""STATUS"":""NEW"",""TORNTAG"":null,""UPDATED"":""202606132155"",""VTEC_YR"":""2026"",""WFO"":""TOP"",""WINDTAG"":""70.0""},""iem_significance"":""W"",""iem_tornadotag"":"""",""iem_ugc"":"""",""iem_wfo"":""TOP"",""iem_windtag"":""70.0"",""senderName"":""TOP"",""status"":""NEW""},""type"":""Feature""}",2026-04-27T17:31:58Z,2026-07-09T05:15:02Z,2026-07-09T18:49:04Z
1196,iem_watchwarn,iem_watchwarn|MEG|144|SV|W|2026-06-13T21:56:00Z|2026-06-13T22:31:00Z|,Severe Thunderstorm Warning,,2026-06-13T21:56:00Z,2026-06-13T22:31:00Z,MEG,NEW,1,"{""coordinates"":[[[-88.78,36.04],[-88.84,36.27],[-88.35,36.35],[-88.27,36.09],[-88.78,36.04]]],""type"":""Polygon""}","{""_map_py"":{""effective"":""2026-06-13T21:56:00Z"",""event"":""Severe Thunderstorm Warning"",""expires"":""2026-06-13T22:31:00Z"",""has_polygon"":true,""headline"":"""",""sender"":""MEG""},""effective"":""2026-06-13T21:56:00Z"",""event"":""Severe Thunderstorm Warning"",""expires"":""2026-06-13T22:31:00Z"",""headline"":"""",""iem_damagetag"":"""",""iem_emergency"":""False"",""iem_event_id"":""144"",""iem_forecaster"":""DNM"",""iem_gtype"":""P"",""iem_hailtag"":""1.0"",""iem_phenomena"":""SV"",""iem_raw_properties"":{""AREA_KM2"":""1267.7904631590775"",""DAMAGTAG"":null,""EMERGENC"":""False"",""ETN"":""144"",""EXPIRED"":""202606132231"",""FCSTER"":""DNM"",""GTYPE"":""P"",""HAILTAG"":""1.0"",""HV_CAUSE"":null,""HV_NWSLI"":null,""HV_REC"":null,""HV_SEV"":null,""INIT_EXP"":""202606132245"",""INIT_ISS"":""202606132156"",""ISSUED"":""202606132156"",""NWS_UGC"":null,""PHENOM"":""SV"",""POLY_BEG"":""202606132156"",""POLY_END"":""202606132219"",""PROD_ID"":""202606132156-KMEG-WUUS54-SVRMEG"",""SIG"":""W"",""STATUS"":""NEW"",""TORNTAG"":null,""UPDATED"":""202606132156"",""VTEC_YR"":""2026"",""WFO"":""MEG"",""WINDTAG"":""60.0""},""iem_significance"":""W"",""iem_tornadotag"":"""",""iem_ugc"":"""",""iem_wfo"":""MEG"",""iem_windtag"":""60.0"",""senderName"":""MEG"",""status"":""NEW""}","{""geometry"":{""coordinates"":[[[-88.78,36.04],[-88.84,36.27],[-88.35,36.35],[-88.27,36.09],[-88.78,36.04]]],""type"":""Polygon""},""properties"":{""_map_py"":{""effective"":""2026-06-13T21:56:00Z"",""event"":""Severe Thunderstorm Warning"",""expires"":""2026-06-13T22:31:00Z"",""has_polygon"":true,""headline"":"""",""sender"":""MEG""},""effective"":""2026-06-13T21:56:00Z"",""event"":""Severe Thunderstorm Warning"",""expires"":""2026-06-13T22:31:00Z"",""headline"":"""",""iem_damagetag"":"""",""iem_emergency"":""False"",""iem_event_id"":""144"",""iem_forecaster"":""DNM"",""iem_gtype"":""P"",""iem_hailtag"":""1.0"",""iem_phenomena"":""SV"",""iem_raw_properties"":{""AREA_KM2"":""1267.7904631590775"",""DAMAGTAG"":null,""EMERGENC"":""False"",""ETN"":""144"",""EXPIRED"":""202606132231"",""FCSTER"":""DNM"",""GTYPE"":""P"",""HAILTAG"":""1.0"",""HV_CAUSE"":null,""HV_NWSLI"":null,""HV_REC"":null,""HV_SEV"":null,""INIT_EXP"":""202606132245"",""INIT_ISS"":""202606132156"",""ISSUED"":""202606132156"",""NWS_UGC"":null,""PHENOM"":""SV"",""POLY_BEG"":""202606132156"",""POLY_END"":""202606132219"",""PROD_ID"":""202606132156-KMEG-WUUS54-SVRMEG"",""SIG"":""W"",""STATUS"":""NEW"",""TORNTAG"":null,""UPDATED"":""202606132156"",""VTEC_YR"":""2026"",""WFO"":""MEG"",""WINDTAG"":""60.0""},""iem_significance"":""W"",""iem_tornadotag"":"""",""iem_ugc"":"""",""iem_wfo"":""MEG"",""iem_windtag"":""60.0"",""senderName"":""MEG"",""status"":""NEW""},""type"":""Feature""}",2026-04-27T17:31:58Z,2026-07-09T05:15:02Z,2026-07-09T18:49:04Z
2833,iem_watchwarn,iem_watchwarn|TOP|304|SV|W|2026-06-13T22:01:00Z|2026-06-13T22:45:00Z|,Severe Thunderstorm Warning,,2026-06-13T22:01:00Z,2026-06-13T22:45:00Z,TOP,NEW,1,"{""coordinates"":[[[-96.95,39.75],[-96.98,39.86],[-96.49,39.96],[-96.49,39.71],[-96.95,39.75]]],""type"":""Polygon""}","{""_map_py"":{""effective"":""2026-06-13T22:01:00Z"",""event"":""Severe Thunderstorm Warning"",""expires"":""2026-06-13T22:45:00Z"",""has_polygon"":true,""headline"":"""",""sender"":""TOP""},""effective"":""2026-06-13T22:01:00Z"",""event"":""Severe Thunderstorm Warning"",""expires"":""2026-06-13T22:45:00Z"",""headline"":"""",""iem_damagetag"":"""",""iem_emergency"":""False"",""iem_event_id"":""304"",""iem_forecaster"":""Prieto"",""iem_gtype"":""P"",""iem_hailtag"":""1.25"",""iem_phenomena"":""SV"",""iem_raw_properties"":{""AREA_KM2"":""816.4111960055978"",""DAMAGTAG"":null,""EMERGENC"":""False"",""ETN"":""304"",""EXPIRED"":""202606132245"",""FCSTER"":""Prieto"",""GTYPE"":""P"",""HAILTAG"":""1.25"",""HV_CAUSE"":null,""HV_NWSLI"":null,""HV_REC"":null,""HV_SEV"":null,""INIT_EXP"":""202606132245"",""INIT_ISS"":""202606132201"",""ISSUED"":""202606132201"",""NWS_UGC"":null,""PHENOM"":""SV"",""POLY_BEG"":""202606132201"",""POLY_END"":""202606132208"",""PROD_ID"":""202606132201-KTOP-WUUS53-SVRTOP"",""SIG"":""W"",""STATUS"":""NEW"",""TORNTAG"":null,""UPDATED"":""202606132201"",""VTEC_YR"":""2026"",""WFO"":""TOP"",""WINDTAG"":""60.0""},""iem_significance"":""W"",""iem_tornadotag"":"""",""iem_ugc"":"""",""iem_wfo"":""TOP"",""iem_windtag"":""60.0"",""senderName"":""TOP"",""status"":""NEW""}","{""geometry"":{""coordinates"":[[[-96.95,39.75],[-96.98,39.86],[-96.49,39.96],[-96.49,39.71],[-96.95,39.75]]],""type"":""Polygon""},""properties"":{""_map_py"":{""effective"":""2026-06-13T22:01:00Z"",""event"":""Severe Thunderstorm Warning"",""expires"":""2026-06-13T22:45:00Z"",""has_polygon"":true,""headline"":"""",""sender"":""TOP""},""effective"":""2026-06-13T22:01:00Z"",""event"":""Severe Thunderstorm Warning"",""expires"":""2026-06-13T22:45:00Z"",""headline"":"""",""iem_damagetag"":"""",""iem_emergency"":""False"",""iem_event_id"":""304"",""iem_forecaster"":""Prieto"",""iem_gtype"":""P"",""iem_hailtag"":""1.25"",""iem_phenomena"":""SV"",""iem_raw_properties"":{""AREA_KM2"":""816.4111960055978"",""DAMAGTAG"":null,""EMERGENC"":""False"",""ETN"":""304"",""EXPIRED"":""202606132245"",""FCSTER"":""Prieto"",""GTYPE"":""P"",""HAILTAG"":""1.25"",""HV_CAUSE"":null,""HV_NWSLI"":null,""HV_REC"":null,""HV_SEV"":null,""INIT_EXP"":""202606132245"",""INIT_ISS"":""202606132201"",""ISSUED"":""202606132201"",""NWS_UGC"":null,""PHENOM"":""SV"",""POLY_BEG"":""202606132201"",""POLY_END"":""202606132208"",""PROD_ID"":""202606132201-KTOP-WUUS53-SVRTOP"",""SIG"":""W"",""STATUS"":""NEW"",""TORNTAG"":null,""UPDATED"":""202606132201"",""VTEC_YR"":""2026"",""WFO"":""TOP"",""WINDTAG"":""60.0""},""iem_significance"":""W"",""iem_tornadotag"":"""",""iem_ugc"":"""",""iem_wfo"":""TOP"",""iem_windtag"":""60.0"",""senderName"":""TOP"",""status"":""NEW""},""type"":""Feature""}",2026-04-27T17:31:58Z,2026-07-09T05:15:02Z,2026-07-09T18:49:04Z
85,iem_watchwarn,iem_watchwarn|TOP|305|SV|W|2026-06-13T22:07:00Z|2026-06-13T22:30:00Z|,Severe Thunderstorm Warning,,2026-06-13T22:07:00Z,2026-06-13T22:30:00Z,TOP,NEW,1,"{""coordinates"":[[[-96.5,40.0],[-96.49,39.96],[-97.0,39.86],[-97.03,40.0],[-96.5,40.0]]],""type"":""Polygon""}","{""_map_py"":{""effective"":""2026-06-13T22:07:00Z"",""event"":""Severe Thunderstorm Warning"",""expires"":""2026-06-13T22:30:00Z"",""has_polygon"":true,""headline"":"""",""sender"":""TOP""},""effective"":""2026-06-13T22:07:00Z"",""event"":""Severe Thunderstorm Warning"",""expires"":""2026-06-13T22:30:00Z"",""headline"":"""",""iem_damagetag"":"""",""iem_emergency"":""False"",""iem_event_id"":""305"",""iem_forecaster"":""Prieto"",""iem_gtype"":""P"",""iem_hailtag"":""1.5"",""iem_phenomena"":""SV"",""iem_raw_properties"":{""AREA_KM2"":""453.03530644985227"",""DAMAGTAG"":null,""EMERGENC"":""False"",""ETN"":""305"",""EXPIRED"":""202606132230"",""FCSTER"":""Prieto"",""GTYPE"":""P"",""HAILTAG"":""1.5"",""HV_CAUSE"":null,""HV_NWSLI"":null,""HV_REC"":null,""HV_SEV"":null,""INIT_EXP"":""202606132230"",""INIT_ISS"":""202606132207"",""ISSUED"":""202606132207"",""NWS_UGC"":null,""PHENOM"":""SV"",""POLY_BEG"":""202606132207"",""POLY_END"":""202606132217"",""PROD_ID"":""202606132207-KTOP-WUUS53-SVRTOP"",""SIG"":""W"",""STATUS"":""NEW"",""TORNTAG"":null,""UPDATED"":""202606132207"",""VTEC_YR"":""2026"",""WFO"":""TOP"",""WINDTAG"":""60.0""},""iem_significance"":""W"",""iem_tornadotag"":"""",""iem_ugc"":"""",""iem_wfo"":""TOP"",""iem_windtag"":""60.0"",""senderName"":""TOP"",""status"":""NEW""}","{""geometry"":{""coordinates"":[[[-96.5,40.0],[-96.49,39.96],[-97.0,39.86],[-97.03,40.0],[-96.5,40.0]]],""type"":""Polygon""},""properties"":{""_map_py"":{""effective"":""2026-06-13T22:07:00Z"",""event"":""Severe Thunderstorm Warning"",""expires"":""2026-06-13T22:30:00Z"",""has_polygon"":true,""headline"":"""",""sender"":""TOP""},""effective"":""2026-06-13T22:07:00Z"",""event"":""Severe Thunderstorm Warning"",""expires"":""2026-06-13T22:30:00Z"",""headline"":"""",""iem_damagetag"":"""",""iem_emergency"":""False"",""iem_event_id"":""305"",""iem_forecaster"":""Prieto"",""iem_gtype"":""P"",""iem_hailtag"":""1.5"",""iem_phenomena"":""SV"",""iem_raw_properties"":{""AREA_KM2"":""453.03530644985227"",""DAMAGTAG"":null,""EMERGENC"":""False"",""ETN"":""305"",""EXPIRED"":""202606132230"",""FCSTER"":""Prieto"",""GTYPE"":""P"",""HAILTAG"":""1.5"",""HV_CAUSE"":null,""HV_NWSLI"":null,""HV_REC"":null,""HV_SEV"":null,""INIT_EXP"":""202606132230"",""INIT_ISS"":""202606132207"",""ISSUED"":""202606132207"",""NWS_UGC"":null,""PHENOM"":""SV"",""POLY_BEG"":""202606132207"",""POLY_END"":""202606132217"",""PROD_ID"":""202606132207-KTOP-WUUS53-SVRTOP"",""SIG"":""W"",""STATUS"":""NEW"",""TORNTAG"":null,""UPDATED"":""202606132207"",""VTEC_YR"":""2026"",""WFO"":""TOP"",""WINDTAG"":""60.0""},""iem_significance"":""W"",""iem_tornadotag"":"""",""iem_ugc"":"""",""iem_wfo"":""TOP"",""iem_windtag"":""60.0"",""senderName"":""TOP"",""status"":""NEW""},""type"":""Feature""}",2026-04-27T17:31:58Z,2026-07-09T05:15:02Z,2026-07-09T18:49:04Z
1886,iem_watchwarn,iem_watchwarn|LZK|211|SV|W|2026-06-13T22:12:00Z|2026-06-13T22:47:00Z|,Severe Thunderstorm Warning,,2026-06-13T22:12:00Z,2026-06-13T22:47:00Z,LZK,NEW,1,"{""coordinates"":[[[-92.33,35.5],[-92.29,35.64],[-91.8,35.64],[-91.86,35.4],[-92.33,35.5]]],""type"":""Polygon""}","{""_map_py"":{""effective"":""2026-06-13T22:12:00Z"",""event"":""Severe Thunderstorm Warning"",""expires"":""2026-06-13T22:47:00Z"",""has_polygon"":true,""headline"":"""",""sender"":""LZK""},""effective"":""2026-06-13T22:12:00Z"",""event"":""Severe Thunderstorm Warning"",""expires"":""2026-06-13T22:47:00Z"",""headline"":"""",""iem_damagetag"":"""",""iem_emergency"":""False"",""iem_event_id"":""211"",""iem_forecaster"":""Cavanaugh"",""iem_gtype"":""P"",""iem_hailtag"":""1.5"",""iem_phenomena"":""SV"",""iem_raw_properties"":{""AREA_KM2"":""942.6164031100709"",""DAMAGTAG"":null,""EMERGENC"":""False"",""ETN"":""211"",""EXPIRED"":""202606132247"",""FCSTER"":""Cavanaugh"",""GTYPE"":""P"",""HAILTAG"":""1.5"",""HV_CAUSE"":null,""HV_NWSLI"":null,""HV_REC"":null,""HV_SEV"":null,""INIT_EXP"":""202606132300"",""INIT_ISS"":""202606132212"",""ISSUED"":""202606132212"",""NWS_UGC"":null,""PHENOM"":""SV"",""POLY_BEG"":""202606132212"",""POLY_END"":""202606132247"",""PROD_ID"":""202606132212-KLZK-WUUS54-SVRLZK"",""SIG"":""W"",""STATUS"":""NEW"",""TORNTAG"":null,""UPDATED"":""202606132212"",""VTEC_YR"":""2026"",""WFO"":""LZK"",""WINDTAG"":""60.0""},""iem_significance"":""W"",""iem_tornadotag"":"""",""iem_ugc"":"""",""iem_wfo"":""LZK"",""iem_windtag"":""60.0"",""senderName"":""LZK"",""status"":""NEW""}","{""geometry"":{""coordinates"":[[[-92.33,35.5],[-92.29,35.64],[-91.8,35.64],[-91.86,35.4],[-92.33,35.5]]],""type"":""Polygon""},""properties"":{""_map_py"":{""effective"":""2026-06-13T22:12:00Z"",""event"":""Severe Thunderstorm Warning"",""expires"":""2026-06-13T22:47:00Z"",""has_polygon"":true,""headline"":"""",""sender"":""LZK""},""effective"":""2026-06-13T22:12:00Z"",""event"":""Severe Thunderstorm Warning"",""expires"":""2026-06-13T22:47:00Z"",""headline"":"""",""iem_damagetag"":"""",""iem_emergency"":""False"",""iem_event_id"":""211"",""iem_forecaster"":""Cavanaugh"",""iem_gtype"":""P"",""iem_hailtag"":""1.5"",""iem_phenomena"":""SV"",""iem_raw_properties"":{""AREA_KM2"":""942.6164031100709"",""DAMAGTAG"":null,""EMERGENC"":""False"",""ETN"":""211"",""EXPIRED"":""202606132247"",""FCSTER"":""Cavanaugh"",""GTYPE"":""P"",""HAILTAG"":""1.5"",""HV_CAUSE"":null,""HV_NWSLI"":null,""HV_REC"":null,""HV_SEV"":null,""INIT_EXP"":""202606132300"",""INIT_ISS"":""202606132212"",""ISSUED"":""202606132212"",""NWS_UGC"":null,""PHENOM"":""SV"",""POLY_BEG"":""202606132212"",""POLY_END"":""202606132247"",""PROD_ID"":""202606132212-KLZK-WUUS54-SVRLZK"",""SIG"":""W"",""STATUS"":""NEW"",""TORNTAG"":null,""UPDATED"":""202606132212"",""VTEC_YR"":""2026"",""WFO"":""LZK"",""WINDTAG"":""60.0""},""iem_significance"":""W"",""iem_tornadotag"":"""",""iem_ugc"":"""",""iem_wfo"":""LZK"",""iem_windtag"":""60.0"",""senderName"":""LZK"",""status"":""NEW""},""type"":""Feature""}",2026-04-27T17:31:58Z,2026-07-09T05:15:02Z,2026-07-09T18:49:04Z
10051,iem_watchwarn,iem_watchwarn|MEG|145|SV|W|2026-06-13T22:15:00Z|2026-06-13T23:00:00Z|,Severe Thunderstorm Warning,,2026-06-13T22:15:00Z,2026-06-13T23:00:00Z,MEG,NEW,1,"{""coordinates"":[[[-90.08,35.59],[-89.95,35.58],[-89.94,35.56],[-89.92,35.55],[-89.91,35.54],[-89.89,35.55],[-89.89,35.57],[-89.57,35.54],[-89.61,35.39],[-89.63,35.38],[-89.64,35.27],[-90.06,35.38],[-90.13,35.41],[-90.08,35.59]]],""type"":""Polygon""}","{""_map_py"":{""effective"":""2026-06-13T22:15:00Z"",""event"":""Severe Thunderstorm Warning"",""expires"":""2026-06-13T23:00:00Z"",""has_polygon"":true,""headline"":"""",""sender"":""MEG""},""effective"":""2026-06-13T22:15:00Z"",""event"":""Severe Thunderstorm Warning"",""expires"":""2026-06-13T23:00:00Z"",""headline"":"""",""iem_damagetag"":"""",""iem_emergency"":""False"",""iem_event_id"":""145"",""iem_forecaster"":""DNM"",""iem_gtype"":""P"",""iem_hailtag"":""1.0"",""iem_phenomena"":""SV"",""iem_raw_properties"":{""AREA_KM2"":""1189.1526169526123"",""DAMAGTAG"":null,""EMERGENC"":""False"",""ETN"":""145"",""EXPIRED"":""202606132300"",""FCSTER"":""DNM"",""GTYPE"":""P"",""HAILTAG"":""1.0"",""HV_CAUSE"":null,""HV_NWSLI"":null,""HV_REC"":null,""HV_SEV"":null,""INIT_EXP"":""202606132300"",""INIT_ISS"":""202606132215"",""ISSUED"":""202606132215"",""NWS_UGC"":null,""PHENOM"":""SV"",""POLY_BEG"":""202606132215"",""POLY_END"":""202606132235"",""PROD_ID"":""202606132215-KMEG-WUUS54-SVRMEG"",""SIG"":""W"",""STATUS"":""NEW"",""TORNTAG"":null,""UPDATED"":""202606132215"",""VTEC_YR"":""2026"",""WFO"":""MEG"",""WINDTAG"":""60.0""},""iem_significance"":""W"",""iem_tornadotag"":"""",""iem_ugc"":"""",""iem_wfo"":""MEG"",""iem_windtag"":""60.0"",""senderName"":""MEG"",""status"":""NEW""}","{""geometry"":{""coordinates"":[[[-90.08,35.59],[-89.95,35.58],[-89.94,35.56],[-89.92,35.55],[-89.91,35.54],[-89.89,35.55],[-89.89,35.57],[-89.57,35.54],[-89.61,35.39],[-89.63,35.38],[-89.64,35.27],[-90.06,35.38],[-90.13,35.41],[-90.08,35.59]]],""type"":""Polygon""},""properties"":{""_map_py"":{""effective"":""2026-06-13T22:15:00Z"",""event"":""Severe Thunderstorm Warning"",""expires"":""2026-06-13T23:00:00Z"",""has_polygon"":true,""headline"":"""",""sender"":""MEG""},""effective"":""2026-06-13T22:15:00Z"",""event"":""Severe Thunderstorm Warning"",""expires"":""2026-06-13T23:00:00Z"",""headline"":"""",""iem_damagetag"":"""",""iem_emergency"":""False"",""iem_event_id"":""145"",""iem_forecaster"":""DNM"",""iem_gtype"":""P"",""iem_hailtag"":""1.0"",""iem_phenomena"":""SV"",""iem_raw_properties"":{""AREA_KM2"":""1189.1526169526123"",""DAMAGTAG"":null,""EMERGENC"":""False"",""ETN"":""145"",""EXPIRED"":""202606132300"",""FCSTER"":""DNM"",""GTYPE"":""P"",""HAILTAG"":""1.0"",""HV_CAUSE"":null,""HV_NWSLI"":null,""HV_REC"":null,""HV_SEV"":null,""INIT_EXP"":""202606132300"",""INIT_ISS"":""202606132215"",""ISSUED"":""202606132215"",""NWS_UGC"":null,""PHENOM"":""SV"",""POLY_BEG"":""202606132215"",""POLY_END"":""202606132235"",""PROD_ID"":""202606132215-KMEG-WUUS54-SVRMEG"",""SIG"":""W"",""STATUS"":""NEW"",""TORNTAG"":null,""UPDATED"":""202606132215"",""VTEC_YR"":""2026"",""WFO"":""MEG"",""WINDTAG"":""60.0""},""iem_significance"":""W"",""iem_tornadotag"":"""",""iem_ugc"":"""",""iem_wfo"":""MEG"",""iem_windtag"":""60.0"",""senderName"":""MEG"",""status"":""NEW""},""type"":""Feature""}",2026-04-27T17:31:58Z,2026-07-09T05:15:02Z,2026-07-09T18:49:04Z
2950,iem_watchwarn,iem_watchwarn|TOP|65|TO|W|2026-06-13T22:20:00Z|2026-06-13T22:45:00Z|,Tornado Warning,,2026-06-13T22:20:00Z,2026-06-13T22:45:00Z,TOP,NEW,1,"{""coordinates"":[[[-96.86,39.73],[-96.87,39.85],[-96.6,39.83],[-96.6,39.71],[-96.86,39.73]]],""type"":""Polygon""}","{""_map_py"":{""effective"":""2026-06-13T22:20:00Z"",""event"":""Tornado Warning"",""expires"":""2026-06-13T22:45:00Z"",""has_polygon"":true,""headline"":"""",""sender"":""TOP""},""effective"":""2026-06-13T22:20:00Z"",""event"":""Tornado Warning"",""expires"":""2026-06-13T22:45:00Z"",""headline"":"""",""iem_damagetag"":"""",""iem_emergency"":""False"",""iem_event_id"":""65"",""iem_forecaster"":""Prieto"",""iem_gtype"":""P"",""iem_hailtag"":""1.75"",""iem_phenomena"":""TO"",""iem_raw_properties"":{""AREA_KM2"":""301.2191215772554"",""DAMAGTAG"":null,""EMERGENC"":""False"",""ETN"":""65"",""EXPIRED"":""202606132245"",""FCSTER"":""Prieto"",""GTYPE"":""P"",""HAILTAG"":""1.75"",""HV_CAUSE"":null,""HV_NWSLI"":null,""HV_REC"":null,""HV_SEV"":null,""INIT_EXP"":""202606132245"",""INIT_ISS"":""202606132220"",""ISSUED"":""202606132220"",""NWS_UGC"":null,""PHENOM"":""TO"",""POLY_BEG"":""202606132220"",""POLY_END"":""202606132230"",""PROD_ID"":""202606132220-KTOP-WFUS53-TORTOP"",""SIG"":""W"",""STATUS"":""NEW"",""TORNTAG"":""RADAR INDICATED"",""UPDATED"":""202606132220"",""VTEC_YR"":""2026"",""WFO"":""TOP"",""WINDTAG"":null},""iem_significance"":""W"",""iem_tornadotag"":""RADAR INDICATED"",""iem_ugc"":"""",""iem_wfo"":""TOP"",""iem_windtag"":"""",""senderName"":""TOP"",""status"":""NEW""}","{""geometry"":{""coordinates"":[[[-96.86,39.73],[-96.87,39.85],[-96.6,39.83],[-96.6,39.71],[-96.86,39.73]]],""type"":""Polygon""},""properties"":{""_map_py"":{""effective"":""2026-06-13T22:20:00Z"",""event"":""Tornado Warning"",""expires"":""2026-06-13T22:45:00Z"",""has_polygon"":true,""headline"":"""",""sender"":""TOP""},""effective"":""2026-06-13T22:20:00Z"",""event"":""Tornado Warning"",""expires"":""2026-06-13T22:45:00Z"",""headline"":"""",""iem_damagetag"":"""",""iem_emergency"":""False"",""iem_event_id"":""65"",""iem_forecaster"":""Prieto"",""iem_gtype"":""P"",""iem_hailtag"":""1.75"",""iem_phenomena"":""TO"",""iem_raw_properties"":{""AREA_KM2"":""301.2191215772554"",""DAMAGTAG"":null,""EMERGENC"":""False"",""ETN"":""65"",""EXPIRED"":""202606132245"",""FCSTER"":""Prieto"",""GTYPE"":""P"",""HAILTAG"":""1.75"",""HV_CAUSE"":null,""HV_NWSLI"":null,""HV_REC"":null,""HV_SEV"":null,""INIT_EXP"":""202606132245"",""INIT_ISS"":""202606132220"",""ISSUED"":""202606132220"",""NWS_UGC"":null,""PHENOM"":""TO"",""POLY_BEG"":""202606132220"",""POLY_END"":""202606132230"",""PROD_ID"":""202606132220-KTOP-WFUS53-TORTOP"",""SIG"":""W"",""STATUS"":""NEW"",""TORNTAG"":""RADAR INDICATED"",""UPDATED"":""202606132220"",""VTEC_YR"":""2026"",""WFO"":""TOP"",""WINDTAG"":null},""iem_significance"":""W"",""iem_tornadotag"":""RADAR INDICATED"",""iem_ugc"":"""",""iem_wfo"":""TOP"",""iem_windtag"":"""",""senderName"":""TOP"",""status"":""NEW""},""type"":""Feature""}",2026-04-27T17:31:58Z,2026-07-09T05:15:02Z,2026-07-09T18:49:04Z
3572,iem_watchwarn,iem_watchwarn|TOP|306|SV|W|2026-06-13T22:21:00Z|2026-06-13T23:00:00Z|,Severe Thunderstorm Warning,,2026-06-13T22:21:00Z,2026-06-13T23:00:00Z,TOP,NEW,1,"{""coordinates"":[[[-97.66,39.65],[-97.4,39.69],[-97.28,39.72],[-97.29,39.4],[-97.69,39.55],[-97.66,39.65]]],""type"":""Polygon""}","{""_map_py"":{""effective"":""2026-06-13T22:21:00Z"",""event"":""Severe Thunderstorm Warning"",""expires"":""2026-06-13T23:00:00Z"",""has_polygon"":true,""headline"":"""",""sender"":""TOP""},""effective"":""2026-06-13T22:21:00Z"",""event"":""Severe Thunderstorm Warning"",""expires"":""2026-06-13T23:00:00Z"",""headline"":"""",""iem_damagetag"":"""",""iem_emergency"":""False"",""iem_event_id"":""306"",""iem_forecaster"":""Flanagan"",""iem_gtype"":""P"",""iem_hailtag"":""1.5"",""iem_phenomena"":""SV"",""iem_raw_properties"":{""AREA_KM2"":""773.3130283743038"",""DAMAGTAG"":null,""EMERGENC"":""False"",""ETN"":""306"",""EXPIRED"":""202606132300"",""FCSTER"":""Flanagan"",""GTYPE"":""P"",""HAILTAG"":""1.5"",""HV_CAUSE"":null,""HV_NWSLI"":null,""HV_REC"":null,""HV_SEV"":null,""INIT_EXP"":""202606132300"",""INIT_ISS"":""202606132221"",""ISSUED"":""202606132221"",""NWS_UGC"":null,""PHENOM"":""SV"",""POLY_BEG"":""202606132221"",""POLY_END"":""202606132231"",""PROD_ID"":""202606132221-KTOP-WUUS53-SVRTOP"",""SIG"":""W"",""STATUS"":""NEW"",""TORNTAG"":null,""UPDATED"":""202606132221"",""VTEC_YR"":""2026"",""WFO"":""TOP"",""WINDTAG"":""60.0""},""iem_significance"":""W"",""iem_tornadotag"":"""",""iem_ugc"":"""",""iem_wfo"":""TOP"",""iem_windtag"":""60.0"",""senderName"":""TOP"",""status"":""NEW""}","{""geometry"":{""coordinates"":[[[-97.66,39.65],[-97.4,39.69],[-97.28,39.72],[-97.29,39.4],[-97.69,39.55],[-97.66,39.65]]],""type"":""Polygon""},""properties"":{""_map_py"":{""effective"":""2026-06-13T22:21:00Z"",""event"":""Severe Thunderstorm Warning"",""expires"":""2026-06-13T23:00:00Z"",""has_polygon"":true,""headline"":"""",""sender"":""TOP""},""effective"":""2026-06-13T22:21:00Z"",""event"":""Severe Thunderstorm Warning"",""expires"":""2026-06-13T23:00:00Z"",""headline"":"""",""iem_damagetag"":"""",""iem_emergency"":""False"",""iem_event_id"":""306"",""iem_forecaster"":""Flanagan"",""iem_gtype"":""P"",""iem_hailtag"":""1.5"",""iem_phenomena"":""SV"",""iem_raw_properties"":{""AREA_KM2"":""773.3130283743038"",""DAMAGTAG"":null,""EMERGENC"":""False"",""ETN"":""306"",""EXPIRED"":""202606132300"",""FCSTER"":""Flanagan"",""GTYPE"":""P"",""HAILTAG"":""1.5"",""HV_CAUSE"":null,""HV_NWSLI"":null,""HV_REC"":null,""HV_SEV"":null,""INIT_EXP"":""202606132300"",""INIT_ISS"":""202606132221"",""ISSUED"":""202606132221"",""NWS_UGC"":null,""PHENOM"":""SV"",""POLY_BEG"":""202606132221"",""POLY_END"":""202606132231"",""PROD_ID"":""202606132221-KTOP-WUUS53-SVRTOP"",""SIG"":""W"",""STATUS"":""NEW"",""TORNTAG"":null,""UPDATED"":""202606132221"",""VTEC_YR"":""2026"",""WFO"":""TOP"",""WINDTAG"":""60.0""},""iem_significance"":""W"",""iem_tornadotag"":"""",""iem_ugc"":"""",""iem_wfo"":""TOP"",""iem_windtag"":""60.0"",""senderName"":""TOP"",""status"":""NEW""},""type"":""Feature""}",2026-04-27T17:31:58Z,2026-07-09T05:15:02Z,2026-07-09T18:49:04Z
6816,iem_watchwarn,iem_watchwarn|TOP|307|SV|W|2026-06-13T22:27:00Z|2026-06-13T23:00:00Z|,Severe Thunderstorm Warning,,2026-06-13T22:27:00Z,2026-06-13T23:00:00Z,TOP,NEW,1,"{""coordinates"":[[[-96.73,39.88],[-96.77,39.71],[-96.92,39.57],[-97.1,39.57],[-97.45,39.69],[-97.44,39.76],[-97.39,39.98],[-96.73,39.88]]],""type"":""Polygon""}","{""_map_py"":{""effective"":""2026-06-13T22:27:00Z"",""event"":""Severe Thunderstorm Warning"",""expires"":""2026-06-13T23:00:00Z"",""has_polygon"":true,""headline"":"""",""sender"":""TOP""},""effective"":""2026-06-13T22:27:00Z"",""event"":""Severe Thunderstorm Warning"",""expires"":""2026-06-13T23:00:00Z"",""headline"":"""",""iem_damagetag"":""CONSIDERABLE"",""iem_emergency"":""False"",""iem_event_id"":""307"",""iem_forecaster"":""Prieto"",""iem_gtype"":""P"",""iem_hailtag"":""1.75"",""iem_phenomena"":""SV"",""iem_raw_properties"":{""AREA_KM2"":""2032.0247704710907"",""DAMAGTAG"":""CONSIDERABLE"",""EMERGENC"":""False"",""ETN"":""307"",""EXPIRED"":""202606132300"",""FCSTER"":""Prieto"",""GTYPE"":""P"",""HAILTAG"":""1.75"",""HV_CAUSE"":null,""HV_NWSLI"":null,""HV_REC"":null,""HV_SEV"":null,""INIT_EXP"":""202606132300"",""INIT_ISS"":""202606132227"",""ISSUED"":""202606132227"",""NWS_UGC"":null,""PHENOM"":""SV"",""POLY_BEG"":""202606132227"",""POLY_END"":""202606132237"",""PROD_ID"":""202606132227-KTOP-WUUS53-SVRTOP"",""SIG"":""W"",""STATUS"":""NEW"",""TORNTAG"":null,""UPDATED"":""202606132227"",""VTEC_YR"":""2026"",""WFO"":""TOP"",""WINDTAG"":""70.0""},""iem_significance"":""W"",""iem_tornadotag"":"""",""iem_ugc"":"""",""iem_wfo"":""TOP"",""iem_windtag"":""70.0"",""senderName"":""TOP"",""status"":""NEW""}","{""geometry"":{""coordinates"":[[[-96.73,39.88],[-96.77,39.71],[-96.92,39.57],[-97.1,39.57],[-97.45,39.69],[-97.44,39.76],[-97.39,39.98],[-96.73,39.88]]],""type"":""Polygon""},""properties"":{""_map_py"":{""effective"":""2026-06-13T22:27:00Z"",""event"":""Severe Thunderstorm Warning"",""expires"":""2026-06-13T23:00:00Z"",""has_polygon"":true,""headline"":"""",""sender"":""TOP""},""effective"":""2026-06-13T22:27:00Z"",""event"":""Severe Thunderstorm Warning"",""expires"":""2026-06-13T23:00:00Z"",""headline"":"""",""iem_damagetag"":""CONSIDERABLE"",""iem_emergency"":""False"",""iem_event_id"":""307"",""iem_forecaster"":""Prieto"",""iem_gtype"":""P"",""iem_hailtag"":""1.75"",""iem_phenomena"":""SV"",""iem_raw_properties"":{""AREA_KM2"":""2032.0247704710907"",""DAMAGTAG"":""CONSIDERABLE"",""EMERGENC"":""False"",""ETN"":""307"",""EXPIRED"":""202606132300"",""FCSTER"":""Prieto"",""GTYPE"":""P"",""HAILTAG"":""1.75"",""HV_CAUSE"":null,""HV_NWSLI"":null,""HV_REC"":null,""HV_SEV"":null,""INIT_EXP"":""202606132300"",""INIT_ISS"":""202606132227"",""ISSUED"":""202606132227"",""NWS_UGC"":null,""PHENOM"":""SV"",""POLY_BEG"":""202606132227"",""POLY_END"":""202606132237"",""PROD_ID"":""202606132227-KTOP-WUUS53-SVRTOP"",""SIG"":""W"",""STATUS"":""NEW"",""TORNTAG"":null,""UPDATED"":""202606132227"",""VTEC_YR"":""2026"",""WFO"":""TOP"",""WINDTAG"":""70.0""},""iem_significance"":""W"",""iem_tornadotag"":"""",""iem_ugc"":"""",""iem_wfo"":""TOP"",""iem_windtag"":""70.0"",""senderName"":""TOP"",""status"":""NEW""},""type"":""Feature""}",2026-04-27T17:31:58Z,2026-07-09T05:15:02Z,2026-07-09T18:49:04Z
8936,iem_watchwarn,iem_watchwarn|EAX|378|SV|W|2026-06-13T22:29:00Z|2026-06-13T22:59:00Z|,Severe Thunderstorm Warning,,2026-06-13T22:29:00Z,2026-06-13T22:59:00Z,EAX,NEW,1,"{""coordinates"":[[[-95.39,40.07],[-95.4,40.12],[-95.22,40.18],[-95.14,39.92],[-95.34,39.92],[-95.34,40.0],[-95.31,40.0],[-95.35,40.03],[-95.4,40.03],[-95.42,40.06],[-95.39,40.07]]],""type"":""Polygon""}","{""_map_py"":{""effective"":""2026-06-13T22:29:00Z"",""event"":""Severe Thunderstorm Warning"",""expires"":""2026-06-13T22:59:00Z"",""has_polygon"":true,""headline"":"""",""sender"":""EAX""},""effective"":""2026-06-13T22:29:00Z"",""event"":""Severe Thunderstorm Warning"",""expires"":""2026-06-13T22:59:00Z"",""headline"":"""",""iem_damagetag"":"""",""iem_emergency"":""False"",""iem_event_id"":""378"",""iem_forecaster"":""CDB"",""iem_gtype"":""P"",""iem_hailtag"":""1.5"",""iem_phenomena"":""SV"",""iem_raw_properties"":{""AREA_KM2"":""426.0937531851887"",""DAMAGTAG"":null,""EMERGENC"":""False"",""ETN"":""378"",""EXPIRED"":""202606132259"",""FCSTER"":""CDB"",""GTYPE"":""P"",""HAILTAG"":""1.5"",""HV_CAUSE"":null,""HV_NWSLI"":null,""HV_REC"":null,""HV_SEV"":null,""INIT_EXP"":""202606132315"",""INIT_ISS"":""202606132229"",""ISSUED"":""202606132229"",""NWS_UGC"":null,""PHENOM"":""SV"",""POLY_BEG"":""202606132229"",""POLY_END"":""202606132239"",""PROD_ID"":""202606132229-KEAX-WUUS53-SVREAX"",""SIG"":""W"",""STATUS"":""NEW"",""TORNTAG"":null,""UPDATED"":""202606132229"",""VTEC_YR"":""2026"",""WFO"":""EAX"",""WINDTAG"":""60.0""},""iem_significance"":""W"",""iem_tornadotag"":"""",""iem_ugc"":"""",""iem_wfo"":""EAX"",""iem_windtag"":""60.0"",""senderName"":""EAX"",""status"":""NEW""}","{""geometry"":{""coordinates"":[[[-95.39,40.07],[-95.4,40.12],[-95.22,40.18],[-95.14,39.92],[-95.34,39.92],[-95.34,40.0],[-95.31,40.0],[-95.35,40.03],[-95.4,40.03],[-95.42,40.06],[-95.39,40.07]]],""type"":""Polygon""},""properties"":{""_map_py"":{""effective"":""2026-06-13T22:29:00Z"",""event"":""Severe Thunderstorm Warning"",""expires"":""2026-06-13T22:59:00Z"",""has_polygon"":true,""headline"":"""",""sender"":""EAX""},""effective"":""2026-06-13T22:29:00Z"",""event"":""Severe Thunderstorm Warning"",""expires"":""2026-06-13T22:59:00Z"",""headline"":"""",""iem_damagetag"":"""",""iem_emergency"":""False"",""iem_event_id"":""378"",""iem_forecaster"":""CDB"",""iem_gtype"":""P"",""iem_hailtag"":""1.5"",""iem_phenomena"":""SV"",""iem_raw_properties"":{""AREA_KM2"":""426.0937531851887"",""DAMAGTAG"":null,""EMERGENC"":""False"",""ETN"":""378"",""EXPIRED"":""202606132259"",""FCSTER"":""CDB"",""GTYPE"":""P"",""HAILTAG"":""1.5"",""HV_CAUSE"":null,""HV_NWSLI"":null,""HV_REC"":null,""HV_SEV"":null,""INIT_EXP"":""202606132315"",""INIT_ISS"":""202606132229"",""ISSUED"":""202606132229"",""NWS_UGC"":null,""PHENOM"":""SV"",""POLY_BEG"":""202606132229"",""POLY_END"":""202606132239"",""PROD_ID"":""202606132229-KEAX-WUUS53-SVREAX"",""SIG"":""W"",""STATUS"":""NEW"",""TORNTAG"":null,""UPDATED"":""202606132229"",""VTEC_YR"":""2026"",""WFO"":""EAX"",""WINDTAG"":""60.0""},""iem_significance"":""W"",""iem_tornadotag"":"""",""iem_ugc"":"""",""iem_wfo"":""EAX"",""iem_windtag"":""60.0"",""senderName"":""EAX"",""status"":""NEW""},""type"":""Feature""}",2026-04-27T17:31:58Z,2026-07-09T05:15:02Z,2026-07-09T18:49:04Z
185,iem_watchwarn,iem_watchwarn|TSA|250|SV|W|2026-06-13T22:29:00Z|2026-06-13T23:15:00Z|,Severe Thunderstorm Warning,,2026-06-13T22:29:00Z,2026-06-13T23:15:00Z,TSA,NEW,1,"{""coordinates"":[[[-95.25,36.47],[-95.23,36.61],[-94.82,36.66],[-94.85,36.4],[-95.25,36.47]]],""type"":""Polygon""}","{""_map_py"":{""effective"":""2026-06-13T22:29:00Z"",""event"":""Severe Thunderstorm Warning"",""expires"":""2026-06-13T23:15:00Z"",""has_polygon"":true,""headline"":"""",""sender"":""TSA""},""effective"":""2026-06-13T22:29:00Z"",""event"":""Severe Thunderstorm Warning"",""expires"":""2026-06-13T23:15:00Z"",""headline"":"""",""iem_damagetag"":"""",""iem_emergency"":""False"",""iem_event_id"":""250"",""iem_forecaster"":"""",""iem_gtype"":""P"",""iem_hailtag"":""1.0"",""iem_phenomena"":""SV"",""iem_raw_properties"":{""AREA_KM2"":""807.1620145710154"",""DAMAGTAG"":null,""EMERGENC"":""False"",""ETN"":""250"",""EXPIRED"":""202606132315"",""FCSTER"":null,""GTYPE"":""P"",""HAILTAG"":""1.0"",""HV_CAUSE"":null,""HV_NWSLI"":null,""HV_REC"":null,""HV_SEV"":null,""INIT_EXP"":""202606132315"",""INIT_ISS"":""202606132229"",""ISSUED"":""202606132229"",""NWS_UGC"":null,""PHENOM"":""SV"",""POLY_BEG"":""202606132229"",""POLY_END"":""202606132256"",""PROD_ID"":""202606132229-KTSA-WUUS54-SVRTSA"",""SIG"":""W"",""STATUS"":""NEW"",""TORNTAG"":null,""UPDATED"":""202606132229"",""VTEC_YR"":""2026"",""WFO"":""TSA"",""WINDTAG"":""60.0""},""iem_significance"":""W"",""iem_tornadotag"":"""",""iem_ugc"":"""",""iem_wfo"":""TSA"",""iem_windtag"":""60.0"",""senderName"":""TSA"",""status"":""NEW""}","{""geometry"":{""coordinates"":[[[-95.25,36.47],[-95.23,36.61],[-94.82,36.66],[-94.85,36.4],[-95.25,36.47]]],""type"":""Polygon""},""properties"":{""_map_py"":{""effective"":""2026-06-13T22:29:00Z"",""event"":""Severe Thunderstorm Warning"",""expires"":""2026-06-13T23:15:00Z"",""has_polygon"":true,""headline"":"""",""sender"":""TSA""},""effective"":""2026-06-13T22:29:00Z"",""event"":""Severe Thunderstorm Warning"",""expires"":""2026-06-13T23:15:00Z"",""headline"":"""",""iem_damagetag"":"""",""iem_emergency"":""False"",""iem_event_id"":""250"",""iem_forecaster"":"""",""iem_gtype"":""P"",""iem_hailtag"":""1.0"",""iem_phenomena"":""SV"",""iem_raw_properties"":{""AREA_KM2"":""807.1620145710154"",""DAMAGTAG"":null,""EMERGENC"":""False"",""ETN"":""250"",""EXPIRED"":""202606132315"",""FCSTER"":null,""GTYPE"":""P"",""HAILTAG"":""1.0"",""HV_CAUSE"":null,""HV_NWSLI"":null,""HV_REC"":null,""HV_SEV"":null,""INIT_EXP"":""202606132315"",""INIT_ISS"":""202606132229"",""ISSUED"":""202606132229"",""NWS_UGC"":null,""PHENOM"":""SV"",""POLY_BEG"":""202606132229"",""POLY_END"":""202606132256"",""PROD_ID"":""202606132229-KTSA-WUUS54-SVRTSA"",""SIG"":""W"",""STATUS"":""NEW"",""TORNTAG"":null,""UPDATED"":""202606132229"",""VTEC_YR"":""2026"",""WFO"":""TSA"",""WINDTAG"":""60.0""},""iem_significance"":""W"",""iem_tornadotag"":"""",""iem_ugc"":"""",""iem_wfo"":""TSA"",""iem_windtag"":""60.0"",""senderName"":""TSA"",""status"":""NEW""},""type"":""Feature""}",2026-04-27T17:31:58Z,2026-07-09T05:15:02Z,2026-07-09T18:49:04Z
2826,iem_watchwarn,iem_watchwarn|TOP|308|SV|W|2026-06-13T22:34:00Z|2026-06-13T23:15:00Z|,Severe Thunderstorm Warning,,2026-06-13T22:34:00Z,2026-06-13T23:15:00Z,TOP,NEW,1,"{""coordinates"":[[[-96.7,39.71],[-96.71,39.92],[-96.2,39.91],[-96.21,39.64],[-96.7,39.71]]],""type"":""Polygon""}","{""_map_py"":{""effective"":""2026-06-13T22:34:00Z"",""event"":""Severe Thunderstorm Warning"",""expires"":""2026-06-13T23:15:00Z"",""has_polygon"":true,""headline"":"""",""sender"":""TOP""},""effective"":""2026-06-13T22:34:00Z"",""event"":""Severe Thunderstorm Warning"",""expires"":""2026-06-13T23:15:00Z"",""headline"":"""",""iem_damagetag"":""CONSIDERABLE"",""iem_emergency"":""False"",""iem_event_id"":""308"",""iem_forecaster"":""Prieto"",""iem_gtype"":""P"",""iem_hailtag"":""1.75"",""iem_phenomena"":""SV"",""iem_raw_properties"":{""AREA_KM2"":""1139.9936385258159"",""DAMAGTAG"":""CONSIDERABLE"",""EMERGENC"":""False"",""ETN"":""308"",""EXPIRED"":""202606132315"",""FCSTER"":""Prieto"",""GTYPE"":""P"",""HAILTAG"":""1.75"",""HV_CAUSE"":null,""HV_NWSLI"":null,""HV_REC"":null,""HV_SEV"":null,""INIT_EXP"":""202606132315"",""INIT_ISS"":""202606132234"",""ISSUED"":""202606132234"",""NWS_UGC"":null,""PHENOM"":""SV"",""POLY_BEG"":""202606132234"",""POLY_END"":""202606132257"",""PROD_ID"":""202606132234-KTOP-WUUS53-SVRTOP"",""SIG"":""W"",""STATUS"":""NEW"",""TORNTAG"":null,""UPDATED"":""202606132234"",""VTEC_YR"":""2026"",""WFO"":""TOP"",""WINDTAG"":""60.0""},""iem_significance"":""W"",""iem_tornadotag"":"""",""iem_ugc"":"""",""iem_wfo"":""TOP"",""iem_windtag"":""60.0"",""senderName"":""TOP"",""status"":""NEW""}","{""geometry"":{""coordinates"":[[[-96.7,39.71],[-96.71,39.92],[-96.2,39.91],[-96.21,39.64],[-96.7,39.71]]],""type"":""Polygon""},""properties"":{""_map_py"":{""effective"":""2026-06-13T22:34:00Z"",""event"":""Severe Thunderstorm Warning"",""expires"":""2026-06-13T23:15:00Z"",""has_polygon"":true,""headline"":"""",""sender"":""TOP""},""effective"":""2026-06-13T22:34:00Z"",""event"":""Severe Thunderstorm Warning"",""expires"":""2026-06-13T23:15:00Z"",""headline"":"""",""iem_damagetag"":""CONSIDERABLE"",""iem_emergency"":""False"",""iem_event_id"":""308"",""iem_forecaster"":""Prieto"",""iem_gtype"":""P"",""iem_hailtag"":""1.75"",""iem_phenomena"":""SV"",""iem_raw_properties"":{""AREA_KM2"":""1139.9936385258159"",""DAMAGTAG"":""CONSIDERABLE"",""EMERGENC"":""False"",""ETN"":""308"",""EXPIRED"":""202606132315"",""FCSTER"":""Prieto"",""GTYPE"":""P"",""HAILTAG"":""1.75"",""HV_CAUSE"":null,""HV_NWSLI"":null,""HV_REC"":null,""HV_SEV"":null,""INIT_EXP"":""202606132315"",""INIT_ISS"":""202606132234"",""ISSUED"":""202606132234"",""NWS_UGC"":null,""PHENOM"":""SV"",""POLY_BEG"":""202606132234"",""POLY_END"":""202606132257"",""PROD_ID"":""202606132234-KTOP-WUUS53-SVRTOP"",""SIG"":""W"",""STATUS"":""NEW"",""TORNTAG"":null,""UPDATED"":""202606132234"",""VTEC_YR"":""2026"",""WFO"":""TOP"",""WINDTAG"":""60.0""},""iem_significance"":""W"",""iem_tornadotag"":"""",""iem_ugc"":"""",""iem_wfo"":""TOP"",""iem_windtag"":""60.0"",""senderName"":""TOP"",""status"":""NEW""},""type"":""Feature""}",2026-04-27T17:31:58Z,2026-07-09T05:15:02Z,2026-07-09T18:49:04Z
2112,iem_watchwarn,iem_watchwarn|DDC|112|SV|W|2026-06-13T22:39:00Z|2026-06-13T23:15:00Z|,Severe Thunderstorm Warning,,2026-06-13T22:39:00Z,2026-06-13T23:15:00Z,DDC,NEW,1,"{""coordinates"":[[[-99.99,37.98],[-99.81,38.08],[-99.39,38.09],[-99.43,37.77],[-99.99,37.98]]],""type"":""Polygon""}","{""_map_py"":{""effective"":""2026-06-13T22:39:00Z"",""event"":""Severe Thunderstorm Warning"",""expires"":""2026-06-13T23:15:00Z"",""has_polygon"":true,""headline"":"""",""sender"":""DDC""},""effective"":""2026-06-13T22:39:00Z"",""event"":""Severe Thunderstorm Warning"",""expires"":""2026-06-13T23:15:00Z"",""headline"":"""",""iem_damagetag"":"""",""iem_emergency"":""False"",""iem_event_id"":""112"",""iem_forecaster"":""KBJ"",""iem_gtype"":""P"",""iem_hailtag"":""1.0"",""iem_phenomena"":""SV"",""iem_raw_properties"":{""AREA_KM2"":""1108.892360909724"",""DAMAGTAG"":null,""EMERGENC"":""False"",""ETN"":""112"",""EXPIRED"":""202606132315"",""FCSTER"":""KBJ"",""GTYPE"":""P"",""HAILTAG"":""1.0"",""HV_CAUSE"":null,""HV_NWSLI"":null,""HV_REC"":null,""HV_SEV"":null,""INIT_EXP"":""202606132315"",""INIT_ISS"":""202606132239"",""ISSUED"":""202606132239"",""NWS_UGC"":null,""PHENOM"":""SV"",""POLY_BEG"":""202606132239"",""POLY_END"":""202606132315"",""PROD_ID"":""202606132239-KDDC-WUUS53-SVRDDC"",""SIG"":""W"",""STATUS"":""NEW"",""TORNTAG"":null,""UPDATED"":""202606132239"",""VTEC_YR"":""2026"",""WFO"":""DDC"",""WINDTAG"":""60.0""},""iem_significance"":""W"",""iem_tornadotag"":"""",""iem_ugc"":"""",""iem_wfo"":""DDC"",""iem_windtag"":""60.0"",""senderName"":""DDC"",""status"":""NEW""}","{""geometry"":{""coordinates"":[[[-99.99,37.98],[-99.81,38.08],[-99.39,38.09],[-99.43,37.77],[-99.99,37.98]]],""type"":""Polygon""},""properties"":{""_map_py"":{""effective"":""2026-06-13T22:39:00Z"",""event"":""Severe Thunderstorm Warning"",""expires"":""2026-06-13T23:15:00Z"",""has_polygon"":true,""headline"":"""",""sender"":""DDC""},""effective"":""2026-06-13T22:39:00Z"",""event"":""Severe Thunderstorm Warning"",""expires"":""2026-06-13T23:15:00Z"",""headline"":"""",""iem_damagetag"":"""",""iem_emergency"":""False"",""iem_event_id"":""112"",""iem_forecaster"":""KBJ"",""iem_gtype"":""P"",""iem_hailtag"":""1.0"",""iem_phenomena"":""SV"",""iem_raw_properties"":{""AREA_KM2"":""1108.892360909724"",""DAMAGTAG"":null,""EMERGENC"":""False"",""ETN"":""112"",""EXPIRED"":""202606132315"",""FCSTER"":""KBJ"",""GTYPE"":""P"",""HAILTAG"":""1.0"",""HV_CAUSE"":null,""HV_NWSLI"":null,""HV_REC"":null,""HV_SEV"":null,""INIT_EXP"":""202606132315"",""INIT_ISS"":""202606132239"",""ISSUED"":""202606132239"",""NWS_UGC"":null,""PHENOM"":""SV"",""POLY_BEG"":""202606132239"",""POLY_END"":""202606132315"",""PROD_ID"":""202606132239-KDDC-WUUS53-SVRDDC"",""SIG"":""W"",""STATUS"":""NEW"",""TORNTAG"":null,""UPDATED"":""202606132239"",""VTEC_YR"":""2026"",""WFO"":""DDC"",""WINDTAG"":""60.0""},""iem_significance"":""W"",""iem_tornadotag"":"""",""iem_ugc"":"""",""iem_wfo"":""DDC"",""iem_windtag"":""60.0"",""senderName"":""DDC"",""status"":""NEW""},""type"":""Feature""}",2026-04-27T17:31:58Z,2026-07-09T05:15:02Z,2026-07-09T18:49:04Z
2629,iem_watchwarn,iem_watchwarn|TOP|309|SV|W|2026-06-13T22:39:00Z|2026-06-13T23:15:00Z|,Severe Thunderstorm Warning,,2026-06-13T22:39:00Z,2026-06-13T23:15:00Z,TOP,NEW,1,"{""coordinates"":[[[-95.63,39.89],[-96.11,39.94],[-96.1,40.0],[-95.62,40.0],[-95.63,39.89]]],""type"":""Polygon""}","{""_map_py"":{""effective"":""2026-06-13T22:39:00Z"",""event"":""Severe Thunderstorm Warning"",""expires"":""2026-06-13T23:15:00Z"",""has_polygon"":true,""headline"":"""",""sender"":""TOP""},""effective"":""2026-06-13T22:39:00Z"",""event"":""Severe Thunderstorm Warning"",""expires"":""2026-06-13T23:15:00Z"",""headline"":"""",""iem_damagetag"":"""",""iem_emergency"":""False"",""iem_event_id"":""309"",""iem_forecaster"":""Prieto"",""iem_gtype"":""P"",""iem_hailtag"":""1.0"",""iem_phenomena"":""SV"",""iem_raw_properties"":{""AREA_KM2"":""389.0221779524741"",""DAMAGTAG"":null,""EMERGENC"":""False"",""ETN"":""309"",""EXPIRED"":""202606132315"",""FCSTER"":""Prieto"",""GTYPE"":""P"",""HAILTAG"":""1.0"",""HV_CAUSE"":null,""HV_NWSLI"":null,""HV_REC"":null,""HV_SEV"":null,""INIT_EXP"":""202606132315"",""INIT_ISS"":""202606132239"",""ISSUED"":""202606132239"",""NWS_UGC"":null,""PHENOM"":""SV"",""POLY_BEG"":""202606132239"",""POLY_END"":""202606132254"",""PROD_ID"":""202606132239-KTOP-WUUS53-SVRTOP"",""SIG"":""W"",""STATUS"":""NEW"",""TORNTAG"":null,""UPDATED"":""202606132239"",""VTEC_YR"":""2026"",""WFO"":""TOP"",""WINDTAG"":""60.0""},""iem_significance"":""W"",""iem_tornadotag"":"""",""iem_ugc"":"""",""iem_wfo"":""TOP"",""iem_windtag"":""60.0"",""senderName"":""TOP"",""status"":""NEW""}","{""geometry"":{""coordinates"":[[[-95.63,39.89],[-96.11,39.94],[-96.1,40.0],[-95.62,40.0],[-95.63,39.89]]],""type"":""Polygon""},""properties"":{""_map_py"":{""effective"":""2026-06-13T22:39:00Z"",""event"":""Severe Thunderstorm Warning"",""expires"":""2026-06-13T23:15:00Z"",""has_polygon"":true,""headline"":"""",""sender"":""TOP""},""effective"":""2026-06-13T22:39:00Z"",""event"":""Severe Thunderstorm Warning"",""expires"":""2026-06-13T23:15:00Z"",""headline"":"""",""iem_damagetag"":"""",""iem_emergency"":""False"",""iem_event_id"":""309"",""iem_forecaster"":""Prieto"",""iem_gtype"":""P"",""iem_hailtag"":""1.0"",""iem_phenomena"":""SV"",""iem_raw_properties"":{""AREA_KM2"":""389.0221779524741"",""DAMAGTAG"":null,""EMERGENC"":""False"",""ETN"":""309"",""EXPIRED"":""202606132315"",""FCSTER"":""Prieto"",""GTYPE"":""P"",""HAILTAG"":""1.0"",""HV_CAUSE"":null,""HV_NWSLI"":null,""HV_REC"":null,""HV_SEV"":null,""INIT_EXP"":""202606132315"",""INIT_ISS"":""202606132239"",""ISSUED"":""202606132239"",""NWS_UGC"":null,""PHENOM"":""SV"",""POLY_BEG"":""202606132239"",""POLY_END"":""202606132254"",""PROD_ID"":""202606132239-KTOP-WUUS53-SVRTOP"",""SIG"":""W"",""STATUS"":""NEW"",""TORNTAG"":null,""UPDATED"":""202606132239"",""VTEC_YR"":""2026"",""WFO"":""TOP"",""WINDTAG"":""60.0""},""iem_significance"":""W"",""iem_tornadotag"":"""",""iem_ugc"":"""",""iem_wfo"":""TOP"",""iem_windtag"":""60.0"",""senderName"":""TOP"",""status"":""NEW""},""type"":""Feature""}",2026-04-27T17:31:58Z,2026-07-09T05:15:02Z,2026-07-09T18:49:04Z
6432,iem_watchwarn,iem_watchwarn|TOP|310|SV|W|2026-06-13T22:40:00Z|2026-06-13T23:30:00Z|,Severe Thunderstorm Warning,,2026-06-13T22:40:00Z,2026-06-13T23:30:00Z,TOP,NEW,1,"{""coordinates"":[[[-96.95,39.58],[-96.95,39.57],[-96.96,39.57],[-96.96,39.27],[-97.37,39.41],[-97.36,39.67],[-96.95,39.58]]],""type"":""Polygon""}","{""_map_py"":{""effective"":""2026-06-13T22:40:00Z"",""event"":""Severe Thunderstorm Warning"",""expires"":""2026-06-13T23:30:00Z"",""has_polygon"":true,""headline"":"""",""sender"":""TOP""},""effective"":""2026-06-13T22:40:00Z"",""event"":""Severe Thunderstorm Warning"",""expires"":""2026-06-13T23:30:00Z"",""headline"":"""",""iem_damagetag"":""CONSIDERABLE"",""iem_emergency"":""False"",""iem_event_id"":""310"",""iem_forecaster"":""Flanagan"",""iem_gtype"":""P"",""iem_hailtag"":""2.0"",""iem_phenomena"":""SV"",""iem_raw_properties"":{""AREA_KM2"":""1112.1385072611486"",""DAMAGTAG"":""CONSIDERABLE"",""EMERGENC"":""False"",""ETN"":""310"",""EXPIRED"":""202606132330"",""FCSTER"":""Flanagan"",""GTYPE"":""P"",""HAILTAG"":""2.0"",""HV_CAUSE"":null,""HV_NWSLI"":null,""HV_REC"":null,""HV_SEV"":null,""INIT_EXP"":""202606132330"",""INIT_ISS"":""202606132240"",""ISSUED"":""202606132240"",""NWS_UGC"":null,""PHENOM"":""SV"",""POLY_BEG"":""202606132240"",""POLY_END"":""202606132312"",""PROD_ID"":""202606132240-KTOP-WUUS53-SVRTOP"",""SIG"":""W"",""STATUS"":""NEW"",""TORNTAG"":null,""UPDATED"":""202606132240"",""VTEC_YR"":""2026"",""WFO"":""TOP"",""WINDTAG"":""70.0""},""iem_significance"":""W"",""iem_tornadotag"":"""",""iem_ugc"":"""",""iem_wfo"":""TOP"",""iem_windtag"":""70.0"",""senderName"":""TOP"",""status"":""NEW""}","{""geometry"":{""coordinates"":[[[-96.95,39.58],[-96.95,39.57],[-96.96,39.57],[-96.96,39.27],[-97.37,39.41],[-97.36,39.67],[-96.95,39.58]]],""type"":""Polygon""},""properties"":{""_map_py"":{""effective"":""2026-06-13T22:40:00Z"",""event"":""Severe Thunderstorm Warning"",""expires"":""2026-06-13T23:30:00Z"",""has_polygon"":true,""headline"":"""",""sender"":""TOP""},""effective"":""2026-06-13T22:40:00Z"",""event"":""Severe Thunderstorm Warning"",""expires"":""2026-06-13T23:30:00Z"",""headline"":"""",""iem_damagetag"":""CONSIDERABLE"",""iem_emergency"":""False"",""iem_event_id"":""310"",""iem_forecaster"":""Flanagan"",""iem_gtype"":""P"",""iem_hailtag"":""2.0"",""iem_phenomena"":""SV"",""iem_raw_properties"":{""AREA_KM2"":""1112.1385072611486"",""DAMAGTAG"":""CONSIDERABLE"",""EMERGENC"":""False"",""ETN"":""310"",""EXPIRED"":""202606132330"",""FCSTER"":""Flanagan"",""GTYPE"":""P"",""HAILTAG"":""2.0"",""HV_CAUSE"":null,""HV_NWSLI"":null,""HV_REC"":null,""HV_SEV"":null,""INIT_EXP"":""202606132330"",""INIT_ISS"":""202606132240"",""ISSUED"":""202606132240"",""NWS_UGC"":null,""PHENOM"":""SV"",""POLY_BEG"":""202606132240"",""POLY_END"":""202606132312"",""PROD_ID"":""202606132240-KTOP-WUUS53-SVRTOP"",""SIG"":""W"",""STATUS"":""NEW"",""TORNTAG"":null,""UPDATED"":""202606132240"",""VTEC_YR"":""2026"",""WFO"":""TOP"",""WINDTAG"":""70.0""},""iem_significance"":""W"",""iem_tornadotag"":"""",""iem_ugc"":"""",""iem_wfo"":""TOP"",""iem_windtag"":""70.0"",""senderName"":""TOP"",""status"":""NEW""},""type"":""Feature""}",2026-04-27T17:31:58Z,2026-07-09T05:15:02Z,2026-07-09T18:49:04Z
10586,iem_watchwarn,iem_watchwarn|OHX|64|SV|W|2026-06-13T22:43:00Z|2026-06-13T23:14:00Z|,Severe Thunderstorm Warning,,2026-06-13T22:43:00Z,2026-06-13T23:14:00Z,OHX,NEW,1,"{""coordinates"":[[[-88.02,35.66],[-88.02,35.68],[-88.03,35.69],[-88.04,35.72],[-87.98,35.77],[-87.97,35.84],[-87.85,35.9],[-87.71,35.84],[-87.73,35.73],[-87.72,35.73],[-87.71,35.7],[-87.74,35.7],[-87.74,35.67],[-88.02,35.58],[-88.04,35.62],[-88.02,35.66]]],""type"":""Polygon""}","{""_map_py"":{""effective"":""2026-06-13T22:43:00Z"",""event"":""Severe Thunderstorm Warning"",""expires"":""2026-06-13T23:14:00Z"",""has_polygon"":true,""headline"":"""",""sender"":""OHX""},""effective"":""2026-06-13T22:43:00Z"",""event"":""Severe Thunderstorm Warning"",""expires"":""2026-06-13T23:14:00Z"",""headline"":"""",""iem_damagetag"":"""",""iem_emergency"":""False"",""iem_event_id"":""64"",""iem_forecaster"":""Clements"",""iem_gtype"":""P"",""iem_hailtag"":""1.0"",""iem_phenomena"":""SV"",""iem_raw_properties"":{""AREA_KM2"":""688.2436477017404"",""DAMAGTAG"":null,""EMERGENC"":""False"",""ETN"":""64"",""EXPIRED"":""202606132314"",""FCSTER"":""Clements"",""GTYPE"":""P"",""HAILTAG"":""1.0"",""HV_CAUSE"":null,""HV_NWSLI"":null,""HV_REC"":null,""HV_SEV"":null,""INIT_EXP"":""202606132330"",""INIT_ISS"":""202606132243"",""ISSUED"":""202606132243"",""NWS_UGC"":null,""PHENOM"":""SV"",""POLY_BEG"":""202606132243"",""POLY_END"":""202606132305"",""PROD_ID"":""202606132243-KOHX-WUUS54-SVROHX"",""SIG"":""W"",""STATUS"":""NEW"",""TORNTAG"":null,""UPDATED"":""202606132243"",""VTEC_YR"":""2026"",""WFO"":""OHX"",""WINDTAG"":""60.0""},""iem_significance"":""W"",""iem_tornadotag"":"""",""iem_ugc"":"""",""iem_wfo"":""OHX"",""iem_windtag"":""60.0"",""senderName"":""OHX"",""status"":""NEW""}","{""geometry"":{""coordinates"":[[[-88.02,35.66],[-88.02,35.68],[-88.03,35.69],[-88.04,35.72],[-87.98,35.77],[-87.97,35.84],[-87.85,35.9],[-87.71,35.84],[-87.73,35.73],[-87.72,35.73],[-87.71,35.7],[-87.74,35.7],[-87.74,35.67],[-88.02,35.58],[-88.04,35.62],[-88.02,35.66]]],""type"":""Polygon""},""properties"":{""_map_py"":{""effective"":""2026-06-13T22:43:00Z"",""event"":""Severe Thunderstorm Warning"",""expires"":""2026-06-13T23:14:00Z"",""has_polygon"":true,""headline"":"""",""sender"":""OHX""},""effective"":""2026-06-13T22:43:00Z"",""event"":""Severe Thunderstorm Warning"",""expires"":""2026-06-13T23:14:00Z"",""headline"":"""",""iem_damagetag"":"""",""iem_emergency"":""False"",""iem_event_id"":""64"",""iem_forecaster"":""Clements"",""iem_gtype"":""P"",""iem_hailtag"":""1.0"",""iem_phenomena"":""SV"",""iem_raw_properties"":{""AREA_KM2"":""688.2436477017404"",""DAMAGTAG"":null,""EMERGENC"":""False"",""ETN"":""64"",""EXPIRED"":""202606132314"",""FCSTER"":""Clements"",""GTYPE"":""P"",""HAILTAG"":""1.0"",""HV_CAUSE"":null,""HV_NWSLI"":null,""HV_REC"":null,""HV_SEV"":null,""INIT_EXP"":""202606132330"",""INIT_ISS"":""202606132243"",""ISSUED"":""202606132243"",""NWS_UGC"":null,""PHENOM"":""SV"",""POLY_BEG"":""202606132243"",""POLY_END"":""202606132305"",""PROD_ID"":""202606132243-KOHX-WUUS54-SVROHX"",""SIG"":""W"",""STATUS"":""NEW"",""TORNTAG"":null,""UPDATED"":""202606132243"",""VTEC_YR"":""2026"",""WFO"":""OHX"",""WINDTAG"":""60.0""},""iem_significance"":""W"",""iem_tornadotag"":"""",""iem_ugc"":"""",""iem_wfo"":""OHX"",""iem_windtag"":""60.0"",""senderName"":""OHX"",""status"":""NEW""},""type"":""Feature""}",2026-04-27T17:31:58Z,2026-07-09T05:15:02Z,2026-07-09T18:49:04Z
3242,iem_watchwarn,iem_watchwarn|ICT|271|SV|W|2026-06-13T22:43:00Z|2026-06-13T23:45:00Z|,Severe Thunderstorm Warning,,2026-06-13T22:43:00Z,2026-06-13T23:45:00Z,ICT,NEW,1,"{""coordinates"":[[[-97.93,38.87],[-97.92,38.52],[-98.48,38.52],[-98.48,38.87],[-97.93,38.87]]],""type"":""Polygon""}","{""_map_py"":{""effective"":""2026-06-13T22:43:00Z"",""event"":""Severe Thunderstorm Warning"",""expires"":""2026-06-13T23:45:00Z"",""has_polygon"":true,""headline"":"""",""sender"":""ICT""},""effective"":""2026-06-13T22:43:00Z"",""event"":""Severe Thunderstorm Warning"",""expires"":""2026-06-13T23:45:00Z"",""headline"":"""",""iem_damagetag"":"""",""iem_emergency"":""False"",""iem_event_id"":""271"",""iem_forecaster"":""KLEINSASSER"",""iem_gtype"":""P"",""iem_hailtag"":""1.0"",""iem_phenomena"":""SV"",""iem_raw_properties"":{""AREA_KM2"":""1874.465958012719"",""DAMAGTAG"":null,""EMERGENC"":""False"",""ETN"":""271"",""EXPIRED"":""202606132345"",""FCSTER"":""KLEINSASSER"",""GTYPE"":""P"",""HAILTAG"":""1.0"",""HV_CAUSE"":null,""HV_NWSLI"":null,""HV_REC"":null,""HV_SEV"":null,""INIT_EXP"":""202606132345"",""INIT_ISS"":""202606132243"",""ISSUED"":""202606132243"",""NWS_UGC"":null,""PHENOM"":""SV"",""POLY_BEG"":""202606132243"",""POLY_END"":""202606132255"",""PROD_ID"":""202606132243-KICT-WUUS53-SVRICT"",""SIG"":""W"",""STATUS"":""NEW"",""TORNTAG"":null,""UPDATED"":""202606132243"",""VTEC_YR"":""2026"",""WFO"":""ICT"",""WINDTAG"":""60.0""},""iem_significance"":""W"",""iem_tornadotag"":"""",""iem_ugc"":"""",""iem_wfo"":""ICT"",""iem_windtag"":""60.0"",""senderName"":""ICT"",""status"":""NEW""}","{""geometry"":{""coordinates"":[[[-97.93,38.87],[-97.92,38.52],[-98.48,38.52],[-98.48,38.87],[-97.93,38.87]]],""type"":""Polygon""},""properties"":{""_map_py"":{""effective"":""2026-06-13T22:43:00Z"",""event"":""Severe Thunderstorm Warning"",""expires"":""2026-06-13T23:45:00Z"",""has_polygon"":true,""headline"":"""",""sender"":""ICT""},""effective"":""2026-06-13T22:43:00Z"",""event"":""Severe Thunderstorm Warning"",""expires"":""2026-06-13T23:45:00Z"",""headline"":"""",""iem_damagetag"":"""",""iem_emergency"":""False"",""iem_event_id"":""271"",""iem_forecaster"":""KLEINSASSER"",""iem_gtype"":""P"",""iem_hailtag"":""1.0"",""iem_phenomena"":""SV"",""iem_raw_properties"":{""AREA_KM2"":""1874.465958012719"",""DAMAGTAG"":null,""EMERGENC"":""False"",""ETN"":""271"",""EXPIRED"":""202606132345"",""FCSTER"":""KLEINSASSER"",""GTYPE"":""P"",""HAILTAG"":""1.0"",""HV_CAUSE"":null,""HV_NWSLI"":null,""HV_REC"":null,""HV_SEV"":null,""INIT_EXP"":""202606132345"",""INIT_ISS"":""202606132243"",""ISSUED"":""202606132243"",""NWS_UGC"":null,""PHENOM"":""SV"",""POLY_BEG"":""202606132243"",""POLY_END"":""202606132255"",""PROD_ID"":""202606132243-KICT-WUUS53-SVRICT"",""SIG"":""W"",""STATUS"":""NEW"",""TORNTAG"":null,""UPDATED"":""202606132243"",""VTEC_YR"":""2026"",""WFO"":""ICT"",""WINDTAG"":""60.0""},""iem_significance"":""W"",""iem_tornadotag"":"""",""iem_ugc"":"""",""iem_wfo"":""ICT"",""iem_windtag"":""60.0"",""senderName"":""ICT"",""status"":""NEW""},""type"":""Feature""}",2026-04-27T17:31:58Z,2026-07-09T05:15:02Z,2026-07-09T18:49:04Z
1601,iem_watchwarn,iem_watchwarn|EAX|379|SV|W|2026-06-13T22:49:00Z|2026-06-13T23:30:00Z|,Severe Thunderstorm Warning,,2026-06-13T22:49:00Z,2026-06-13T23:30:00Z,EAX,NEW,1,"{""coordinates"":[[[-95.35,40.28],[-95.36,40.41],[-95.0,40.45],[-95.01,40.27],[-95.35,40.28]]],""type"":""Polygon""}","{""_map_py"":{""effective"":""2026-06-13T22:49:00Z"",""event"":""Severe Thunderstorm Warning"",""expires"":""2026-06-13T23:30:00Z"",""has_polygon"":true,""headline"":"""",""sender"":""EAX""},""effective"":""2026-06-13T22:49:00Z"",""event"":""Severe Thunderstorm Warning"",""expires"":""2026-06-13T23:30:00Z"",""headline"":"""",""iem_damagetag"":"""",""iem_emergency"":""False"",""iem_event_id"":""379"",""iem_forecaster"":""CDB"",""iem_gtype"":""P"",""iem_hailtag"":""1.0"",""iem_phenomena"":""SV"",""iem_raw_properties"":{""AREA_KM2"":""511.20582241885785"",""DAMAGTAG"":null,""EMERGENC"":""False"",""ETN"":""379"",""EXPIRED"":""202606132330"",""FCSTER"":""CDB"",""GTYPE"":""P"",""HAILTAG"":""1.0"",""HV_CAUSE"":null,""HV_NWSLI"":null,""HV_REC"":null,""HV_SEV"":null,""INIT_EXP"":""202606132330"",""INIT_ISS"":""202606132249"",""ISSUED"":""202606132249"",""NWS_UGC"":null,""PHENOM"":""SV"",""POLY_BEG"":""202606132249"",""POLY_END"":""202606132257"",""PROD_ID"":""202606132249-KEAX-WUUS53-SVREAX"",""SIG"":""W"",""STATUS"":""NEW"",""TORNTAG"":""POSSIBLE"",""UPDATED"":""202606132249"",""VTEC_YR"":""2026"",""WFO"":""EAX"",""WINDTAG"":""60.0""},""iem_significance"":""W"",""iem_tornadotag"":""POSSIBLE"",""iem_ugc"":"""",""iem_wfo"":""EAX"",""iem_windtag"":""60.0"",""senderName"":""EAX"",""status"":""NEW""}","{""geometry"":{""coordinates"":[[[-95.35,40.28],[-95.36,40.41],[-95.0,40.45],[-95.01,40.27],[-95.35,40.28]]],""type"":""Polygon""},""properties"":{""_map_py"":{""effective"":""2026-06-13T22:49:00Z"",""event"":""Severe Thunderstorm Warning"",""expires"":""2026-06-13T23:30:00Z"",""has_polygon"":true,""headline"":"""",""sender"":""EAX""},""effective"":""2026-06-13T22:49:00Z"",""event"":""Severe Thunderstorm Warning"",""expires"":""2026-06-13T23:30:00Z"",""headline"":"""",""iem_damagetag"":"""",""iem_emergency"":""False"",""iem_event_id"":""379"",""iem_forecaster"":""CDB"",""iem_gtype"":""P"",""iem_hailtag"":""1.0"",""iem_phenomena"":""SV"",""iem_raw_properties"":{""AREA_KM2"":""511.20582241885785"",""DAMAGTAG"":null,""EMERGENC"":""False"",""ETN"":""379"",""EXPIRED"":""202606132330"",""FCSTER"":""CDB"",""GTYPE"":""P"",""HAILTAG"":""1.0"",""HV_CAUSE"":null,""HV_NWSLI"":null,""HV_REC"":null,""HV_SEV"":null,""INIT_EXP"":""202606132330"",""INIT_ISS"":""202606132249"",""ISSUED"":""202606132249"",""NWS_UGC"":null,""PHENOM"":""SV"",""POLY_BEG"":""202606132249"",""POLY_END"":""202606132257"",""PROD_ID"":""202606132249-KEAX-WUUS53-SVREAX"",""SIG"":""W"",""STATUS"":""NEW"",""TORNTAG"":""POSSIBLE"",""UPDATED"":""202606132249"",""VTEC_YR"":""2026"",""WFO"":""EAX"",""WINDTAG"":""60.0""},""iem_significance"":""W"",""iem_tornadotag"":""POSSIBLE"",""iem_ugc"":"""",""iem_wfo"":""EAX"",""iem_windtag"":""60.0"",""senderName"":""EAX"",""status"":""NEW""},""type"":""Feature""}",2026-04-27T17:31:58Z,2026-07-09T05:15:02Z,2026-07-09T18:49:04Z
5245,iem_watchwarn,iem_watchwarn|ABQ|87|SV|W|2026-06-13T22:50:00Z|2026-06-13T23:15:00Z|,Severe Thunderstorm Warning,,2026-06-13T22:50:00Z,2026-06-13T23:15:00Z,ABQ,NEW,1,"{""coordinates"":[[[-106.93,35.06],[-106.98,35.2],[-106.92,35.22],[-106.69,35.32],[-106.63,35.1],[-106.93,35.06]]],""type"":""Polygon""}","{""_map_py"":{""effective"":""2026-06-13T22:50:00Z"",""event"":""Severe Thunderstorm Warning"",""expires"":""2026-06-13T23:15:00Z"",""has_polygon"":true,""headline"":"""",""sender"":""ABQ""},""effective"":""2026-06-13T22:50:00Z"",""event"":""Severe Thunderstorm Warning"",""expires"":""2026-06-13T23:15:00Z"",""headline"":"""",""iem_damagetag"":"""",""iem_emergency"":""False"",""iem_event_id"":""87"",""iem_forecaster"":""77"",""iem_gtype"":""P"",""iem_hailtag"":""0.0"",""iem_phenomena"":""SV"",""iem_raw_properties"":{""AREA_KM2"":""574.0363227037969"",""DAMAGTAG"":null,""EMERGENC"":""False"",""ETN"":""87"",""EXPIRED"":""202606132315"",""FCSTER"":""77"",""GTYPE"":""P"",""HAILTAG"":""0.0"",""HV_CAUSE"":null,""HV_NWSLI"":null,""HV_REC"":null,""HV_SEV"":null,""INIT_EXP"":""202606132315"",""INIT_ISS"":""202606132250"",""ISSUED"":""202606132250"",""NWS_UGC"":null,""PHENOM"":""SV"",""POLY_BEG"":""202606132250"",""POLY_END"":""202606132301"",""PROD_ID"":""202606132250-KABQ-WUUS55-SVRABQ"",""SIG"":""W"",""STATUS"":""NEW"",""TORNTAG"":null,""UPDATED"":""202606132250"",""VTEC_YR"":""2026"",""WFO"":""ABQ"",""WINDTAG"":""60.0""},""iem_significance"":""W"",""iem_tornadotag"":"""",""iem_ugc"":"""",""iem_wfo"":""ABQ"",""iem_windtag"":""60.0"",""senderName"":""ABQ"",""status"":""NEW""}","{""geometry"":{""coordinates"":[[[-106.93,35.06],[-106.98,35.2],[-106.92,35.22],[-106.69,35.32],[-106.63,35.1],[-106.93,35.06]]],""type"":""Polygon""},""properties"":{""_map_py"":{""effective"":""2026-06-13T22:50:00Z"",""event"":""Severe Thunderstorm Warning"",""expires"":""2026-06-13T23:15:00Z"",""has_polygon"":true,""headline"":"""",""sender"":""ABQ""},""effective"":""2026-06-13T22:50:00Z"",""event"":""Severe Thunderstorm Warning"",""expires"":""2026-06-13T23:15:00Z"",""headline"":"""",""iem_damagetag"":"""",""iem_emergency"":""False"",""iem_event_id"":""87"",""iem_forecaster"":""77"",""iem_gtype"":""P"",""iem_hailtag"":""0.0"",""iem_phenomena"":""SV"",""iem_raw_properties"":{""AREA_KM2"":""574.0363227037969"",""DAMAGTAG"":null,""EMERGENC"":""False"",""ETN"":""87"",""EXPIRED"":""202606132315"",""FCSTER"":""77"",""GTYPE"":""P"",""HAILTAG"":""0.0"",""HV_CAUSE"":null,""HV_NWSLI"":null,""HV_REC"":null,""HV_SEV"":null,""INIT_EXP"":""202606132315"",""INIT_ISS"":""202606132250"",""ISSUED"":""202606132250"",""NWS_UGC"":null,""PHENOM"":""SV"",""POLY_BEG"":""202606132250"",""POLY_END"":""202606132301"",""PROD_ID"":""202606132250-KABQ-WUUS55-SVRABQ"",""SIG"":""W"",""STATUS"":""NEW"",""TORNTAG"":null,""UPDATED"":""202606132250"",""VTEC_YR"":""2026"",""WFO"":""ABQ"",""WINDTAG"":""60.0""},""iem_significance"":""W"",""iem_tornadotag"":"""",""iem_ugc"":"""",""iem_wfo"":""ABQ"",""iem_windtag"":""60.0"",""senderName"":""ABQ"",""status"":""NEW""},""type"":""Feature""}",2026-04-27T17:31:58Z,2026-07-09T05:15:02Z,2026-07-09T18:49:04Z
8679,iem_watchwarn,iem_watchwarn|TOP|311|SV|W|2026-06-13T22:51:00Z|2026-06-13T23:15:00Z|,Severe Thunderstorm Warning,,2026-06-13T22:51:00Z,2026-06-13T23:15:00Z,TOP,NEW,1,"{""coordinates"":[[[-96.9,39.25],[-96.98,39.27],[-96.99,39.56],[-97.09,39.56],[-97.03,39.69],[-96.96,39.86],[-96.64,39.74],[-96.47,39.7],[-96.53,39.48],[-96.9,39.25]]],""type"":""Polygon""}","{""_map_py"":{""effective"":""2026-06-13T22:51:00Z"",""event"":""Severe Thunderstorm Warning"",""expires"":""2026-06-13T23:15:00Z"",""has_polygon"":true,""headline"":"""",""sender"":""TOP""},""effective"":""2026-06-13T22:51:00Z"",""event"":""Severe Thunderstorm Warning"",""expires"":""2026-06-13T23:15:00Z"",""headline"":"""",""iem_damagetag"":""CONSIDERABLE"",""iem_emergency"":""False"",""iem_event_id"":""311"",""iem_forecaster"":""Flanagan"",""iem_gtype"":""P"",""iem_hailtag"":""1.5"",""iem_phenomena"":""SV"",""iem_raw_properties"":{""AREA_KM2"":""2084.4327486717116"",""DAMAGTAG"":""CONSIDERABLE"",""EMERGENC"":""False"",""ETN"":""311"",""EXPIRED"":""202606132315"",""FCSTER"":""Flanagan"",""GTYPE"":""P"",""HAILTAG"":""1.5"",""HV_CAUSE"":null,""HV_NWSLI"":null,""HV_REC"":null,""HV_SEV"":null,""INIT_EXP"":""202606132315"",""INIT_ISS"":""202606132251"",""ISSUED"":""202606132251"",""NWS_UGC"":null,""PHENOM"":""SV"",""POLY_BEG"":""202606132251"",""POLY_END"":""202606132315"",""PROD_ID"":""202606132251-KTOP-WUUS53-SVRTOP"",""SIG"":""W"",""STATUS"":""NEW"",""TORNTAG"":null,""UPDATED"":""202606132251"",""VTEC_YR"":""2026"",""WFO"":""TOP"",""WINDTAG"":""70.0""},""iem_significance"":""W"",""iem_tornadotag"":"""",""iem_ugc"":"""",""iem_wfo"":""TOP"",""iem_windtag"":""70.0"",""senderName"":""TOP"",""status"":""NEW""}","{""geometry"":{""coordinates"":[[[-96.9,39.25],[-96.98,39.27],[-96.99,39.56],[-97.09,39.56],[-97.03,39.69],[-96.96,39.86],[-96.64,39.74],[-96.47,39.7],[-96.53,39.48],[-96.9,39.25]]],""type"":""Polygon""},""properties"":{""_map_py"":{""effective"":""2026-06-13T22:51:00Z"",""event"":""Severe Thunderstorm Warning"",""expires"":""2026-06-13T23:15:00Z"",""has_polygon"":true,""headline"":"""",""sender"":""TOP""},""effective"":""2026-06-13T22:51:00Z"",""event"":""Severe Thunderstorm Warning"",""expires"":""2026-06-13T23:15:00Z"",""headline"":"""",""iem_damagetag"":""CONSIDERABLE"",""iem_emergency"":""False"",""iem_event_id"":""311"",""iem_forecaster"":""Flanagan"",""iem_gtype"":""P"",""iem_hailtag"":""1.5"",""iem_phenomena"":""SV"",""iem_raw_properties"":{""AREA_KM2"":""2084.4327486717116"",""DAMAGTAG"":""CONSIDERABLE"",""EMERGENC"":""False"",""ETN"":""311"",""EXPIRED"":""202606132315"",""FCSTER"":""Flanagan"",""GTYPE"":""P"",""HAILTAG"":""1.5"",""HV_CAUSE"":null,""HV_NWSLI"":null,""HV_REC"":null,""HV_SEV"":null,""INIT_EXP"":""202606132315"",""INIT_ISS"":""202606132251"",""ISSUED"":""202606132251"",""NWS_UGC"":null,""PHENOM"":""SV"",""POLY_BEG"":""202606132251"",""POLY_END"":""202606132315"",""PROD_ID"":""202606132251-KTOP-WUUS53-SVRTOP"",""SIG"":""W"",""STATUS"":""NEW"",""TORNTAG"":null,""UPDATED"":""202606132251"",""VTEC_YR"":""2026"",""WFO"":""TOP"",""WINDTAG"":""70.0""},""iem_significance"":""W"",""iem_tornadotag"":"""",""iem_ugc"":"""",""iem_wfo"":""TOP"",""iem_windtag"":""70.0"",""senderName"":""TOP"",""status"":""NEW""},""type"":""Feature""}",2026-04-27T17:31:58Z,2026-07-09T05:15:02Z,2026-07-09T18:49:04Z
4119,iem_watchwarn,iem_watchwarn|OUN|561|SV|W|2026-06-13T22:52:00Z|2026-06-13T23:30:00Z|,Severe Thunderstorm Warning,,2026-06-13T22:52:00Z,2026-06-13T23:30:00Z,OUN,NEW,1,"{""coordinates"":[[[-97.03,36.8],[-97.68,36.78],[-97.76,36.9],[-97.48,37.0],[-97.01,37.0],[-97.03,36.8]]],""type"":""Polygon""}","{""_map_py"":{""effective"":""2026-06-13T22:52:00Z"",""event"":""Severe Thunderstorm Warning"",""expires"":""2026-06-13T23:30:00Z"",""has_polygon"":true,""headline"":"""",""sender"":""OUN""},""effective"":""2026-06-13T22:52:00Z"",""event"":""Severe Thunderstorm Warning"",""expires"":""2026-06-13T23:30:00Z"",""headline"":"""",""iem_damagetag"":"""",""iem_emergency"":""False"",""iem_event_id"":""561"",""iem_forecaster"":""Meister"",""iem_gtype"":""P"",""iem_hailtag"":""1.0"",""iem_phenomena"":""SV"",""iem_raw_properties"":{""AREA_KM2"":""1356.542590715425"",""DAMAGTAG"":null,""EMERGENC"":""False"",""ETN"":""561"",""EXPIRED"":""202606132330"",""FCSTER"":""Meister"",""GTYPE"":""P"",""HAILTAG"":""1.0"",""HV_CAUSE"":null,""HV_NWSLI"":null,""HV_REC"":null,""HV_SEV"":null,""INIT_EXP"":""202606132330"",""INIT_ISS"":""202606132252"",""ISSUED"":""202606132252"",""NWS_UGC"":null,""PHENOM"":""SV"",""POLY_BEG"":""202606132252"",""POLY_END"":""202606132302"",""PROD_ID"":""202606132252-KOUN-WUUS54-SVROUN"",""SIG"":""W"",""STATUS"":""NEW"",""TORNTAG"":null,""UPDATED"":""202606132252"",""VTEC_YR"":""2026"",""WFO"":""OUN"",""WINDTAG"":""60.0""},""iem_significance"":""W"",""iem_tornadotag"":"""",""iem_ugc"":"""",""iem_wfo"":""OUN"",""iem_windtag"":""60.0"",""senderName"":""OUN"",""status"":""NEW""}","{""geometry"":{""coordinates"":[[[-97.03,36.8],[-97.68,36.78],[-97.76,36.9],[-97.48,37.0],[-97.01,37.0],[-97.03,36.8]]],""type"":""Polygon""},""properties"":{""_map_py"":{""effective"":""2026-06-13T22:52:00Z"",""event"":""Severe Thunderstorm Warning"",""expires"":""2026-06-13T23:30:00Z"",""has_polygon"":true,""headline"":"""",""sender"":""OUN""},""effective"":""2026-06-13T22:52:00Z"",""event"":""Severe Thunderstorm Warning"",""expires"":""2026-06-13T23:30:00Z"",""headline"":"""",""iem_damagetag"":"""",""iem_emergency"":""False"",""iem_event_id"":""561"",""iem_forecaster"":""Meister"",""iem_gtype"":""P"",""iem_hailtag"":""1.0"",""iem_phenomena"":""SV"",""iem_raw_properties"":{""AREA_KM2"":""1356.542590715425"",""DAMAGTAG"":null,""EMERGENC"":""False"",""ETN"":""561"",""EXPIRED"":""202606132330"",""FCSTER"":""Meister"",""GTYPE"":""P"",""HAILTAG"":""1.0"",""HV_CAUSE"":null,""HV_NWSLI"":null,""HV_REC"":null,""HV_SEV"":null,""INIT_EXP"":""202606132330"",""INIT_ISS"":""202606132252"",""ISSUED"":""202606132252"",""NWS_UGC"":null,""PHENOM"":""SV"",""POLY_BEG"":""202606132252"",""POLY_END"":""202606132302"",""PROD_ID"":""202606132252-KOUN-WUUS54-SVROUN"",""SIG"":""W"",""STATUS"":""NEW"",""TORNTAG"":null,""UPDATED"":""202606132252"",""VTEC_YR"":""2026"",""WFO"":""OUN"",""WINDTAG"":""60.0""},""iem_significance"":""W"",""iem_tornadotag"":"""",""iem_ugc"":"""",""iem_wfo"":""OUN"",""iem_windtag"":""60.0"",""senderName"":""OUN"",""status"":""NEW""},""type"":""Feature""}",2026-04-27T17:31:58Z,2026-07-09T05:15:02Z,2026-07-09T18:49:04Z
6301,iem_watchwarn,iem_watchwarn|DDC|113|SV|W|2026-06-13T22:52:00Z|2026-06-13T23:30:00Z|,Severe Thunderstorm Warning,,2026-06-13T22:52:00Z,2026-06-13T23:30:00Z,DDC,NEW,1,"{""coordinates"":[[[-98.97,38.2],[-99.36,38.41],[-99.24,38.5],[-99.03,38.46],[-99.03,38.26],[-98.92,38.26],[-98.97,38.2]]],""type"":""Polygon""}","{""_map_py"":{""effective"":""2026-06-13T22:52:00Z"",""event"":""Severe Thunderstorm Warning"",""expires"":""2026-06-13T23:30:00Z"",""has_polygon"":true,""headline"":"""",""sender"":""DDC""},""effective"":""2026-06-13T22:52:00Z"",""event"":""Severe Thunderstorm Warning"",""expires"":""2026-06-13T23:30:00Z"",""headline"":"""",""iem_damagetag"":"""",""iem_emergency"":""False"",""iem_event_id"":""113"",""iem_forecaster"":""KBJ"",""iem_gtype"":""P"",""iem_hailtag"":""1.0"",""iem_phenomena"":""SV"",""iem_raw_properties"":{""AREA_KM2"":""518.3099151373542"",""DAMAGTAG"":null,""EMERGENC"":""False"",""ETN"":""113"",""EXPIRED"":""202606132330"",""FCSTER"":""KBJ"",""GTYPE"":""P"",""HAILTAG"":""1.0"",""HV_CAUSE"":null,""HV_NWSLI"":null,""HV_REC"":null,""HV_SEV"":null,""INIT_EXP"":""202606132330"",""INIT_ISS"":""202606132252"",""ISSUED"":""202606132252"",""NWS_UGC"":null,""PHENOM"":""SV"",""POLY_BEG"":""202606132252"",""POLY_END"":""202606132311"",""PROD_ID"":""202606132252-KDDC-WUUS53-SVRDDC"",""SIG"":""W"",""STATUS"":""NEW"",""TORNTAG"":null,""UPDATED"":""202606132252"",""VTEC_YR"":""2026"",""WFO"":""DDC"",""WINDTAG"":""60.0""},""iem_significance"":""W"",""iem_tornadotag"":"""",""iem_ugc"":"""",""iem_wfo"":""DDC"",""iem_windtag"":""60.0"",""senderName"":""DDC"",""status"":""NEW""}","{""geometry"":{""coordinates"":[[[-98.97,38.2],[-99.36,38.41],[-99.24,38.5],[-99.03,38.46],[-99.03,38.26],[-98.92,38.26],[-98.97,38.2]]],""type"":""Polygon""},""properties"":{""_map_py"":{""effective"":""2026-06-13T22:52:00Z"",""event"":""Severe Thunderstorm Warning"",""expires"":""2026-06-13T23:30:00Z"",""has_polygon"":true,""headline"":"""",""sender"":""DDC""},""effective"":""2026-06-13T22:52:00Z"",""event"":""Severe Thunderstorm Warning"",""expires"":""2026-06-13T23:30:00Z"",""headline"":"""",""iem_damagetag"":"""",""iem_emergency"":""False"",""iem_event_id"":""113"",""iem_forecaster"":""KBJ"",""iem_gtype"":""P"",""iem_hailtag"":""1.0"",""iem_phenomena"":""SV"",""iem_raw_properties"":{""AREA_KM2"":""518.3099151373542"",""DAMAGTAG"":null,""EMERGENC"":""False"",""ETN"":""113"",""EXPIRED"":""202606132330"",""FCSTER"":""KBJ"",""GTYPE"":""P"",""HAILTAG"":""1.0"",""HV_CAUSE"":null,""HV_NWSLI"":null,""HV_REC"":null,""HV_SEV"":null,""INIT_EXP"":""202606132330"",""INIT_ISS"":""202606132252"",""ISSUED"":""202606132252"",""NWS_UGC"":null,""PHENOM"":""SV"",""POLY_BEG"":""202606132252"",""POLY_END"":""202606132311"",""PROD_ID"":""202606132252-KDDC-WUUS53-SVRDDC"",""SIG"":""W"",""STATUS"":""NEW"",""TORNTAG"":null,""UPDATED"":""202606132252"",""VTEC_YR"":""2026"",""WFO"":""DDC"",""WINDTAG"":""60.0""},""iem_significance"":""W"",""iem_tornadotag"":"""",""iem_ugc"":"""",""iem_wfo"":""DDC"",""iem_windtag"":""60.0"",""senderName"":""DDC"",""status"":""NEW""},""type"":""Feature""}",2026-04-27T17:31:58Z,2026-07-09T05:15:02Z,2026-07-09T18:49:04Z
8889,iem_watchwarn,iem_watchwarn|TAE|117|SV|W|2026-06-13T22:52:00Z|2026-06-13T23:30:00Z|,Severe Thunderstorm Warning,,2026-06-13T22:52:00Z,2026-06-13T23:30:00Z,TAE,NEW,1,"{""coordinates"":[[[-83.16,31.83],[-83.14,31.83],[-83.14,31.81],[-83.11,31.81],[-83.11,31.82],[-83.09,31.81],[-83.13,31.62],[-83.49,31.65],[-83.38,31.79],[-83.18,31.85],[-83.16,31.83]]],""type"":""Polygon""}","{""_map_py"":{""effective"":""2026-06-13T22:52:00Z"",""event"":""Severe Thunderstorm Warning"",""expires"":""2026-06-13T23:30:00Z"",""has_polygon"":true,""headline"":"""",""sender"":""TAE""},""effective"":""2026-06-13T22:52:00Z"",""event"":""Severe Thunderstorm Warning"",""expires"":""2026-06-13T23:30:00Z"",""headline"":"""",""iem_damagetag"":"""",""iem_emergency"":""False"",""iem_event_id"":""117"",""iem_forecaster"":""82-RH"",""iem_gtype"":""P"",""iem_hailtag"":""0.75"",""iem_phenomena"":""SV"",""iem_raw_properties"":{""AREA_KM2"":""630.7133614933396"",""DAMAGTAG"":null,""EMERGENC"":""False"",""ETN"":""117"",""EXPIRED"":""202606132330"",""FCSTER"":""82-RH"",""GTYPE"":""P"",""HAILTAG"":""0.75"",""HV_CAUSE"":null,""HV_NWSLI"":null,""HV_REC"":null,""HV_SEV"":null,""INIT_EXP"":""202606132330"",""INIT_ISS"":""202606132252"",""ISSUED"":""202606132252"",""NWS_UGC"":null,""PHENOM"":""SV"",""POLY_BEG"":""202606132252"",""POLY_END"":""202606132330"",""PROD_ID"":""202606132252-KTAE-WUUS52-SVRTAE"",""SIG"":""W"",""STATUS"":""NEW"",""TORNTAG"":null,""UPDATED"":""202606132252"",""VTEC_YR"":""2026"",""WFO"":""TAE"",""WINDTAG"":""60.0""},""iem_significance"":""W"",""iem_tornadotag"":"""",""iem_ugc"":"""",""iem_wfo"":""TAE"",""iem_windtag"":""60.0"",""senderName"":""TAE"",""status"":""NEW""}","{""geometry"":{""coordinates"":[[[-83.16,31.83],[-83.14,31.83],[-83.14,31.81],[-83.11,31.81],[-83.11,31.82],[-83.09,31.81],[-83.13,31.62],[-83.49,31.65],[-83.38,31.79],[-83.18,31.85],[-83.16,31.83]]],""type"":""Polygon""},""properties"":{""_map_py"":{""effective"":""2026-06-13T22:52:00Z"",""event"":""Severe Thunderstorm Warning"",""expires"":""2026-06-13T23:30:00Z"",""has_polygon"":true,""headline"":"""",""sender"":""TAE""},""effective"":""2026-06-13T22:52:00Z"",""event"":""Severe Thunderstorm Warning"",""expires"":""2026-06-13T23:30:00Z"",""headline"":"""",""iem_damagetag"":"""",""iem_emergency"":""False"",""iem_event_id"":""117"",""iem_forecaster"":""82-RH"",""iem_gtype"":""P"",""iem_hailtag"":""0.75"",""iem_phenomena"":""SV"",""iem_raw_properties"":{""AREA_KM2"":""630.7133614933396"",""DAMAGTAG"":null,""EMERGENC"":""False"",""ETN"":""117"",""EXPIRED"":""202606132330"",""FCSTER"":""82-RH"",""GTYPE"":""P"",""HAILTAG"":""0.75"",""HV_CAUSE"":null,""HV_NWSLI"":null,""HV_REC"":null,""HV_SEV"":null,""INIT_EXP"":""202606132330"",""INIT_ISS"":""202606132252"",""ISSUED"":""202606132252"",""NWS_UGC"":null,""PHENOM"":""SV"",""POLY_BEG"":""202606132252"",""POLY_END"":""202606132330"",""PROD_ID"":""202606132252-KTAE-WUUS52-SVRTAE"",""SIG"":""W"",""STATUS"":""NEW"",""TORNTAG"":null,""UPDATED"":""202606132252"",""VTEC_YR"":""2026"",""WFO"":""TAE"",""WINDTAG"":""60.0""},""iem_significance"":""W"",""iem_tornadotag"":"""",""iem_ugc"":"""",""iem_wfo"":""TAE"",""iem_windtag"":""60.0"",""senderName"":""TAE"",""status"":""NEW""},""type"":""Feature""}",2026-04-27T17:31:58Z,2026-07-09T05:15:02Z,2026-07-09T18:49:04Z
9127,iem_watchwarn,iem_watchwarn|DDC|114|SV|W|2026-06-13T22:59:00Z|2026-06-13T23:30:00Z|,Severe Thunderstorm Warning,,2026-06-13T22:59:00Z,2026-06-13T23:30:00Z,DDC,NEW,1,"{""coordinates"":[[[-99.06,38.2],[-99.32,38.04],[-99.35,38.07],[-99.35,38.09],[-99.38,38.09],[-99.57,38.24],[-99.57,38.26],[-99.58,38.26],[-99.58,38.28],[-99.41,38.32],[-99.06,38.2]]],""type"":""Polygon""}","{""_map_py"":{""effective"":""2026-06-13T22:59:00Z"",""event"":""Severe Thunderstorm Warning"",""expires"":""2026-06-13T23:30:00Z"",""has_polygon"":true,""headline"":"""",""sender"":""DDC""},""effective"":""2026-06-13T22:59:00Z"",""event"":""Severe Thunderstorm Warning"",""expires"":""2026-06-13T23:30:00Z"",""headline"":"""",""iem_damagetag"":"""",""iem_emergency"":""False"",""iem_event_id"":""114"",""iem_forecaster"":""KBJ"",""iem_gtype"":""P"",""iem_hailtag"":""1.0"",""iem_phenomena"":""SV"",""iem_raw_properties"":{""AREA_KM2"":""704.5122936061302"",""DAMAGTAG"":null,""EMERGENC"":""False"",""ETN"":""114"",""EXPIRED"":""202606132330"",""FCSTER"":""KBJ"",""GTYPE"":""P"",""HAILTAG"":""1.0"",""HV_CAUSE"":null,""HV_NWSLI"":null,""HV_REC"":null,""HV_SEV"":null,""INIT_EXP"":""202606132330"",""INIT_ISS"":""202606132259"",""ISSUED"":""202606132259"",""NWS_UGC"":null,""PHENOM"":""SV"",""POLY_BEG"":""202606132259"",""POLY_END"":""202606132330"",""PROD_ID"":""202606132259-KDDC-WUUS53-SVRDDC"",""SIG"":""W"",""STATUS"":""NEW"",""TORNTAG"":null,""UPDATED"":""202606132259"",""VTEC_YR"":""2026"",""WFO"":""DDC"",""WINDTAG"":""60.0""},""iem_significance"":""W"",""iem_tornadotag"":"""",""iem_ugc"":"""",""iem_wfo"":""DDC"",""iem_windtag"":""60.0"",""senderName"":""DDC"",""status"":""NEW""}","{""geometry"":{""coordinates"":[[[-99.06,38.2],[-99.32,38.04],[-99.35,38.07],[-99.35,38.09],[-99.38,38.09],[-99.57,38.24],[-99.57,38.26],[-99.58,38.26],[-99.58,38.28],[-99.41,38.32],[-99.06,38.2]]],""type"":""Polygon""},""properties"":{""_map_py"":{""effective"":""2026-06-13T22:59:00Z"",""event"":""Severe Thunderstorm Warning"",""expires"":""2026-06-13T23:30:00Z"",""has_polygon"":true,""headline"":"""",""sender"":""DDC""},""effective"":""2026-06-13T22:59:00Z"",""event"":""Severe Thunderstorm Warning"",""expires"":""2026-06-13T23:30:00Z"",""headline"":"""",""iem_damagetag"":"""",""iem_emergency"":""False"",""iem_event_id"":""114"",""iem_forecaster"":""KBJ"",""iem_gtype"":""P"",""iem_hailtag"":""1.0"",""iem_phenomena"":""SV"",""iem_raw_properties"":{""AREA_KM2"":""704.5122936061302"",""DAMAGTAG"":null,""EMERGENC"":""False"",""ETN"":""114"",""EXPIRED"":""202606132330"",""FCSTER"":""KBJ"",""GTYPE"":""P"",""HAILTAG"":""1.0"",""HV_CAUSE"":null,""HV_NWSLI"":null,""HV_REC"":null,""HV_SEV"":null,""INIT_EXP"":""202606132330"",""INIT_ISS"":""202606132259"",""ISSUED"":""202606132259"",""NWS_UGC"":null,""PHENOM"":""SV"",""POLY_BEG"":""202606132259"",""POLY_END"":""202606132330"",""PROD_ID"":""202606132259-KDDC-WUUS53-SVRDDC"",""SIG"":""W"",""STATUS"":""NEW"",""TORNTAG"":null,""UPDATED"":""202606132259"",""VTEC_YR"":""2026"",""WFO"":""DDC"",""WINDTAG"":""60.0""},""iem_significance"":""W"",""iem_tornadotag"":"""",""iem_ugc"":"""",""iem_wfo"":""DDC"",""iem_windtag"":""60.0"",""senderName"":""DDC"",""status"":""NEW""},""type"":""Feature""}",2026-04-27T17:31:58Z,2026-07-09T05:15:02Z,2026-07-09T18:49:04Z
1294,iem_watchwarn,iem_watchwarn|ICT|272|SV|W|2026-06-13T23:06:00Z|2026-06-14T00:00:00Z|,Severe Thunderstorm Warning,,2026-06-13T23:06:00Z,2026-06-14T00:00:00Z,ICT,NEW,1,"{""coordinates"":[[[-99.03,38.52],[-98.48,38.52],[-98.48,38.26],[-99.03,38.26],[-99.03,38.52]]],""type"":""Polygon""}","{""_map_py"":{""effective"":""2026-06-13T23:06:00Z"",""event"":""Severe Thunderstorm Warning"",""expires"":""2026-06-14T00:00:00Z"",""has_polygon"":true,""headline"":"""",""sender"":""ICT""},""effective"":""2026-06-13T23:06:00Z"",""event"":""Severe Thunderstorm Warning"",""expires"":""2026-06-14T00:00:00Z"",""headline"":"""",""iem_damagetag"":"""",""iem_emergency"":""False"",""iem_event_id"":""272"",""iem_forecaster"":""KLEINSASSER"",""iem_gtype"":""P"",""iem_hailtag"":""1.0"",""iem_phenomena"":""SV"",""iem_raw_properties"":{""AREA_KM2"":""1385.803772663441"",""DAMAGTAG"":null,""EMERGENC"":""False"",""ETN"":""272"",""EXPIRED"":""202606140000"",""FCSTER"":""KLEINSASSER"",""GTYPE"":""P"",""HAILTAG"":""1.0"",""HV_CAUSE"":null,""HV_NWSLI"":null,""HV_REC"":null,""HV_SEV"":null,""INIT_EXP"":""202606140000"",""INIT_ISS"":""202606132306"",""ISSUED"":""202606132306"",""NWS_UGC"":null,""PHENOM"":""SV"",""POLY_BEG"":""202606132306"",""POLY_END"":""202606132318"",""PROD_ID"":""202606132306-KICT-WUUS53-SVRICT"",""SIG"":""W"",""STATUS"":""NEW"",""TORNTAG"":null,""UPDATED"":""202606132306"",""VTEC_YR"":""2026"",""WFO"":""ICT"",""WINDTAG"":""60.0""},""iem_significance"":""W"",""iem_tornadotag"":"""",""iem_ugc"":"""",""iem_wfo"":""ICT"",""iem_windtag"":""60.0"",""senderName"":""ICT"",""status"":""NEW""}","{""geometry"":{""coordinates"":[[[-99.03,38.52],[-98.48,38.52],[-98.48,38.26],[-99.03,38.26],[-99.03,38.52]]],""type"":""Polygon""},""properties"":{""_map_py"":{""effective"":""2026-06-13T23:06:00Z"",""event"":""Severe Thunderstorm Warning"",""expires"":""2026-06-14T00:00:00Z"",""has_polygon"":true,""headline"":"""",""sender"":""ICT""},""effective"":""2026-06-13T23:06:00Z"",""event"":""Severe Thunderstorm Warning"",""expires"":""2026-06-14T00:00:00Z"",""headline"":"""",""iem_damagetag"":"""",""iem_emergency"":""False"",""iem_event_id"":""272"",""iem_forecaster"":""KLEINSASSER"",""iem_gtype"":""P"",""iem_hailtag"":""1.0"",""iem_phenomena"":""SV"",""iem_raw_properties"":{""AREA_KM2"":""1385.803772663441"",""DAMAGTAG"":null,""EMERGENC"":""False"",""ETN"":""272"",""EXPIRED"":""202606140000"",""FCSTER"":""KLEINSASSER"",""GTYPE"":""P"",""HAILTAG"":""1.0"",""HV_CAUSE"":null,""HV_NWSLI"":null,""HV_REC"":null,""HV_SEV"":null,""INIT_EXP"":""202606140000"",""INIT_ISS"":""202606132306"",""ISSUED"":""202606132306"",""NWS_UGC"":null,""PHENOM"":""SV"",""POLY_BEG"":""202606132306"",""POLY_END"":""202606132318"",""PROD_ID"":""202606132306-KICT-WUUS53-SVRICT"",""SIG"":""W"",""STATUS"":""NEW"",""TORNTAG"":null,""UPDATED"":""202606132306"",""VTEC_YR"":""2026"",""WFO"":""ICT"",""WINDTAG"":""60.0""},""iem_significance"":""W"",""iem_tornadotag"":"""",""iem_ugc"":"""",""iem_wfo"":""ICT"",""iem_windtag"":""60.0"",""senderName"":""ICT"",""status"":""NEW""},""type"":""Feature""}",2026-04-27T17:31:58Z,2026-07-09T05:15:02Z,2026-07-09T18:49:04Z
5118,iem_watchwarn,iem_watchwarn|TOP|312|SV|W|2026-06-13T23:07:00Z|2026-06-13T23:30:00Z|,Severe Thunderstorm Warning,,2026-06-13T23:07:00Z,2026-06-13T23:30:00Z,TOP,NEW,1,"{""coordinates"":[[[-95.61,39.98],[-95.81,39.79],[-96.04,39.92],[-95.98,40.0],[-95.71,40.0],[-95.61,39.98]]],""type"":""Polygon""}","{""_map_py"":{""effective"":""2026-06-13T23:07:00Z"",""event"":""Severe Thunderstorm Warning"",""expires"":""2026-06-13T23:30:00Z"",""has_polygon"":true,""headline"":"""",""sender"":""TOP""},""effective"":""2026-06-13T23:07:00Z"",""event"":""Severe Thunderstorm Warning"",""expires"":""2026-06-13T23:30:00Z"",""headline"":"""",""iem_damagetag"":"""",""iem_emergency"":""False"",""iem_event_id"":""312"",""iem_forecaster"":""Prieto"",""iem_gtype"":""P"",""iem_hailtag"":""1.0"",""iem_phenomena"":""SV"",""iem_raw_properties"":{""AREA_KM2"":""501.8290423154323"",""DAMAGTAG"":null,""EMERGENC"":""False"",""ETN"":""312"",""EXPIRED"":""202606132330"",""FCSTER"":""Prieto"",""GTYPE"":""P"",""HAILTAG"":""1.0"",""HV_CAUSE"":null,""HV_NWSLI"":null,""HV_REC"":null,""HV_SEV"":null,""INIT_EXP"":""202606132330"",""INIT_ISS"":""202606132307"",""ISSUED"":""202606132307"",""NWS_UGC"":null,""PHENOM"":""SV"",""POLY_BEG"":""202606132307"",""POLY_END"":""202606132323"",""PROD_ID"":""202606132307-KTOP-WUUS53-SVRTOP"",""SIG"":""W"",""STATUS"":""NEW"",""TORNTAG"":null,""UPDATED"":""202606132307"",""VTEC_YR"":""2026"",""WFO"":""TOP"",""WINDTAG"":""60.0""},""iem_significance"":""W"",""iem_tornadotag"":"""",""iem_ugc"":"""",""iem_wfo"":""TOP"",""iem_windtag"":""60.0"",""senderName"":""TOP"",""status"":""NEW""}","{""geometry"":{""coordinates"":[[[-95.61,39.98],[-95.81,39.79],[-96.04,39.92],[-95.98,40.0],[-95.71,40.0],[-95.61,39.98]]],""type"":""Polygon""},""properties"":{""_map_py"":{""effective"":""2026-06-13T23:07:00Z"",""event"":""Severe Thunderstorm Warning"",""expires"":""2026-06-13T23:30:00Z"",""has_polygon"":true,""headline"":"""",""sender"":""TOP""},""effective"":""2026-06-13T23:07:00Z"",""event"":""Severe Thunderstorm Warning"",""expires"":""2026-06-13T23:30:00Z"",""headline"":"""",""iem_damagetag"":"""",""iem_emergency"":""False"",""iem_event_id"":""312"",""iem_forecaster"":""Prieto"",""iem_gtype"":""P"",""iem_hailtag"":""1.0"",""iem_phenomena"":""SV"",""iem_raw_properties"":{""AREA_KM2"":""501.8290423154323"",""DAMAGTAG"":null,""EMERGENC"":""False"",""ETN"":""312"",""EXPIRED"":""202606132330"",""FCSTER"":""Prieto"",""GTYPE"":""P"",""HAILTAG"":""1.0"",""HV_CAUSE"":null,""HV_NWSLI"":null,""HV_REC"":null,""HV_SEV"":null,""INIT_EXP"":""202606132330"",""INIT_ISS"":""202606132307"",""ISSUED"":""202606132307"",""NWS_UGC"":null,""PHENOM"":""SV"",""POLY_BEG"":""202606132307"",""POLY_END"":""202606132323"",""PROD_ID"":""202606132307-KTOP-WUUS53-SVRTOP"",""SIG"":""W"",""STATUS"":""NEW"",""TORNTAG"":null,""UPDATED"":""202606132307"",""VTEC_YR"":""2026"",""WFO"":""TOP"",""WINDTAG"":""60.0""},""iem_significance"":""W"",""iem_tornadotag"":"""",""iem_ugc"":"""",""iem_wfo"":""TOP"",""iem_windtag"":""60.0"",""senderName"":""TOP"",""status"":""NEW""},""type"":""Feature""}",2026-04-27T17:31:58Z,2026-07-09T05:15:02Z,2026-07-09T18:49:04Z
7815,iem_watchwarn,iem_watchwarn|DDC|115|SV|W|2026-06-13T23:08:00Z|2026-06-13T23:45:00Z|,Severe Thunderstorm Warning,,2026-06-13T23:08:00Z,2026-06-13T23:45:00Z,DDC,NEW,1,"{""coordinates"":[[[-99.64,37.66],[-99.92,37.9],[-99.88,37.98],[-99.74,38.0],[-99.34,37.83],[-99.51,37.73],[-99.56,37.73],[-99.56,37.71],[-99.64,37.66]]],""type"":""Polygon""}","{""_map_py"":{""effective"":""2026-06-13T23:08:00Z"",""event"":""Severe Thunderstorm Warning"",""expires"":""2026-06-13T23:45:00Z"",""has_polygon"":true,""headline"":"""",""sender"":""DDC""},""effective"":""2026-06-13T23:08:00Z"",""event"":""Severe Thunderstorm Warning"",""expires"":""2026-06-13T23:45:00Z"",""headline"":"""",""iem_damagetag"":"""",""iem_emergency"":""False"",""iem_event_id"":""115"",""iem_forecaster"":""KBJ"",""iem_gtype"":""P"",""iem_hailtag"":""1.0"",""iem_phenomena"":""SV"",""iem_raw_properties"":{""AREA_KM2"":""975.5330717240385"",""DAMAGTAG"":null,""EMERGENC"":""False"",""ETN"":""115"",""EXPIRED"":""202606132345"",""FCSTER"":""KBJ"",""GTYPE"":""P"",""HAILTAG"":""1.0"",""HV_CAUSE"":null,""HV_NWSLI"":null,""HV_REC"":null,""HV_SEV"":null,""INIT_EXP"":""202606132345"",""INIT_ISS"":""202606132308"",""ISSUED"":""202606132308"",""NWS_UGC"":null,""PHENOM"":""SV"",""POLY_BEG"":""202606132308"",""POLY_END"":""202606132327"",""PROD_ID"":""202606132308-KDDC-WUUS53-SVRDDC"",""SIG"":""W"",""STATUS"":""NEW"",""TORNTAG"":null,""UPDATED"":""202606132308"",""VTEC_YR"":""2026"",""WFO"":""DDC"",""WINDTAG"":""60.0""},""iem_significance"":""W"",""iem_tornadotag"":"""",""iem_ugc"":"""",""iem_wfo"":""DDC"",""iem_windtag"":""60.0"",""senderName"":""DDC"",""status"":""NEW""}","{""geometry"":{""coordinates"":[[[-99.64,37.66],[-99.92,37.9],[-99.88,37.98],[-99.74,38.0],[-99.34,37.83],[-99.51,37.73],[-99.56,37.73],[-99.56,37.71],[-99.64,37.66]]],""type"":""Polygon""},""properties"":{""_map_py"":{""effective"":""2026-06-13T23:08:00Z"",""event"":""Severe Thunderstorm Warning"",""expires"":""2026-06-13T23:45:00Z"",""has_polygon"":true,""headline"":"""",""sender"":""DDC""},""effective"":""2026-06-13T23:08:00Z"",""event"":""Severe Thunderstorm Warning"",""expires"":""2026-06-13T23:45:00Z"",""headline"":"""",""iem_damagetag"":"""",""iem_emergency"":""False"",""iem_event_id"":""115"",""iem_forecaster"":""KBJ"",""iem_gtype"":""P"",""iem_hailtag"":""1.0"",""iem_phenomena"":""SV"",""iem_raw_properties"":{""AREA_KM2"":""975.5330717240385"",""DAMAGTAG"":null,""EMERGENC"":""False"",""ETN"":""115"",""EXPIRED"":""202606132345"",""FCSTER"":""KBJ"",""GTYPE"":""P"",""HAILTAG"":""1.0"",""HV_CAUSE"":null,""HV_NWSLI"":null,""HV_REC"":null,""HV_SEV"":null,""INIT_EXP"":""202606132345"",""INIT_ISS"":""202606132308"",""ISSUED"":""202606132308"",""NWS_UGC"":null,""PHENOM"":""SV"",""POLY_BEG"":""202606132308"",""POLY_END"":""202606132327"",""PROD_ID"":""202606132308-KDDC-WUUS53-SVRDDC"",""SIG"":""W"",""STATUS"":""NEW"",""TORNTAG"":null,""UPDATED"":""202606132308"",""VTEC_YR"":""2026"",""WFO"":""DDC"",""WINDTAG"":""60.0""},""iem_significance"":""W"",""iem_tornadotag"":"""",""iem_ugc"":"""",""iem_wfo"":""DDC"",""iem_windtag"":""60.0"",""senderName"":""DDC"",""status"":""NEW""},""type"":""Feature""}",2026-04-27T17:31:58Z,2026-07-09T05:15:02Z,2026-07-09T18:49:04Z
8081,iem_watchwarn,iem_watchwarn|TOP|313|SV|W|2026-06-13T23:09:00Z|2026-06-14T00:00:00Z|,Severe Thunderstorm Warning,,2026-06-13T23:09:00Z,2026-06-14T00:00:00Z,TOP,NEW,1,"{""coordinates"":[[[-96.24,39.66],[-96.24,39.57],[-96.23,39.56],[-96.33,39.25],[-96.72,39.02],[-97.1,39.39],[-96.91,39.54],[-96.8,39.75],[-96.24,39.66]]],""type"":""Polygon""}","{""_map_py"":{""effective"":""2026-06-13T23:09:00Z"",""event"":""Severe Thunderstorm Warning"",""expires"":""2026-06-14T00:00:00Z"",""has_polygon"":true,""headline"":"""",""sender"":""TOP""},""effective"":""2026-06-13T23:09:00Z"",""event"":""Severe Thunderstorm Warning"",""expires"":""2026-06-14T00:00:00Z"",""headline"":"""",""iem_damagetag"":""CONSIDERABLE"",""iem_emergency"":""False"",""iem_event_id"":""313"",""iem_forecaster"":""Flanagan"",""iem_gtype"":""P"",""iem_hailtag"":""1.5"",""iem_phenomena"":""SV"",""iem_raw_properties"":{""AREA_KM2"":""3711.705355311373"",""DAMAGTAG"":""CONSIDERABLE"",""EMERGENC"":""False"",""ETN"":""313"",""EXPIRED"":""202606140000"",""FCSTER"":""Flanagan"",""GTYPE"":""P"",""HAILTAG"":""1.5"",""HV_CAUSE"":null,""HV_NWSLI"":null,""HV_REC"":null,""HV_SEV"":null,""INIT_EXP"":""202606140000"",""INIT_ISS"":""202606132309"",""ISSUED"":""202606132309"",""NWS_UGC"":null,""PHENOM"":""SV"",""POLY_BEG"":""202606132309"",""POLY_END"":""202606132320"",""PROD_ID"":""202606132309-KTOP-WUUS53-SVRTOP"",""SIG"":""W"",""STATUS"":""NEW"",""TORNTAG"":null,""UPDATED"":""202606132309"",""VTEC_YR"":""2026"",""WFO"":""TOP"",""WINDTAG"":""70.0""},""iem_significance"":""W"",""iem_tornadotag"":"""",""iem_ugc"":"""",""iem_wfo"":""TOP"",""iem_windtag"":""70.0"",""senderName"":""TOP"",""status"":""NEW""}","{""geometry"":{""coordinates"":[[[-96.24,39.66],[-96.24,39.57],[-96.23,39.56],[-96.33,39.25],[-96.72,39.02],[-97.1,39.39],[-96.91,39.54],[-96.8,39.75],[-96.24,39.66]]],""type"":""Polygon""},""properties"":{""_map_py"":{""effective"":""2026-06-13T23:09:00Z"",""event"":""Severe Thunderstorm Warning"",""expires"":""2026-06-14T00:00:00Z"",""has_polygon"":true,""headline"":"""",""sender"":""TOP""},""effective"":""2026-06-13T23:09:00Z"",""event"":""Severe Thunderstorm Warning"",""expires"":""2026-06-14T00:00:00Z"",""headline"":"""",""iem_damagetag"":""CONSIDERABLE"",""iem_emergency"":""False"",""iem_event_id"":""313"",""iem_forecaster"":""Flanagan"",""iem_gtype"":""P"",""iem_hailtag"":""1.5"",""iem_phenomena"":""SV"",""iem_raw_properties"":{""AREA_KM2"":""3711.705355311373"",""DAMAGTAG"":""CONSIDERABLE"",""EMERGENC"":""False"",""ETN"":""313"",""EXPIRED"":""202606140000"",""FCSTER"":""Flanagan"",""GTYPE"":""P"",""HAILTAG"":""1.5"",""HV_CAUSE"":null,""HV_NWSLI"":null,""HV_REC"":null,""HV_SEV"":null,""INIT_EXP"":""202606140000"",""INIT_ISS"":""202606132309"",""ISSUED"":""202606132309"",""NWS_UGC"":null,""PHENOM"":""SV"",""POLY_BEG"":""202606132309"",""POLY_END"":""202606132320"",""PROD_ID"":""202606132309-KTOP-WUUS53-SVRTOP"",""SIG"":""W"",""STATUS"":""NEW"",""TORNTAG"":null,""UPDATED"":""202606132309"",""VTEC_YR"":""2026"",""WFO"":""TOP"",""WINDTAG"":""70.0""},""iem_significance"":""W"",""iem_tornadotag"":"""",""iem_ugc"":"""",""iem_wfo"":""TOP"",""iem_windtag"":""70.0"",""senderName"":""TOP"",""status"":""NEW""},""type"":""Feature""}",2026-04-27T17:31:58Z,2026-07-09T05:15:02Z,2026-07-09T18:49:04Z
6942,iem_watchwarn,iem_watchwarn|TOP|314|SV|W|2026-06-13T23:11:00Z|2026-06-14T00:00:00Z|,Severe Thunderstorm Warning,,2026-06-13T23:11:00Z,2026-06-14T00:00:00Z,TOP,NEW,1,"{""coordinates"":[[[-95.8,39.78],[-95.79,39.72],[-95.91,39.55],[-96.13,39.48],[-96.62,39.7],[-96.25,39.95],[-96.04,39.92],[-95.8,39.78]]],""type"":""Polygon""}","{""_map_py"":{""effective"":""2026-06-13T23:11:00Z"",""event"":""Severe Thunderstorm Warning"",""expires"":""2026-06-14T00:00:00Z"",""has_polygon"":true,""headline"":"""",""sender"":""TOP""},""effective"":""2026-06-13T23:11:00Z"",""event"":""Severe Thunderstorm Warning"",""expires"":""2026-06-14T00:00:00Z"",""headline"":"""",""iem_damagetag"":""CONSIDERABLE"",""iem_emergency"":""False"",""iem_event_id"":""314"",""iem_forecaster"":""Prieto"",""iem_gtype"":""P"",""iem_hailtag"":""1.25"",""iem_phenomena"":""SV"",""iem_raw_properties"":{""AREA_KM2"":""2229.7762708605565"",""DAMAGTAG"":""CONSIDERABLE"",""EMERGENC"":""False"",""ETN"":""314"",""EXPIRED"":""202606140000"",""FCSTER"":""Prieto"",""GTYPE"":""P"",""HAILTAG"":""1.25"",""HV_CAUSE"":null,""HV_NWSLI"":null,""HV_REC"":null,""HV_SEV"":null,""INIT_EXP"":""202606140000"",""INIT_ISS"":""202606132311"",""ISSUED"":""202606132311"",""NWS_UGC"":null,""PHENOM"":""SV"",""POLY_BEG"":""202606132311"",""POLY_END"":""202606132331"",""PROD_ID"":""202606132311-KTOP-WUUS53-SVRTOP"",""SIG"":""W"",""STATUS"":""NEW"",""TORNTAG"":null,""UPDATED"":""202606132311"",""VTEC_YR"":""2026"",""WFO"":""TOP"",""WINDTAG"":""70.0""},""iem_significance"":""W"",""iem_tornadotag"":"""",""iem_ugc"":"""",""iem_wfo"":""TOP"",""iem_windtag"":""70.0"",""senderName"":""TOP"",""status"":""NEW""}","{""geometry"":{""coordinates"":[[[-95.8,39.78],[-95.79,39.72],[-95.91,39.55],[-96.13,39.48],[-96.62,39.7],[-96.25,39.95],[-96.04,39.92],[-95.8,39.78]]],""type"":""Polygon""},""properties"":{""_map_py"":{""effective"":""2026-06-13T23:11:00Z"",""event"":""Severe Thunderstorm Warning"",""expires"":""2026-06-14T00:00:00Z"",""has_polygon"":true,""headline"":"""",""sender"":""TOP""},""effective"":""2026-06-13T23:11:00Z"",""event"":""Severe Thunderstorm Warning"",""expires"":""2026-06-14T00:00:00Z"",""headline"":"""",""iem_damagetag"":""CONSIDERABLE"",""iem_emergency"":""False"",""iem_event_id"":""314"",""iem_forecaster"":""Prieto"",""iem_gtype"":""P"",""iem_hailtag"":""1.25"",""iem_phenomena"":""SV"",""iem_raw_properties"":{""AREA_KM2"":""2229.7762708605565"",""DAMAGTAG"":""CONSIDERABLE"",""EMERGENC"":""False"",""ETN"":""314"",""EXPIRED"":""202606140000"",""FCSTER"":""Prieto"",""GTYPE"":""P"",""HAILTAG"":""1.25"",""HV_CAUSE"":null,""HV_NWSLI"":null,""HV_REC"":null,""HV_SEV"":null,""INIT_EXP"":""202606140000"",""INIT_ISS"":""202606132311"",""ISSUED"":""202606132311"",""NWS_UGC"":null,""PHENOM"":""SV"",""POLY_BEG"":""202606132311"",""POLY_END"":""202606132331"",""PROD_ID"":""202606132311-KTOP-WUUS53-SVRTOP"",""SIG"":""W"",""STATUS"":""NEW"",""TORNTAG"":null,""UPDATED"":""202606132311"",""VTEC_YR"":""2026"",""WFO"":""TOP"",""WINDTAG"":""70.0""},""iem_significance"":""W"",""iem_tornadotag"":"""",""iem_ugc"":"""",""iem_wfo"":""TOP"",""iem_windtag"":""70.0"",""senderName"":""TOP"",""status"":""NEW""},""type"":""Feature""}",2026-04-27T17:31:58Z,2026-07-09T05:15:02Z,2026-07-09T18:49:04Z
29,iem_watchwarn,iem_watchwarn|ICT|273|SV|W|2026-06-13T23:12:00Z|2026-06-13T23:43:00Z|,Severe Thunderstorm Warning,,2026-06-13T23:12:00Z,2026-06-13T23:43:00Z,ICT,NEW,1,"{""coordinates"":[[[-97.29,37.32],[-96.97,37.0],[-97.63,37.0],[-97.29,37.32]]],""type"":""Polygon""}","{""_map_py"":{""effective"":""2026-06-13T23:12:00Z"",""event"":""Severe Thunderstorm Warning"",""expires"":""2026-06-13T23:43:00Z"",""has_polygon"":true,""headline"":"""",""sender"":""ICT""},""effective"":""2026-06-13T23:12:00Z"",""event"":""Severe Thunderstorm Warning"",""expires"":""2026-06-13T23:43:00Z"",""headline"":"""",""iem_damagetag"":"""",""iem_emergency"":""False"",""iem_event_id"":""273"",""iem_forecaster"":""KAUFMAN"",""iem_gtype"":""P"",""iem_hailtag"":""1.0"",""iem_phenomena"":""SV"",""iem_raw_properties"":{""AREA_KM2"":""1041.145151980323"",""DAMAGTAG"":null,""EMERGENC"":""False"",""ETN"":""273"",""EXPIRED"":""202606132343"",""FCSTER"":""KAUFMAN"",""GTYPE"":""P"",""HAILTAG"":""1.0"",""HV_CAUSE"":null,""HV_NWSLI"":null,""HV_REC"":null,""HV_SEV"":null,""INIT_EXP"":""202606140000"",""INIT_ISS"":""202606132312"",""ISSUED"":""202606132312"",""NWS_UGC"":null,""PHENOM"":""SV"",""POLY_BEG"":""202606132312"",""POLY_END"":""202606132319"",""PROD_ID"":""202606132312-KICT-WUUS53-SVRICT"",""SIG"":""W"",""STATUS"":""NEW"",""TORNTAG"":null,""UPDATED"":""202606132312"",""VTEC_YR"":""2026"",""WFO"":""ICT"",""WINDTAG"":""60.0""},""iem_significance"":""W"",""iem_tornadotag"":"""",""iem_ugc"":"""",""iem_wfo"":""ICT"",""iem_windtag"":""60.0"",""senderName"":""ICT"",""status"":""NEW""}","{""geometry"":{""coordinates"":[[[-97.29,37.32],[-96.97,37.0],[-97.63,37.0],[-97.29,37.32]]],""type"":""Polygon""},""properties"":{""_map_py"":{""effective"":""2026-06-13T23:12:00Z"",""event"":""Severe Thunderstorm Warning"",""expires"":""2026-06-13T23:43:00Z"",""has_polygon"":true,""headline"":"""",""sender"":""ICT""},""effective"":""2026-06-13T23:12:00Z"",""event"":""Severe Thunderstorm Warning"",""expires"":""2026-06-13T23:43:00Z"",""headline"":"""",""iem_damagetag"":"""",""iem_emergency"":""False"",""iem_event_id"":""273"",""iem_forecaster"":""KAUFMAN"",""iem_gtype"":""P"",""iem_hailtag"":""1.0"",""iem_phenomena"":""SV"",""iem_raw_properties"":{""AREA_KM2"":""1041.145151980323"",""DAMAGTAG"":null,""EMERGENC"":""False"",""ETN"":""273"",""EXPIRED"":""202606132343"",""FCSTER"":""KAUFMAN"",""GTYPE"":""P"",""HAILTAG"":""1.0"",""HV_CAUSE"":null,""HV_NWSLI"":null,""HV_REC"":null,""HV_SEV"":null,""INIT_EXP"":""202606140000"",""INIT_ISS"":""202606132312"",""ISSUED"":""202606132312"",""NWS_UGC"":null,""PHENOM"":""SV"",""POLY_BEG"":""202606132312"",""POLY_END"":""202606132319"",""PROD_ID"":""202606132312-KICT-WUUS53-SVRICT"",""SIG"":""W"",""STATUS"":""NEW"",""TORNTAG"":null,""UPDATED"":""202606132312"",""VTEC_YR"":""2026"",""WFO"":""ICT"",""WINDTAG"":""60.0""},""iem_significance"":""W"",""iem_tornadotag"":"""",""iem_ugc"":"""",""iem_wfo"":""ICT"",""iem_windtag"":""60.0"",""senderName"":""ICT"",""status"":""NEW""},""type"":""Feature""}",2026-04-27T17:31:58Z,2026-07-09T05:15:02Z,2026-07-09T18:49:04Z
4077,iem_watchwarn,iem_watchwarn|TSA|251|SV|W|2026-06-13T23:14:00Z|2026-06-14T00:00:00Z|,Severe Thunderstorm Warning,,2026-06-13T23:14:00Z,2026-06-14T00:00:00Z,TSA,NEW,1,"{""coordinates"":[[[-94.62,36.57],[-94.62,36.5],[-94.58,36.28],[-94.99,36.43],[-94.99,36.58],[-94.62,36.57]]],""type"":""Polygon""}","{""_map_py"":{""effective"":""2026-06-13T23:14:00Z"",""event"":""Severe Thunderstorm Warning"",""expires"":""2026-06-14T00:00:00Z"",""has_polygon"":true,""headline"":"""",""sender"":""TSA""},""effective"":""2026-06-13T23:14:00Z"",""event"":""Severe Thunderstorm Warning"",""expires"":""2026-06-14T00:00:00Z"",""headline"":"""",""iem_damagetag"":""CONSIDERABLE"",""iem_emergency"":""False"",""iem_event_id"":""251"",""iem_forecaster"":"""",""iem_gtype"":""P"",""iem_hailtag"":""1.75"",""iem_phenomena"":""SV"",""iem_raw_properties"":{""AREA_KM2"":""823.0721314553745"",""DAMAGTAG"":""CONSIDERABLE"",""EMERGENC"":""False"",""ETN"":""251"",""EXPIRED"":""202606140000"",""FCSTER"":null,""GTYPE"":""P"",""HAILTAG"":""1.75"",""HV_CAUSE"":null,""HV_NWSLI"":null,""HV_REC"":null,""HV_SEV"":null,""INIT_EXP"":""202606140000"",""INIT_ISS"":""202606132314"",""ISSUED"":""202606132314"",""NWS_UGC"":null,""PHENOM"":""SV"",""POLY_BEG"":""202606132314"",""POLY_END"":""202606132323"",""PROD_ID"":""202606132314-KTSA-WUUS54-SVRTSA"",""SIG"":""W"",""STATUS"":""NEW"",""TORNTAG"":null,""UPDATED"":""202606132314"",""VTEC_YR"":""2026"",""WFO"":""TSA"",""WINDTAG"":""60.0""},""iem_significance"":""W"",""iem_tornadotag"":"""",""iem_ugc"":"""",""iem_wfo"":""TSA"",""iem_windtag"":""60.0"",""senderName"":""TSA"",""status"":""NEW""}","{""geometry"":{""coordinates"":[[[-94.62,36.57],[-94.62,36.5],[-94.58,36.28],[-94.99,36.43],[-94.99,36.58],[-94.62,36.57]]],""type"":""Polygon""},""properties"":{""_map_py"":{""effective"":""2026-06-13T23:14:00Z"",""event"":""Severe Thunderstorm Warning"",""expires"":""2026-06-14T00:00:00Z"",""has_polygon"":true,""headline"":"""",""sender"":""TSA""},""effective"":""2026-06-13T23:14:00Z"",""event"":""Severe Thunderstorm Warning"",""expires"":""2026-06-14T00:00:00Z"",""headline"":"""",""iem_damagetag"":""CONSIDERABLE"",""iem_emergency"":""False"",""iem_event_id"":""251"",""iem_forecaster"":"""",""iem_gtype"":""P"",""iem_hailtag"":""1.75"",""iem_phenomena"":""SV"",""iem_raw_properties"":{""AREA_KM2"":""823.0721314553745"",""DAMAGTAG"":""CONSIDERABLE"",""EMERGENC"":""False"",""ETN"":""251"",""EXPIRED"":""202606140000"",""FCSTER"":null,""GTYPE"":""P"",""HAILTAG"":""1.75"",""HV_CAUSE"":null,""HV_NWSLI"":null,""HV_REC"":null,""HV_SEV"":null,""INIT_EXP"":""202606140000"",""INIT_ISS"":""202606132314"",""ISSUED"":""202606132314"",""NWS_UGC"":null,""PHENOM"":""SV"",""POLY_BEG"":""202606132314"",""POLY_END"":""202606132323"",""PROD_ID"":""202606132314-KTSA-WUUS54-SVRTSA"",""SIG"":""W"",""STATUS"":""NEW"",""TORNTAG"":null,""UPDATED"":""202606132314"",""VTEC_YR"":""2026"",""WFO"":""TSA"",""WINDTAG"":""60.0""},""iem_significance"":""W"",""iem_tornadotag"":"""",""iem_ugc"":"""",""iem_wfo"":""TSA"",""iem_windtag"":""60.0"",""senderName"":""TSA"",""status"":""NEW""},""type"":""Feature""}",2026-04-27T17:31:58Z,2026-07-09T05:15:02Z,2026-07-09T18:49:04Z
10413,iem_watchwarn,iem_watchwarn|TAE|118|SV|W|2026-06-13T23:15:00Z|2026-06-14T00:15:00Z|,Severe Thunderstorm Warning,,2026-06-13T23:15:00Z,2026-06-14T00:15:00Z,TAE,NEW,1,"{""coordinates"":[[[-83.0,31.66],[-83.01,31.66],[-83.01,31.64],[-83.06,31.61],[-83.06,31.56],[-83.11,31.48],[-83.15,31.46],[-83.14,31.4],[-83.06,31.33],[-83.05,31.29],[-83.52,31.07],[-83.71,31.19],[-83.78,31.38],[-83.05,31.79],[-83.0,31.75],[-83.0,31.66]]],""type"":""Polygon""}","{""_map_py"":{""effective"":""2026-06-13T23:15:00Z"",""event"":""Severe Thunderstorm Warning"",""expires"":""2026-06-14T00:15:00Z"",""has_polygon"":true,""headline"":"""",""sender"":""TAE""},""effective"":""2026-06-13T23:15:00Z"",""event"":""Severe Thunderstorm Warning"",""expires"":""2026-06-14T00:15:00Z"",""headline"":"""",""iem_damagetag"":"""",""iem_emergency"":""False"",""iem_event_id"":""118"",""iem_forecaster"":""42-DVD"",""iem_gtype"":""P"",""iem_hailtag"":""0.75"",""iem_phenomena"":""SV"",""iem_raw_properties"":{""AREA_KM2"":""3068.35104559777"",""DAMAGTAG"":null,""EMERGENC"":""False"",""ETN"":""118"",""EXPIRED"":""202606140015"",""FCSTER"":""42-DVD"",""GTYPE"":""P"",""HAILTAG"":""0.75"",""HV_CAUSE"":null,""HV_NWSLI"":null,""HV_REC"":null,""HV_SEV"":null,""INIT_EXP"":""202606140015"",""INIT_ISS"":""202606132315"",""ISSUED"":""202606132315"",""NWS_UGC"":null,""PHENOM"":""SV"",""POLY_BEG"":""202606132315"",""POLY_END"":""202606132334"",""PROD_ID"":""202606132315-KTAE-WUUS52-SVRTAE"",""SIG"":""W"",""STATUS"":""NEW"",""TORNTAG"":null,""UPDATED"":""202606132315"",""VTEC_YR"":""2026"",""WFO"":""TAE"",""WINDTAG"":""60.0""},""iem_significance"":""W"",""iem_tornadotag"":"""",""iem_ugc"":"""",""iem_wfo"":""TAE"",""iem_windtag"":""60.0"",""senderName"":""TAE"",""status"":""NEW""}","{""geometry"":{""coordinates"":[[[-83.0,31.66],[-83.01,31.66],[-83.01,31.64],[-83.06,31.61],[-83.06,31.56],[-83.11,31.48],[-83.15,31.46],[-83.14,31.4],[-83.06,31.33],[-83.05,31.29],[-83.52,31.07],[-83.71,31.19],[-83.78,31.38],[-83.05,31.79],[-83.0,31.75],[-83.0,31.66]]],""type"":""Polygon""},""properties"":{""_map_py"":{""effective"":""2026-06-13T23:15:00Z"",""event"":""Severe Thunderstorm Warning"",""expires"":""2026-06-14T00:15:00Z"",""has_polygon"":true,""headline"":"""",""sender"":""TAE""},""effective"":""2026-06-13T23:15:00Z"",""event"":""Severe Thunderstorm Warning"",""expires"":""2026-06-14T00:15:00Z"",""headline"":"""",""iem_damagetag"":"""",""iem_emergency"":""False"",""iem_event_id"":""118"",""iem_forecaster"":""42-DVD"",""iem_gtype"":""P"",""iem_hailtag"":""0.75"",""iem_phenomena"":""SV"",""iem_raw_properties"":{""AREA_KM2"":""3068.35104559777"",""DAMAGTAG"":null,""EMERGENC"":""False"",""ETN"":""118"",""EXPIRED"":""202606140015"",""FCSTER"":""42-DVD"",""GTYPE"":""P"",""HAILTAG"":""0.75"",""HV_CAUSE"":null,""HV_NWSLI"":null,""HV_REC"":null,""HV_SEV"":null,""INIT_EXP"":""202606140015"",""INIT_ISS"":""202606132315"",""ISSUED"":""202606132315"",""NWS_UGC"":null,""PHENOM"":""SV"",""POLY_BEG"":""202606132315"",""POLY_END"":""202606132334"",""PROD_ID"":""202606132315-KTAE-WUUS52-SVRTAE"",""SIG"":""W"",""STATUS"":""NEW"",""TORNTAG"":null,""UPDATED"":""202606132315"",""VTEC_YR"":""2026"",""WFO"":""TAE"",""WINDTAG"":""60.0""},""iem_significance"":""W"",""iem_tornadotag"":"""",""iem_ugc"":"""",""iem_wfo"":""TAE"",""iem_windtag"":""60.0"",""senderName"":""TAE"",""status"":""NEW""},""type"":""Feature""}",2026-04-27T17:31:58Z,2026-07-09T05:15:02Z,2026-07-09T18:49:04Z
1752,iem_watchwarn,iem_watchwarn|DDC|116|SV|W|2026-06-13T23:17:00Z|2026-06-13T23:45:00Z|,Severe Thunderstorm Warning,,2026-06-13T23:17:00Z,2026-06-13T23:45:00Z,DDC,NEW,1,"{""coordinates"":[[[-99.76,38.0],[-99.49,38.15],[-99.07,38.06],[-99.34,37.82],[-99.76,38.0]]],""type"":""Polygon""}","{""_map_py"":{""effective"":""2026-06-13T23:17:00Z"",""event"":""Severe Thunderstorm Warning"",""expires"":""2026-06-13T23:45:00Z"",""has_polygon"":true,""headline"":"""",""sender"":""DDC""},""effective"":""2026-06-13T23:17:00Z"",""event"":""Severe Thunderstorm Warning"",""expires"":""2026-06-13T23:45:00Z"",""headline"":"""",""iem_damagetag"":"""",""iem_emergency"":""False"",""iem_event_id"":""116"",""iem_forecaster"":""KBJ"",""iem_gtype"":""P"",""iem_hailtag"":""1.0"",""iem_phenomena"":""SV"",""iem_raw_properties"":{""AREA_KM2"":""1152.6157134871517"",""DAMAGTAG"":null,""EMERGENC"":""False"",""ETN"":""116"",""EXPIRED"":""202606132345"",""FCSTER"":""KBJ"",""GTYPE"":""P"",""HAILTAG"":""1.0"",""HV_CAUSE"":null,""HV_NWSLI"":null,""HV_REC"":null,""HV_SEV"":null,""INIT_EXP"":""202606132345"",""INIT_ISS"":""202606132317"",""ISSUED"":""202606132317"",""NWS_UGC"":null,""PHENOM"":""SV"",""POLY_BEG"":""202606132317"",""POLY_END"":""202606132334"",""PROD_ID"":""202606132317-KDDC-WUUS53-SVRDDC"",""SIG"":""W"",""STATUS"":""NEW"",""TORNTAG"":null,""UPDATED"":""202606132317"",""VTEC_YR"":""2026"",""WFO"":""DDC"",""WINDTAG"":""60.0""},""iem_significance"":""W"",""iem_tornadotag"":"""",""iem_ugc"":"""",""iem_wfo"":""DDC"",""iem_windtag"":""60.0"",""senderName"":""DDC"",""status"":""NEW""}","{""geometry"":{""coordinates"":[[[-99.76,38.0],[-99.49,38.15],[-99.07,38.06],[-99.34,37.82],[-99.76,38.0]]],""type"":""Polygon""},""properties"":{""_map_py"":{""effective"":""2026-06-13T23:17:00Z"",""event"":""Severe Thunderstorm Warning"",""expires"":""2026-06-13T23:45:00Z"",""has_polygon"":true,""headline"":"""",""sender"":""DDC""},""effective"":""2026-06-13T23:17:00Z"",""event"":""Severe Thunderstorm Warning"",""expires"":""2026-06-13T23:45:00Z"",""headline"":"""",""iem_damagetag"":"""",""iem_emergency"":""False"",""iem_event_id"":""116"",""iem_forecaster"":""KBJ"",""iem_gtype"":""P"",""iem_hailtag"":""1.0"",""iem_phenomena"":""SV"",""iem_raw_properties"":{""AREA_KM2"":""1152.6157134871517"",""DAMAGTAG"":null,""EMERGENC"":""False"",""ETN"":""116"",""EXPIRED"":""202606132345"",""FCSTER"":""KBJ"",""GTYPE"":""P"",""HAILTAG"":""1.0"",""HV_CAUSE"":null,""HV_NWSLI"":null,""HV_REC"":null,""HV_SEV"":null,""INIT_EXP"":""202606132345"",""INIT_ISS"":""202606132317"",""ISSUED"":""202606132317"",""NWS_UGC"":null,""PHENOM"":""SV"",""POLY_BEG"":""202606132317"",""POLY_END"":""202606132334"",""PROD_ID"":""202606132317-KDDC-WUUS53-SVRDDC"",""SIG"":""W"",""STATUS"":""NEW"",""TORNTAG"":null,""UPDATED"":""202606132317"",""VTEC_YR"":""2026"",""WFO"":""DDC"",""WINDTAG"":""60.0""},""iem_significance"":""W"",""iem_tornadotag"":"""",""iem_ugc"":"""",""iem_wfo"":""DDC"",""iem_windtag"":""60.0"",""senderName"":""DDC"",""status"":""NEW""},""type"":""Feature""}",2026-04-27T17:31:58Z,2026-07-09T05:15:02Z,2026-07-09T18:49:04Z
6617,iem_watchwarn,iem_watchwarn|EAX|380|SV|W|2026-06-13T23:17:00Z|2026-06-14T00:00:00Z|,Severe Thunderstorm Warning,,2026-06-13T23:17:00Z,2026-06-14T00:00:00Z,EAX,NEW,1,"{""coordinates"":[[[-94.43,40.57],[-94.69,40.32],[-95.21,40.08],[-95.46,40.27],[-95.22,40.41],[-94.91,40.57],[-94.43,40.57]]],""type"":""Polygon""}","{""_map_py"":{""effective"":""2026-06-13T23:17:00Z"",""event"":""Severe Thunderstorm Warning"",""expires"":""2026-06-14T00:00:00Z"",""has_polygon"":true,""headline"":"""",""sender"":""EAX""},""effective"":""2026-06-13T23:17:00Z"",""event"":""Severe Thunderstorm Warning"",""expires"":""2026-06-14T00:00:00Z"",""headline"":"""",""iem_damagetag"":"""",""iem_emergency"":""False"",""iem_event_id"":""380"",""iem_forecaster"":""CDB"",""iem_gtype"":""P"",""iem_hailtag"":""1.0"",""iem_phenomena"":""SV"",""iem_raw_properties"":{""AREA_KM2"":""2294.3284186030282"",""DAMAGTAG"":null,""EMERGENC"":""False"",""ETN"":""380"",""EXPIRED"":""202606140000"",""FCSTER"":""CDB"",""GTYPE"":""P"",""HAILTAG"":""1.0"",""HV_CAUSE"":null,""HV_NWSLI"":null,""HV_REC"":null,""HV_SEV"":null,""INIT_EXP"":""202606140000"",""INIT_ISS"":""202606132317"",""ISSUED"":""202606132317"",""NWS_UGC"":null,""PHENOM"":""SV"",""POLY_BEG"":""202606132317"",""POLY_END"":""202606132329"",""PROD_ID"":""202606132317-KEAX-WUUS53-SVREAX"",""SIG"":""W"",""STATUS"":""NEW"",""TORNTAG"":null,""UPDATED"":""202606132317"",""VTEC_YR"":""2026"",""WFO"":""EAX"",""WINDTAG"":""60.0""},""iem_significance"":""W"",""iem_tornadotag"":"""",""iem_ugc"":"""",""iem_wfo"":""EAX"",""iem_windtag"":""60.0"",""senderName"":""EAX"",""status"":""NEW""}","{""geometry"":{""coordinates"":[[[-94.43,40.57],[-94.69,40.32],[-95.21,40.08],[-95.46,40.27],[-95.22,40.41],[-94.91,40.57],[-94.43,40.57]]],""type"":""Polygon""},""properties"":{""_map_py"":{""effective"":""2026-06-13T23:17:00Z"",""event"":""Severe Thunderstorm Warning"",""expires"":""2026-06-14T00:00:00Z"",""has_polygon"":true,""headline"":"""",""sender"":""EAX""},""effective"":""2026-06-13T23:17:00Z"",""event"":""Severe Thunderstorm Warning"",""expires"":""2026-06-14T00:00:00Z"",""headline"":"""",""iem_damagetag"":"""",""iem_emergency"":""False"",""iem_event_id"":""380"",""iem_forecaster"":""CDB"",""iem_gtype"":""P"",""iem_hailtag"":""1.0"",""iem_phenomena"":""SV"",""iem_raw_properties"":{""AREA_KM2"":""2294.3284186030282"",""DAMAGTAG"":null,""EMERGENC"":""False"",""ETN"":""380"",""EXPIRED"":""202606140000"",""FCSTER"":""CDB"",""GTYPE"":""P"",""HAILTAG"":""1.0"",""HV_CAUSE"":null,""HV_NWSLI"":null,""HV_REC"":null,""HV_SEV"":null,""INIT_EXP"":""202606140000"",""INIT_ISS"":""202606132317"",""ISSUED"":""202606132317"",""NWS_UGC"":null,""PHENOM"":""SV"",""POLY_BEG"":""202606132317"",""POLY_END"":""202606132329"",""PROD_ID"":""202606132317-KEAX-WUUS53-SVREAX"",""SIG"":""W"",""STATUS"":""NEW"",""TORNTAG"":null,""UPDATED"":""202606132317"",""VTEC_YR"":""2026"",""WFO"":""EAX"",""WINDTAG"":""60.0""},""iem_significance"":""W"",""iem_tornadotag"":"""",""iem_ugc"":"""",""iem_wfo"":""EAX"",""iem_windtag"":""60.0"",""senderName"":""EAX"",""status"":""NEW""},""type"":""Feature""}",2026-04-27T17:31:58Z,2026-07-09T05:15:02Z,2026-07-09T18:49:04Z
3888,iem_watchwarn,iem_watchwarn|DDC|117|SV|W|2026-06-13T23:19:00Z|2026-06-13T23:37:00Z|,Severe Thunderstorm Warning,,2026-06-13T23:19:00Z,2026-06-13T23:37:00Z,DDC,NEW,1,"{""coordinates"":[[[-101.05,37.2],[-100.96,37.36],[-100.46,37.25],[-100.66,37.0],[-100.81,37.0],[-101.05,37.2]]],""type"":""Polygon""}","{""_map_py"":{""effective"":""2026-06-13T23:19:00Z"",""event"":""Severe Thunderstorm Warning"",""expires"":""2026-06-13T23:37:00Z"",""has_polygon"":true,""headline"":"""",""sender"":""DDC""},""effective"":""2026-06-13T23:19:00Z"",""event"":""Severe Thunderstorm Warning"",""expires"":""2026-06-13T23:37:00Z"",""headline"":"""",""iem_damagetag"":"""",""iem_emergency"":""False"",""iem_event_id"":""117"",""iem_forecaster"":""KBJ"",""iem_gtype"":""P"",""iem_hailtag"":""1.0"",""iem_phenomena"":""SV"",""iem_raw_properties"":{""AREA_KM2"":""1268.255439779164"",""DAMAGTAG"":null,""EMERGENC"":""False"",""ETN"":""117"",""EXPIRED"":""202606132337"",""FCSTER"":""KBJ"",""GTYPE"":""P"",""HAILTAG"":""1.0"",""HV_CAUSE"":null,""HV_NWSLI"":null,""HV_REC"":null,""HV_SEV"":null,""INIT_EXP"":""202606140000"",""INIT_ISS"":""202606132319"",""ISSUED"":""202606132319"",""NWS_UGC"":null,""PHENOM"":""SV"",""POLY_BEG"":""202606132319"",""POLY_END"":""202606132337"",""PROD_ID"":""202606132319-KDDC-WUUS53-SVRDDC"",""SIG"":""W"",""STATUS"":""NEW"",""TORNTAG"":null,""UPDATED"":""202606132319"",""VTEC_YR"":""2026"",""WFO"":""DDC"",""WINDTAG"":""60.0""},""iem_significance"":""W"",""iem_tornadotag"":"""",""iem_ugc"":"""",""iem_wfo"":""DDC"",""iem_windtag"":""60.0"",""senderName"":""DDC"",""status"":""NEW""}","{""geometry"":{""coordinates"":[[[-101.05,37.2],[-100.96,37.36],[-100.46,37.25],[-100.66,37.0],[-100.81,37.0],[-101.05,37.2]]],""type"":""Polygon""},""properties"":{""_map_py"":{""effective"":""2026-06-13T23:19:00Z"",""event"":""Severe Thunderstorm Warning"",""expires"":""2026-06-13T23:37:00Z"",""has_polygon"":true,""headline"":"""",""sender"":""DDC""},""effective"":""2026-06-13T23:19:00Z"",""event"":""Severe Thunderstorm Warning"",""expires"":""2026-06-13T23:37:00Z"",""headline"":"""",""iem_damagetag"":"""",""iem_emergency"":""False"",""iem_event_id"":""117"",""iem_forecaster"":""KBJ"",""iem_gtype"":""P"",""iem_hailtag"":""1.0"",""iem_phenomena"":""SV"",""iem_raw_properties"":{""AREA_KM2"":""1268.255439779164"",""DAMAGTAG"":null,""EMERGENC"":""False"",""ETN"":""117"",""EXPIRED"":""202606132337"",""FCSTER"":""KBJ"",""GTYPE"":""P"",""HAILTAG"":""1.0"",""HV_CAUSE"":null,""HV_NWSLI"":null,""HV_REC"":null,""HV_SEV"":null,""INIT_EXP"":""202606140000"",""INIT_ISS"":""202606132319"",""ISSUED"":""202606132319"",""NWS_UGC"":null,""PHENOM"":""SV"",""POLY_BEG"":""202606132319"",""POLY_END"":""202606132337"",""PROD_ID"":""202606132319-KDDC-WUUS53-SVRDDC"",""SIG"":""W"",""STATUS"":""NEW"",""TORNTAG"":null,""UPDATED"":""202606132319"",""VTEC_YR"":""2026"",""WFO"":""DDC"",""WINDTAG"":""60.0""},""iem_significance"":""W"",""iem_tornadotag"":"""",""iem_ugc"":"""",""iem_wfo"":""DDC"",""iem_windtag"":""60.0"",""senderName"":""DDC"",""status"":""NEW""},""type"":""Feature""}",2026-04-27T17:31:58Z,2026-07-09T05:15:02Z,2026-07-09T18:49:04Z
3490,iem_watchwarn,iem_watchwarn|OUN|562|SV|W|2026-06-13T23:19:00Z|2026-06-14T00:00:00Z|,Severe Thunderstorm Warning,,2026-06-13T23:19:00Z,2026-06-14T00:00:00Z,OUN,NEW,1,"{""coordinates"":[[[-97.5,36.78],[-97.93,36.8],[-97.93,36.94],[-97.65,37.0],[-97.59,37.0],[-97.5,36.78]]],""type"":""Polygon""}","{""_map_py"":{""effective"":""2026-06-13T23:19:00Z"",""event"":""Severe Thunderstorm Warning"",""expires"":""2026-06-14T00:00:00Z"",""has_polygon"":true,""headline"":"""",""sender"":""OUN""},""effective"":""2026-06-13T23:19:00Z"",""event"":""Severe Thunderstorm Warning"",""expires"":""2026-06-14T00:00:00Z"",""headline"":"""",""iem_damagetag"":"""",""iem_emergency"":""False"",""iem_event_id"":""562"",""iem_forecaster"":""Meister"",""iem_gtype"":""P"",""iem_hailtag"":""1.0"",""iem_phenomena"":""SV"",""iem_raw_properties"":{""AREA_KM2"":""711.7448637346179"",""DAMAGTAG"":null,""EMERGENC"":""False"",""ETN"":""562"",""EXPIRED"":""202606140000"",""FCSTER"":""Meister"",""GTYPE"":""P"",""HAILTAG"":""1.0"",""HV_CAUSE"":null,""HV_NWSLI"":null,""HV_REC"":null,""HV_SEV"":null,""INIT_EXP"":""202606140000"",""INIT_ISS"":""202606132319"",""ISSUED"":""202606132319"",""NWS_UGC"":null,""PHENOM"":""SV"",""POLY_BEG"":""202606132319"",""POLY_END"":""202606132337"",""PROD_ID"":""202606132319-KOUN-WUUS54-SVROUN"",""SIG"":""W"",""STATUS"":""NEW"",""TORNTAG"":null,""UPDATED"":""202606132319"",""VTEC_YR"":""2026"",""WFO"":""OUN"",""WINDTAG"":""60.0""},""iem_significance"":""W"",""iem_tornadotag"":"""",""iem_ugc"":"""",""iem_wfo"":""OUN"",""iem_windtag"":""60.0"",""senderName"":""OUN"",""status"":""NEW""}","{""geometry"":{""coordinates"":[[[-97.5,36.78],[-97.93,36.8],[-97.93,36.94],[-97.65,37.0],[-97.59,37.0],[-97.5,36.78]]],""type"":""Polygon""},""properties"":{""_map_py"":{""effective"":""2026-06-13T23:19:00Z"",""event"":""Severe Thunderstorm Warning"",""expires"":""2026-06-14T00:00:00Z"",""has_polygon"":true,""headline"":"""",""sender"":""OUN""},""effective"":""2026-06-13T23:19:00Z"",""event"":""Severe Thunderstorm Warning"",""expires"":""2026-06-14T00:00:00Z"",""headline"":"""",""iem_damagetag"":"""",""iem_emergency"":""False"",""iem_event_id"":""562"",""iem_forecaster"":""Meister"",""iem_gtype"":""P"",""iem_hailtag"":""1.0"",""iem_phenomena"":""SV"",""iem_raw_properties"":{""AREA_KM2"":""711.7448637346179"",""DAMAGTAG"":null,""EMERGENC"":""False"",""ETN"":""562"",""EXPIRED"":""202606140000"",""FCSTER"":""Meister"",""GTYPE"":""P"",""HAILTAG"":""1.0"",""HV_CAUSE"":null,""HV_NWSLI"":null,""HV_REC"":null,""HV_SEV"":null,""INIT_EXP"":""202606140000"",""INIT_ISS"":""202606132319"",""ISSUED"":""202606132319"",""NWS_UGC"":null,""PHENOM"":""SV"",""POLY_BEG"":""202606132319"",""POLY_END"":""202606132337"",""PROD_ID"":""202606132319-KOUN-WUUS54-SVROUN"",""SIG"":""W"",""STATUS"":""NEW"",""TORNTAG"":null,""UPDATED"":""202606132319"",""VTEC_YR"":""2026"",""WFO"":""OUN"",""WINDTAG"":""60.0""},""iem_significance"":""W"",""iem_tornadotag"":"""",""iem_ugc"":"""",""iem_wfo"":""OUN"",""iem_windtag"":""60.0"",""senderName"":""OUN"",""status"":""NEW""},""type"":""Feature""}",2026-04-27T17:31:58Z,2026-07-09T05:15:02Z,2026-07-09T18:49:04Z
3747,iem_watchwarn,iem_watchwarn|TSA|252|SV|W|2026-06-13T23:22:00Z|2026-06-14T00:00:00Z|,Severe Thunderstorm Warning,,2026-06-13T23:22:00Z,2026-06-14T00:00:00Z,TSA,NEW,1,"{""coordinates"":[[[-94.98,36.82],[-94.68,36.62],[-94.68,36.57],[-94.99,36.53],[-95.21,36.67],[-94.98,36.82]]],""type"":""Polygon""}","{""_map_py"":{""effective"":""2026-06-13T23:22:00Z"",""event"":""Severe Thunderstorm Warning"",""expires"":""2026-06-14T00:00:00Z"",""has_polygon"":true,""headline"":"""",""sender"":""TSA""},""effective"":""2026-06-13T23:22:00Z"",""event"":""Severe Thunderstorm Warning"",""expires"":""2026-06-14T00:00:00Z"",""headline"":"""",""iem_damagetag"":"""",""iem_emergency"":""False"",""iem_event_id"":""252"",""iem_forecaster"":"""",""iem_gtype"":""P"",""iem_hailtag"":""1.0"",""iem_phenomena"":""SV"",""iem_raw_properties"":{""AREA_KM2"":""841.8963708720137"",""DAMAGTAG"":null,""EMERGENC"":""False"",""ETN"":""252"",""EXPIRED"":""202606140000"",""FCSTER"":null,""GTYPE"":""P"",""HAILTAG"":""1.0"",""HV_CAUSE"":null,""HV_NWSLI"":null,""HV_REC"":null,""HV_SEV"":null,""INIT_EXP"":""202606140000"",""INIT_ISS"":""202606132322"",""ISSUED"":""202606132322"",""NWS_UGC"":null,""PHENOM"":""SV"",""POLY_BEG"":""202606132322"",""POLY_END"":""202606132332"",""PROD_ID"":""202606132322-KTSA-WUUS54-SVRTSA"",""SIG"":""W"",""STATUS"":""NEW"",""TORNTAG"":null,""UPDATED"":""202606132322"",""VTEC_YR"":""2026"",""WFO"":""TSA"",""WINDTAG"":""60.0""},""iem_significance"":""W"",""iem_tornadotag"":"""",""iem_ugc"":"""",""iem_wfo"":""TSA"",""iem_windtag"":""60.0"",""senderName"":""TSA"",""status"":""NEW""}","{""geometry"":{""coordinates"":[[[-94.98,36.82],[-94.68,36.62],[-94.68,36.57],[-94.99,36.53],[-95.21,36.67],[-94.98,36.82]]],""type"":""Polygon""},""properties"":{""_map_py"":{""effective"":""2026-06-13T23:22:00Z"",""event"":""Severe Thunderstorm Warning"",""expires"":""2026-06-14T00:00:00Z"",""has_polygon"":true,""headline"":"""",""sender"":""TSA""},""effective"":""2026-06-13T23:22:00Z"",""event"":""Severe Thunderstorm Warning"",""expires"":""2026-06-14T00:00:00Z"",""headline"":"""",""iem_damagetag"":"""",""iem_emergency"":""False"",""iem_event_id"":""252"",""iem_forecaster"":"""",""iem_gtype"":""P"",""iem_hailtag"":""1.0"",""iem_phenomena"":""SV"",""iem_raw_properties"":{""AREA_KM2"":""841.8963708720137"",""DAMAGTAG"":null,""EMERGENC"":""False"",""ETN"":""252"",""EXPIRED"":""202606140000"",""FCSTER"":null,""GTYPE"":""P"",""HAILTAG"":""1.0"",""HV_CAUSE"":null,""HV_NWSLI"":null,""HV_REC"":null,""HV_SEV"":null,""INIT_EXP"":""202606140000"",""INIT_ISS"":""202606132322"",""ISSUED"":""202606132322"",""NWS_UGC"":null,""PHENOM"":""SV"",""POLY_BEG"":""202606132322"",""POLY_END"":""202606132332"",""PROD_ID"":""202606132322-KTSA-WUUS54-SVRTSA"",""SIG"":""W"",""STATUS"":""NEW"",""TORNTAG"":null,""UPDATED"":""202606132322"",""VTEC_YR"":""2026"",""WFO"":""TSA"",""WINDTAG"":""60.0""},""iem_significance"":""W"",""iem_tornadotag"":"""",""iem_ugc"":"""",""iem_wfo"":""TSA"",""iem_windtag"":""60.0"",""senderName"":""TSA"",""status"":""NEW""},""type"":""Feature""}",2026-04-27T17:31:58Z,2026-07-09T05:15:02Z,2026-07-09T18:49:04Z
5935,iem_watchwarn,iem_watchwarn|AMA|130|SV|W|2026-06-13T23:22:00Z|2026-06-14T00:15:00Z|,Severe Thunderstorm Warning,,2026-06-13T23:22:00Z,2026-06-14T00:15:00Z,AMA,NEW,1,"{""coordinates"":[[[-100.01,35.97],[-100.15,35.86],[-100.4,35.96],[-100.34,36.32],[-100.0,36.24],[-100.0,36.0],[-100.01,35.97]]],""type"":""Polygon""}","{""_map_py"":{""effective"":""2026-06-13T23:22:00Z"",""event"":""Severe Thunderstorm Warning"",""expires"":""2026-06-14T00:15:00Z"",""has_polygon"":true,""headline"":"""",""sender"":""AMA""},""effective"":""2026-06-13T23:22:00Z"",""event"":""Severe Thunderstorm Warning"",""expires"":""2026-06-14T00:15:00Z"",""headline"":"""",""iem_damagetag"":"""",""iem_emergency"":""False"",""iem_event_id"":""130"",""iem_forecaster"":""SS"",""iem_gtype"":""P"",""iem_hailtag"":""1.0"",""iem_phenomena"":""SV"",""iem_raw_properties"":{""AREA_KM2"":""1380.581212563816"",""DAMAGTAG"":null,""EMERGENC"":""False"",""ETN"":""130"",""EXPIRED"":""202606140015"",""FCSTER"":""SS"",""GTYPE"":""P"",""HAILTAG"":""1.0"",""HV_CAUSE"":null,""HV_NWSLI"":null,""HV_REC"":null,""HV_SEV"":null,""INIT_EXP"":""202606140015"",""INIT_ISS"":""202606132322"",""ISSUED"":""202606132322"",""NWS_UGC"":null,""PHENOM"":""SV"",""POLY_BEG"":""202606132322"",""POLY_END"":""202606132337"",""PROD_ID"":""202606132322-KAMA-WUUS54-SVRAMA"",""SIG"":""W"",""STATUS"":""NEW"",""TORNTAG"":null,""UPDATED"":""202606132322"",""VTEC_YR"":""2026"",""WFO"":""AMA"",""WINDTAG"":""60.0""},""iem_significance"":""W"",""iem_tornadotag"":"""",""iem_ugc"":"""",""iem_wfo"":""AMA"",""iem_windtag"":""60.0"",""senderName"":""AMA"",""status"":""NEW""}","{""geometry"":{""coordinates"":[[[-100.01,35.97],[-100.15,35.86],[-100.4,35.96],[-100.34,36.32],[-100.0,36.24],[-100.0,36.0],[-100.01,35.97]]],""type"":""Polygon""},""properties"":{""_map_py"":{""effective"":""2026-06-13T23:22:00Z"",""event"":""Severe Thunderstorm Warning"",""expires"":""2026-06-14T00:15:00Z"",""has_polygon"":true,""headline"":"""",""sender"":""AMA""},""effective"":""2026-06-13T23:22:00Z"",""event"":""Severe Thunderstorm Warning"",""expires"":""2026-06-14T00:15:00Z"",""headline"":"""",""iem_damagetag"":"""",""iem_emergency"":""False"",""iem_event_id"":""130"",""iem_forecaster"":""SS"",""iem_gtype"":""P"",""iem_hailtag"":""1.0"",""iem_phenomena"":""SV"",""iem_raw_properties"":{""AREA_KM2"":""1380.581212563816"",""DAMAGTAG"":null,""EMERGENC"":""False"",""ETN"":""130"",""EXPIRED"":""202606140015"",""FCSTER"":""SS"",""GTYPE"":""P"",""HAILTAG"":""1.0"",""HV_CAUSE"":null,""HV_NWSLI"":null,""HV_REC"":null,""HV_SEV"":null,""INIT_EXP"":""202606140015"",""INIT_ISS"":""202606132322"",""ISSUED"":""202606132322"",""NWS_UGC"":null,""PHENOM"":""SV"",""POLY_BEG"":""202606132322"",""POLY_END"":""202606132337"",""PROD_ID"":""202606132322-KAMA-WUUS54-SVRAMA"",""SIG"":""W"",""STATUS"":""NEW"",""TORNTAG"":null,""UPDATED"":""202606132322"",""VTEC_YR"":""2026"",""WFO"":""AMA"",""WINDTAG"":""60.0""},""iem_significance"":""W"",""iem_tornadotag"":"""",""iem_ugc"":"""",""iem_wfo"":""AMA"",""iem_windtag"":""60.0"",""senderName"":""AMA"",""status"":""NEW""},""type"":""Feature""}",2026-04-27T17:31:58Z,2026-07-09T05:15:02Z,2026-07-09T18:49:04Z
2317,iem_watchwarn,iem_watchwarn|MEG|146|SV|W|2026-06-13T23:24:00Z|2026-06-14T00:15:00Z|,Severe Thunderstorm Warning,,2026-06-13T23:24:00Z,2026-06-14T00:15:00Z,MEG,NEW,1,"{""coordinates"":[[[-90.31,35.08],[-90.09,35.21],[-89.75,34.95],[-90.01,34.81],[-90.31,35.08]]],""type"":""Polygon""}","{""_map_py"":{""effective"":""2026-06-13T23:24:00Z"",""event"":""Severe Thunderstorm Warning"",""expires"":""2026-06-14T00:15:00Z"",""has_polygon"":true,""headline"":"""",""sender"":""MEG""},""effective"":""2026-06-13T23:24:00Z"",""event"":""Severe Thunderstorm Warning"",""expires"":""2026-06-14T00:15:00Z"",""headline"":"""",""iem_damagetag"":"""",""iem_emergency"":""False"",""iem_event_id"":""146"",""iem_forecaster"":""DNM"",""iem_gtype"":""P"",""iem_hailtag"":""0.88"",""iem_phenomena"":""SV"",""iem_raw_properties"":{""AREA_KM2"":""1081.5836804087417"",""DAMAGTAG"":null,""EMERGENC"":""False"",""ETN"":""146"",""EXPIRED"":""202606140015"",""FCSTER"":""DNM"",""GTYPE"":""P"",""HAILTAG"":""0.88"",""HV_CAUSE"":null,""HV_NWSLI"":null,""HV_REC"":null,""HV_SEV"":null,""INIT_EXP"":""202606140015"",""INIT_ISS"":""202606132324"",""ISSUED"":""202606132324"",""NWS_UGC"":null,""PHENOM"":""SV"",""POLY_BEG"":""202606132324"",""POLY_END"":""202606132342"",""PROD_ID"":""202606132324-KMEG-WUUS54-SVRMEG"",""SIG"":""W"",""STATUS"":""NEW"",""TORNTAG"":null,""UPDATED"":""202606132324"",""VTEC_YR"":""2026"",""WFO"":""MEG"",""WINDTAG"":""60.0""},""iem_significance"":""W"",""iem_tornadotag"":"""",""iem_ugc"":"""",""iem_wfo"":""MEG"",""iem_windtag"":""60.0"",""senderName"":""MEG"",""status"":""NEW""}","{""geometry"":{""coordinates"":[[[-90.31,35.08],[-90.09,35.21],[-89.75,34.95],[-90.01,34.81],[-90.31,35.08]]],""type"":""Polygon""},""properties"":{""_map_py"":{""effective"":""2026-06-13T23:24:00Z"",""event"":""Severe Thunderstorm Warning"",""expires"":""2026-06-14T00:15:00Z"",""has_polygon"":true,""headline"":"""",""sender"":""MEG""},""effective"":""2026-06-13T23:24:00Z"",""event"":""Severe Thunderstorm Warning"",""expires"":""2026-06-14T00:15:00Z"",""headline"":"""",""iem_damagetag"":"""",""iem_emergency"":""False"",""iem_event_id"":""146"",""iem_forecaster"":""DNM"",""iem_gtype"":""P"",""iem_hailtag"":""0.88"",""iem_phenomena"":""SV"",""iem_raw_properties"":{""AREA_KM2"":""1081.5836804087417"",""DAMAGTAG"":null,""EMERGENC"":""False"",""ETN"":""146"",""EXPIRED"":""202606140015"",""FCSTER"":""DNM"",""GTYPE"":""P"",""HAILTAG"":""0.88"",""HV_CAUSE"":null,""HV_NWSLI"":null,""HV_REC"":null,""HV_SEV"":null,""INIT_EXP"":""202606140015"",""INIT_ISS"":""202606132324"",""ISSUED"":""202606132324"",""NWS_UGC"":null,""PHENOM"":""SV"",""POLY_BEG"":""202606132324"",""POLY_END"":""202606132342"",""PROD_ID"":""202606132324-KMEG-WUUS54-SVRMEG"",""SIG"":""W"",""STATUS"":""NEW"",""TORNTAG"":null,""UPDATED"":""202606132324"",""VTEC_YR"":""2026"",""WFO"":""MEG"",""WINDTAG"":""60.0""},""iem_significance"":""W"",""iem_tornadotag"":"""",""iem_ugc"":"""",""iem_wfo"":""MEG"",""iem_windtag"":""60.0"",""senderName"":""MEG"",""status"":""NEW""},""type"":""Feature""}",2026-04-27T17:31:58Z,2026-07-09T05:15:02Z,2026-07-09T18:49:04Z
2020,iem_watchwarn,iem_watchwarn|TOP|66|TO|W|2026-06-13T23:25:00Z|2026-06-13T23:45:00Z|,Tornado Warning,,2026-06-13T23:25:00Z,2026-06-13T23:45:00Z,TOP,NEW,1,"{""coordinates"":[[[-96.74,39.42],[-96.64,39.48],[-96.34,39.32],[-96.61,39.21],[-96.74,39.42]]],""type"":""Polygon""}","{""_map_py"":{""effective"":""2026-06-13T23:25:00Z"",""event"":""Tornado Warning"",""expires"":""2026-06-13T23:45:00Z"",""has_polygon"":true,""headline"":"""",""sender"":""TOP""},""effective"":""2026-06-13T23:25:00Z"",""event"":""Tornado Warning"",""expires"":""2026-06-13T23:45:00Z"",""headline"":"""",""iem_damagetag"":"""",""iem_emergency"":""False"",""iem_event_id"":""66"",""iem_forecaster"":""Flanagan"",""iem_gtype"":""P"",""iem_hailtag"":""1.5"",""iem_phenomena"":""TO"",""iem_raw_properties"":{""AREA_KM2"":""501.9991966602671"",""DAMAGTAG"":null,""EMERGENC"":""False"",""ETN"":""66"",""EXPIRED"":""202606132345"",""FCSTER"":""Flanagan"",""GTYPE"":""P"",""HAILTAG"":""1.5"",""HV_CAUSE"":null,""HV_NWSLI"":null,""HV_REC"":null,""HV_SEV"":null,""INIT_EXP"":""202606132345"",""INIT_ISS"":""202606132325"",""ISSUED"":""202606132325"",""NWS_UGC"":null,""PHENOM"":""TO"",""POLY_BEG"":""202606132325"",""POLY_END"":""202606132329"",""PROD_ID"":""202606132325-KTOP-WFUS53-TORTOP"",""SIG"":""W"",""STATUS"":""NEW"",""TORNTAG"":""RADAR INDICATED"",""UPDATED"":""202606132325"",""VTEC_YR"":""2026"",""WFO"":""TOP"",""WINDTAG"":null},""iem_significance"":""W"",""iem_tornadotag"":""RADAR INDICATED"",""iem_ugc"":"""",""iem_wfo"":""TOP"",""iem_windtag"":"""",""senderName"":""TOP"",""status"":""NEW""}","{""geometry"":{""coordinates"":[[[-96.74,39.42],[-96.64,39.48],[-96.34,39.32],[-96.61,39.21],[-96.74,39.42]]],""type"":""Polygon""},""properties"":{""_map_py"":{""effective"":""2026-06-13T23:25:00Z"",""event"":""Tornado Warning"",""expires"":""2026-06-13T23:45:00Z"",""has_polygon"":true,""headline"":"""",""sender"":""TOP""},""effective"":""2026-06-13T23:25:00Z"",""event"":""Tornado Warning"",""expires"":""2026-06-13T23:45:00Z"",""headline"":"""",""iem_damagetag"":"""",""iem_emergency"":""False"",""iem_event_id"":""66"",""iem_forecaster"":""Flanagan"",""iem_gtype"":""P"",""iem_hailtag"":""1.5"",""iem_phenomena"":""TO"",""iem_raw_properties"":{""AREA_KM2"":""501.9991966602671"",""DAMAGTAG"":null,""EMERGENC"":""False"",""ETN"":""66"",""EXPIRED"":""202606132345"",""FCSTER"":""Flanagan"",""GTYPE"":""P"",""HAILTAG"":""1.5"",""HV_CAUSE"":null,""HV_NWSLI"":null,""HV_REC"":null,""HV_SEV"":null,""INIT_EXP"":""202606132345"",""INIT_ISS"":""202606132325"",""ISSUED"":""202606132325"",""NWS_UGC"":null,""PHENOM"":""TO"",""POLY_BEG"":""202606132325"",""POLY_END"":""202606132329"",""PROD_ID"":""202606132325-KTOP-WFUS53-TORTOP"",""SIG"":""W"",""STATUS"":""NEW"",""TORNTAG"":""RADAR INDICATED"",""UPDATED"":""202606132325"",""VTEC_YR"":""2026"",""WFO"":""TOP"",""WINDTAG"":null},""iem_significance"":""W"",""iem_tornadotag"":""RADAR INDICATED"",""iem_ugc"":"""",""iem_wfo"":""TOP"",""iem_windtag"":"""",""senderName"":""TOP"",""status"":""NEW""},""type"":""Feature""}",2026-04-27T17:31:58Z,2026-07-09T05:15:02Z,2026-07-09T18:49:04Z
6836,iem_watchwarn,iem_watchwarn|DDC|118|SV|W|2026-06-13T23:25:00Z|2026-06-14T00:15:00Z|,Severe Thunderstorm Warning,,2026-06-13T23:25:00Z,2026-06-14T00:15:00Z,DDC,NEW,1,"{""coordinates"":[[[-98.98,38.0],[-99.48,38.14],[-99.57,38.2],[-99.57,38.26],[-99.04,38.49],[-99.03,38.26],[-98.62,38.26],[-98.98,38.0]]],""type"":""Polygon""}","{""_map_py"":{""effective"":""2026-06-13T23:25:00Z"",""event"":""Severe Thunderstorm Warning"",""expires"":""2026-06-14T00:15:00Z"",""has_polygon"":true,""headline"":"""",""sender"":""DDC""},""effective"":""2026-06-13T23:25:00Z"",""event"":""Severe Thunderstorm Warning"",""expires"":""2026-06-14T00:15:00Z"",""headline"":"""",""iem_damagetag"":"""",""iem_emergency"":""False"",""iem_event_id"":""118"",""iem_forecaster"":""KBJ"",""iem_gtype"":""P"",""iem_hailtag"":""1.0"",""iem_phenomena"":""SV"",""iem_raw_properties"":{""AREA_KM2"":""2059.5980999827625"",""DAMAGTAG"":null,""EMERGENC"":""False"",""ETN"":""118"",""EXPIRED"":""202606140015"",""FCSTER"":""KBJ"",""GTYPE"":""P"",""HAILTAG"":""1.0"",""HV_CAUSE"":null,""HV_NWSLI"":null,""HV_REC"":null,""HV_SEV"":null,""INIT_EXP"":""202606140015"",""INIT_ISS"":""202606132325"",""ISSUED"":""202606132325"",""NWS_UGC"":null,""PHENOM"":""SV"",""POLY_BEG"":""202606132325"",""POLY_END"":""202606132354"",""PROD_ID"":""202606132325-KDDC-WUUS53-SVRDDC"",""SIG"":""W"",""STATUS"":""NEW"",""TORNTAG"":null,""UPDATED"":""202606132325"",""VTEC_YR"":""2026"",""WFO"":""DDC"",""WINDTAG"":""60.0""},""iem_significance"":""W"",""iem_tornadotag"":"""",""iem_ugc"":"""",""iem_wfo"":""DDC"",""iem_windtag"":""60.0"",""senderName"":""DDC"",""status"":""NEW""}","{""geometry"":{""coordinates"":[[[-98.98,38.0],[-99.48,38.14],[-99.57,38.2],[-99.57,38.26],[-99.04,38.49],[-99.03,38.26],[-98.62,38.26],[-98.98,38.0]]],""type"":""Polygon""},""properties"":{""_map_py"":{""effective"":""2026-06-13T23:25:00Z"",""event"":""Severe Thunderstorm Warning"",""expires"":""2026-06-14T00:15:00Z"",""has_polygon"":true,""headline"":"""",""sender"":""DDC""},""effective"":""2026-06-13T23:25:00Z"",""event"":""Severe Thunderstorm Warning"",""expires"":""2026-06-14T00:15:00Z"",""headline"":"""",""iem_damagetag"":"""",""iem_emergency"":""False"",""iem_event_id"":""118"",""iem_forecaster"":""KBJ"",""iem_gtype"":""P"",""iem_hailtag"":""1.0"",""iem_phenomena"":""SV"",""iem_raw_properties"":{""AREA_KM2"":""2059.5980999827625"",""DAMAGTAG"":null,""EMERGENC"":""False"",""ETN"":""118"",""EXPIRED"":""202606140015"",""FCSTER"":""KBJ"",""GTYPE"":""P"",""HAILTAG"":""1.0"",""HV_CAUSE"":null,""HV_NWSLI"":null,""HV_REC"":null,""HV_SEV"":null,""INIT_EXP"":""202606140015"",""INIT_ISS"":""202606132325"",""ISSUED"":""202606132325"",""NWS_UGC"":null,""PHENOM"":""SV"",""POLY_BEG"":""202606132325"",""POLY_END"":""202606132354"",""PROD_ID"":""202606132325-KDDC-WUUS53-SVRDDC"",""SIG"":""W"",""STATUS"":""NEW"",""TORNTAG"":null,""UPDATED"":""202606132325"",""VTEC_YR"":""2026"",""WFO"":""DDC"",""WINDTAG"":""60.0""},""iem_significance"":""W"",""iem_tornadotag"":"""",""iem_ugc"":"""",""iem_wfo"":""DDC"",""iem_windtag"":""60.0"",""senderName"":""DDC"",""status"":""NEW""},""type"":""Feature""}",2026-04-27T17:31:58Z,2026-07-09T05:15:02Z,2026-07-09T18:49:04Z
2982,iem_watchwarn,iem_watchwarn|OUN|563|SV|W|2026-06-13T23:26:00Z|2026-06-14T00:15:00Z|,Severe Thunderstorm Warning,,2026-06-13T23:26:00Z,2026-06-14T00:15:00Z,OUN,NEW,1,"{""coordinates"":[[[-97.61,36.8],[-97.62,36.94],[-97.08,36.97],[-97.08,36.69],[-97.61,36.8]]],""type"":""Polygon""}","{""_map_py"":{""effective"":""2026-06-13T23:26:00Z"",""event"":""Severe Thunderstorm Warning"",""expires"":""2026-06-14T00:15:00Z"",""has_polygon"":true,""headline"":"""",""sender"":""OUN""},""effective"":""2026-06-13T23:26:00Z"",""event"":""Severe Thunderstorm Warning"",""expires"":""2026-06-14T00:15:00Z"",""headline"":"""",""iem_damagetag"":""CONSIDERABLE"",""iem_emergency"":""False"",""iem_event_id"":""563"",""iem_forecaster"":""Meister"",""iem_gtype"":""P"",""iem_hailtag"":""2.0"",""iem_phenomena"":""SV"",""iem_raw_properties"":{""AREA_KM2"":""1109.549117259427"",""DAMAGTAG"":""CONSIDERABLE"",""EMERGENC"":""False"",""ETN"":""563"",""EXPIRED"":""202606140015"",""FCSTER"":""Meister"",""GTYPE"":""P"",""HAILTAG"":""2.0"",""HV_CAUSE"":null,""HV_NWSLI"":null,""HV_REC"":null,""HV_SEV"":null,""INIT_EXP"":""202606140015"",""INIT_ISS"":""202606132326"",""ISSUED"":""202606132326"",""NWS_UGC"":null,""PHENOM"":""SV"",""POLY_BEG"":""202606132326"",""POLY_END"":""202606132346"",""PROD_ID"":""202606132326-KOUN-WUUS54-SVROUN"",""SIG"":""W"",""STATUS"":""NEW"",""TORNTAG"":null,""UPDATED"":""202606132326"",""VTEC_YR"":""2026"",""WFO"":""OUN"",""WINDTAG"":""60.0""},""iem_significance"":""W"",""iem_tornadotag"":"""",""iem_ugc"":"""",""iem_wfo"":""OUN"",""iem_windtag"":""60.0"",""senderName"":""OUN"",""status"":""NEW""}","{""geometry"":{""coordinates"":[[[-97.61,36.8],[-97.62,36.94],[-97.08,36.97],[-97.08,36.69],[-97.61,36.8]]],""type"":""Polygon""},""properties"":{""_map_py"":{""effective"":""2026-06-13T23:26:00Z"",""event"":""Severe Thunderstorm Warning"",""expires"":""2026-06-14T00:15:00Z"",""has_polygon"":true,""headline"":"""",""sender"":""OUN""},""effective"":""2026-06-13T23:26:00Z"",""event"":""Severe Thunderstorm Warning"",""expires"":""2026-06-14T00:15:00Z"",""headline"":"""",""iem_damagetag"":""CONSIDERABLE"",""iem_emergency"":""False"",""iem_event_id"":""563"",""iem_forecaster"":""Meister"",""iem_gtype"":""P"",""iem_hailtag"":""2.0"",""iem_phenomena"":""SV"",""iem_raw_properties"":{""AREA_KM2"":""1109.549117259427"",""DAMAGTAG"":""CONSIDERABLE"",""EMERGENC"":""False"",""ETN"":""563"",""EXPIRED"":""202606140015"",""FCSTER"":""Meister"",""GTYPE"":""P"",""HAILTAG"":""2.0"",""HV_CAUSE"":null,""HV_NWSLI"":null,""HV_REC"":null,""HV_SEV"":null,""INIT_EXP"":""202606140015"",""INIT_ISS"":""202606132326"",""ISSUED"":""202606132326"",""NWS_UGC"":null,""PHENOM"":""SV"",""POLY_BEG"":""202606132326"",""POLY_END"":""202606132346"",""PROD_ID"":""202606132326-KOUN-WUUS54-SVROUN"",""SIG"":""W"",""STATUS"":""NEW"",""TORNTAG"":null,""UPDATED"":""202606132326"",""VTEC_YR"":""2026"",""WFO"":""OUN"",""WINDTAG"":""60.0""},""iem_significance"":""W"",""iem_tornadotag"":"""",""iem_ugc"":"""",""iem_wfo"":""OUN"",""iem_windtag"":""60.0"",""senderName"":""OUN"",""status"":""NEW""},""type"":""Feature""}",2026-04-27T17:31:58Z,2026-07-09T05:15:02Z,2026-07-09T18:49:04Z
913,iem_watchwarn,iem_watchwarn|TOP|67|TO|W|2026-06-13T23:28:00Z|2026-06-13T23:40:00Z|,Tornado Warning,,2026-06-13T23:28:00Z,2026-06-13T23:40:00Z,TOP,NEW,1,"{""coordinates"":[[[-96.71,39.37],[-96.61,39.44],[-96.38,39.3],[-96.61,39.21],[-96.71,39.37]]],""type"":""Polygon""}","{""_map_py"":{""effective"":""2026-06-13T23:28:00Z"",""event"":""Tornado Warning"",""expires"":""2026-06-13T23:40:00Z"",""has_polygon"":true,""headline"":"""",""sender"":""TOP""},""effective"":""2026-06-13T23:28:00Z"",""event"":""Tornado Warning"",""expires"":""2026-06-13T23:40:00Z"",""headline"":"""",""iem_damagetag"":"""",""iem_emergency"":""False"",""iem_event_id"":""67"",""iem_forecaster"":""Flanagan"",""iem_gtype"":""P"",""iem_hailtag"":""1.5"",""iem_phenomena"":""TO"",""iem_raw_properties"":{""AREA_KM2"":""362.9859294980725"",""DAMAGTAG"":null,""EMERGENC"":""False"",""ETN"":""67"",""EXPIRED"":""202606132340"",""FCSTER"":""Flanagan"",""GTYPE"":""P"",""HAILTAG"":""1.5"",""HV_CAUSE"":null,""HV_NWSLI"":null,""HV_REC"":null,""HV_SEV"":null,""INIT_EXP"":""202606140000"",""INIT_ISS"":""202606132328"",""ISSUED"":""202606132328"",""NWS_UGC"":null,""PHENOM"":""TO"",""POLY_BEG"":""202606132328"",""POLY_END"":""202606132331"",""PROD_ID"":""202606132328-KTOP-WFUS53-TORTOP"",""SIG"":""W"",""STATUS"":""NEW"",""TORNTAG"":""RADAR INDICATED"",""UPDATED"":""202606132328"",""VTEC_YR"":""2026"",""WFO"":""TOP"",""WINDTAG"":null},""iem_significance"":""W"",""iem_tornadotag"":""RADAR INDICATED"",""iem_ugc"":"""",""iem_wfo"":""TOP"",""iem_windtag"":"""",""senderName"":""TOP"",""status"":""NEW""}","{""geometry"":{""coordinates"":[[[-96.71,39.37],[-96.61,39.44],[-96.38,39.3],[-96.61,39.21],[-96.71,39.37]]],""type"":""Polygon""},""properties"":{""_map_py"":{""effective"":""2026-06-13T23:28:00Z"",""event"":""Tornado Warning"",""expires"":""2026-06-13T23:40:00Z"",""has_polygon"":true,""headline"":"""",""sender"":""TOP""},""effective"":""2026-06-13T23:28:00Z"",""event"":""Tornado Warning"",""expires"":""2026-06-13T23:40:00Z"",""headline"":"""",""iem_damagetag"":"""",""iem_emergency"":""False"",""iem_event_id"":""67"",""iem_forecaster"":""Flanagan"",""iem_gtype"":""P"",""iem_hailtag"":""1.5"",""iem_phenomena"":""TO"",""iem_raw_properties"":{""AREA_KM2"":""362.9859294980725"",""DAMAGTAG"":null,""EMERGENC"":""False"",""ETN"":""67"",""EXPIRED"":""202606132340"",""FCSTER"":""Flanagan"",""GTYPE"":""P"",""HAILTAG"":""1.5"",""HV_CAUSE"":null,""HV_NWSLI"":null,""HV_REC"":null,""HV_SEV"":null,""INIT_EXP"":""202606140000"",""INIT_ISS"":""202606132328"",""ISSUED"":""202606132328"",""NWS_UGC"":null,""PHENOM"":""TO"",""POLY_BEG"":""202606132328"",""POLY_END"":""202606132331"",""PROD_ID"":""202606132328-KTOP-WFUS53-TORTOP"",""SIG"":""W"",""STATUS"":""NEW"",""TORNTAG"":""RADAR INDICATED"",""UPDATED"":""202606132328"",""VTEC_YR"":""2026"",""WFO"":""TOP"",""WINDTAG"":null},""iem_significance"":""W"",""iem_tornadotag"":""RADAR INDICATED"",""iem_ugc"":"""",""iem_wfo"":""TOP"",""iem_windtag"":"""",""senderName"":""TOP"",""status"":""NEW""},""type"":""Feature""}",2026-04-27T17:31:58Z,2026-07-09T05:15:02Z,2026-07-09T18:49:04Z
4076,iem_watchwarn,iem_watchwarn|TSA|51|TO|W|2026-06-13T23:28:00Z|2026-06-14T00:15:00Z|,Tornado Warning,,2026-06-13T23:28:00Z,2026-06-14T00:15:00Z,TSA,NEW,1,"{""coordinates"":[[[-94.62,36.5],[-94.59,36.33],[-94.94,36.42],[-94.94,36.54],[-94.62,36.55],[-94.62,36.5]]],""type"":""Polygon""}","{""_map_py"":{""effective"":""2026-06-13T23:28:00Z"",""event"":""Tornado Warning"",""expires"":""2026-06-14T00:15:00Z"",""has_polygon"":true,""headline"":"""",""sender"":""TSA""},""effective"":""2026-06-13T23:28:00Z"",""event"":""Tornado Warning"",""expires"":""2026-06-14T00:15:00Z"",""headline"":"""",""iem_damagetag"":"""",""iem_emergency"":""False"",""iem_event_id"":""51"",""iem_forecaster"":"""",""iem_gtype"":""P"",""iem_hailtag"":""1.5"",""iem_phenomena"":""TO"",""iem_raw_properties"":{""AREA_KM2"":""552.7930464178099"",""DAMAGTAG"":null,""EMERGENC"":""False"",""ETN"":""51"",""EXPIRED"":""202606140015"",""FCSTER"":null,""GTYPE"":""P"",""HAILTAG"":""1.5"",""HV_CAUSE"":null,""HV_NWSLI"":null,""HV_REC"":null,""HV_SEV"":null,""INIT_EXP"":""202606140015"",""INIT_ISS"":""202606132328"",""ISSUED"":""202606132328"",""NWS_UGC"":null,""PHENOM"":""TO"",""POLY_BEG"":""202606132328"",""POLY_END"":""202606132334"",""PROD_ID"":""202606132328-KTSA-WFUS54-TORTSA"",""SIG"":""W"",""STATUS"":""NEW"",""TORNTAG"":""RADAR INDICATED"",""UPDATED"":""202606132328"",""VTEC_YR"":""2026"",""WFO"":""TSA"",""WINDTAG"":null},""iem_significance"":""W"",""iem_tornadotag"":""RADAR INDICATED"",""iem_ugc"":"""",""iem_wfo"":""TSA"",""iem_windtag"":"""",""senderName"":""TSA"",""status"":""NEW""}","{""geometry"":{""coordinates"":[[[-94.62,36.5],[-94.59,36.33],[-94.94,36.42],[-94.94,36.54],[-94.62,36.55],[-94.62,36.5]]],""type"":""Polygon""},""properties"":{""_map_py"":{""effective"":""2026-06-13T23:28:00Z"",""event"":""Tornado Warning"",""expires"":""2026-06-14T00:15:00Z"",""has_polygon"":true,""headline"":"""",""sender"":""TSA""},""effective"":""2026-06-13T23:28:00Z"",""event"":""Tornado Warning"",""expires"":""2026-06-14T00:15:00Z"",""headline"":"""",""iem_damagetag"":"""",""iem_emergency"":""False"",""iem_event_id"":""51"",""iem_forecaster"":"""",""iem_gtype"":""P"",""iem_hailtag"":""1.5"",""iem_phenomena"":""TO"",""iem_raw_properties"":{""AREA_KM2"":""552.7930464178099"",""DAMAGTAG"":null,""EMERGENC"":""False"",""ETN"":""51"",""EXPIRED"":""202606140015"",""FCSTER"":null,""GTYPE"":""P"",""HAILTAG"":""1.5"",""HV_CAUSE"":null,""HV_NWSLI"":null,""HV_REC"":null,""HV_SEV"":null,""INIT_EXP"":""202606140015"",""INIT_ISS"":""202606132328"",""ISSUED"":""202606132328"",""NWS_UGC"":null,""PHENOM"":""TO"",""POLY_BEG"":""202606132328"",""POLY_END"":""202606132334"",""PROD_ID"":""202606132328-KTSA-WFUS54-TORTSA"",""SIG"":""W"",""STATUS"":""NEW"",""TORNTAG"":""RADAR INDICATED"",""UPDATED"":""202606132328"",""VTEC_YR"":""2026"",""WFO"":""TSA"",""WINDTAG"":null},""iem_significance"":""W"",""iem_tornadotag"":""RADAR INDICATED"",""iem_ugc"":"""",""iem_wfo"":""TSA"",""iem_windtag"":"""",""senderName"":""TSA"",""status"":""NEW""},""type"":""Feature""}",2026-04-27T17:31:58Z,2026-07-09T05:15:02Z,2026-07-09T18:49:04Z
8802,iem_watchwarn,iem_watchwarn|ICT|274|SV|W|2026-06-13T23:28:00Z|2026-06-14T00:30:00Z|,Severe Thunderstorm Warning,,2026-06-13T23:28:00Z,2026-06-14T00:30:00Z,ICT,NEW,1,"{""coordinates"":[[[-98.11,38.69],[-97.92,38.62],[-97.92,38.61],[-97.69,38.61],[-98.0,38.17],[-98.47,38.18],[-98.47,38.26],[-98.54,38.26],[-98.55,38.5],[-98.11,38.69]]],""type"":""Polygon""}","{""_map_py"":{""effective"":""2026-06-13T23:28:00Z"",""event"":""Severe Thunderstorm Warning"",""expires"":""2026-06-14T00:30:00Z"",""has_polygon"":true,""headline"":"""",""sender"":""ICT""},""effective"":""2026-06-13T23:28:00Z"",""event"":""Severe Thunderstorm Warning"",""expires"":""2026-06-14T00:30:00Z"",""headline"":"""",""iem_damagetag"":"""",""iem_emergency"":""False"",""iem_event_id"":""274"",""iem_forecaster"":""KLEINSASSER"",""iem_gtype"":""P"",""iem_hailtag"":""1.5"",""iem_phenomena"":""SV"",""iem_raw_properties"":{""AREA_KM2"":""2918.4687596697704"",""DAMAGTAG"":null,""EMERGENC"":""False"",""ETN"":""274"",""EXPIRED"":""202606140030"",""FCSTER"":""KLEINSASSER"",""GTYPE"":""P"",""HAILTAG"":""1.5"",""HV_CAUSE"":null,""HV_NWSLI"":null,""HV_REC"":null,""HV_SEV"":null,""INIT_EXP"":""202606140030"",""INIT_ISS"":""202606132328"",""ISSUED"":""202606132328"",""NWS_UGC"":null,""PHENOM"":""SV"",""POLY_BEG"":""202606132328"",""POLY_END"":""202606132336"",""PROD_ID"":""202606132328-KICT-WUUS53-SVRICT"",""SIG"":""W"",""STATUS"":""NEW"",""TORNTAG"":null,""UPDATED"":""202606132328"",""VTEC_YR"":""2026"",""WFO"":""ICT"",""WINDTAG"":""60.0""},""iem_significance"":""W"",""iem_tornadotag"":"""",""iem_ugc"":"""",""iem_wfo"":""ICT"",""iem_windtag"":""60.0"",""senderName"":""ICT"",""status"":""NEW""}","{""geometry"":{""coordinates"":[[[-98.11,38.69],[-97.92,38.62],[-97.92,38.61],[-97.69,38.61],[-98.0,38.17],[-98.47,38.18],[-98.47,38.26],[-98.54,38.26],[-98.55,38.5],[-98.11,38.69]]],""type"":""Polygon""},""properties"":{""_map_py"":{""effective"":""2026-06-13T23:28:00Z"",""event"":""Severe Thunderstorm Warning"",""expires"":""2026-06-14T00:30:00Z"",""has_polygon"":true,""headline"":"""",""sender"":""ICT""},""effective"":""2026-06-13T23:28:00Z"",""event"":""Severe Thunderstorm Warning"",""expires"":""2026-06-14T00:30:00Z"",""headline"":"""",""iem_damagetag"":"""",""iem_emergency"":""False"",""iem_event_id"":""274"",""iem_forecaster"":""KLEINSASSER"",""iem_gtype"":""P"",""iem_hailtag"":""1.5"",""iem_phenomena"":""SV"",""iem_raw_properties"":{""AREA_KM2"":""2918.4687596697704"",""DAMAGTAG"":null,""EMERGENC"":""False"",""ETN"":""274"",""EXPIRED"":""202606140030"",""FCSTER"":""KLEINSASSER"",""GTYPE"":""P"",""HAILTAG"":""1.5"",""HV_CAUSE"":null,""HV_NWSLI"":null,""HV_REC"":null,""HV_SEV"":null,""INIT_EXP"":""202606140030"",""INIT_ISS"":""202606132328"",""ISSUED"":""202606132328"",""NWS_UGC"":null,""PHENOM"":""SV"",""POLY_BEG"":""202606132328"",""POLY_END"":""202606132336"",""PROD_ID"":""202606132328-KICT-WUUS53-SVRICT"",""SIG"":""W"",""STATUS"":""NEW"",""TORNTAG"":null,""UPDATED"":""202606132328"",""VTEC_YR"":""2026"",""WFO"":""ICT"",""WINDTAG"":""60.0""},""iem_significance"":""W"",""iem_tornadotag"":"""",""iem_ugc"":"""",""iem_wfo"":""ICT"",""iem_windtag"":""60.0"",""senderName"":""ICT"",""status"":""NEW""},""type"":""Feature""}",2026-04-27T17:31:58Z,2026-07-09T05:15:02Z,2026-07-09T18:49:04Z
4932,iem_watchwarn,iem_watchwarn|OUN|70|TO|W|2026-06-13T23:34:00Z|2026-06-14T00:01:00Z|,Tornado Warning,,2026-06-13T23:34:00Z,2026-06-14T00:01:00Z,OUN,NEW,1,"{""coordinates"":[[[-97.54,36.77],[-97.58,36.85],[-97.52,36.91],[-97.25,36.93],[-97.25,36.72],[-97.54,36.77]]],""type"":""Polygon""}","{""_map_py"":{""effective"":""2026-06-13T23:34:00Z"",""event"":""Tornado Warning"",""expires"":""2026-06-14T00:01:00Z"",""has_polygon"":true,""headline"":"""",""sender"":""OUN""},""effective"":""2026-06-13T23:34:00Z"",""event"":""Tornado Warning"",""expires"":""2026-06-14T00:01:00Z"",""headline"":"""",""iem_damagetag"":"""",""iem_emergency"":""False"",""iem_event_id"":""70"",""iem_forecaster"":""Meister"",""iem_gtype"":""P"",""iem_hailtag"":""2.0"",""iem_phenomena"":""TO"",""iem_raw_properties"":{""AREA_KM2"":""521.9743551219221"",""DAMAGTAG"":null,""EMERGENC"":""False"",""ETN"":""70"",""EXPIRED"":""202606140001"",""FCSTER"":""Meister"",""GTYPE"":""P"",""HAILTAG"":""2.0"",""HV_CAUSE"":null,""HV_NWSLI"":null,""HV_REC"":null,""HV_SEV"":null,""INIT_EXP"":""202606140015"",""INIT_ISS"":""202606132334"",""ISSUED"":""202606132334"",""NWS_UGC"":null,""PHENOM"":""TO"",""POLY_BEG"":""202606132334"",""POLY_END"":""202606132354"",""PROD_ID"":""202606132334-KOUN-WFUS54-TOROUN"",""SIG"":""W"",""STATUS"":""NEW"",""TORNTAG"":""RADAR INDICATED"",""UPDATED"":""202606132334"",""VTEC_YR"":""2026"",""WFO"":""OUN"",""WINDTAG"":null},""iem_significance"":""W"",""iem_tornadotag"":""RADAR INDICATED"",""iem_ugc"":"""",""iem_wfo"":""OUN"",""iem_windtag"":"""",""senderName"":""OUN"",""status"":""NEW""}","{""geometry"":{""coordinates"":[[[-97.54,36.77],[-97.58,36.85],[-97.52,36.91],[-97.25,36.93],[-97.25,36.72],[-97.54,36.77]]],""type"":""Polygon""},""properties"":{""_map_py"":{""effective"":""2026-06-13T23:34:00Z"",""event"":""Tornado Warning"",""expires"":""2026-06-14T00:01:00Z"",""has_polygon"":true,""headline"":"""",""sender"":""OUN""},""effective"":""2026-06-13T23:34:00Z"",""event"":""Tornado Warning"",""expires"":""2026-06-14T00:01:00Z"",""headline"":"""",""iem_damagetag"":"""",""iem_emergency"":""False"",""iem_event_id"":""70"",""iem_forecaster"":""Meister"",""iem_gtype"":""P"",""iem_hailtag"":""2.0"",""iem_phenomena"":""TO"",""iem_raw_properties"":{""AREA_KM2"":""521.9743551219221"",""DAMAGTAG"":null,""EMERGENC"":""False"",""ETN"":""70"",""EXPIRED"":""202606140001"",""FCSTER"":""Meister"",""GTYPE"":""P"",""HAILTAG"":""2.0"",""HV_CAUSE"":null,""HV_NWSLI"":null,""HV_REC"":null,""HV_SEV"":null,""INIT_EXP"":""202606140015"",""INIT_ISS"":""202606132334"",""ISSUED"":""202606132334"",""NWS_UGC"":null,""PHENOM"":""TO"",""POLY_BEG"":""202606132334"",""POLY_END"":""202606132354"",""PROD_ID"":""202606132334-KOUN-WFUS54-TOROUN"",""SIG"":""W"",""STATUS"":""NEW"",""TORNTAG"":""RADAR INDICATED"",""UPDATED"":""202606132334"",""VTEC_YR"":""2026"",""WFO"":""OUN"",""WINDTAG"":null},""iem_significance"":""W"",""iem_tornadotag"":""RADAR INDICATED"",""iem_ugc"":"""",""iem_wfo"":""OUN"",""iem_windtag"":"""",""senderName"":""OUN"",""status"":""NEW""},""type"":""Feature""}",2026-04-27T17:31:58Z,2026-07-09T05:15:02Z,2026-07-09T18:49:04Z
8861,iem_watchwarn,iem_watchwarn|TOP|315|SV|W|2026-06-13T23:36:00Z|2026-06-14T00:15:00Z|,Severe Thunderstorm Warning,,2026-06-13T23:36:00Z,2026-06-14T00:15:00Z,TOP,NEW,1,"{""coordinates"":[[[-95.34,39.89],[-95.34,39.65],[-95.56,39.65],[-95.57,39.46],[-95.9,39.39],[-96.13,39.48],[-96.23,39.53],[-96.02,39.77],[-95.8,39.93],[-95.34,39.89]]],""type"":""Polygon""}","{""_map_py"":{""effective"":""2026-06-13T23:36:00Z"",""event"":""Severe Thunderstorm Warning"",""expires"":""2026-06-14T00:15:00Z"",""has_polygon"":true,""headline"":"""",""sender"":""TOP""},""effective"":""2026-06-13T23:36:00Z"",""event"":""Severe Thunderstorm Warning"",""expires"":""2026-06-14T00:15:00Z"",""headline"":"""",""iem_damagetag"":"""",""iem_emergency"":""False"",""iem_event_id"":""315"",""iem_forecaster"":""Prieto"",""iem_gtype"":""P"",""iem_hailtag"":""1.0"",""iem_phenomena"":""SV"",""iem_raw_properties"":{""AREA_KM2"":""2882.0738629724237"",""DAMAGTAG"":null,""EMERGENC"":""False"",""ETN"":""315"",""EXPIRED"":""202606140015"",""FCSTER"":""Prieto"",""GTYPE"":""P"",""HAILTAG"":""1.0"",""HV_CAUSE"":null,""HV_NWSLI"":null,""HV_REC"":null,""HV_SEV"":null,""INIT_EXP"":""202606140015"",""INIT_ISS"":""202606132336"",""ISSUED"":""202606132336"",""NWS_UGC"":null,""PHENOM"":""SV"",""POLY_BEG"":""202606132336"",""POLY_END"":""202606132356"",""PROD_ID"":""202606132336-KTOP-WUUS53-SVRTOP"",""SIG"":""W"",""STATUS"":""NEW"",""TORNTAG"":null,""UPDATED"":""202606132336"",""VTEC_YR"":""2026"",""WFO"":""TOP"",""WINDTAG"":""60.0""},""iem_significance"":""W"",""iem_tornadotag"":"""",""iem_ugc"":"""",""iem_wfo"":""TOP"",""iem_windtag"":""60.0"",""senderName"":""TOP"",""status"":""NEW""}","{""geometry"":{""coordinates"":[[[-95.34,39.89],[-95.34,39.65],[-95.56,39.65],[-95.57,39.46],[-95.9,39.39],[-96.13,39.48],[-96.23,39.53],[-96.02,39.77],[-95.8,39.93],[-95.34,39.89]]],""type"":""Polygon""},""properties"":{""_map_py"":{""effective"":""2026-06-13T23:36:00Z"",""event"":""Severe Thunderstorm Warning"",""expires"":""2026-06-14T00:15:00Z"",""has_polygon"":true,""headline"":"""",""sender"":""TOP""},""effective"":""2026-06-13T23:36:00Z"",""event"":""Severe Thunderstorm Warning"",""expires"":""2026-06-14T00:15:00Z"",""headline"":"""",""iem_damagetag"":"""",""iem_emergency"":""False"",""iem_event_id"":""315"",""iem_forecaster"":""Prieto"",""iem_gtype"":""P"",""iem_hailtag"":""1.0"",""iem_phenomena"":""SV"",""iem_raw_properties"":{""AREA_KM2"":""2882.0738629724237"",""DAMAGTAG"":null,""EMERGENC"":""False"",""ETN"":""315"",""EXPIRED"":""202606140015"",""FCSTER"":""Prieto"",""GTYPE"":""P"",""HAILTAG"":""1.0"",""HV_CAUSE"":null,""HV_NWSLI"":null,""HV_REC"":null,""HV_SEV"":null,""INIT_EXP"":""202606140015"",""INIT_ISS"":""202606132336"",""ISSUED"":""202606132336"",""NWS_UGC"":null,""PHENOM"":""SV"",""POLY_BEG"":""202606132336"",""POLY_END"":""202606132356"",""PROD_ID"":""202606132336-KTOP-WUUS53-SVRTOP"",""SIG"":""W"",""STATUS"":""NEW"",""TORNTAG"":null,""UPDATED"":""202606132336"",""VTEC_YR"":""2026"",""WFO"":""TOP"",""WINDTAG"":""60.0""},""iem_significance"":""W"",""iem_tornadotag"":"""",""iem_ugc"":"""",""iem_wfo"":""TOP"",""iem_windtag"":""60.0"",""senderName"":""TOP"",""status"":""NEW""},""type"":""Feature""}",2026-04-27T17:31:58Z,2026-07-09T05:15:02Z,2026-07-09T18:49:04Z
6092,iem_watchwarn,iem_watchwarn|SGF|266|SV|W|2026-06-13T23:37:00Z|2026-06-14T00:00:00Z|,Severe Thunderstorm Warning,,2026-06-13T23:37:00Z,2026-06-14T00:00:00Z,SGF,NEW,1,"{""coordinates"":[[[-92.99,36.6],[-92.95,36.73],[-92.49,36.64],[-92.51,36.52],[-92.54,36.49],[-93.08,36.5],[-92.99,36.6]]],""type"":""Polygon""}","{""_map_py"":{""effective"":""2026-06-13T23:37:00Z"",""event"":""Severe Thunderstorm Warning"",""expires"":""2026-06-14T00:00:00Z"",""has_polygon"":true,""headline"":"""",""sender"":""SGF""},""effective"":""2026-06-13T23:37:00Z"",""event"":""Severe Thunderstorm Warning"",""expires"":""2026-06-14T00:00:00Z"",""headline"":"""",""iem_damagetag"":"""",""iem_emergency"":""False"",""iem_event_id"":""266"",""iem_forecaster"":""Price"",""iem_gtype"":""P"",""iem_hailtag"":""1.0"",""iem_phenomena"":""SV"",""iem_raw_properties"":{""AREA_KM2"":""964.0867277920692"",""DAMAGTAG"":null,""EMERGENC"":""False"",""ETN"":""266"",""EXPIRED"":""202606140000"",""FCSTER"":""Price"",""GTYPE"":""P"",""HAILTAG"":""1.0"",""HV_CAUSE"":null,""HV_NWSLI"":null,""HV_REC"":null,""HV_SEV"":null,""INIT_EXP"":""202606140000"",""INIT_ISS"":""202606132337"",""ISSUED"":""202606132337"",""NWS_UGC"":null,""PHENOM"":""SV"",""POLY_BEG"":""202606132337"",""POLY_END"":""202606132348"",""PROD_ID"":""202606132337-KSGF-WUUS53-SVRSGF"",""SIG"":""W"",""STATUS"":""NEW"",""TORNTAG"":null,""UPDATED"":""202606132337"",""VTEC_YR"":""2026"",""WFO"":""SGF"",""WINDTAG"":""60.0""},""iem_significance"":""W"",""iem_tornadotag"":"""",""iem_ugc"":"""",""iem_wfo"":""SGF"",""iem_windtag"":""60.0"",""senderName"":""SGF"",""status"":""NEW""}","{""geometry"":{""coordinates"":[[[-92.99,36.6],[-92.95,36.73],[-92.49,36.64],[-92.51,36.52],[-92.54,36.49],[-93.08,36.5],[-92.99,36.6]]],""type"":""Polygon""},""properties"":{""_map_py"":{""effective"":""2026-06-13T23:37:00Z"",""event"":""Severe Thunderstorm Warning"",""expires"":""2026-06-14T00:00:00Z"",""has_polygon"":true,""headline"":"""",""sender"":""SGF""},""effective"":""2026-06-13T23:37:00Z"",""event"":""Severe Thunderstorm Warning"",""expires"":""2026-06-14T00:00:00Z"",""headline"":"""",""iem_damagetag"":"""",""iem_emergency"":""False"",""iem_event_id"":""266"",""iem_forecaster"":""Price"",""iem_gtype"":""P"",""iem_hailtag"":""1.0"",""iem_phenomena"":""SV"",""iem_raw_properties"":{""AREA_KM2"":""964.0867277920692"",""DAMAGTAG"":null,""EMERGENC"":""False"",""ETN"":""266"",""EXPIRED"":""202606140000"",""FCSTER"":""Price"",""GTYPE"":""P"",""HAILTAG"":""1.0"",""HV_CAUSE"":null,""HV_NWSLI"":null,""HV_REC"":null,""HV_SEV"":null,""INIT_EXP"":""202606140000"",""INIT_ISS"":""202606132337"",""ISSUED"":""202606132337"",""NWS_UGC"":null,""PHENOM"":""SV"",""POLY_BEG"":""202606132337"",""POLY_END"":""202606132348"",""PROD_ID"":""202606132337-KSGF-WUUS53-SVRSGF"",""SIG"":""W"",""STATUS"":""NEW"",""TORNTAG"":null,""UPDATED"":""202606132337"",""VTEC_YR"":""2026"",""WFO"":""SGF"",""WINDTAG"":""60.0""},""iem_significance"":""W"",""iem_tornadotag"":"""",""iem_ugc"":"""",""iem_wfo"":""SGF"",""iem_windtag"":""60.0"",""senderName"":""SGF"",""status"":""NEW""},""type"":""Feature""}",2026-04-27T17:31:58Z,2026-07-09T05:15:02Z,2026-07-09T18:49:04Z
11039,iem_watchwarn,iem_watchwarn|OHX|65|SV|W|2026-06-13T23:40:00Z|2026-06-14T00:09:00Z|,Severe Thunderstorm Warning,,2026-06-13T23:40:00Z,2026-06-14T00:09:00Z,OHX,NEW,1,"{""coordinates"":[[[-87.99,36.05],[-87.92,36.13],[-87.61,36.2],[-87.58,36.19],[-87.55,36.13],[-87.55,36.02],[-87.53,35.99],[-87.53,35.97],[-87.56,35.95],[-87.61,35.95],[-87.65,35.92],[-87.7,35.91],[-87.71,35.9],[-87.95,35.85],[-87.93,35.9],[-87.93,35.94],[-87.99,35.94],[-88.01,35.99],[-87.99,36.05]]],""type"":""Polygon""}","{""_map_py"":{""effective"":""2026-06-13T23:40:00Z"",""event"":""Severe Thunderstorm Warning"",""expires"":""2026-06-14T00:09:00Z"",""has_polygon"":true,""headline"":"""",""sender"":""OHX""},""effective"":""2026-06-13T23:40:00Z"",""event"":""Severe Thunderstorm Warning"",""expires"":""2026-06-14T00:09:00Z"",""headline"":"""",""iem_damagetag"":"""",""iem_emergency"":""False"",""iem_event_id"":""65"",""iem_forecaster"":""Clements"",""iem_gtype"":""P"",""iem_hailtag"":""0.75"",""iem_phenomena"":""SV"",""iem_raw_properties"":{""AREA_KM2"":""1119.0643650924842"",""DAMAGTAG"":null,""EMERGENC"":""False"",""ETN"":""65"",""EXPIRED"":""202606140009"",""FCSTER"":""Clements"",""GTYPE"":""P"",""HAILTAG"":""0.75"",""HV_CAUSE"":null,""HV_NWSLI"":null,""HV_REC"":null,""HV_SEV"":null,""INIT_EXP"":""202606140030"",""INIT_ISS"":""202606132340"",""ISSUED"":""202606132340"",""NWS_UGC"":null,""PHENOM"":""SV"",""POLY_BEG"":""202606132340"",""POLY_END"":""202606132356"",""PROD_ID"":""202606132340-KOHX-WUUS54-SVROHX"",""SIG"":""W"",""STATUS"":""NEW"",""TORNTAG"":null,""UPDATED"":""202606132340"",""VTEC_YR"":""2026"",""WFO"":""OHX"",""WINDTAG"":""60.0""},""iem_significance"":""W"",""iem_tornadotag"":"""",""iem_ugc"":"""",""iem_wfo"":""OHX"",""iem_windtag"":""60.0"",""senderName"":""OHX"",""status"":""NEW""}","{""geometry"":{""coordinates"":[[[-87.99,36.05],[-87.92,36.13],[-87.61,36.2],[-87.58,36.19],[-87.55,36.13],[-87.55,36.02],[-87.53,35.99],[-87.53,35.97],[-87.56,35.95],[-87.61,35.95],[-87.65,35.92],[-87.7,35.91],[-87.71,35.9],[-87.95,35.85],[-87.93,35.9],[-87.93,35.94],[-87.99,35.94],[-88.01,35.99],[-87.99,36.05]]],""type"":""Polygon""},""properties"":{""_map_py"":{""effective"":""2026-06-13T23:40:00Z"",""event"":""Severe Thunderstorm Warning"",""expires"":""2026-06-14T00:09:00Z"",""has_polygon"":true,""headline"":"""",""sender"":""OHX""},""effective"":""2026-06-13T23:40:00Z"",""event"":""Severe Thunderstorm Warning"",""expires"":""2026-06-14T00:09:00Z"",""headline"":"""",""iem_damagetag"":"""",""iem_emergency"":""False"",""iem_event_id"":""65"",""iem_forecaster"":""Clements"",""iem_gtype"":""P"",""iem_hailtag"":""0.75"",""iem_phenomena"":""SV"",""iem_raw_properties"":{""AREA_KM2"":""1119.0643650924842"",""DAMAGTAG"":null,""EMERGENC"":""False"",""ETN"":""65"",""EXPIRED"":""202606140009"",""FCSTER"":""Clements"",""GTYPE"":""P"",""HAILTAG"":""0.75"",""HV_CAUSE"":null,""HV_NWSLI"":null,""HV_REC"":null,""HV_SEV"":null,""INIT_EXP"":""202606140030"",""INIT_ISS"":""202606132340"",""ISSUED"":""202606132340"",""NWS_UGC"":null,""PHENOM"":""SV"",""POLY_BEG"":""202606132340"",""POLY_END"":""202606132356"",""PROD_ID"":""202606132340-KOHX-WUUS54-SVROHX"",""SIG"":""W"",""STATUS"":""NEW"",""TORNTAG"":null,""UPDATED"":""202606132340"",""VTEC_YR"":""2026"",""WFO"":""OHX"",""WINDTAG"":""60.0""},""iem_significance"":""W"",""iem_tornadotag"":"""",""iem_ugc"":"""",""iem_wfo"":""OHX"",""iem_windtag"":""60.0"",""senderName"":""OHX"",""status"":""NEW""},""type"":""Feature""}",2026-04-27T17:31:58Z,2026-07-09T05:15:02Z,2026-07-09T18:49:04Z
6129,iem_watchwarn,iem_watchwarn|DDC|119|SV|W|2026-06-13T23:40:00Z|2026-06-14T00:15:00Z|,Severe Thunderstorm Warning,,2026-06-13T23:40:00Z,2026-06-14T00:15:00Z,DDC,NEW,1,"{""coordinates"":[[[-99.74,37.83],[-99.58,37.92],[-99.57,37.91],[-99.57,37.92],[-99.24,37.8],[-99.53,37.6],[-99.74,37.83]]],""type"":""Polygon""}","{""_map_py"":{""effective"":""2026-06-13T23:40:00Z"",""event"":""Severe Thunderstorm Warning"",""expires"":""2026-06-14T00:15:00Z"",""has_polygon"":true,""headline"":"""",""sender"":""DDC""},""effective"":""2026-06-13T23:40:00Z"",""event"":""Severe Thunderstorm Warning"",""expires"":""2026-06-14T00:15:00Z"",""headline"":"""",""iem_damagetag"":"""",""iem_emergency"":""False"",""iem_event_id"":""119"",""iem_forecaster"":""KBJ"",""iem_gtype"":""P"",""iem_hailtag"":""1.25"",""iem_phenomena"":""SV"",""iem_raw_properties"":{""AREA_KM2"":""779.5065721150004"",""DAMAGTAG"":null,""EMERGENC"":""False"",""ETN"":""119"",""EXPIRED"":""202606140015"",""FCSTER"":""KBJ"",""GTYPE"":""P"",""HAILTAG"":""1.25"",""HV_CAUSE"":null,""HV_NWSLI"":null,""HV_REC"":null,""HV_SEV"":null,""INIT_EXP"":""202606140015"",""INIT_ISS"":""202606132340"",""ISSUED"":""202606132340"",""NWS_UGC"":null,""PHENOM"":""SV"",""POLY_BEG"":""202606132340"",""POLY_END"":""202606132353"",""PROD_ID"":""202606132340-KDDC-WUUS53-SVRDDC"",""SIG"":""W"",""STATUS"":""NEW"",""TORNTAG"":null,""UPDATED"":""202606132340"",""VTEC_YR"":""2026"",""WFO"":""DDC"",""WINDTAG"":""60.0""},""iem_significance"":""W"",""iem_tornadotag"":"""",""iem_ugc"":"""",""iem_wfo"":""DDC"",""iem_windtag"":""60.0"",""senderName"":""DDC"",""status"":""NEW""}","{""geometry"":{""coordinates"":[[[-99.74,37.83],[-99.58,37.92],[-99.57,37.91],[-99.57,37.92],[-99.24,37.8],[-99.53,37.6],[-99.74,37.83]]],""type"":""Polygon""},""properties"":{""_map_py"":{""effective"":""2026-06-13T23:40:00Z"",""event"":""Severe Thunderstorm Warning"",""expires"":""2026-06-14T00:15:00Z"",""has_polygon"":true,""headline"":"""",""sender"":""DDC""},""effective"":""2026-06-13T23:40:00Z"",""event"":""Severe Thunderstorm Warning"",""expires"":""2026-06-14T00:15:00Z"",""headline"":"""",""iem_damagetag"":"""",""iem_emergency"":""False"",""iem_event_id"":""119"",""iem_forecaster"":""KBJ"",""iem_gtype"":""P"",""iem_hailtag"":""1.25"",""iem_phenomena"":""SV"",""iem_raw_properties"":{""AREA_KM2"":""779.5065721150004"",""DAMAGTAG"":null,""EMERGENC"":""False"",""ETN"":""119"",""EXPIRED"":""202606140015"",""FCSTER"":""KBJ"",""GTYPE"":""P"",""HAILTAG"":""1.25"",""HV_CAUSE"":null,""HV_NWSLI"":null,""HV_REC"":null,""HV_SEV"":null,""INIT_EXP"":""202606140015"",""INIT_ISS"":""202606132340"",""ISSUED"":""202606132340"",""NWS_UGC"":null,""PHENOM"":""SV"",""POLY_BEG"":""202606132340"",""POLY_END"":""202606132353"",""PROD_ID"":""202606132340-KDDC-WUUS53-SVRDDC"",""SIG"":""W"",""STATUS"":""NEW"",""TORNTAG"":null,""UPDATED"":""202606132340"",""VTEC_YR"":""2026"",""WFO"":""DDC"",""WINDTAG"":""60.0""},""iem_significance"":""W"",""iem_tornadotag"":"""",""iem_ugc"":"""",""iem_wfo"":""DDC"",""iem_windtag"":""60.0"",""senderName"":""DDC"",""status"":""NEW""},""type"":""Feature""}",2026-04-27T17:31:58Z,2026-07-09T05:15:02Z,2026-07-09T18:49:04Z
7569,iem_watchwarn,iem_watchwarn|DDC|120|SV|W|2026-06-13T23:41:00Z|2026-06-14T00:15:00Z|,Severe Thunderstorm Warning,,2026-06-13T23:41:00Z,2026-06-14T00:15:00Z,DDC,NEW,1,"{""coordinates"":[[[-99.02,38.0],[-99.02,37.96],[-99.23,37.78],[-99.57,37.9],[-99.57,37.95],[-99.47,38.15],[-98.98,38.0],[-99.02,38.0]]],""type"":""Polygon""}","{""_map_py"":{""effective"":""2026-06-13T23:41:00Z"",""event"":""Severe Thunderstorm Warning"",""expires"":""2026-06-14T00:15:00Z"",""has_polygon"":true,""headline"":"""",""sender"":""DDC""},""effective"":""2026-06-13T23:41:00Z"",""event"":""Severe Thunderstorm Warning"",""expires"":""2026-06-14T00:15:00Z"",""headline"":"""",""iem_damagetag"":"""",""iem_emergency"":""False"",""iem_event_id"":""120"",""iem_forecaster"":""KBJ"",""iem_gtype"":""P"",""iem_hailtag"":""1.25"",""iem_phenomena"":""SV"",""iem_raw_properties"":{""AREA_KM2"":""1203.9859588222394"",""DAMAGTAG"":null,""EMERGENC"":""False"",""ETN"":""120"",""EXPIRED"":""202606140015"",""FCSTER"":""KBJ"",""GTYPE"":""P"",""HAILTAG"":""1.25"",""HV_CAUSE"":null,""HV_NWSLI"":null,""HV_REC"":null,""HV_SEV"":null,""INIT_EXP"":""202606140015"",""INIT_ISS"":""202606132341"",""ISSUED"":""202606132341"",""NWS_UGC"":null,""PHENOM"":""SV"",""POLY_BEG"":""202606132341"",""POLY_END"":""202606132353"",""PROD_ID"":""202606132341-KDDC-WUUS53-SVRDDC"",""SIG"":""W"",""STATUS"":""NEW"",""TORNTAG"":null,""UPDATED"":""202606132341"",""VTEC_YR"":""2026"",""WFO"":""DDC"",""WINDTAG"":""60.0""},""iem_significance"":""W"",""iem_tornadotag"":"""",""iem_ugc"":"""",""iem_wfo"":""DDC"",""iem_windtag"":""60.0"",""senderName"":""DDC"",""status"":""NEW""}","{""geometry"":{""coordinates"":[[[-99.02,38.0],[-99.02,37.96],[-99.23,37.78],[-99.57,37.9],[-99.57,37.95],[-99.47,38.15],[-98.98,38.0],[-99.02,38.0]]],""type"":""Polygon""},""properties"":{""_map_py"":{""effective"":""2026-06-13T23:41:00Z"",""event"":""Severe Thunderstorm Warning"",""expires"":""2026-06-14T00:15:00Z"",""has_polygon"":true,""headline"":"""",""sender"":""DDC""},""effective"":""2026-06-13T23:41:00Z"",""event"":""Severe Thunderstorm Warning"",""expires"":""2026-06-14T00:15:00Z"",""headline"":"""",""iem_damagetag"":"""",""iem_emergency"":""False"",""iem_event_id"":""120"",""iem_forecaster"":""KBJ"",""iem_gtype"":""P"",""iem_hailtag"":""1.25"",""iem_phenomena"":""SV"",""iem_raw_properties"":{""AREA_KM2"":""1203.9859588222394"",""DAMAGTAG"":null,""EMERGENC"":""False"",""ETN"":""120"",""EXPIRED"":""202606140015"",""FCSTER"":""KBJ"",""GTYPE"":""P"",""HAILTAG"":""1.25"",""HV_CAUSE"":null,""HV_NWSLI"":null,""HV_REC"":null,""HV_SEV"":null,""INIT_EXP"":""202606140015"",""INIT_ISS"":""202606132341"",""ISSUED"":""202606132341"",""NWS_UGC"":null,""PHENOM"":""SV"",""POLY_BEG"":""202606132341"",""POLY_END"":""202606132353"",""PROD_ID"":""202606132341-KDDC-WUUS53-SVRDDC"",""SIG"":""W"",""STATUS"":""NEW"",""TORNTAG"":null,""UPDATED"":""202606132341"",""VTEC_YR"":""2026"",""WFO"":""DDC"",""WINDTAG"":""60.0""},""iem_significance"":""W"",""iem_tornadotag"":"""",""iem_ugc"":"""",""iem_wfo"":""DDC"",""iem_windtag"":""60.0"",""senderName"":""DDC"",""status"":""NEW""},""type"":""Feature""}",2026-04-27T17:31:58Z,2026-07-09T05:15:02Z,2026-07-09T18:49:04Z
245,iem_watchwarn,iem_watchwarn|ICT|276|SV|W|2026-06-13T23:41:00Z|2026-06-14T00:30:00Z|,Severe Thunderstorm Warning,,2026-06-13T23:41:00Z,2026-06-14T00:30:00Z,ICT,NEW,1,"{""coordinates"":[[[-97.16,37.06],[-97.3,37.21],[-96.97,37.55],[-96.61,37.29],[-97.16,37.06]]],""type"":""Polygon""}","{""_map_py"":{""effective"":""2026-06-13T23:41:00Z"",""event"":""Severe Thunderstorm Warning"",""expires"":""2026-06-14T00:30:00Z"",""has_polygon"":true,""headline"":"""",""sender"":""ICT""},""effective"":""2026-06-13T23:41:00Z"",""event"":""Severe Thunderstorm Warning"",""expires"":""2026-06-14T00:30:00Z"",""headline"":"""",""iem_damagetag"":""CONSIDERABLE"",""iem_emergency"":""False"",""iem_event_id"":""276"",""iem_forecaster"":""KAUFMAN"",""iem_gtype"":""P"",""iem_hailtag"":""2.5"",""iem_phenomena"":""SV"",""iem_raw_properties"":{""AREA_KM2"":""1588.0896336116891"",""DAMAGTAG"":""CONSIDERABLE"",""EMERGENC"":""False"",""ETN"":""276"",""EXPIRED"":""202606140030"",""FCSTER"":""KAUFMAN"",""GTYPE"":""P"",""HAILTAG"":""2.5"",""HV_CAUSE"":null,""HV_NWSLI"":null,""HV_REC"":null,""HV_SEV"":null,""INIT_EXP"":""202606140030"",""INIT_ISS"":""202606132341"",""ISSUED"":""202606132341"",""NWS_UGC"":null,""PHENOM"":""SV"",""POLY_BEG"":""202606132341"",""POLY_END"":""202606132351"",""PROD_ID"":""202606132341-KICT-WUUS53-SVRICT-RRA"",""SIG"":""W"",""STATUS"":""NEW"",""TORNTAG"":null,""UPDATED"":""202606132341"",""VTEC_YR"":""2026"",""WFO"":""ICT"",""WINDTAG"":""70.0""},""iem_significance"":""W"",""iem_tornadotag"":"""",""iem_ugc"":"""",""iem_wfo"":""ICT"",""iem_windtag"":""70.0"",""senderName"":""ICT"",""status"":""NEW""}","{""geometry"":{""coordinates"":[[[-97.16,37.06],[-97.3,37.21],[-96.97,37.55],[-96.61,37.29],[-97.16,37.06]]],""type"":""Polygon""},""properties"":{""_map_py"":{""effective"":""2026-06-13T23:41:00Z"",""event"":""Severe Thunderstorm Warning"",""expires"":""2026-06-14T00:30:00Z"",""has_polygon"":true,""headline"":"""",""sender"":""ICT""},""effective"":""2026-06-13T23:41:00Z"",""event"":""Severe Thunderstorm Warning"",""expires"":""2026-06-14T00:30:00Z"",""headline"":"""",""iem_damagetag"":""CONSIDERABLE"",""iem_emergency"":""False"",""iem_event_id"":""276"",""iem_forecaster"":""KAUFMAN"",""iem_gtype"":""P"",""iem_hailtag"":""2.5"",""iem_phenomena"":""SV"",""iem_raw_properties"":{""AREA_KM2"":""1588.0896336116891"",""DAMAGTAG"":""CONSIDERABLE"",""EMERGENC"":""False"",""ETN"":""276"",""EXPIRED"":""202606140030"",""FCSTER"":""KAUFMAN"",""GTYPE"":""P"",""HAILTAG"":""2.5"",""HV_CAUSE"":null,""HV_NWSLI"":null,""HV_REC"":null,""HV_SEV"":null,""INIT_EXP"":""202606140030"",""INIT_ISS"":""202606132341"",""ISSUED"":""202606132341"",""NWS_UGC"":null,""PHENOM"":""SV"",""POLY_BEG"":""202606132341"",""POLY_END"":""202606132351"",""PROD_ID"":""202606132341-KICT-WUUS53-SVRICT-RRA"",""SIG"":""W"",""STATUS"":""NEW"",""TORNTAG"":null,""UPDATED"":""202606132341"",""VTEC_YR"":""2026"",""WFO"":""ICT"",""WINDTAG"":""70.0""},""iem_significance"":""W"",""iem_tornadotag"":"""",""iem_ugc"":"""",""iem_wfo"":""ICT"",""iem_windtag"":""70.0"",""senderName"":""ICT"",""status"":""NEW""},""type"":""Feature""}",2026-04-27T17:31:58Z,2026-07-09T05:15:02Z,2026-07-09T18:49:04Z
1292,iem_watchwarn,iem_watchwarn|ICT|275|SV|W|2026-06-13T23:41:00Z|2026-06-14T00:45:00Z|,Severe Thunderstorm Warning,,2026-06-13T23:41:00Z,2026-06-14T00:45:00Z,ICT,NEW,1,"{""coordinates"":[[[-99.03,38.56],[-98.56,38.67],[-98.54,38.26],[-99.03,38.26],[-99.03,38.56]]],""type"":""Polygon""}","{""_map_py"":{""effective"":""2026-06-13T23:41:00Z"",""event"":""Severe Thunderstorm Warning"",""expires"":""2026-06-14T00:45:00Z"",""has_polygon"":true,""headline"":"""",""sender"":""ICT""},""effective"":""2026-06-13T23:41:00Z"",""event"":""Severe Thunderstorm Warning"",""expires"":""2026-06-14T00:45:00Z"",""headline"":"""",""iem_damagetag"":"""",""iem_emergency"":""False"",""iem_event_id"":""275"",""iem_forecaster"":""KLEINSASSER"",""iem_gtype"":""P"",""iem_hailtag"":""1.5"",""iem_phenomena"":""SV"",""iem_raw_properties"":{""AREA_KM2"":""1655.6694647973175"",""DAMAGTAG"":null,""EMERGENC"":""False"",""ETN"":""275"",""EXPIRED"":""202606140045"",""FCSTER"":""KLEINSASSER"",""GTYPE"":""P"",""HAILTAG"":""1.5"",""HV_CAUSE"":null,""HV_NWSLI"":null,""HV_REC"":null,""HV_SEV"":null,""INIT_EXP"":""202606140045"",""INIT_ISS"":""202606132341"",""ISSUED"":""202606132341"",""NWS_UGC"":null,""PHENOM"":""SV"",""POLY_BEG"":""202606132341"",""POLY_END"":""202606140001"",""PROD_ID"":""202606132341-KICT-WUUS53-SVRICT"",""SIG"":""W"",""STATUS"":""NEW"",""TORNTAG"":null,""UPDATED"":""202606132341"",""VTEC_YR"":""2026"",""WFO"":""ICT"",""WINDTAG"":""60.0""},""iem_significance"":""W"",""iem_tornadotag"":"""",""iem_ugc"":"""",""iem_wfo"":""ICT"",""iem_windtag"":""60.0"",""senderName"":""ICT"",""status"":""NEW""}","{""geometry"":{""coordinates"":[[[-99.03,38.56],[-98.56,38.67],[-98.54,38.26],[-99.03,38.26],[-99.03,38.56]]],""type"":""Polygon""},""properties"":{""_map_py"":{""effective"":""2026-06-13T23:41:00Z"",""event"":""Severe Thunderstorm Warning"",""expires"":""2026-06-14T00:45:00Z"",""has_polygon"":true,""headline"":"""",""sender"":""ICT""},""effective"":""2026-06-13T23:41:00Z"",""event"":""Severe Thunderstorm Warning"",""expires"":""2026-06-14T00:45:00Z"",""headline"":"""",""iem_damagetag"":"""",""iem_emergency"":""False"",""iem_event_id"":""275"",""iem_forecaster"":""KLEINSASSER"",""iem_gtype"":""P"",""iem_hailtag"":""1.5"",""iem_phenomena"":""SV"",""iem_raw_properties"":{""AREA_KM2"":""1655.6694647973175"",""DAMAGTAG"":null,""EMERGENC"":""False"",""ETN"":""275"",""EXPIRED"":""202606140045"",""FCSTER"":""KLEINSASSER"",""GTYPE"":""P"",""HAILTAG"":""1.5"",""HV_CAUSE"":null,""HV_NWSLI"":null,""HV_REC"":null,""HV_SEV"":null,""INIT_EXP"":""202606140045"",""INIT_ISS"":""202606132341"",""ISSUED"":""202606132341"",""NWS_UGC"":null,""PHENOM"":""SV"",""POLY_BEG"":""202606132341"",""POLY_END"":""202606140001"",""PROD_ID"":""202606132341-KICT-WUUS53-SVRICT"",""SIG"":""W"",""STATUS"":""NEW"",""TORNTAG"":null,""UPDATED"":""202606132341"",""VTEC_YR"":""2026"",""WFO"":""ICT"",""WINDTAG"":""60.0""},""iem_significance"":""W"",""iem_tornadotag"":"""",""iem_ugc"":"""",""iem_wfo"":""ICT"",""iem_windtag"":""60.0"",""senderName"":""ICT"",""status"":""NEW""},""type"":""Feature""}",2026-04-27T17:31:58Z,2026-07-09T05:15:02Z,2026-07-09T18:49:04Z
8970,iem_watchwarn,iem_watchwarn|ICT|277|SV|W|2026-06-13T23:45:00Z|2026-06-14T00:45:00Z|,Severe Thunderstorm Warning,,2026-06-13T23:45:00Z,2026-06-14T00:45:00Z,ICT,NEW,1,"{""coordinates"":[[[-97.37,38.96],[-97.38,38.93],[-97.37,38.91],[-97.37,38.67],[-98.01,38.71],[-98.05,38.86],[-98.04,38.87],[-97.93,38.87],[-97.93,38.95],[-97.92,38.96],[-97.37,38.96]]],""type"":""Polygon""}","{""_map_py"":{""effective"":""2026-06-13T23:45:00Z"",""event"":""Severe Thunderstorm Warning"",""expires"":""2026-06-14T00:45:00Z"",""has_polygon"":true,""headline"":"""",""sender"":""ICT""},""effective"":""2026-06-13T23:45:00Z"",""event"":""Severe Thunderstorm Warning"",""expires"":""2026-06-14T00:45:00Z"",""headline"":"""",""iem_damagetag"":"""",""iem_emergency"":""False"",""iem_event_id"":""277"",""iem_forecaster"":""KLEINSASSER"",""iem_gtype"":""P"",""iem_hailtag"":""1.0"",""iem_phenomena"":""SV"",""iem_raw_properties"":{""AREA_KM2"":""1623.8402278583135"",""DAMAGTAG"":null,""EMERGENC"":""False"",""ETN"":""277"",""EXPIRED"":""202606140045"",""FCSTER"":""KLEINSASSER"",""GTYPE"":""P"",""HAILTAG"":""1.0"",""HV_CAUSE"":null,""HV_NWSLI"":null,""HV_REC"":null,""HV_SEV"":null,""INIT_EXP"":""202606140045"",""INIT_ISS"":""202606132345"",""ISSUED"":""202606132345"",""NWS_UGC"":null,""PHENOM"":""SV"",""POLY_BEG"":""202606132345"",""POLY_END"":""202606132355"",""PROD_ID"":""202606132345-KICT-WUUS53-SVRICT"",""SIG"":""W"",""STATUS"":""NEW"",""TORNTAG"":null,""UPDATED"":""202606132345"",""VTEC_YR"":""2026"",""WFO"":""ICT"",""WINDTAG"":""60.0""},""iem_significance"":""W"",""iem_tornadotag"":"""",""iem_ugc"":"""",""iem_wfo"":""ICT"",""iem_windtag"":""60.0"",""senderName"":""ICT"",""status"":""NEW""}","{""geometry"":{""coordinates"":[[[-97.37,38.96],[-97.38,38.93],[-97.37,38.91],[-97.37,38.67],[-98.01,38.71],[-98.05,38.86],[-98.04,38.87],[-97.93,38.87],[-97.93,38.95],[-97.92,38.96],[-97.37,38.96]]],""type"":""Polygon""},""properties"":{""_map_py"":{""effective"":""2026-06-13T23:45:00Z"",""event"":""Severe Thunderstorm Warning"",""expires"":""2026-06-14T00:45:00Z"",""has_polygon"":true,""headline"":"""",""sender"":""ICT""},""effective"":""2026-06-13T23:45:00Z"",""event"":""Severe Thunderstorm Warning"",""expires"":""2026-06-14T00:45:00Z"",""headline"":"""",""iem_damagetag"":"""",""iem_emergency"":""False"",""iem_event_id"":""277"",""iem_forecaster"":""KLEINSASSER"",""iem_gtype"":""P"",""iem_hailtag"":""1.0"",""iem_phenomena"":""SV"",""iem_raw_properties"":{""AREA_KM2"":""1623.8402278583135"",""DAMAGTAG"":null,""EMERGENC"":""False"",""ETN"":""277"",""EXPIRED"":""202606140045"",""FCSTER"":""KLEINSASSER"",""GTYPE"":""P"",""HAILTAG"":""1.0"",""HV_CAUSE"":null,""HV_NWSLI"":null,""HV_REC"":null,""HV_SEV"":null,""INIT_EXP"":""202606140045"",""INIT_ISS"":""202606132345"",""ISSUED"":""202606132345"",""NWS_UGC"":null,""PHENOM"":""SV"",""POLY_BEG"":""202606132345"",""POLY_END"":""202606132355"",""PROD_ID"":""202606132345-KICT-WUUS53-SVRICT"",""SIG"":""W"",""STATUS"":""NEW"",""TORNTAG"":null,""UPDATED"":""202606132345"",""VTEC_YR"":""2026"",""WFO"":""ICT"",""WINDTAG"":""60.0""},""iem_significance"":""W"",""iem_tornadotag"":"""",""iem_ugc"":"""",""iem_wfo"":""ICT"",""iem_windtag"":""60.0"",""senderName"":""ICT"",""status"":""NEW""},""type"":""Feature""}",2026-04-27T17:31:58Z,2026-07-09T05:15:02Z,2026-07-09T18:49:04Z
8270,iem_watchwarn,iem_watchwarn|TOP|316|SV|W|2026-06-13T23:46:00Z|2026-06-14T00:30:00Z|,Severe Thunderstorm Warning,,2026-06-13T23:46:00Z,2026-06-14T00:30:00Z,TOP,NEW,1,"{""coordinates"":[[[-96.27,39.57],[-95.8,39.4],[-95.93,39.11],[-96.4,38.89],[-96.84,39.2],[-96.77,39.28],[-96.49,39.37],[-96.38,39.57],[-96.27,39.57]]],""type"":""Polygon""}","{""_map_py"":{""effective"":""2026-06-13T23:46:00Z"",""event"":""Severe Thunderstorm Warning"",""expires"":""2026-06-14T00:30:00Z"",""has_polygon"":true,""headline"":"""",""sender"":""TOP""},""effective"":""2026-06-13T23:46:00Z"",""event"":""Severe Thunderstorm Warning"",""expires"":""2026-06-14T00:30:00Z"",""headline"":"""",""iem_damagetag"":""CONSIDERABLE"",""iem_emergency"":""False"",""iem_event_id"":""316"",""iem_forecaster"":""Flanagan"",""iem_gtype"":""P"",""iem_hailtag"":""1.5"",""iem_phenomena"":""SV"",""iem_raw_properties"":{""AREA_KM2"":""3801.8024181857936"",""DAMAGTAG"":""CONSIDERABLE"",""EMERGENC"":""False"",""ETN"":""316"",""EXPIRED"":""202606140030"",""FCSTER"":""Flanagan"",""GTYPE"":""P"",""HAILTAG"":""1.5"",""HV_CAUSE"":null,""HV_NWSLI"":null,""HV_REC"":null,""HV_SEV"":null,""INIT_EXP"":""202606140030"",""INIT_ISS"":""202606132346"",""ISSUED"":""202606132346"",""NWS_UGC"":null,""PHENOM"":""SV"",""POLY_BEG"":""202606132346"",""POLY_END"":""202606132348"",""PROD_ID"":""202606132346-KTOP-WUUS53-SVRTOP"",""SIG"":""W"",""STATUS"":""NEW"",""TORNTAG"":null,""UPDATED"":""202606132346"",""VTEC_YR"":""2026"",""WFO"":""TOP"",""WINDTAG"":""70.0""},""iem_significance"":""W"",""iem_tornadotag"":"""",""iem_ugc"":"""",""iem_wfo"":""TOP"",""iem_windtag"":""70.0"",""senderName"":""TOP"",""status"":""NEW""}","{""geometry"":{""coordinates"":[[[-96.27,39.57],[-95.8,39.4],[-95.93,39.11],[-96.4,38.89],[-96.84,39.2],[-96.77,39.28],[-96.49,39.37],[-96.38,39.57],[-96.27,39.57]]],""type"":""Polygon""},""properties"":{""_map_py"":{""effective"":""2026-06-13T23:46:00Z"",""event"":""Severe Thunderstorm Warning"",""expires"":""2026-06-14T00:30:00Z"",""has_polygon"":true,""headline"":"""",""sender"":""TOP""},""effective"":""2026-06-13T23:46:00Z"",""event"":""Severe Thunderstorm Warning"",""expires"":""2026-06-14T00:30:00Z"",""headline"":"""",""iem_damagetag"":""CONSIDERABLE"",""iem_emergency"":""False"",""iem_event_id"":""316"",""iem_forecaster"":""Flanagan"",""iem_gtype"":""P"",""iem_hailtag"":""1.5"",""iem_phenomena"":""SV"",""iem_raw_properties"":{""AREA_KM2"":""3801.8024181857936"",""DAMAGTAG"":""CONSIDERABLE"",""EMERGENC"":""False"",""ETN"":""316"",""EXPIRED"":""202606140030"",""FCSTER"":""Flanagan"",""GTYPE"":""P"",""HAILTAG"":""1.5"",""HV_CAUSE"":null,""HV_NWSLI"":null,""HV_REC"":null,""HV_SEV"":null,""INIT_EXP"":""202606140030"",""INIT_ISS"":""202606132346"",""ISSUED"":""202606132346"",""NWS_UGC"":null,""PHENOM"":""SV"",""POLY_BEG"":""202606132346"",""POLY_END"":""202606132348"",""PROD_ID"":""202606132346-KTOP-WUUS53-SVRTOP"",""SIG"":""W"",""STATUS"":""NEW"",""TORNTAG"":null,""UPDATED"":""202606132346"",""VTEC_YR"":""2026"",""WFO"":""TOP"",""WINDTAG"":""70.0""},""iem_significance"":""W"",""iem_tornadotag"":"""",""iem_ugc"":"""",""iem_wfo"":""TOP"",""iem_windtag"":""70.0"",""senderName"":""TOP"",""status"":""NEW""},""type"":""Feature""}",2026-04-27T17:31:58Z,2026-07-09T05:15:02Z,2026-07-09T18:49:04Z
5491,iem_watchwarn,iem_watchwarn|EAX|381|SV|W|2026-06-13T23:50:00Z|2026-06-14T00:30:00Z|,Severe Thunderstorm Warning,,2026-06-13T23:50:00Z,2026-06-14T00:30:00Z,EAX,NEW,1,"{""coordinates"":[[[-95.57,39.65],[-95.34,39.65],[-95.34,39.88],[-95.02,39.84],[-95.17,39.42],[-95.57,39.42],[-95.57,39.65]]],""type"":""Polygon""}","{""_map_py"":{""effective"":""2026-06-13T23:50:00Z"",""event"":""Severe Thunderstorm Warning"",""expires"":""2026-06-14T00:30:00Z"",""has_polygon"":true,""headline"":"""",""sender"":""EAX""},""effective"":""2026-06-13T23:50:00Z"",""event"":""Severe Thunderstorm Warning"",""expires"":""2026-06-14T00:30:00Z"",""headline"":"""",""iem_damagetag"":"""",""iem_emergency"":""False"",""iem_event_id"":""381"",""iem_forecaster"":""CDB"",""iem_gtype"":""P"",""iem_hailtag"":""1.0"",""iem_phenomena"":""SV"",""iem_raw_properties"":{""AREA_KM2"":""1543.9054308613645"",""DAMAGTAG"":null,""EMERGENC"":""False"",""ETN"":""381"",""EXPIRED"":""202606140030"",""FCSTER"":""CDB"",""GTYPE"":""P"",""HAILTAG"":""1.0"",""HV_CAUSE"":null,""HV_NWSLI"":null,""HV_REC"":null,""HV_SEV"":null,""INIT_EXP"":""202606140030"",""INIT_ISS"":""202606132350"",""ISSUED"":""202606132350"",""NWS_UGC"":null,""PHENOM"":""SV"",""POLY_BEG"":""202606132350"",""POLY_END"":""202606140001"",""PROD_ID"":""202606132350-KEAX-WUUS53-SVREAX"",""SIG"":""W"",""STATUS"":""NEW"",""TORNTAG"":null,""UPDATED"":""202606132350"",""VTEC_YR"":""2026"",""WFO"":""EAX"",""WINDTAG"":""60.0""},""iem_significance"":""W"",""iem_tornadotag"":"""",""iem_ugc"":"""",""iem_wfo"":""EAX"",""iem_windtag"":""60.0"",""senderName"":""EAX"",""status"":""NEW""}","{""geometry"":{""coordinates"":[[[-95.57,39.65],[-95.34,39.65],[-95.34,39.88],[-95.02,39.84],[-95.17,39.42],[-95.57,39.42],[-95.57,39.65]]],""type"":""Polygon""},""properties"":{""_map_py"":{""effective"":""2026-06-13T23:50:00Z"",""event"":""Severe Thunderstorm Warning"",""expires"":""2026-06-14T00:30:00Z"",""has_polygon"":true,""headline"":"""",""sender"":""EAX""},""effective"":""2026-06-13T23:50:00Z"",""event"":""Severe Thunderstorm Warning"",""expires"":""2026-06-14T00:30:00Z"",""headline"":"""",""iem_damagetag"":"""",""iem_emergency"":""False"",""iem_event_id"":""381"",""iem_forecaster"":""CDB"",""iem_gtype"":""P"",""iem_hailtag"":""1.0"",""iem_phenomena"":""SV"",""iem_raw_properties"":{""AREA_KM2"":""1543.9054308613645"",""DAMAGTAG"":null,""EMERGENC"":""False"",""ETN"":""381"",""EXPIRED"":""202606140030"",""FCSTER"":""CDB"",""GTYPE"":""P"",""HAILTAG"":""1.0"",""HV_CAUSE"":null,""HV_NWSLI"":null,""HV_REC"":null,""HV_SEV"":null,""INIT_EXP"":""202606140030"",""INIT_ISS"":""202606132350"",""ISSUED"":""202606132350"",""NWS_UGC"":null,""PHENOM"":""SV"",""POLY_BEG"":""202606132350"",""POLY_END"":""202606140001"",""PROD_ID"":""202606132350-KEAX-WUUS53-SVREAX"",""SIG"":""W"",""STATUS"":""NEW"",""TORNTAG"":null,""UPDATED"":""202606132350"",""VTEC_YR"":""2026"",""WFO"":""EAX"",""WINDTAG"":""60.0""},""iem_significance"":""W"",""iem_tornadotag"":"""",""iem_ugc"":"""",""iem_wfo"":""EAX"",""iem_windtag"":""60.0"",""senderName"":""EAX"",""status"":""NEW""},""type"":""Feature""}",2026-04-27T17:31:58Z,2026-07-09T05:15:02Z,2026-07-09T18:49:04Z
894,iem_watchwarn,iem_watchwarn|DDC|121|SV|W|2026-06-13T23:51:00Z|2026-06-14T00:30:00Z|,Severe Thunderstorm Warning,,2026-06-13T23:51:00Z,2026-06-14T00:30:00Z,DDC,NEW,1,"{""coordinates"":[[[-99.8,37.65],[-99.6,37.73],[-99.2,37.67],[-99.49,37.44],[-99.8,37.65]]],""type"":""Polygon""}","{""_map_py"":{""effective"":""2026-06-13T23:51:00Z"",""event"":""Severe Thunderstorm Warning"",""expires"":""2026-06-14T00:30:00Z"",""has_polygon"":true,""headline"":"""",""sender"":""DDC""},""effective"":""2026-06-13T23:51:00Z"",""event"":""Severe Thunderstorm Warning"",""expires"":""2026-06-14T00:30:00Z"",""headline"":"""",""iem_damagetag"":"""",""iem_emergency"":""False"",""iem_event_id"":""121"",""iem_forecaster"":""KBJ"",""iem_gtype"":""P"",""iem_hailtag"":""1.0"",""iem_phenomena"":""SV"",""iem_raw_properties"":{""AREA_KM2"":""862.4212781473952"",""DAMAGTAG"":null,""EMERGENC"":""False"",""ETN"":""121"",""EXPIRED"":""202606140030"",""FCSTER"":""KBJ"",""GTYPE"":""P"",""HAILTAG"":""1.0"",""HV_CAUSE"":null,""HV_NWSLI"":null,""HV_REC"":null,""HV_SEV"":null,""INIT_EXP"":""202606140030"",""INIT_ISS"":""202606132351"",""ISSUED"":""202606132351"",""NWS_UGC"":null,""PHENOM"":""SV"",""POLY_BEG"":""202606132351"",""POLY_END"":""202606140006"",""PROD_ID"":""202606132351-KDDC-WUUS53-SVRDDC"",""SIG"":""W"",""STATUS"":""NEW"",""TORNTAG"":null,""UPDATED"":""202606132351"",""VTEC_YR"":""2026"",""WFO"":""DDC"",""WINDTAG"":""60.0""},""iem_significance"":""W"",""iem_tornadotag"":"""",""iem_ugc"":"""",""iem_wfo"":""DDC"",""iem_windtag"":""60.0"",""senderName"":""DDC"",""status"":""NEW""}","{""geometry"":{""coordinates"":[[[-99.8,37.65],[-99.6,37.73],[-99.2,37.67],[-99.49,37.44],[-99.8,37.65]]],""type"":""Polygon""},""properties"":{""_map_py"":{""effective"":""2026-06-13T23:51:00Z"",""event"":""Severe Thunderstorm Warning"",""expires"":""2026-06-14T00:30:00Z"",""has_polygon"":true,""headline"":"""",""sender"":""DDC""},""effective"":""2026-06-13T23:51:00Z"",""event"":""Severe Thunderstorm Warning"",""expires"":""2026-06-14T00:30:00Z"",""headline"":"""",""iem_damagetag"":"""",""iem_emergency"":""False"",""iem_event_id"":""121"",""iem_forecaster"":""KBJ"",""iem_gtype"":""P"",""iem_hailtag"":""1.0"",""iem_phenomena"":""SV"",""iem_raw_properties"":{""AREA_KM2"":""862.4212781473952"",""DAMAGTAG"":null,""EMERGENC"":""False"",""ETN"":""121"",""EXPIRED"":""202606140030"",""FCSTER"":""KBJ"",""GTYPE"":""P"",""HAILTAG"":""1.0"",""HV_CAUSE"":null,""HV_NWSLI"":null,""HV_REC"":null,""HV_SEV"":null,""INIT_EXP"":""202606140030"",""INIT_ISS"":""202606132351"",""ISSUED"":""202606132351"",""NWS_UGC"":null,""PHENOM"":""SV"",""POLY_BEG"":""202606132351"",""POLY_END"":""202606140006"",""PROD_ID"":""202606132351-KDDC-WUUS53-SVRDDC"",""SIG"":""W"",""STATUS"":""NEW"",""TORNTAG"":null,""UPDATED"":""202606132351"",""VTEC_YR"":""2026"",""WFO"":""DDC"",""WINDTAG"":""60.0""},""iem_significance"":""W"",""iem_tornadotag"":"""",""iem_ugc"":"""",""iem_wfo"":""DDC"",""iem_windtag"":""60.0"",""senderName"":""DDC"",""status"":""NEW""},""type"":""Feature""}",2026-04-27T17:31:58Z,2026-07-09T05:15:02Z,2026-07-09T18:49:04Z
9147,iem_watchwarn,iem_watchwarn|OHX|66|SV|W|2026-06-13T23:54:00Z|2026-06-14T00:18:00Z|,Severe Thunderstorm Warning,,2026-06-13T23:54:00Z,2026-06-14T00:18:00Z,OHX,NEW,1,"{""coordinates"":[[[-87.72,35.8],[-87.72,35.81],[-87.53,35.91],[-87.41,35.73],[-87.71,35.66],[-87.73,35.7],[-87.71,35.7],[-87.72,35.71],[-87.72,35.73],[-87.73,35.73],[-87.72,35.8]]],""type"":""Polygon""}","{""_map_py"":{""effective"":""2026-06-13T23:54:00Z"",""event"":""Severe Thunderstorm Warning"",""expires"":""2026-06-14T00:18:00Z"",""has_polygon"":true,""headline"":"""",""sender"":""OHX""},""effective"":""2026-06-13T23:54:00Z"",""event"":""Severe Thunderstorm Warning"",""expires"":""2026-06-14T00:18:00Z"",""headline"":"""",""iem_damagetag"":"""",""iem_emergency"":""False"",""iem_event_id"":""66"",""iem_forecaster"":""Clements"",""iem_gtype"":""P"",""iem_hailtag"":""1.0"",""iem_phenomena"":""SV"",""iem_raw_properties"":{""AREA_KM2"":""471.4067670588563"",""DAMAGTAG"":null,""EMERGENC"":""False"",""ETN"":""66"",""EXPIRED"":""202606140018"",""FCSTER"":""Clements"",""GTYPE"":""P"",""HAILTAG"":""1.0"",""HV_CAUSE"":null,""HV_NWSLI"":null,""HV_REC"":null,""HV_SEV"":null,""INIT_EXP"":""202606140045"",""INIT_ISS"":""202606132354"",""ISSUED"":""202606132354"",""NWS_UGC"":null,""PHENOM"":""SV"",""POLY_BEG"":""202606132354"",""POLY_END"":""202606140011"",""PROD_ID"":""202606132354-KOHX-WUUS54-SVROHX"",""SIG"":""W"",""STATUS"":""NEW"",""TORNTAG"":null,""UPDATED"":""202606132354"",""VTEC_YR"":""2026"",""WFO"":""OHX"",""WINDTAG"":""60.0""},""iem_significance"":""W"",""iem_tornadotag"":"""",""iem_ugc"":"""",""iem_wfo"":""OHX"",""iem_windtag"":""60.0"",""senderName"":""OHX"",""status"":""NEW""}","{""geometry"":{""coordinates"":[[[-87.72,35.8],[-87.72,35.81],[-87.53,35.91],[-87.41,35.73],[-87.71,35.66],[-87.73,35.7],[-87.71,35.7],[-87.72,35.71],[-87.72,35.73],[-87.73,35.73],[-87.72,35.8]]],""type"":""Polygon""},""properties"":{""_map_py"":{""effective"":""2026-06-13T23:54:00Z"",""event"":""Severe Thunderstorm Warning"",""expires"":""2026-06-14T00:18:00Z"",""has_polygon"":true,""headline"":"""",""sender"":""OHX""},""effective"":""2026-06-13T23:54:00Z"",""event"":""Severe Thunderstorm Warning"",""expires"":""2026-06-14T00:18:00Z"",""headline"":"""",""iem_damagetag"":"""",""iem_emergency"":""False"",""iem_event_id"":""66"",""iem_forecaster"":""Clements"",""iem_gtype"":""P"",""iem_hailtag"":""1.0"",""iem_phenomena"":""SV"",""iem_raw_properties"":{""AREA_KM2"":""471.4067670588563"",""DAMAGTAG"":null,""EMERGENC"":""False"",""ETN"":""66"",""EXPIRED"":""202606140018"",""FCSTER"":""Clements"",""GTYPE"":""P"",""HAILTAG"":""1.0"",""HV_CAUSE"":null,""HV_NWSLI"":null,""HV_REC"":null,""HV_SEV"":null,""INIT_EXP"":""202606140045"",""INIT_ISS"":""202606132354"",""ISSUED"":""202606132354"",""NWS_UGC"":null,""PHENOM"":""SV"",""POLY_BEG"":""202606132354"",""POLY_END"":""202606140011"",""PROD_ID"":""202606132354-KOHX-WUUS54-SVROHX"",""SIG"":""W"",""STATUS"":""NEW"",""TORNTAG"":null,""UPDATED"":""202606132354"",""VTEC_YR"":""2026"",""WFO"":""OHX"",""WINDTAG"":""60.0""},""iem_significance"":""W"",""iem_tornadotag"":"""",""iem_ugc"":"""",""iem_wfo"":""OHX"",""iem_windtag"":""60.0"",""senderName"":""OHX"",""status"":""NEW""},""type"":""Feature""}",2026-04-27T17:31:58Z,2026-07-09T05:15:02Z,2026-07-09T18:49:04Z
5761,iem_watchwarn,iem_watchwarn|TSA|52|TO|W|2026-06-13T23:55:00Z|2026-06-14T01:00:00Z|,Tornado Warning,,2026-06-13T23:55:00Z,2026-06-14T01:00:00Z,TSA,NEW,1,"{""coordinates"":[[[-94.62,36.5],[-94.59,36.5],[-94.4,36.48],[-94.37,36.28],[-94.68,36.35],[-94.67,36.51],[-94.62,36.5]]],""type"":""Polygon""}","{""_map_py"":{""effective"":""2026-06-13T23:55:00Z"",""event"":""Tornado Warning"",""expires"":""2026-06-14T01:00:00Z"",""has_polygon"":true,""headline"":"""",""sender"":""TSA""},""effective"":""2026-06-13T23:55:00Z"",""event"":""Tornado Warning"",""expires"":""2026-06-14T01:00:00Z"",""headline"":"""",""iem_damagetag"":"""",""iem_emergency"":""False"",""iem_event_id"":""52"",""iem_forecaster"":"""",""iem_gtype"":""P"",""iem_hailtag"":""1.5"",""iem_phenomena"":""TO"",""iem_raw_properties"":{""AREA_KM2"":""511.3312412776369"",""DAMAGTAG"":null,""EMERGENC"":""False"",""ETN"":""52"",""EXPIRED"":""202606140100"",""FCSTER"":null,""GTYPE"":""P"",""HAILTAG"":""1.5"",""HV_CAUSE"":null,""HV_NWSLI"":null,""HV_REC"":null,""HV_SEV"":null,""INIT_EXP"":""202606140100"",""INIT_ISS"":""202606132355"",""ISSUED"":""202606132355"",""NWS_UGC"":null,""PHENOM"":""TO"",""POLY_BEG"":""202606132355"",""POLY_END"":""202606140006"",""PROD_ID"":""202606132355-KTSA-WFUS54-TORTSA"",""SIG"":""W"",""STATUS"":""NEW"",""TORNTAG"":""RADAR INDICATED"",""UPDATED"":""202606132355"",""VTEC_YR"":""2026"",""WFO"":""TSA"",""WINDTAG"":null},""iem_significance"":""W"",""iem_tornadotag"":""RADAR INDICATED"",""iem_ugc"":"""",""iem_wfo"":""TSA"",""iem_windtag"":"""",""senderName"":""TSA"",""status"":""NEW""}","{""geometry"":{""coordinates"":[[[-94.62,36.5],[-94.59,36.5],[-94.4,36.48],[-94.37,36.28],[-94.68,36.35],[-94.67,36.51],[-94.62,36.5]]],""type"":""Polygon""},""properties"":{""_map_py"":{""effective"":""2026-06-13T23:55:00Z"",""event"":""Tornado Warning"",""expires"":""2026-06-14T01:00:00Z"",""has_polygon"":true,""headline"":"""",""sender"":""TSA""},""effective"":""2026-06-13T23:55:00Z"",""event"":""Tornado Warning"",""expires"":""2026-06-14T01:00:00Z"",""headline"":"""",""iem_damagetag"":"""",""iem_emergency"":""False"",""iem_event_id"":""52"",""iem_forecaster"":"""",""iem_gtype"":""P"",""iem_hailtag"":""1.5"",""iem_phenomena"":""TO"",""iem_raw_properties"":{""AREA_KM2"":""511.3312412776369"",""DAMAGTAG"":null,""EMERGENC"":""False"",""ETN"":""52"",""EXPIRED"":""202606140100"",""FCSTER"":null,""GTYPE"":""P"",""HAILTAG"":""1.5"",""HV_CAUSE"":null,""HV_NWSLI"":null,""HV_REC"":null,""HV_SEV"":null,""INIT_EXP"":""202606140100"",""INIT_ISS"":""202606132355"",""ISSUED"":""202606132355"",""NWS_UGC"":null,""PHENOM"":""TO"",""POLY_BEG"":""202606132355"",""POLY_END"":""202606140006"",""PROD_ID"":""202606132355-KTSA-WFUS54-TORTSA"",""SIG"":""W"",""STATUS"":""NEW"",""TORNTAG"":""RADAR INDICATED"",""UPDATED"":""202606132355"",""VTEC_YR"":""2026"",""WFO"":""TSA"",""WINDTAG"":null},""iem_significance"":""W"",""iem_tornadotag"":""RADAR INDICATED"",""iem_ugc"":"""",""iem_wfo"":""TSA"",""iem_windtag"":"""",""senderName"":""TSA"",""status"":""NEW""},""type"":""Feature""}",2026-04-27T17:31:58Z,2026-07-09T05:15:02Z,2026-07-09T18:49:04Z
259,iem_watchwarn,iem_watchwarn|OUN|564|SV|W|2026-06-13T23:57:00Z|2026-06-14T00:45:00Z|,Severe Thunderstorm Warning,,2026-06-13T23:57:00Z,2026-06-14T00:45:00Z,OUN,NEW,1,"{""coordinates"":[[[-97.66,36.76],[-97.63,36.86],[-97.27,36.81],[-97.32,36.64],[-97.66,36.76]]],""type"":""Polygon""}","{""_map_py"":{""effective"":""2026-06-13T23:57:00Z"",""event"":""Severe Thunderstorm Warning"",""expires"":""2026-06-14T00:45:00Z"",""has_polygon"":true,""headline"":"""",""sender"":""OUN""},""effective"":""2026-06-13T23:57:00Z"",""event"":""Severe Thunderstorm Warning"",""expires"":""2026-06-14T00:45:00Z"",""headline"":"""",""iem_damagetag"":"""",""iem_emergency"":""False"",""iem_event_id"":""564"",""iem_forecaster"":""Meister"",""iem_gtype"":""P"",""iem_hailtag"":""1.5"",""iem_phenomena"":""SV"",""iem_raw_properties"":{""AREA_KM2"":""501.62877454349746"",""DAMAGTAG"":null,""EMERGENC"":""False"",""ETN"":""564"",""EXPIRED"":""202606140045"",""FCSTER"":""Meister"",""GTYPE"":""P"",""HAILTAG"":""1.5"",""HV_CAUSE"":null,""HV_NWSLI"":null,""HV_REC"":null,""HV_SEV"":null,""INIT_EXP"":""202606140045"",""INIT_ISS"":""202606132357"",""ISSUED"":""202606132357"",""NWS_UGC"":null,""PHENOM"":""SV"",""POLY_BEG"":""202606132357"",""POLY_END"":""202606140012"",""PROD_ID"":""202606132357-KOUN-WUUS54-SVROUN"",""SIG"":""W"",""STATUS"":""NEW"",""TORNTAG"":null,""UPDATED"":""202606132357"",""VTEC_YR"":""2026"",""WFO"":""OUN"",""WINDTAG"":""60.0""},""iem_significance"":""W"",""iem_tornadotag"":"""",""iem_ugc"":"""",""iem_wfo"":""OUN"",""iem_windtag"":""60.0"",""senderName"":""OUN"",""status"":""NEW""}","{""geometry"":{""coordinates"":[[[-97.66,36.76],[-97.63,36.86],[-97.27,36.81],[-97.32,36.64],[-97.66,36.76]]],""type"":""Polygon""},""properties"":{""_map_py"":{""effective"":""2026-06-13T23:57:00Z"",""event"":""Severe Thunderstorm Warning"",""expires"":""2026-06-14T00:45:00Z"",""has_polygon"":true,""headline"":"""",""sender"":""OUN""},""effective"":""2026-06-13T23:57:00Z"",""event"":""Severe Thunderstorm Warning"",""expires"":""2026-06-14T00:45:00Z"",""headline"":"""",""iem_damagetag"":"""",""iem_emergency"":""False"",""iem_event_id"":""564"",""iem_forecaster"":""Meister"",""iem_gtype"":""P"",""iem_hailtag"":""1.5"",""iem_phenomena"":""SV"",""iem_raw_properties"":{""AREA_KM2"":""501.62877454349746"",""DAMAGTAG"":null,""EMERGENC"":""False"",""ETN"":""564"",""EXPIRED"":""202606140045"",""FCSTER"":""Meister"",""GTYPE"":""P"",""HAILTAG"":""1.5"",""HV_CAUSE"":null,""HV_NWSLI"":null,""HV_REC"":null,""HV_SEV"":null,""INIT_EXP"":""202606140045"",""INIT_ISS"":""202606132357"",""ISSUED"":""202606132357"",""NWS_UGC"":null,""PHENOM"":""SV"",""POLY_BEG"":""202606132357"",""POLY_END"":""202606140012"",""PROD_ID"":""202606132357-KOUN-WUUS54-SVROUN"",""SIG"":""W"",""STATUS"":""NEW"",""TORNTAG"":null,""UPDATED"":""202606132357"",""VTEC_YR"":""2026"",""WFO"":""OUN"",""WINDTAG"":""60.0""},""iem_significance"":""W"",""iem_tornadotag"":"""",""iem_ugc"":"""",""iem_wfo"":""OUN"",""iem_windtag"":""60.0"",""senderName"":""OUN"",""status"":""NEW""},""type"":""Feature""}",2026-04-27T17:31:58Z,2026-07-09T05:15:02Z,2026-07-09T18:49:04Z
7892,iem_watchwarn,iem_watchwarn|TOP|317|SV|W|2026-06-14T00:03:00Z|2026-06-14T00:45:00Z|,Severe Thunderstorm Warning,,2026-06-14T00:03:00Z,2026-06-14T00:45:00Z,TOP,NEW,1,"{""coordinates"":[[[-97.12,39.03],[-97.07,38.7],[-97.37,38.7],[-97.37,38.91],[-97.38,38.93],[-97.37,38.93],[-97.37,38.96],[-97.8,38.96],[-97.12,39.03]]],""type"":""Polygon""}","{""_map_py"":{""effective"":""2026-06-14T00:03:00Z"",""event"":""Severe Thunderstorm Warning"",""expires"":""2026-06-14T00:45:00Z"",""has_polygon"":true,""headline"":"""",""sender"":""TOP""},""effective"":""2026-06-14T00:03:00Z"",""event"":""Severe Thunderstorm Warning"",""expires"":""2026-06-14T00:45:00Z"",""headline"":"""",""iem_damagetag"":"""",""iem_emergency"":""False"",""iem_event_id"":""317"",""iem_forecaster"":""Prieto"",""iem_gtype"":""P"",""iem_hailtag"":""1.0"",""iem_phenomena"":""SV"",""iem_raw_properties"":{""AREA_KM2"":""937.011935831976"",""DAMAGTAG"":null,""EMERGENC"":""False"",""ETN"":""317"",""EXPIRED"":""202606140045"",""FCSTER"":""Prieto"",""GTYPE"":""P"",""HAILTAG"":""1.0"",""HV_CAUSE"":null,""HV_NWSLI"":null,""HV_REC"":null,""HV_SEV"":null,""INIT_EXP"":""202606140045"",""INIT_ISS"":""202606140003"",""ISSUED"":""202606140003"",""NWS_UGC"":null,""PHENOM"":""SV"",""POLY_BEG"":""202606140003"",""POLY_END"":""202606140014"",""PROD_ID"":""202606140003-KTOP-WUUS53-SVRTOP"",""SIG"":""W"",""STATUS"":""NEW"",""TORNTAG"":null,""UPDATED"":""202606140003"",""VTEC_YR"":""2026"",""WFO"":""TOP"",""WINDTAG"":""60.0""},""iem_significance"":""W"",""iem_tornadotag"":"""",""iem_ugc"":"""",""iem_wfo"":""TOP"",""iem_windtag"":""60.0"",""senderName"":""TOP"",""status"":""NEW""}","{""geometry"":{""coordinates"":[[[-97.12,39.03],[-97.07,38.7],[-97.37,38.7],[-97.37,38.91],[-97.38,38.93],[-97.37,38.93],[-97.37,38.96],[-97.8,38.96],[-97.12,39.03]]],""type"":""Polygon""},""properties"":{""_map_py"":{""effective"":""2026-06-14T00:03:00Z"",""event"":""Severe Thunderstorm Warning"",""expires"":""2026-06-14T00:45:00Z"",""has_polygon"":true,""headline"":"""",""sender"":""TOP""},""effective"":""2026-06-14T00:03:00Z"",""event"":""Severe Thunderstorm Warning"",""expires"":""2026-06-14T00:45:00Z"",""headline"":"""",""iem_damagetag"":"""",""iem_emergency"":""False"",""iem_event_id"":""317"",""iem_forecaster"":""Prieto"",""iem_gtype"":""P"",""iem_hailtag"":""1.0"",""iem_phenomena"":""SV"",""iem_raw_properties"":{""AREA_KM2"":""937.011935831976"",""DAMAGTAG"":null,""EMERGENC"":""False"",""ETN"":""317"",""EXPIRED"":""202606140045"",""FCSTER"":""Prieto"",""GTYPE"":""P"",""HAILTAG"":""1.0"",""HV_CAUSE"":null,""HV_NWSLI"":null,""HV_REC"":null,""HV_SEV"":null,""INIT_EXP"":""202606140045"",""INIT_ISS"":""202606140003"",""ISSUED"":""202606140003"",""NWS_UGC"":null,""PHENOM"":""SV"",""POLY_BEG"":""202606140003"",""POLY_END"":""202606140014"",""PROD_ID"":""202606140003-KTOP-WUUS53-SVRTOP"",""SIG"":""W"",""STATUS"":""NEW"",""TORNTAG"":null,""UPDATED"":""202606140003"",""VTEC_YR"":""2026"",""WFO"":""TOP"",""WINDTAG"":""60.0""},""iem_significance"":""W"",""iem_tornadotag"":"""",""iem_ugc"":"""",""iem_wfo"":""TOP"",""iem_windtag"":""60.0"",""senderName"":""TOP"",""status"":""NEW""},""type"":""Feature""}",2026-04-27T17:31:58Z,2026-07-09T05:15:02Z,2026-07-09T18:49:04Z
9502,iem_watchwarn,iem_watchwarn|TOP|318|SV|W|2026-06-14T00:08:00Z|2026-06-14T00:45:00Z|,Severe Thunderstorm Warning,,2026-06-14T00:08:00Z,2026-06-14T00:45:00Z,TOP,NEW,1,"{""coordinates"":[[[-95.88,39.26],[-95.82,39.42],[-95.64,39.48],[-95.64,39.67],[-95.51,39.78],[-95.34,39.78],[-95.34,39.65],[-95.56,39.65],[-95.57,39.42],[-95.18,39.42],[-95.18,39.24],[-95.88,39.26]]],""type"":""Polygon""}","{""_map_py"":{""effective"":""2026-06-14T00:08:00Z"",""event"":""Severe Thunderstorm Warning"",""expires"":""2026-06-14T00:45:00Z"",""has_polygon"":true,""headline"":"""",""sender"":""TOP""},""effective"":""2026-06-14T00:08:00Z"",""event"":""Severe Thunderstorm Warning"",""expires"":""2026-06-14T00:45:00Z"",""headline"":"""",""iem_damagetag"":""CONSIDERABLE"",""iem_emergency"":""False"",""iem_event_id"":""318"",""iem_forecaster"":""Flanagan"",""iem_gtype"":""P"",""iem_hailtag"":""1.0"",""iem_phenomena"":""SV"",""iem_raw_properties"":{""AREA_KM2"":""1609.0844454916362"",""DAMAGTAG"":""CONSIDERABLE"",""EMERGENC"":""False"",""ETN"":""318"",""EXPIRED"":""202606140045"",""FCSTER"":""Flanagan"",""GTYPE"":""P"",""HAILTAG"":""1.0"",""HV_CAUSE"":null,""HV_NWSLI"":null,""HV_REC"":null,""HV_SEV"":null,""INIT_EXP"":""202606140045"",""INIT_ISS"":""202606140008"",""ISSUED"":""202606140008"",""NWS_UGC"":null,""PHENOM"":""SV"",""POLY_BEG"":""202606140008"",""POLY_END"":""202606140023"",""PROD_ID"":""202606140008-KTOP-WUUS53-SVRTOP"",""SIG"":""W"",""STATUS"":""NEW"",""TORNTAG"":null,""UPDATED"":""202606140008"",""VTEC_YR"":""2026"",""WFO"":""TOP"",""WINDTAG"":""70.0""},""iem_significance"":""W"",""iem_tornadotag"":"""",""iem_ugc"":"""",""iem_wfo"":""TOP"",""iem_windtag"":""70.0"",""senderName"":""TOP"",""status"":""NEW""}","{""geometry"":{""coordinates"":[[[-95.88,39.26],[-95.82,39.42],[-95.64,39.48],[-95.64,39.67],[-95.51,39.78],[-95.34,39.78],[-95.34,39.65],[-95.56,39.65],[-95.57,39.42],[-95.18,39.42],[-95.18,39.24],[-95.88,39.26]]],""type"":""Polygon""},""properties"":{""_map_py"":{""effective"":""2026-06-14T00:08:00Z"",""event"":""Severe Thunderstorm Warning"",""expires"":""2026-06-14T00:45:00Z"",""has_polygon"":true,""headline"":"""",""sender"":""TOP""},""effective"":""2026-06-14T00:08:00Z"",""event"":""Severe Thunderstorm Warning"",""expires"":""2026-06-14T00:45:00Z"",""headline"":"""",""iem_damagetag"":""CONSIDERABLE"",""iem_emergency"":""False"",""iem_event_id"":""318"",""iem_forecaster"":""Flanagan"",""iem_gtype"":""P"",""iem_hailtag"":""1.0"",""iem_phenomena"":""SV"",""iem_raw_properties"":{""AREA_KM2"":""1609.0844454916362"",""DAMAGTAG"":""CONSIDERABLE"",""EMERGENC"":""False"",""ETN"":""318"",""EXPIRED"":""202606140045"",""FCSTER"":""Flanagan"",""GTYPE"":""P"",""HAILTAG"":""1.0"",""HV_CAUSE"":null,""HV_NWSLI"":null,""HV_REC"":null,""HV_SEV"":null,""INIT_EXP"":""202606140045"",""INIT_ISS"":""202606140008"",""ISSUED"":""202606140008"",""NWS_UGC"":null,""PHENOM"":""SV"",""POLY_BEG"":""202606140008"",""POLY_END"":""202606140023"",""PROD_ID"":""202606140008-KTOP-WUUS53-SVRTOP"",""SIG"":""W"",""STATUS"":""NEW"",""TORNTAG"":null,""UPDATED"":""202606140008"",""VTEC_YR"":""2026"",""WFO"":""TOP"",""WINDTAG"":""70.0""},""iem_significance"":""W"",""iem_tornadotag"":"""",""iem_ugc"":"""",""iem_wfo"":""TOP"",""iem_windtag"":""70.0"",""senderName"":""TOP"",""status"":""NEW""},""type"":""Feature""}",2026-04-27T17:31:58Z,2026-07-09T05:15:02Z,2026-07-09T18:49:04Z
8718,iem_watchwarn,iem_watchwarn|OUN|565|SV|W|2026-06-14T00:10:00Z|2026-06-14T00:45:00Z|,Severe Thunderstorm Warning,,2026-06-14T00:10:00Z,2026-06-14T00:45:00Z,OUN,NEW,1,"{""coordinates"":[[[-96.97,36.88],[-97.05,36.69],[-97.06,36.68],[-97.06,36.66],[-97.08,36.62],[-97.36,36.68],[-97.53,36.77],[-97.55,36.87],[-97.45,36.94],[-96.97,36.88]]],""type"":""Polygon""}","{""_map_py"":{""effective"":""2026-06-14T00:10:00Z"",""event"":""Severe Thunderstorm Warning"",""expires"":""2026-06-14T00:45:00Z"",""has_polygon"":true,""headline"":"""",""sender"":""OUN""},""effective"":""2026-06-14T00:10:00Z"",""event"":""Severe Thunderstorm Warning"",""expires"":""2026-06-14T00:45:00Z"",""headline"":"""",""iem_damagetag"":"""",""iem_emergency"":""False"",""iem_event_id"":""565"",""iem_forecaster"":""Meister"",""iem_gtype"":""P"",""iem_hailtag"":""1.25"",""iem_phenomena"":""SV"",""iem_raw_properties"":{""AREA_KM2"":""1220.3896111093345"",""DAMAGTAG"":null,""EMERGENC"":""False"",""ETN"":""565"",""EXPIRED"":""202606140045"",""FCSTER"":""Meister"",""GTYPE"":""P"",""HAILTAG"":""1.25"",""HV_CAUSE"":null,""HV_NWSLI"":null,""HV_REC"":null,""HV_SEV"":null,""INIT_EXP"":""202606140045"",""INIT_ISS"":""202606140010"",""ISSUED"":""202606140010"",""NWS_UGC"":null,""PHENOM"":""SV"",""POLY_BEG"":""202606140010"",""POLY_END"":""202606140020"",""PROD_ID"":""202606140010-KOUN-WUUS54-SVROUN"",""SIG"":""W"",""STATUS"":""NEW"",""TORNTAG"":null,""UPDATED"":""202606140010"",""VTEC_YR"":""2026"",""WFO"":""OUN"",""WINDTAG"":""60.0""},""iem_significance"":""W"",""iem_tornadotag"":"""",""iem_ugc"":"""",""iem_wfo"":""OUN"",""iem_windtag"":""60.0"",""senderName"":""OUN"",""status"":""NEW""}","{""geometry"":{""coordinates"":[[[-96.97,36.88],[-97.05,36.69],[-97.06,36.68],[-97.06,36.66],[-97.08,36.62],[-97.36,36.68],[-97.53,36.77],[-97.55,36.87],[-97.45,36.94],[-96.97,36.88]]],""type"":""Polygon""},""properties"":{""_map_py"":{""effective"":""2026-06-14T00:10:00Z"",""event"":""Severe Thunderstorm Warning"",""expires"":""2026-06-14T00:45:00Z"",""has_polygon"":true,""headline"":"""",""sender"":""OUN""},""effective"":""2026-06-14T00:10:00Z"",""event"":""Severe Thunderstorm Warning"",""expires"":""2026-06-14T00:45:00Z"",""headline"":"""",""iem_damagetag"":"""",""iem_emergency"":""False"",""iem_event_id"":""565"",""iem_forecaster"":""Meister"",""iem_gtype"":""P"",""iem_hailtag"":""1.25"",""iem_phenomena"":""SV"",""iem_raw_properties"":{""AREA_KM2"":""1220.3896111093345"",""DAMAGTAG"":null,""EMERGENC"":""False"",""ETN"":""565"",""EXPIRED"":""202606140045"",""FCSTER"":""Meister"",""GTYPE"":""P"",""HAILTAG"":""1.25"",""HV_CAUSE"":null,""HV_NWSLI"":null,""HV_REC"":null,""HV_SEV"":null,""INIT_EXP"":""202606140045"",""INIT_ISS"":""202606140010"",""ISSUED"":""202606140010"",""NWS_UGC"":null,""PHENOM"":""SV"",""POLY_BEG"":""202606140010"",""POLY_END"":""202606140020"",""PROD_ID"":""202606140010-KOUN-WUUS54-SVROUN"",""SIG"":""W"",""STATUS"":""NEW"",""TORNTAG"":null,""UPDATED"":""202606140010"",""VTEC_YR"":""2026"",""WFO"":""OUN"",""WINDTAG"":""60.0""},""iem_significance"":""W"",""iem_tornadotag"":"""",""iem_ugc"":"""",""iem_wfo"":""OUN"",""iem_windtag"":""60.0"",""senderName"":""OUN"",""status"":""NEW""},""type"":""Feature""}",2026-04-27T17:31:58Z,2026-07-09T05:15:02Z,2026-07-09T18:49:04Z
268,iem_watchwarn,iem_watchwarn|DVN|185|SV|W|2026-06-14T00:12:00Z|2026-06-14T00:51:00Z|,Severe Thunderstorm Warning,,2026-06-14T00:12:00Z,2026-06-14T00:51:00Z,DVN,NEW,1,"{""coordinates"":[[[-90.16,41.51],[-90.14,41.65],[-89.73,41.63],[-89.8,41.42],[-90.16,41.51]]],""type"":""Polygon""}","{""_map_py"":{""effective"":""2026-06-14T00:12:00Z"",""event"":""Severe Thunderstorm Warning"",""expires"":""2026-06-14T00:51:00Z"",""has_polygon"":true,""headline"":"""",""sender"":""DVN""},""effective"":""2026-06-14T00:12:00Z"",""event"":""Severe Thunderstorm Warning"",""expires"":""2026-06-14T00:51:00Z"",""headline"":"""",""iem_damagetag"":"""",""iem_emergency"":""False"",""iem_event_id"":""185"",""iem_forecaster"":""Gross"",""iem_gtype"":""P"",""iem_hailtag"":""1.0"",""iem_phenomena"":""SV"",""iem_raw_properties"":{""AREA_KM2"":""646.3161409721899"",""DAMAGTAG"":null,""EMERGENC"":""False"",""ETN"":""185"",""EXPIRED"":""202606140051"",""FCSTER"":""Gross"",""GTYPE"":""P"",""HAILTAG"":""1.0"",""HV_CAUSE"":null,""HV_NWSLI"":null,""HV_REC"":null,""HV_SEV"":null,""INIT_EXP"":""202606140115"",""INIT_ISS"":""202606140012"",""ISSUED"":""202606140012"",""NWS_UGC"":null,""PHENOM"":""SV"",""POLY_BEG"":""202606140012"",""POLY_END"":""202606140023"",""PROD_ID"":""202606140012-KDVN-WUUS53-SVRDVN"",""SIG"":""W"",""STATUS"":""NEW"",""TORNTAG"":null,""UPDATED"":""202606140012"",""VTEC_YR"":""2026"",""WFO"":""DVN"",""WINDTAG"":""60.0""},""iem_significance"":""W"",""iem_tornadotag"":"""",""iem_ugc"":"""",""iem_wfo"":""DVN"",""iem_windtag"":""60.0"",""senderName"":""DVN"",""status"":""NEW""}","{""geometry"":{""coordinates"":[[[-90.16,41.51],[-90.14,41.65],[-89.73,41.63],[-89.8,41.42],[-90.16,41.51]]],""type"":""Polygon""},""properties"":{""_map_py"":{""effective"":""2026-06-14T00:12:00Z"",""event"":""Severe Thunderstorm Warning"",""expires"":""2026-06-14T00:51:00Z"",""has_polygon"":true,""headline"":"""",""sender"":""DVN""},""effective"":""2026-06-14T00:12:00Z"",""event"":""Severe Thunderstorm Warning"",""expires"":""2026-06-14T00:51:00Z"",""headline"":"""",""iem_damagetag"":"""",""iem_emergency"":""False"",""iem_event_id"":""185"",""iem_forecaster"":""Gross"",""iem_gtype"":""P"",""iem_hailtag"":""1.0"",""iem_phenomena"":""SV"",""iem_raw_properties"":{""AREA_KM2"":""646.3161409721899"",""DAMAGTAG"":null,""EMERGENC"":""False"",""ETN"":""185"",""EXPIRED"":""202606140051"",""FCSTER"":""Gross"",""GTYPE"":""P"",""HAILTAG"":""1.0"",""HV_CAUSE"":null,""HV_NWSLI"":null,""HV_REC"":null,""HV_SEV"":null,""INIT_EXP"":""202606140115"",""INIT_ISS"":""202606140012"",""ISSUED"":""202606140012"",""NWS_UGC"":null,""PHENOM"":""SV"",""POLY_BEG"":""202606140012"",""POLY_END"":""202606140023"",""PROD_ID"":""202606140012-KDVN-WUUS53-SVRDVN"",""SIG"":""W"",""STATUS"":""NEW"",""TORNTAG"":null,""UPDATED"":""202606140012"",""VTEC_YR"":""2026"",""WFO"":""DVN"",""WINDTAG"":""60.0""},""iem_significance"":""W"",""iem_tornadotag"":"""",""iem_ugc"":"""",""iem_wfo"":""DVN"",""iem_windtag"":""60.0"",""senderName"":""DVN"",""status"":""NEW""},""type"":""Feature""}",2026-04-27T17:31:58Z,2026-07-09T05:15:02Z,2026-07-09T18:49:04Z
8612,iem_watchwarn,iem_watchwarn|DDC|122|SV|W|2026-06-14T00:12:00Z|2026-06-14T01:00:00Z|,Severe Thunderstorm Warning,,2026-06-14T00:12:00Z,2026-06-14T01:00:00Z,DDC,NEW,1,"{""coordinates"":[[[-99.26,37.78],[-99.57,37.95],[-99.57,38.02],[-99.3,38.19],[-99.27,38.39],[-99.04,38.5],[-99.03,38.26],[-98.47,38.26],[-98.47,37.64],[-99.26,37.78]]],""type"":""Polygon""}","{""_map_py"":{""effective"":""2026-06-14T00:12:00Z"",""event"":""Severe Thunderstorm Warning"",""expires"":""2026-06-14T01:00:00Z"",""has_polygon"":true,""headline"":"""",""sender"":""DDC""},""effective"":""2026-06-14T00:12:00Z"",""event"":""Severe Thunderstorm Warning"",""expires"":""2026-06-14T01:00:00Z"",""headline"":"""",""iem_damagetag"":"""",""iem_emergency"":""False"",""iem_event_id"":""122"",""iem_forecaster"":""KBJ"",""iem_gtype"":""P"",""iem_hailtag"":""1.0"",""iem_phenomena"":""SV"",""iem_raw_properties"":{""AREA_KM2"":""5449.716932752266"",""DAMAGTAG"":null,""EMERGENC"":""False"",""ETN"":""122"",""EXPIRED"":""202606140100"",""FCSTER"":""KBJ"",""GTYPE"":""P"",""HAILTAG"":""1.0"",""HV_CAUSE"":null,""HV_NWSLI"":null,""HV_REC"":null,""HV_SEV"":null,""INIT_EXP"":""202606140100"",""INIT_ISS"":""202606140012"",""ISSUED"":""202606140012"",""NWS_UGC"":null,""PHENOM"":""SV"",""POLY_BEG"":""202606140012"",""POLY_END"":""202606140032"",""PROD_ID"":""202606140012-KDDC-WUUS53-SVRDDC"",""SIG"":""W"",""STATUS"":""NEW"",""TORNTAG"":null,""UPDATED"":""202606140012"",""VTEC_YR"":""2026"",""WFO"":""DDC"",""WINDTAG"":""60.0""},""iem_significance"":""W"",""iem_tornadotag"":"""",""iem_ugc"":"""",""iem_wfo"":""DDC"",""iem_windtag"":""60.0"",""senderName"":""DDC"",""status"":""NEW""}","{""geometry"":{""coordinates"":[[[-99.26,37.78],[-99.57,37.95],[-99.57,38.02],[-99.3,38.19],[-99.27,38.39],[-99.04,38.5],[-99.03,38.26],[-98.47,38.26],[-98.47,37.64],[-99.26,37.78]]],""type"":""Polygon""},""properties"":{""_map_py"":{""effective"":""2026-06-14T00:12:00Z"",""event"":""Severe Thunderstorm Warning"",""expires"":""2026-06-14T01:00:00Z"",""has_polygon"":true,""headline"":"""",""sender"":""DDC""},""effective"":""2026-06-14T00:12:00Z"",""event"":""Severe Thunderstorm Warning"",""expires"":""2026-06-14T01:00:00Z"",""headline"":"""",""iem_damagetag"":"""",""iem_emergency"":""False"",""iem_event_id"":""122"",""iem_forecaster"":""KBJ"",""iem_gtype"":""P"",""iem_hailtag"":""1.0"",""iem_phenomena"":""SV"",""iem_raw_properties"":{""AREA_KM2"":""5449.716932752266"",""DAMAGTAG"":null,""EMERGENC"":""False"",""ETN"":""122"",""EXPIRED"":""202606140100"",""FCSTER"":""KBJ"",""GTYPE"":""P"",""HAILTAG"":""1.0"",""HV_CAUSE"":null,""HV_NWSLI"":null,""HV_REC"":null,""HV_SEV"":null,""INIT_EXP"":""202606140100"",""INIT_ISS"":""202606140012"",""ISSUED"":""202606140012"",""NWS_UGC"":null,""PHENOM"":""SV"",""POLY_BEG"":""202606140012"",""POLY_END"":""202606140032"",""PROD_ID"":""202606140012-KDDC-WUUS53-SVRDDC"",""SIG"":""W"",""STATUS"":""NEW"",""TORNTAG"":null,""UPDATED"":""202606140012"",""VTEC_YR"":""2026"",""WFO"":""DDC"",""WINDTAG"":""60.0""},""iem_significance"":""W"",""iem_tornadotag"":"""",""iem_ugc"":"""",""iem_wfo"":""DDC"",""iem_windtag"":""60.0"",""senderName"":""DDC"",""status"":""NEW""},""type"":""Feature""}",2026-04-27T17:31:58Z,2026-07-09T05:15:02Z,2026-07-09T18:49:04Z
1962,iem_watchwarn,iem_watchwarn|TSA|53|TO|W|2026-06-14T00:12:00Z|2026-06-14T01:00:00Z|,Tornado Warning,,2026-06-14T00:12:00Z,2026-06-14T01:00:00Z,TSA,NEW,1,"{""coordinates"":[[[-94.83,36.34],[-94.82,36.5],[-94.51,36.45],[-94.55,36.23],[-94.83,36.34]]],""type"":""Polygon""}","{""_map_py"":{""effective"":""2026-06-14T00:12:00Z"",""event"":""Tornado Warning"",""expires"":""2026-06-14T01:00:00Z"",""has_polygon"":true,""headline"":"""",""sender"":""TSA""},""effective"":""2026-06-14T00:12:00Z"",""event"":""Tornado Warning"",""expires"":""2026-06-14T01:00:00Z"",""headline"":"""",""iem_damagetag"":"""",""iem_emergency"":""False"",""iem_event_id"":""53"",""iem_forecaster"":"""",""iem_gtype"":""P"",""iem_hailtag"":""1.25"",""iem_phenomena"":""TO"",""iem_raw_properties"":{""AREA_KM2"":""577.8207809905737"",""DAMAGTAG"":null,""EMERGENC"":""False"",""ETN"":""53"",""EXPIRED"":""202606140100"",""FCSTER"":null,""GTYPE"":""P"",""HAILTAG"":""1.25"",""HV_CAUSE"":null,""HV_NWSLI"":null,""HV_REC"":null,""HV_SEV"":null,""INIT_EXP"":""202606140100"",""INIT_ISS"":""202606140012"",""ISSUED"":""202606140012"",""NWS_UGC"":null,""PHENOM"":""TO"",""POLY_BEG"":""202606140012"",""POLY_END"":""202606140022"",""PROD_ID"":""202606140012-KTSA-WFUS54-TORTSA"",""SIG"":""W"",""STATUS"":""NEW"",""TORNTAG"":""RADAR INDICATED"",""UPDATED"":""202606140012"",""VTEC_YR"":""2026"",""WFO"":""TSA"",""WINDTAG"":null},""iem_significance"":""W"",""iem_tornadotag"":""RADAR INDICATED"",""iem_ugc"":"""",""iem_wfo"":""TSA"",""iem_windtag"":"""",""senderName"":""TSA"",""status"":""NEW""}","{""geometry"":{""coordinates"":[[[-94.83,36.34],[-94.82,36.5],[-94.51,36.45],[-94.55,36.23],[-94.83,36.34]]],""type"":""Polygon""},""properties"":{""_map_py"":{""effective"":""2026-06-14T00:12:00Z"",""event"":""Tornado Warning"",""expires"":""2026-06-14T01:00:00Z"",""has_polygon"":true,""headline"":"""",""sender"":""TSA""},""effective"":""2026-06-14T00:12:00Z"",""event"":""Tornado Warning"",""expires"":""2026-06-14T01:00:00Z"",""headline"":"""",""iem_damagetag"":"""",""iem_emergency"":""False"",""iem_event_id"":""53"",""iem_forecaster"":"""",""iem_gtype"":""P"",""iem_hailtag"":""1.25"",""iem_phenomena"":""TO"",""iem_raw_properties"":{""AREA_KM2"":""577.8207809905737"",""DAMAGTAG"":null,""EMERGENC"":""False"",""ETN"":""53"",""EXPIRED"":""202606140100"",""FCSTER"":null,""GTYPE"":""P"",""HAILTAG"":""1.25"",""HV_CAUSE"":null,""HV_NWSLI"":null,""HV_REC"":null,""HV_SEV"":null,""INIT_EXP"":""202606140100"",""INIT_ISS"":""202606140012"",""ISSUED"":""202606140012"",""NWS_UGC"":null,""PHENOM"":""TO"",""POLY_BEG"":""202606140012"",""POLY_END"":""202606140022"",""PROD_ID"":""202606140012-KTSA-WFUS54-TORTSA"",""SIG"":""W"",""STATUS"":""NEW"",""TORNTAG"":""RADAR INDICATED"",""UPDATED"":""202606140012"",""VTEC_YR"":""2026"",""WFO"":""TSA"",""WINDTAG"":null},""iem_significance"":""W"",""iem_tornadotag"":""RADAR INDICATED"",""iem_ugc"":"""",""iem_wfo"":""TSA"",""iem_windtag"":"""",""senderName"":""TSA"",""status"":""NEW""},""type"":""Feature""}",2026-04-27T17:31:58Z,2026-07-09T05:15:02Z,2026-07-09T18:49:04Z
1096,iem_watchwarn,iem_watchwarn|OUN|71|TO|W|2026-06-14T00:17:00Z|2026-06-14T00:45:00Z|,Tornado Warning,,2026-06-14T00:17:00Z,2026-06-14T00:45:00Z,OUN,NEW,1,"{""coordinates"":[[[-97.37,36.72],[-97.36,36.8],[-97.12,36.81],[-97.12,36.66],[-97.37,36.72]]],""type"":""Polygon""}","{""_map_py"":{""effective"":""2026-06-14T00:17:00Z"",""event"":""Tornado Warning"",""expires"":""2026-06-14T00:45:00Z"",""has_polygon"":true,""headline"":"""",""sender"":""OUN""},""effective"":""2026-06-14T00:17:00Z"",""event"":""Tornado Warning"",""expires"":""2026-06-14T00:45:00Z"",""headline"":"""",""iem_damagetag"":"""",""iem_emergency"":""False"",""iem_event_id"":""71"",""iem_forecaster"":""Meister"",""iem_gtype"":""P"",""iem_hailtag"":""1.25"",""iem_phenomena"":""TO"",""iem_raw_properties"":{""AREA_KM2"":""280.3454074724811"",""DAMAGTAG"":null,""EMERGENC"":""False"",""ETN"":""71"",""EXPIRED"":""202606140045"",""FCSTER"":""Meister"",""GTYPE"":""P"",""HAILTAG"":""1.25"",""HV_CAUSE"":null,""HV_NWSLI"":null,""HV_REC"":null,""HV_SEV"":null,""INIT_EXP"":""202606140045"",""INIT_ISS"":""202606140017"",""ISSUED"":""202606140017"",""NWS_UGC"":null,""PHENOM"":""TO"",""POLY_BEG"":""202606140017"",""POLY_END"":""202606140030"",""PROD_ID"":""202606140017-KOUN-WFUS54-TOROUN"",""SIG"":""W"",""STATUS"":""NEW"",""TORNTAG"":""RADAR INDICATED"",""UPDATED"":""202606140017"",""VTEC_YR"":""2026"",""WFO"":""OUN"",""WINDTAG"":null},""iem_significance"":""W"",""iem_tornadotag"":""RADAR INDICATED"",""iem_ugc"":"""",""iem_wfo"":""OUN"",""iem_windtag"":"""",""senderName"":""OUN"",""status"":""NEW""}","{""geometry"":{""coordinates"":[[[-97.37,36.72],[-97.36,36.8],[-97.12,36.81],[-97.12,36.66],[-97.37,36.72]]],""type"":""Polygon""},""properties"":{""_map_py"":{""effective"":""2026-06-14T00:17:00Z"",""event"":""Tornado Warning"",""expires"":""2026-06-14T00:45:00Z"",""has_polygon"":true,""headline"":"""",""sender"":""OUN""},""effective"":""2026-06-14T00:17:00Z"",""event"":""Tornado Warning"",""expires"":""2026-06-14T00:45:00Z"",""headline"":"""",""iem_damagetag"":"""",""iem_emergency"":""False"",""iem_event_id"":""71"",""iem_forecaster"":""Meister"",""iem_gtype"":""P"",""iem_hailtag"":""1.25"",""iem_phenomena"":""TO"",""iem_raw_properties"":{""AREA_KM2"":""280.3454074724811"",""DAMAGTAG"":null,""EMERGENC"":""False"",""ETN"":""71"",""EXPIRED"":""202606140045"",""FCSTER"":""Meister"",""GTYPE"":""P"",""HAILTAG"":""1.25"",""HV_CAUSE"":null,""HV_NWSLI"":null,""HV_REC"":null,""HV_SEV"":null,""INIT_EXP"":""202606140045"",""INIT_ISS"":""202606140017"",""ISSUED"":""202606140017"",""NWS_UGC"":null,""PHENOM"":""TO"",""POLY_BEG"":""202606140017"",""POLY_END"":""202606140030"",""PROD_ID"":""202606140017-KOUN-WFUS54-TOROUN"",""SIG"":""W"",""STATUS"":""NEW"",""TORNTAG"":""RADAR INDICATED"",""UPDATED"":""202606140017"",""VTEC_YR"":""2026"",""WFO"":""OUN"",""WINDTAG"":null},""iem_significance"":""W"",""iem_tornadotag"":""RADAR INDICATED"",""iem_ugc"":"""",""iem_wfo"":""OUN"",""iem_windtag"":"""",""senderName"":""OUN"",""status"":""NEW""},""type"":""Feature""}",2026-04-27T17:31:58Z,2026-07-09T05:15:02Z,2026-07-09T18:49:04Z
8137,iem_watchwarn,iem_watchwarn|TOP|319|SV|W|2026-06-14T00:17:00Z|2026-06-14T01:00:00Z|,Severe Thunderstorm Warning,,2026-06-14T00:17:00Z,2026-06-14T01:00:00Z,TOP,NEW,1,"{""coordinates"":[[[-95.56,38.94],[-95.99,38.77],[-96.39,39.06],[-96.39,39.11],[-96.12,39.25],[-95.9,39.42],[-95.18,39.26],[-95.18,39.18],[-95.56,38.94]]],""type"":""Polygon""}","{""_map_py"":{""effective"":""2026-06-14T00:17:00Z"",""event"":""Severe Thunderstorm Warning"",""expires"":""2026-06-14T01:00:00Z"",""has_polygon"":true,""headline"":"""",""sender"":""TOP""},""effective"":""2026-06-14T00:17:00Z"",""event"":""Severe Thunderstorm Warning"",""expires"":""2026-06-14T01:00:00Z"",""headline"":"""",""iem_damagetag"":""CONSIDERABLE"",""iem_emergency"":""False"",""iem_event_id"":""319"",""iem_forecaster"":""Flanagan"",""iem_gtype"":""P"",""iem_hailtag"":""1.25"",""iem_phenomena"":""SV"",""iem_raw_properties"":{""AREA_KM2"":""4227.825047631467"",""DAMAGTAG"":""CONSIDERABLE"",""EMERGENC"":""False"",""ETN"":""319"",""EXPIRED"":""202606140100"",""FCSTER"":""Flanagan"",""GTYPE"":""P"",""HAILTAG"":""1.25"",""HV_CAUSE"":null,""HV_NWSLI"":null,""HV_REC"":null,""HV_SEV"":null,""INIT_EXP"":""202606140100"",""INIT_ISS"":""202606140017"",""ISSUED"":""202606140017"",""NWS_UGC"":null,""PHENOM"":""SV"",""POLY_BEG"":""202606140017"",""POLY_END"":""202606140026"",""PROD_ID"":""202606140017-KTOP-WUUS53-SVRTOP"",""SIG"":""W"",""STATUS"":""NEW"",""TORNTAG"":null,""UPDATED"":""202606140017"",""VTEC_YR"":""2026"",""WFO"":""TOP"",""WINDTAG"":""70.0""},""iem_significance"":""W"",""iem_tornadotag"":"""",""iem_ugc"":"""",""iem_wfo"":""TOP"",""iem_windtag"":""70.0"",""senderName"":""TOP"",""status"":""NEW""}","{""geometry"":{""coordinates"":[[[-95.56,38.94],[-95.99,38.77],[-96.39,39.06],[-96.39,39.11],[-96.12,39.25],[-95.9,39.42],[-95.18,39.26],[-95.18,39.18],[-95.56,38.94]]],""type"":""Polygon""},""properties"":{""_map_py"":{""effective"":""2026-06-14T00:17:00Z"",""event"":""Severe Thunderstorm Warning"",""expires"":""2026-06-14T01:00:00Z"",""has_polygon"":true,""headline"":"""",""sender"":""TOP""},""effective"":""2026-06-14T00:17:00Z"",""event"":""Severe Thunderstorm Warning"",""expires"":""2026-06-14T01:00:00Z"",""headline"":"""",""iem_damagetag"":""CONSIDERABLE"",""iem_emergency"":""False"",""iem_event_id"":""319"",""iem_forecaster"":""Flanagan"",""iem_gtype"":""P"",""iem_hailtag"":""1.25"",""iem_phenomena"":""SV"",""iem_raw_properties"":{""AREA_KM2"":""4227.825047631467"",""DAMAGTAG"":""CONSIDERABLE"",""EMERGENC"":""False"",""ETN"":""319"",""EXPIRED"":""202606140100"",""FCSTER"":""Flanagan"",""GTYPE"":""P"",""HAILTAG"":""1.25"",""HV_CAUSE"":null,""HV_NWSLI"":null,""HV_REC"":null,""HV_SEV"":null,""INIT_EXP"":""202606140100"",""INIT_ISS"":""202606140017"",""ISSUED"":""202606140017"",""NWS_UGC"":null,""PHENOM"":""SV"",""POLY_BEG"":""202606140017"",""POLY_END"":""202606140026"",""PROD_ID"":""202606140017-KTOP-WUUS53-SVRTOP"",""SIG"":""W"",""STATUS"":""NEW"",""TORNTAG"":null,""UPDATED"":""202606140017"",""VTEC_YR"":""2026"",""WFO"":""TOP"",""WINDTAG"":""70.0""},""iem_significance"":""W"",""iem_tornadotag"":"""",""iem_ugc"":"""",""iem_wfo"":""TOP"",""iem_windtag"":""70.0"",""senderName"":""TOP"",""status"":""NEW""},""type"":""Feature""}",2026-04-27T17:31:58Z,2026-07-09T05:15:02Z,2026-07-09T18:49:04Z
8908,iem_watchwarn,iem_watchwarn|MEG|147|SV|W|2026-06-14T00:17:00Z|2026-06-14T01:00:00Z|,Severe Thunderstorm Warning,,2026-06-14T00:17:00Z,2026-06-14T01:00:00Z,MEG,NEW,1,"{""coordinates"":[[[-88.73,34.92],[-89.02,34.99],[-89.02,35.0],[-89.03,34.99],[-89.22,35.04],[-89.21,35.22],[-88.78,35.26],[-88.78,35.25],[-88.72,35.25],[-88.7,35.27],[-88.73,34.92]]],""type"":""Polygon""}","{""_map_py"":{""effective"":""2026-06-14T00:17:00Z"",""event"":""Severe Thunderstorm Warning"",""expires"":""2026-06-14T01:00:00Z"",""has_polygon"":true,""headline"":"""",""sender"":""MEG""},""effective"":""2026-06-14T00:17:00Z"",""event"":""Severe Thunderstorm Warning"",""expires"":""2026-06-14T01:00:00Z"",""headline"":"""",""iem_damagetag"":"""",""iem_emergency"":""False"",""iem_event_id"":""147"",""iem_forecaster"":""DNM"",""iem_gtype"":""P"",""iem_hailtag"":""0.88"",""iem_phenomena"":""SV"",""iem_raw_properties"":{""AREA_KM2"":""1336.389471478035"",""DAMAGTAG"":null,""EMERGENC"":""False"",""ETN"":""147"",""EXPIRED"":""202606140100"",""FCSTER"":""DNM"",""GTYPE"":""P"",""HAILTAG"":""0.88"",""HV_CAUSE"":null,""HV_NWSLI"":null,""HV_REC"":null,""HV_SEV"":null,""INIT_EXP"":""202606140100"",""INIT_ISS"":""202606140017"",""ISSUED"":""202606140017"",""NWS_UGC"":null,""PHENOM"":""SV"",""POLY_BEG"":""202606140017"",""POLY_END"":""202606140042"",""PROD_ID"":""202606140017-KMEG-WUUS54-SVRMEG"",""SIG"":""W"",""STATUS"":""NEW"",""TORNTAG"":null,""UPDATED"":""202606140017"",""VTEC_YR"":""2026"",""WFO"":""MEG"",""WINDTAG"":""60.0""},""iem_significance"":""W"",""iem_tornadotag"":"""",""iem_ugc"":"""",""iem_wfo"":""MEG"",""iem_windtag"":""60.0"",""senderName"":""MEG"",""status"":""NEW""}","{""geometry"":{""coordinates"":[[[-88.73,34.92],[-89.02,34.99],[-89.02,35.0],[-89.03,34.99],[-89.22,35.04],[-89.21,35.22],[-88.78,35.26],[-88.78,35.25],[-88.72,35.25],[-88.7,35.27],[-88.73,34.92]]],""type"":""Polygon""},""properties"":{""_map_py"":{""effective"":""2026-06-14T00:17:00Z"",""event"":""Severe Thunderstorm Warning"",""expires"":""2026-06-14T01:00:00Z"",""has_polygon"":true,""headline"":"""",""sender"":""MEG""},""effective"":""2026-06-14T00:17:00Z"",""event"":""Severe Thunderstorm Warning"",""expires"":""2026-06-14T01:00:00Z"",""headline"":"""",""iem_damagetag"":"""",""iem_emergency"":""False"",""iem_event_id"":""147"",""iem_forecaster"":""DNM"",""iem_gtype"":""P"",""iem_hailtag"":""0.88"",""iem_phenomena"":""SV"",""iem_raw_properties"":{""AREA_KM2"":""1336.389471478035"",""DAMAGTAG"":null,""EMERGENC"":""False"",""ETN"":""147"",""EXPIRED"":""202606140100"",""FCSTER"":""DNM"",""GTYPE"":""P"",""HAILTAG"":""0.88"",""HV_CAUSE"":null,""HV_NWSLI"":null,""HV_REC"":null,""HV_SEV"":null,""INIT_EXP"":""202606140100"",""INIT_ISS"":""202606140017"",""ISSUED"":""202606140017"",""NWS_UGC"":null,""PHENOM"":""SV"",""POLY_BEG"":""202606140017"",""POLY_END"":""202606140042"",""PROD_ID"":""202606140017-KMEG-WUUS54-SVRMEG"",""SIG"":""W"",""STATUS"":""NEW"",""TORNTAG"":null,""UPDATED"":""202606140017"",""VTEC_YR"":""2026"",""WFO"":""MEG"",""WINDTAG"":""60.0""},""iem_significance"":""W"",""iem_tornadotag"":"""",""iem_ugc"":"""",""iem_wfo"":""MEG"",""iem_windtag"":""60.0"",""senderName"":""MEG"",""status"":""NEW""},""type"":""Feature""}",2026-04-27T17:31:58Z,2026-07-09T05:15:02Z,2026-07-09T18:49:04Z
1796,iem_watchwarn,iem_watchwarn|ABQ|88|SV|W|2026-06-14T00:19:00Z|2026-06-14T01:00:00Z|,Severe Thunderstorm Warning,,2026-06-14T00:19:00Z,2026-06-14T01:00:00Z,ABQ,NEW,1,"{""coordinates"":[[[-105.17,34.19],[-105.04,34.33],[-104.68,34.2],[-104.91,33.99],[-105.17,34.19]]],""type"":""Polygon""}","{""_map_py"":{""effective"":""2026-06-14T00:19:00Z"",""event"":""Severe Thunderstorm Warning"",""expires"":""2026-06-14T01:00:00Z"",""has_polygon"":true,""headline"":"""",""sender"":""ABQ""},""effective"":""2026-06-14T00:19:00Z"",""event"":""Severe Thunderstorm Warning"",""expires"":""2026-06-14T01:00:00Z"",""headline"":"""",""iem_damagetag"":"""",""iem_emergency"":""False"",""iem_event_id"":""88"",""iem_forecaster"":""77"",""iem_gtype"":""P"",""iem_hailtag"":""1.0"",""iem_phenomena"":""SV"",""iem_raw_properties"":{""AREA_KM2"":""858.6755168872168"",""DAMAGTAG"":null,""EMERGENC"":""False"",""ETN"":""88"",""EXPIRED"":""202606140100"",""FCSTER"":""77"",""GTYPE"":""P"",""HAILTAG"":""1.0"",""HV_CAUSE"":null,""HV_NWSLI"":null,""HV_REC"":null,""HV_SEV"":null,""INIT_EXP"":""202606140100"",""INIT_ISS"":""202606140019"",""ISSUED"":""202606140019"",""NWS_UGC"":null,""PHENOM"":""SV"",""POLY_BEG"":""202606140019"",""POLY_END"":""202606140039"",""PROD_ID"":""202606140019-KABQ-WUUS55-SVRABQ"",""SIG"":""W"",""STATUS"":""NEW"",""TORNTAG"":null,""UPDATED"":""202606140019"",""VTEC_YR"":""2026"",""WFO"":""ABQ"",""WINDTAG"":""60.0""},""iem_significance"":""W"",""iem_tornadotag"":"""",""iem_ugc"":"""",""iem_wfo"":""ABQ"",""iem_windtag"":""60.0"",""senderName"":""ABQ"",""status"":""NEW""}","{""geometry"":{""coordinates"":[[[-105.17,34.19],[-105.04,34.33],[-104.68,34.2],[-104.91,33.99],[-105.17,34.19]]],""type"":""Polygon""},""properties"":{""_map_py"":{""effective"":""2026-06-14T00:19:00Z"",""event"":""Severe Thunderstorm Warning"",""expires"":""2026-06-14T01:00:00Z"",""has_polygon"":true,""headline"":"""",""sender"":""ABQ""},""effective"":""2026-06-14T00:19:00Z"",""event"":""Severe Thunderstorm Warning"",""expires"":""2026-06-14T01:00:00Z"",""headline"":"""",""iem_damagetag"":"""",""iem_emergency"":""False"",""iem_event_id"":""88"",""iem_forecaster"":""77"",""iem_gtype"":""P"",""iem_hailtag"":""1.0"",""iem_phenomena"":""SV"",""iem_raw_properties"":{""AREA_KM2"":""858.6755168872168"",""DAMAGTAG"":null,""EMERGENC"":""False"",""ETN"":""88"",""EXPIRED"":""202606140100"",""FCSTER"":""77"",""GTYPE"":""P"",""HAILTAG"":""1.0"",""HV_CAUSE"":null,""HV_NWSLI"":null,""HV_REC"":null,""HV_SEV"":null,""INIT_EXP"":""202606140100"",""INIT_ISS"":""202606140019"",""ISSUED"":""202606140019"",""NWS_UGC"":null,""PHENOM"":""SV"",""POLY_BEG"":""202606140019"",""POLY_END"":""202606140039"",""PROD_ID"":""202606140019-KABQ-WUUS55-SVRABQ"",""SIG"":""W"",""STATUS"":""NEW"",""TORNTAG"":null,""UPDATED"":""202606140019"",""VTEC_YR"":""2026"",""WFO"":""ABQ"",""WINDTAG"":""60.0""},""iem_significance"":""W"",""iem_tornadotag"":"""",""iem_ugc"":"""",""iem_wfo"":""ABQ"",""iem_windtag"":""60.0"",""senderName"":""ABQ"",""status"":""NEW""},""type"":""Feature""}",2026-04-27T17:31:58Z,2026-07-09T05:15:02Z,2026-07-09T18:49:04Z
6148,iem_watchwarn,iem_watchwarn|TOP|320|SV|W|2026-06-14T00:19:00Z|2026-06-14T01:15:00Z|,Severe Thunderstorm Warning,,2026-06-14T00:19:00Z,2026-06-14T01:15:00Z,TOP,NEW,1,"{""coordinates"":[[[-96.65,38.62],[-96.95,39.0],[-96.7,39.07],[-96.43,39.16],[-95.98,38.78],[-96.19,38.72],[-96.65,38.62]]],""type"":""Polygon""}","{""_map_py"":{""effective"":""2026-06-14T00:19:00Z"",""event"":""Severe Thunderstorm Warning"",""expires"":""2026-06-14T01:15:00Z"",""has_polygon"":true,""headline"":"""",""sender"":""TOP""},""effective"":""2026-06-14T00:19:00Z"",""event"":""Severe Thunderstorm Warning"",""expires"":""2026-06-14T01:15:00Z"",""headline"":"""",""iem_damagetag"":""CONSIDERABLE"",""iem_emergency"":""False"",""iem_event_id"":""320"",""iem_forecaster"":""Flanagan"",""iem_gtype"":""P"",""iem_hailtag"":""1.5"",""iem_phenomena"":""SV"",""iem_raw_properties"":{""AREA_KM2"":""2768.457007594072"",""DAMAGTAG"":""CONSIDERABLE"",""EMERGENC"":""False"",""ETN"":""320"",""EXPIRED"":""202606140115"",""FCSTER"":""Flanagan"",""GTYPE"":""P"",""HAILTAG"":""1.5"",""HV_CAUSE"":null,""HV_NWSLI"":null,""HV_REC"":null,""HV_SEV"":null,""INIT_EXP"":""202606140115"",""INIT_ISS"":""202606140019"",""ISSUED"":""202606140019"",""NWS_UGC"":null,""PHENOM"":""SV"",""POLY_BEG"":""202606140019"",""POLY_END"":""202606140038"",""PROD_ID"":""202606140019-KTOP-WUUS53-SVRTOP"",""SIG"":""W"",""STATUS"":""NEW"",""TORNTAG"":null,""UPDATED"":""202606140019"",""VTEC_YR"":""2026"",""WFO"":""TOP"",""WINDTAG"":""70.0""},""iem_significance"":""W"",""iem_tornadotag"":"""",""iem_ugc"":"""",""iem_wfo"":""TOP"",""iem_windtag"":""70.0"",""senderName"":""TOP"",""status"":""NEW""}","{""geometry"":{""coordinates"":[[[-96.65,38.62],[-96.95,39.0],[-96.7,39.07],[-96.43,39.16],[-95.98,38.78],[-96.19,38.72],[-96.65,38.62]]],""type"":""Polygon""},""properties"":{""_map_py"":{""effective"":""2026-06-14T00:19:00Z"",""event"":""Severe Thunderstorm Warning"",""expires"":""2026-06-14T01:15:00Z"",""has_polygon"":true,""headline"":"""",""sender"":""TOP""},""effective"":""2026-06-14T00:19:00Z"",""event"":""Severe Thunderstorm Warning"",""expires"":""2026-06-14T01:15:00Z"",""headline"":"""",""iem_damagetag"":""CONSIDERABLE"",""iem_emergency"":""False"",""iem_event_id"":""320"",""iem_forecaster"":""Flanagan"",""iem_gtype"":""P"",""iem_hailtag"":""1.5"",""iem_phenomena"":""SV"",""iem_raw_properties"":{""AREA_KM2"":""2768.457007594072"",""DAMAGTAG"":""CONSIDERABLE"",""EMERGENC"":""False"",""ETN"":""320"",""EXPIRED"":""202606140115"",""FCSTER"":""Flanagan"",""GTYPE"":""P"",""HAILTAG"":""1.5"",""HV_CAUSE"":null,""HV_NWSLI"":null,""HV_REC"":null,""HV_SEV"":null,""INIT_EXP"":""202606140115"",""INIT_ISS"":""202606140019"",""ISSUED"":""202606140019"",""NWS_UGC"":null,""PHENOM"":""SV"",""POLY_BEG"":""202606140019"",""POLY_END"":""202606140038"",""PROD_ID"":""202606140019-KTOP-WUUS53-SVRTOP"",""SIG"":""W"",""STATUS"":""NEW"",""TORNTAG"":null,""UPDATED"":""202606140019"",""VTEC_YR"":""2026"",""WFO"":""TOP"",""WINDTAG"":""70.0""},""iem_significance"":""W"",""iem_tornadotag"":"""",""iem_ugc"":"""",""iem_wfo"":""TOP"",""iem_windtag"":""70.0"",""senderName"":""TOP"",""status"":""NEW""},""type"":""Feature""}",2026-04-27T17:31:58Z,2026-07-09T05:15:02Z,2026-07-09T18:49:04Z
11145,iem_watchwarn,iem_watchwarn|TSA|253|SV|W|2026-06-14T00:20:00Z|2026-06-14T01:00:00Z|,Severe Thunderstorm Warning,,2026-06-14T00:20:00Z,2026-06-14T01:00:00Z,TSA,NEW,1,"{""coordinates"":[[[-97.03,36.7],[-96.93,36.69],[-96.92,36.72],[-96.89,36.75],[-96.83,36.74],[-96.82,36.77],[-96.75,36.78],[-96.75,36.89],[-96.63,36.9],[-96.74,36.45],[-97.02,36.51],[-96.98,36.53],[-96.9,36.55],[-96.89,36.58],[-96.92,36.6],[-96.98,36.58],[-97.05,36.59],[-97.04,36.6],[-97.06,36.68],[-97.03,36.7]]],""type"":""Polygon""}","{""_map_py"":{""effective"":""2026-06-14T00:20:00Z"",""event"":""Severe Thunderstorm Warning"",""expires"":""2026-06-14T01:00:00Z"",""has_polygon"":true,""headline"":"""",""sender"":""TSA""},""effective"":""2026-06-14T00:20:00Z"",""event"":""Severe Thunderstorm Warning"",""expires"":""2026-06-14T01:00:00Z"",""headline"":"""",""iem_damagetag"":"""",""iem_emergency"":""False"",""iem_event_id"":""253"",""iem_forecaster"":"""",""iem_gtype"":""P"",""iem_hailtag"":""1.25"",""iem_phenomena"":""SV"",""iem_raw_properties"":{""AREA_KM2"":""924.7325411544127"",""DAMAGTAG"":null,""EMERGENC"":""False"",""ETN"":""253"",""EXPIRED"":""202606140100"",""FCSTER"":null,""GTYPE"":""P"",""HAILTAG"":""1.25"",""HV_CAUSE"":null,""HV_NWSLI"":null,""HV_REC"":null,""HV_SEV"":null,""INIT_EXP"":""202606140100"",""INIT_ISS"":""202606140020"",""ISSUED"":""202606140020"",""NWS_UGC"":null,""PHENOM"":""SV"",""POLY_BEG"":""202606140020"",""POLY_END"":""202606140043"",""PROD_ID"":""202606140020-KTSA-WUUS54-SVRTSA"",""SIG"":""W"",""STATUS"":""NEW"",""TORNTAG"":null,""UPDATED"":""202606140020"",""VTEC_YR"":""2026"",""WFO"":""TSA"",""WINDTAG"":""60.0""},""iem_significance"":""W"",""iem_tornadotag"":"""",""iem_ugc"":"""",""iem_wfo"":""TSA"",""iem_windtag"":""60.0"",""senderName"":""TSA"",""status"":""NEW""}","{""geometry"":{""coordinates"":[[[-97.03,36.7],[-96.93,36.69],[-96.92,36.72],[-96.89,36.75],[-96.83,36.74],[-96.82,36.77],[-96.75,36.78],[-96.75,36.89],[-96.63,36.9],[-96.74,36.45],[-97.02,36.51],[-96.98,36.53],[-96.9,36.55],[-96.89,36.58],[-96.92,36.6],[-96.98,36.58],[-97.05,36.59],[-97.04,36.6],[-97.06,36.68],[-97.03,36.7]]],""type"":""Polygon""},""properties"":{""_map_py"":{""effective"":""2026-06-14T00:20:00Z"",""event"":""Severe Thunderstorm Warning"",""expires"":""2026-06-14T01:00:00Z"",""has_polygon"":true,""headline"":"""",""sender"":""TSA""},""effective"":""2026-06-14T00:20:00Z"",""event"":""Severe Thunderstorm Warning"",""expires"":""2026-06-14T01:00:00Z"",""headline"":"""",""iem_damagetag"":"""",""iem_emergency"":""False"",""iem_event_id"":""253"",""iem_forecaster"":"""",""iem_gtype"":""P"",""iem_hailtag"":""1.25"",""iem_phenomena"":""SV"",""iem_raw_properties"":{""AREA_KM2"":""924.7325411544127"",""DAMAGTAG"":null,""EMERGENC"":""False"",""ETN"":""253"",""EXPIRED"":""202606140100"",""FCSTER"":null,""GTYPE"":""P"",""HAILTAG"":""1.25"",""HV_CAUSE"":null,""HV_NWSLI"":null,""HV_REC"":null,""HV_SEV"":null,""INIT_EXP"":""202606140100"",""INIT_ISS"":""202606140020"",""ISSUED"":""202606140020"",""NWS_UGC"":null,""PHENOM"":""SV"",""POLY_BEG"":""202606140020"",""POLY_END"":""202606140043"",""PROD_ID"":""202606140020-KTSA-WUUS54-SVRTSA"",""SIG"":""W"",""STATUS"":""NEW"",""TORNTAG"":null,""UPDATED"":""202606140020"",""VTEC_YR"":""2026"",""WFO"":""TSA"",""WINDTAG"":""60.0""},""iem_significance"":""W"",""iem_tornadotag"":"""",""iem_ugc"":"""",""iem_wfo"":""TSA"",""iem_windtag"":""60.0"",""senderName"":""TSA"",""status"":""NEW""},""type"":""Feature""}",2026-04-27T17:31:58Z,2026-07-09T05:15:02Z,2026-07-09T18:49:04Z
2679,iem_watchwarn,iem_watchwarn|ICT|278|SV|W|2026-06-14T00:21:00Z|2026-06-14T01:00:00Z|,Severe Thunderstorm Warning,,2026-06-14T00:21:00Z,2026-06-14T01:00:00Z,ICT,NEW,1,"{""coordinates"":[[[-96.79,37.26],[-97.0,37.45],[-96.64,37.88],[-96.22,37.55],[-96.79,37.26]]],""type"":""Polygon""}","{""_map_py"":{""effective"":""2026-06-14T00:21:00Z"",""event"":""Severe Thunderstorm Warning"",""expires"":""2026-06-14T01:00:00Z"",""has_polygon"":true,""headline"":"""",""sender"":""ICT""},""effective"":""2026-06-14T00:21:00Z"",""event"":""Severe Thunderstorm Warning"",""expires"":""2026-06-14T01:00:00Z"",""headline"":"""",""iem_damagetag"":""CONSIDERABLE"",""iem_emergency"":""False"",""iem_event_id"":""278"",""iem_forecaster"":""KAUFMAN"",""iem_gtype"":""P"",""iem_hailtag"":""1.75"",""iem_phenomena"":""SV"",""iem_raw_properties"":{""AREA_KM2"":""2297.3938584477646"",""DAMAGTAG"":""CONSIDERABLE"",""EMERGENC"":""False"",""ETN"":""278"",""EXPIRED"":""202606140100"",""FCSTER"":""KAUFMAN"",""GTYPE"":""P"",""HAILTAG"":""1.75"",""HV_CAUSE"":null,""HV_NWSLI"":null,""HV_REC"":null,""HV_SEV"":null,""INIT_EXP"":""202606140100"",""INIT_ISS"":""202606140021"",""ISSUED"":""202606140021"",""NWS_UGC"":null,""PHENOM"":""SV"",""POLY_BEG"":""202606140021"",""POLY_END"":""202606140047"",""PROD_ID"":""202606140021-KICT-WUUS53-SVRICT"",""SIG"":""W"",""STATUS"":""NEW"",""TORNTAG"":null,""UPDATED"":""202606140021"",""VTEC_YR"":""2026"",""WFO"":""ICT"",""WINDTAG"":""70.0""},""iem_significance"":""W"",""iem_tornadotag"":"""",""iem_ugc"":"""",""iem_wfo"":""ICT"",""iem_windtag"":""70.0"",""senderName"":""ICT"",""status"":""NEW""}","{""geometry"":{""coordinates"":[[[-96.79,37.26],[-97.0,37.45],[-96.64,37.88],[-96.22,37.55],[-96.79,37.26]]],""type"":""Polygon""},""properties"":{""_map_py"":{""effective"":""2026-06-14T00:21:00Z"",""event"":""Severe Thunderstorm Warning"",""expires"":""2026-06-14T01:00:00Z"",""has_polygon"":true,""headline"":"""",""sender"":""ICT""},""effective"":""2026-06-14T00:21:00Z"",""event"":""Severe Thunderstorm Warning"",""expires"":""2026-06-14T01:00:00Z"",""headline"":"""",""iem_damagetag"":""CONSIDERABLE"",""iem_emergency"":""False"",""iem_event_id"":""278"",""iem_forecaster"":""KAUFMAN"",""iem_gtype"":""P"",""iem_hailtag"":""1.75"",""iem_phenomena"":""SV"",""iem_raw_properties"":{""AREA_KM2"":""2297.3938584477646"",""DAMAGTAG"":""CONSIDERABLE"",""EMERGENC"":""False"",""ETN"":""278"",""EXPIRED"":""202606140100"",""FCSTER"":""KAUFMAN"",""GTYPE"":""P"",""HAILTAG"":""1.75"",""HV_CAUSE"":null,""HV_NWSLI"":null,""HV_REC"":null,""HV_SEV"":null,""INIT_EXP"":""202606140100"",""INIT_ISS"":""202606140021"",""ISSUED"":""202606140021"",""NWS_UGC"":null,""PHENOM"":""SV"",""POLY_BEG"":""202606140021"",""POLY_END"":""202606140047"",""PROD_ID"":""202606140021-KICT-WUUS53-SVRICT"",""SIG"":""W"",""STATUS"":""NEW"",""TORNTAG"":null,""UPDATED"":""202606140021"",""VTEC_YR"":""2026"",""WFO"":""ICT"",""WINDTAG"":""70.0""},""iem_significance"":""W"",""iem_tornadotag"":"""",""iem_ugc"":"""",""iem_wfo"":""ICT"",""iem_windtag"":""70.0"",""senderName"":""ICT"",""status"":""NEW""},""type"":""Feature""}",2026-04-27T17:31:58Z,2026-07-09T05:15:02Z,2026-07-09T18:49:04Z
1370,iem_watchwarn,iem_watchwarn|AMA|131|SV|W|2026-06-14T00:23:00Z|2026-06-14T01:30:00Z|,Severe Thunderstorm Warning,,2026-06-14T00:23:00Z,2026-06-14T01:30:00Z,AMA,NEW,1,"{""coordinates"":[[[-100.94,35.8],[-101.03,36.02],[-100.73,36.15],[-100.6,35.85],[-100.94,35.8]]],""type"":""Polygon""}","{""_map_py"":{""effective"":""2026-06-14T00:23:00Z"",""event"":""Severe Thunderstorm Warning"",""expires"":""2026-06-14T01:30:00Z"",""has_polygon"":true,""headline"":"""",""sender"":""AMA""},""effective"":""2026-06-14T00:23:00Z"",""event"":""Severe Thunderstorm Warning"",""expires"":""2026-06-14T01:30:00Z"",""headline"":"""",""iem_damagetag"":"""",""iem_emergency"":""False"",""iem_event_id"":""131"",""iem_forecaster"":""SS"",""iem_gtype"":""P"",""iem_hailtag"":""1.0"",""iem_phenomena"":""SV"",""iem_raw_properties"":{""AREA_KM2"":""931.9472505660336"",""DAMAGTAG"":null,""EMERGENC"":""False"",""ETN"":""131"",""EXPIRED"":""202606140130"",""FCSTER"":""SS"",""GTYPE"":""P"",""HAILTAG"":""1.0"",""HV_CAUSE"":null,""HV_NWSLI"":null,""HV_REC"":null,""HV_SEV"":null,""INIT_EXP"":""202606140130"",""INIT_ISS"":""202606140023"",""ISSUED"":""202606140023"",""NWS_UGC"":null,""PHENOM"":""SV"",""POLY_BEG"":""202606140023"",""POLY_END"":""202606140105"",""PROD_ID"":""202606140023-KAMA-WUUS54-SVRAMA"",""SIG"":""W"",""STATUS"":""NEW"",""TORNTAG"":null,""UPDATED"":""202606140023"",""VTEC_YR"":""2026"",""WFO"":""AMA"",""WINDTAG"":""60.0""},""iem_significance"":""W"",""iem_tornadotag"":"""",""iem_ugc"":"""",""iem_wfo"":""AMA"",""iem_windtag"":""60.0"",""senderName"":""AMA"",""status"":""NEW""}","{""geometry"":{""coordinates"":[[[-100.94,35.8],[-101.03,36.02],[-100.73,36.15],[-100.6,35.85],[-100.94,35.8]]],""type"":""Polygon""},""properties"":{""_map_py"":{""effective"":""2026-06-14T00:23:00Z"",""event"":""Severe Thunderstorm Warning"",""expires"":""2026-06-14T01:30:00Z"",""has_polygon"":true,""headline"":"""",""sender"":""AMA""},""effective"":""2026-06-14T00:23:00Z"",""event"":""Severe Thunderstorm Warning"",""expires"":""2026-06-14T01:30:00Z"",""headline"":"""",""iem_damagetag"":"""",""iem_emergency"":""False"",""iem_event_id"":""131"",""iem_forecaster"":""SS"",""iem_gtype"":""P"",""iem_hailtag"":""1.0"",""iem_phenomena"":""SV"",""iem_raw_properties"":{""AREA_KM2"":""931.9472505660336"",""DAMAGTAG"":null,""EMERGENC"":""False"",""ETN"":""131"",""EXPIRED"":""202606140130"",""FCSTER"":""SS"",""GTYPE"":""P"",""HAILTAG"":""1.0"",""HV_CAUSE"":null,""HV_NWSLI"":null,""HV_REC"":null,""HV_SEV"":null,""INIT_EXP"":""202606140130"",""INIT_ISS"":""202606140023"",""ISSUED"":""202606140023"",""NWS_UGC"":null,""PHENOM"":""SV"",""POLY_BEG"":""202606140023"",""POLY_END"":""202606140105"",""PROD_ID"":""202606140023-KAMA-WUUS54-SVRAMA"",""SIG"":""W"",""STATUS"":""NEW"",""TORNTAG"":null,""UPDATED"":""202606140023"",""VTEC_YR"":""2026"",""WFO"":""AMA"",""WINDTAG"":""60.0""},""iem_significance"":""W"",""iem_tornadotag"":"""",""iem_ugc"":"""",""iem_wfo"":""AMA"",""iem_windtag"":""60.0"",""senderName"":""AMA"",""status"":""NEW""},""type"":""Feature""}",2026-04-27T17:31:58Z,2026-07-09T05:15:02Z,2026-07-09T18:49:04Z
383,iem_watchwarn,iem_watchwarn|AMA|132|SV|W|2026-06-14T00:29:00Z|2026-06-14T00:59:00Z|,Severe Thunderstorm Warning,,2026-06-14T00:29:00Z,2026-06-14T00:59:00Z,AMA,NEW,1,"{""coordinates"":[[[-102.07,36.34],[-101.99,36.45],[-101.44,36.36],[-101.62,36.06],[-102.07,36.34]]],""type"":""Polygon""}","{""_map_py"":{""effective"":""2026-06-14T00:29:00Z"",""event"":""Severe Thunderstorm Warning"",""expires"":""2026-06-14T00:59:00Z"",""has_polygon"":true,""headline"":"""",""sender"":""AMA""},""effective"":""2026-06-14T00:29:00Z"",""event"":""Severe Thunderstorm Warning"",""expires"":""2026-06-14T00:59:00Z"",""headline"":"""",""iem_damagetag"":"""",""iem_emergency"":""False"",""iem_event_id"":""132"",""iem_forecaster"":""MJG"",""iem_gtype"":""P"",""iem_hailtag"":""1.0"",""iem_phenomena"":""SV"",""iem_raw_properties"":{""AREA_KM2"":""1260.709976654154"",""DAMAGTAG"":null,""EMERGENC"":""False"",""ETN"":""132"",""EXPIRED"":""202606140059"",""FCSTER"":""MJG"",""GTYPE"":""P"",""HAILTAG"":""1.0"",""HV_CAUSE"":null,""HV_NWSLI"":null,""HV_REC"":null,""HV_SEV"":null,""INIT_EXP"":""202606140130"",""INIT_ISS"":""202606140029"",""ISSUED"":""202606140029"",""NWS_UGC"":null,""PHENOM"":""SV"",""POLY_BEG"":""202606140029"",""POLY_END"":""202606140049"",""PROD_ID"":""202606140029-KAMA-WUUS54-SVRAMA"",""SIG"":""W"",""STATUS"":""NEW"",""TORNTAG"":null,""UPDATED"":""202606140029"",""VTEC_YR"":""2026"",""WFO"":""AMA"",""WINDTAG"":""60.0""},""iem_significance"":""W"",""iem_tornadotag"":"""",""iem_ugc"":"""",""iem_wfo"":""AMA"",""iem_windtag"":""60.0"",""senderName"":""AMA"",""status"":""NEW""}","{""geometry"":{""coordinates"":[[[-102.07,36.34],[-101.99,36.45],[-101.44,36.36],[-101.62,36.06],[-102.07,36.34]]],""type"":""Polygon""},""properties"":{""_map_py"":{""effective"":""2026-06-14T00:29:00Z"",""event"":""Severe Thunderstorm Warning"",""expires"":""2026-06-14T00:59:00Z"",""has_polygon"":true,""headline"":"""",""sender"":""AMA""},""effective"":""2026-06-14T00:29:00Z"",""event"":""Severe Thunderstorm Warning"",""expires"":""2026-06-14T00:59:00Z"",""headline"":"""",""iem_damagetag"":"""",""iem_emergency"":""False"",""iem_event_id"":""132"",""iem_forecaster"":""MJG"",""iem_gtype"":""P"",""iem_hailtag"":""1.0"",""iem_phenomena"":""SV"",""iem_raw_properties"":{""AREA_KM2"":""1260.709976654154"",""DAMAGTAG"":null,""EMERGENC"":""False"",""ETN"":""132"",""EXPIRED"":""202606140059"",""FCSTER"":""MJG"",""GTYPE"":""P"",""HAILTAG"":""1.0"",""HV_CAUSE"":null,""HV_NWSLI"":null,""HV_REC"":null,""HV_SEV"":null,""INIT_EXP"":""202606140130"",""INIT_ISS"":""202606140029"",""ISSUED"":""202606140029"",""NWS_UGC"":null,""PHENOM"":""SV"",""POLY_BEG"":""202606140029"",""POLY_END"":""202606140049"",""PROD_ID"":""202606140029-KAMA-WUUS54-SVRAMA"",""SIG"":""W"",""STATUS"":""NEW"",""TORNTAG"":null,""UPDATED"":""202606140029"",""VTEC_YR"":""2026"",""WFO"":""AMA"",""WINDTAG"":""60.0""},""iem_significance"":""W"",""iem_tornadotag"":"""",""iem_ugc"":"""",""iem_wfo"":""AMA"",""iem_windtag"":""60.0"",""senderName"":""AMA"",""status"":""NEW""},""type"":""Feature""}",2026-04-27T17:31:58Z,2026-07-09T05:15:02Z,2026-07-09T18:49:04Z
6003,iem_watchwarn,iem_watchwarn|ICT|279|SV|W|2026-06-14T00:30:00Z|2026-06-14T01:08:00Z|,Severe Thunderstorm Warning,,2026-06-14T00:30:00Z,2026-06-14T01:08:00Z,ICT,NEW,1,"{""coordinates"":[[[-97.92,38.53],[-97.73,38.18],[-98.47,38.17],[-98.47,38.26],[-98.62,38.26],[-98.66,38.52],[-97.92,38.53]]],""type"":""Polygon""}","{""_map_py"":{""effective"":""2026-06-14T00:30:00Z"",""event"":""Severe Thunderstorm Warning"",""expires"":""2026-06-14T01:08:00Z"",""has_polygon"":true,""headline"":"""",""sender"":""ICT""},""effective"":""2026-06-14T00:30:00Z"",""event"":""Severe Thunderstorm Warning"",""expires"":""2026-06-14T01:08:00Z"",""headline"":"""",""iem_damagetag"":""CONSIDERABLE"",""iem_emergency"":""False"",""iem_event_id"":""279"",""iem_forecaster"":""KLEINSASSER"",""iem_gtype"":""P"",""iem_hailtag"":""2.0"",""iem_phenomena"":""SV"",""iem_raw_properties"":{""AREA_KM2"":""2636.394433460065"",""DAMAGTAG"":""CONSIDERABLE"",""EMERGENC"":""False"",""ETN"":""279"",""EXPIRED"":""202606140108"",""FCSTER"":""KLEINSASSER"",""GTYPE"":""P"",""HAILTAG"":""2.0"",""HV_CAUSE"":null,""HV_NWSLI"":null,""HV_REC"":null,""HV_SEV"":null,""INIT_EXP"":""202606140130"",""INIT_ISS"":""202606140030"",""ISSUED"":""202606140030"",""NWS_UGC"":null,""PHENOM"":""SV"",""POLY_BEG"":""202606140030"",""POLY_END"":""202606140056"",""PROD_ID"":""202606140030-KICT-WUUS53-SVRICT"",""SIG"":""W"",""STATUS"":""NEW"",""TORNTAG"":null,""UPDATED"":""202606140030"",""VTEC_YR"":""2026"",""WFO"":""ICT"",""WINDTAG"":""70.0""},""iem_significance"":""W"",""iem_tornadotag"":"""",""iem_ugc"":"""",""iem_wfo"":""ICT"",""iem_windtag"":""70.0"",""senderName"":""ICT"",""status"":""NEW""}","{""geometry"":{""coordinates"":[[[-97.92,38.53],[-97.73,38.18],[-98.47,38.17],[-98.47,38.26],[-98.62,38.26],[-98.66,38.52],[-97.92,38.53]]],""type"":""Polygon""},""properties"":{""_map_py"":{""effective"":""2026-06-14T00:30:00Z"",""event"":""Severe Thunderstorm Warning"",""expires"":""2026-06-14T01:08:00Z"",""has_polygon"":true,""headline"":"""",""sender"":""ICT""},""effective"":""2026-06-14T00:30:00Z"",""event"":""Severe Thunderstorm Warning"",""expires"":""2026-06-14T01:08:00Z"",""headline"":"""",""iem_damagetag"":""CONSIDERABLE"",""iem_emergency"":""False"",""iem_event_id"":""279"",""iem_forecaster"":""KLEINSASSER"",""iem_gtype"":""P"",""iem_hailtag"":""2.0"",""iem_phenomena"":""SV"",""iem_raw_properties"":{""AREA_KM2"":""2636.394433460065"",""DAMAGTAG"":""CONSIDERABLE"",""EMERGENC"":""False"",""ETN"":""279"",""EXPIRED"":""202606140108"",""FCSTER"":""KLEINSASSER"",""GTYPE"":""P"",""HAILTAG"":""2.0"",""HV_CAUSE"":null,""HV_NWSLI"":null,""HV_REC"":null,""HV_SEV"":null,""INIT_EXP"":""202606140130"",""INIT_ISS"":""202606140030"",""ISSUED"":""202606140030"",""NWS_UGC"":null,""PHENOM"":""SV"",""POLY_BEG"":""202606140030"",""POLY_END"":""202606140056"",""PROD_ID"":""202606140030-KICT-WUUS53-SVRICT"",""SIG"":""W"",""STATUS"":""NEW"",""TORNTAG"":null,""UPDATED"":""202606140030"",""VTEC_YR"":""2026"",""WFO"":""ICT"",""WINDTAG"":""70.0""},""iem_significance"":""W"",""iem_tornadotag"":"""",""iem_ugc"":"""",""iem_wfo"":""ICT"",""iem_windtag"":""70.0"",""senderName"":""ICT"",""status"":""NEW""},""type"":""Feature""}",2026-04-27T17:31:58Z,2026-07-09T05:15:02Z,2026-07-09T18:49:04Z
11050,iem_watchwarn,iem_watchwarn|EAX|382|SV|W|2026-06-14T00:31:00Z|2026-06-14T01:30:00Z|,Severe Thunderstorm Warning,,2026-06-14T00:31:00Z,2026-06-14T01:30:00Z,EAX,NEW,1,"{""coordinates"":[[[-95.56,39.65],[-95.34,39.65],[-95.34,39.74],[-94.37,39.46],[-94.77,39.06],[-94.8,39.04],[-94.87,39.06],[-94.92,38.98],[-94.92,38.99],[-94.97,38.98],[-95.02,39.0],[-95.04,38.97],[-95.08,38.99],[-95.08,38.96],[-95.16,38.98],[-95.19,38.96],[-95.18,39.42],[-95.57,39.42],[-95.56,39.65]]],""type"":""Polygon""}","{""_map_py"":{""effective"":""2026-06-14T00:31:00Z"",""event"":""Severe Thunderstorm Warning"",""expires"":""2026-06-14T01:30:00Z"",""has_polygon"":true,""headline"":"""",""sender"":""EAX""},""effective"":""2026-06-14T00:31:00Z"",""event"":""Severe Thunderstorm Warning"",""expires"":""2026-06-14T01:30:00Z"",""headline"":"""",""iem_damagetag"":""CONSIDERABLE"",""iem_emergency"":""False"",""iem_event_id"":""382"",""iem_forecaster"":""Patterson"",""iem_gtype"":""P"",""iem_hailtag"":""1.0"",""iem_phenomena"":""SV"",""iem_raw_properties"":{""AREA_KM2"":""4441.577366091573"",""DAMAGTAG"":""CONSIDERABLE"",""EMERGENC"":""False"",""ETN"":""382"",""EXPIRED"":""202606140130"",""FCSTER"":""Patterson"",""GTYPE"":""P"",""HAILTAG"":""1.0"",""HV_CAUSE"":null,""HV_NWSLI"":null,""HV_REC"":null,""HV_SEV"":null,""INIT_EXP"":""202606140130"",""INIT_ISS"":""202606140031"",""ISSUED"":""202606140031"",""NWS_UGC"":null,""PHENOM"":""SV"",""POLY_BEG"":""202606140031"",""POLY_END"":""202606140050"",""PROD_ID"":""202606140031-KEAX-WUUS53-SVREAX"",""SIG"":""W"",""STATUS"":""NEW"",""TORNTAG"":null,""UPDATED"":""202606140031"",""VTEC_YR"":""2026"",""WFO"":""EAX"",""WINDTAG"":""70.0""},""iem_significance"":""W"",""iem_tornadotag"":"""",""iem_ugc"":"""",""iem_wfo"":""EAX"",""iem_windtag"":""70.0"",""senderName"":""EAX"",""status"":""NEW""}","{""geometry"":{""coordinates"":[[[-95.56,39.65],[-95.34,39.65],[-95.34,39.74],[-94.37,39.46],[-94.77,39.06],[-94.8,39.04],[-94.87,39.06],[-94.92,38.98],[-94.92,38.99],[-94.97,38.98],[-95.02,39.0],[-95.04,38.97],[-95.08,38.99],[-95.08,38.96],[-95.16,38.98],[-95.19,38.96],[-95.18,39.42],[-95.57,39.42],[-95.56,39.65]]],""type"":""Polygon""},""properties"":{""_map_py"":{""effective"":""2026-06-14T00:31:00Z"",""event"":""Severe Thunderstorm Warning"",""expires"":""2026-06-14T01:30:00Z"",""has_polygon"":true,""headline"":"""",""sender"":""EAX""},""effective"":""2026-06-14T00:31:00Z"",""event"":""Severe Thunderstorm Warning"",""expires"":""2026-06-14T01:30:00Z"",""headline"":"""",""iem_damagetag"":""CONSIDERABLE"",""iem_emergency"":""False"",""iem_event_id"":""382"",""iem_forecaster"":""Patterson"",""iem_gtype"":""P"",""iem_hailtag"":""1.0"",""iem_phenomena"":""SV"",""iem_raw_properties"":{""AREA_KM2"":""4441.577366091573"",""DAMAGTAG"":""CONSIDERABLE"",""EMERGENC"":""False"",""ETN"":""382"",""EXPIRED"":""202606140130"",""FCSTER"":""Patterson"",""GTYPE"":""P"",""HAILTAG"":""1.0"",""HV_CAUSE"":null,""HV_NWSLI"":null,""HV_REC"":null,""HV_SEV"":null,""INIT_EXP"":""202606140130"",""INIT_ISS"":""202606140031"",""ISSUED"":""202606140031"",""NWS_UGC"":null,""PHENOM"":""SV"",""POLY_BEG"":""202606140031"",""POLY_END"":""202606140050"",""PROD_ID"":""202606140031-KEAX-WUUS53-SVREAX"",""SIG"":""W"",""STATUS"":""NEW"",""TORNTAG"":null,""UPDATED"":""202606140031"",""VTEC_YR"":""2026"",""WFO"":""EAX"",""WINDTAG"":""70.0""},""iem_significance"":""W"",""iem_tornadotag"":"""",""iem_ugc"":"""",""iem_wfo"":""EAX"",""iem_windtag"":""70.0"",""senderName"":""EAX"",""status"":""NEW""},""type"":""Feature""}",2026-04-27T17:31:58Z,2026-07-09T05:15:02Z,2026-07-09T18:49:04Z
10516,iem_watchwarn,iem_watchwarn|TOP|321|SV|W|2026-06-14T00:35:00Z|2026-06-14T01:30:00Z|,Severe Thunderstorm Warning,,2026-06-14T00:35:00Z,2026-06-14T01:30:00Z,TOP,NEW,1,"{""coordinates"":[[[-95.67,38.56],[-96.09,38.87],[-95.56,39.08],[-95.24,39.27],[-95.18,39.25],[-95.19,38.97],[-95.17,38.96],[-95.16,38.98],[-95.13,38.97],[-95.11,38.97],[-95.09,38.95],[-95.08,38.96],[-95.08,38.98],[-95.06,38.99],[-95.06,38.76],[-95.67,38.56]]],""type"":""Polygon""}","{""_map_py"":{""effective"":""2026-06-14T00:35:00Z"",""event"":""Severe Thunderstorm Warning"",""expires"":""2026-06-14T01:30:00Z"",""has_polygon"":true,""headline"":"""",""sender"":""TOP""},""effective"":""2026-06-14T00:35:00Z"",""event"":""Severe Thunderstorm Warning"",""expires"":""2026-06-14T01:30:00Z"",""headline"":"""",""iem_damagetag"":""CONSIDERABLE"",""iem_emergency"":""False"",""iem_event_id"":""321"",""iem_forecaster"":""Flanagan"",""iem_gtype"":""P"",""iem_hailtag"":""1.0"",""iem_phenomena"":""SV"",""iem_raw_properties"":{""AREA_KM2"":""3660.3103821955465"",""DAMAGTAG"":""CONSIDERABLE"",""EMERGENC"":""False"",""ETN"":""321"",""EXPIRED"":""202606140130"",""FCSTER"":""Flanagan"",""GTYPE"":""P"",""HAILTAG"":""1.0"",""HV_CAUSE"":null,""HV_NWSLI"":null,""HV_REC"":null,""HV_SEV"":null,""INIT_EXP"":""202606140130"",""INIT_ISS"":""202606140035"",""ISSUED"":""202606140035"",""NWS_UGC"":null,""PHENOM"":""SV"",""POLY_BEG"":""202606140035"",""POLY_END"":""202606140041"",""PROD_ID"":""202606140035-KTOP-WUUS53-SVRTOP"",""SIG"":""W"",""STATUS"":""NEW"",""TORNTAG"":null,""UPDATED"":""202606140035"",""VTEC_YR"":""2026"",""WFO"":""TOP"",""WINDTAG"":""70.0""},""iem_significance"":""W"",""iem_tornadotag"":"""",""iem_ugc"":"""",""iem_wfo"":""TOP"",""iem_windtag"":""70.0"",""senderName"":""TOP"",""status"":""NEW""}","{""geometry"":{""coordinates"":[[[-95.67,38.56],[-96.09,38.87],[-95.56,39.08],[-95.24,39.27],[-95.18,39.25],[-95.19,38.97],[-95.17,38.96],[-95.16,38.98],[-95.13,38.97],[-95.11,38.97],[-95.09,38.95],[-95.08,38.96],[-95.08,38.98],[-95.06,38.99],[-95.06,38.76],[-95.67,38.56]]],""type"":""Polygon""},""properties"":{""_map_py"":{""effective"":""2026-06-14T00:35:00Z"",""event"":""Severe Thunderstorm Warning"",""expires"":""2026-06-14T01:30:00Z"",""has_polygon"":true,""headline"":"""",""sender"":""TOP""},""effective"":""2026-06-14T00:35:00Z"",""event"":""Severe Thunderstorm Warning"",""expires"":""2026-06-14T01:30:00Z"",""headline"":"""",""iem_damagetag"":""CONSIDERABLE"",""iem_emergency"":""False"",""iem_event_id"":""321"",""iem_forecaster"":""Flanagan"",""iem_gtype"":""P"",""iem_hailtag"":""1.0"",""iem_phenomena"":""SV"",""iem_raw_properties"":{""AREA_KM2"":""3660.3103821955465"",""DAMAGTAG"":""CONSIDERABLE"",""EMERGENC"":""False"",""ETN"":""321"",""EXPIRED"":""202606140130"",""FCSTER"":""Flanagan"",""GTYPE"":""P"",""HAILTAG"":""1.0"",""HV_CAUSE"":null,""HV_NWSLI"":null,""HV_REC"":null,""HV_SEV"":null,""INIT_EXP"":""202606140130"",""INIT_ISS"":""202606140035"",""ISSUED"":""202606140035"",""NWS_UGC"":null,""PHENOM"":""SV"",""POLY_BEG"":""202606140035"",""POLY_END"":""202606140041"",""PROD_ID"":""202606140035-KTOP-WUUS53-SVRTOP"",""SIG"":""W"",""STATUS"":""NEW"",""TORNTAG"":null,""UPDATED"":""202606140035"",""VTEC_YR"":""2026"",""WFO"":""TOP"",""WINDTAG"":""70.0""},""iem_significance"":""W"",""iem_tornadotag"":"""",""iem_ugc"":"""",""iem_wfo"":""TOP"",""iem_windtag"":""70.0"",""senderName"":""TOP"",""status"":""NEW""},""type"":""Feature""}",2026-04-27T17:31:58Z,2026-07-09T05:15:02Z,2026-07-09T18:49:04Z
400,iem_watchwarn,iem_watchwarn|TSA|254|SV|W|2026-06-14T00:37:00Z|2026-06-14T01:00:00Z|,Severe Thunderstorm Warning,,2026-06-14T00:37:00Z,2026-06-14T01:00:00Z,TSA,NEW,1,"{""coordinates"":[[[-94.57,36.24],[-94.58,36.34],[-94.36,36.28],[-94.38,36.18],[-94.57,36.24]]],""type"":""Polygon""}","{""_map_py"":{""effective"":""2026-06-14T00:37:00Z"",""event"":""Severe Thunderstorm Warning"",""expires"":""2026-06-14T01:00:00Z"",""has_polygon"":true,""headline"":"""",""sender"":""TSA""},""effective"":""2026-06-14T00:37:00Z"",""event"":""Severe Thunderstorm Warning"",""expires"":""2026-06-14T01:00:00Z"",""headline"":"""",""iem_damagetag"":""CONSIDERABLE"",""iem_emergency"":""False"",""iem_event_id"":""254"",""iem_forecaster"":"""",""iem_gtype"":""P"",""iem_hailtag"":""0.75"",""iem_phenomena"":""SV"",""iem_raw_properties"":{""AREA_KM2"":""207.39376113502337"",""DAMAGTAG"":""CONSIDERABLE"",""EMERGENC"":""False"",""ETN"":""254"",""EXPIRED"":""202606140100"",""FCSTER"":null,""GTYPE"":""P"",""HAILTAG"":""0.75"",""HV_CAUSE"":null,""HV_NWSLI"":null,""HV_REC"":null,""HV_SEV"":null,""INIT_EXP"":""202606140100"",""INIT_ISS"":""202606140037"",""ISSUED"":""202606140037"",""NWS_UGC"":null,""PHENOM"":""SV"",""POLY_BEG"":""202606140037"",""POLY_END"":""202606140100"",""PROD_ID"":""202606140037-KTSA-WUUS54-SVRTSA"",""SIG"":""W"",""STATUS"":""NEW"",""TORNTAG"":null,""UPDATED"":""202606140037"",""VTEC_YR"":""2026"",""WFO"":""TSA"",""WINDTAG"":""70.0""},""iem_significance"":""W"",""iem_tornadotag"":"""",""iem_ugc"":"""",""iem_wfo"":""TSA"",""iem_windtag"":""70.0"",""senderName"":""TSA"",""status"":""NEW""}","{""geometry"":{""coordinates"":[[[-94.57,36.24],[-94.58,36.34],[-94.36,36.28],[-94.38,36.18],[-94.57,36.24]]],""type"":""Polygon""},""properties"":{""_map_py"":{""effective"":""2026-06-14T00:37:00Z"",""event"":""Severe Thunderstorm Warning"",""expires"":""2026-06-14T01:00:00Z"",""has_polygon"":true,""headline"":"""",""sender"":""TSA""},""effective"":""2026-06-14T00:37:00Z"",""event"":""Severe Thunderstorm Warning"",""expires"":""2026-06-14T01:00:00Z"",""headline"":"""",""iem_damagetag"":""CONSIDERABLE"",""iem_emergency"":""False"",""iem_event_id"":""254"",""iem_forecaster"":"""",""iem_gtype"":""P"",""iem_hailtag"":""0.75"",""iem_phenomena"":""SV"",""iem_raw_properties"":{""AREA_KM2"":""207.39376113502337"",""DAMAGTAG"":""CONSIDERABLE"",""EMERGENC"":""False"",""ETN"":""254"",""EXPIRED"":""202606140100"",""FCSTER"":null,""GTYPE"":""P"",""HAILTAG"":""0.75"",""HV_CAUSE"":null,""HV_NWSLI"":null,""HV_REC"":null,""HV_SEV"":null,""INIT_EXP"":""202606140100"",""INIT_ISS"":""202606140037"",""ISSUED"":""202606140037"",""NWS_UGC"":null,""PHENOM"":""SV"",""POLY_BEG"":""202606140037"",""POLY_END"":""202606140100"",""PROD_ID"":""202606140037-KTSA-WUUS54-SVRTSA"",""SIG"":""W"",""STATUS"":""NEW"",""TORNTAG"":null,""UPDATED"":""202606140037"",""VTEC_YR"":""2026"",""WFO"":""TSA"",""WINDTAG"":""70.0""},""iem_significance"":""W"",""iem_tornadotag"":"""",""iem_ugc"":"""",""iem_wfo"":""TSA"",""iem_windtag"":""70.0"",""senderName"":""TSA"",""status"":""NEW""},""type"":""Feature""}",2026-04-27T17:31:58Z,2026-07-09T05:15:02Z,2026-07-09T18:49:04Z
11091,iem_watchwarn,iem_watchwarn|OUN|566|SV|W|2026-06-14T00:40:00Z|2026-06-14T01:30:00Z|,Severe Thunderstorm Warning,,2026-06-14T00:40:00Z,2026-06-14T01:30:00Z,OUN,NEW,1,"{""coordinates"":[[[-96.75,36.9],[-96.75,36.78],[-96.82,36.77],[-96.83,36.74],[-96.89,36.75],[-96.93,36.68],[-97.05,36.69],[-97.06,36.66],[-97.04,36.6],[-97.06,36.59],[-97.04,36.59],[-96.91,36.6],[-96.89,36.56],[-96.9,36.55],[-96.99,36.53],[-97.01,36.51],[-97.14,36.54],[-97.35,36.64],[-97.28,36.93],[-96.75,36.9]]],""type"":""Polygon""}","{""_map_py"":{""effective"":""2026-06-14T00:40:00Z"",""event"":""Severe Thunderstorm Warning"",""expires"":""2026-06-14T01:30:00Z"",""has_polygon"":true,""headline"":"""",""sender"":""OUN""},""effective"":""2026-06-14T00:40:00Z"",""event"":""Severe Thunderstorm Warning"",""expires"":""2026-06-14T01:30:00Z"",""headline"":"""",""iem_damagetag"":""CONSIDERABLE"",""iem_emergency"":""False"",""iem_event_id"":""566"",""iem_forecaster"":""Meister"",""iem_gtype"":""P"",""iem_hailtag"":""1.75"",""iem_phenomena"":""SV"",""iem_raw_properties"":{""AREA_KM2"":""1592.1589872110444"",""DAMAGTAG"":""CONSIDERABLE"",""EMERGENC"":""False"",""ETN"":""566"",""EXPIRED"":""202606140130"",""FCSTER"":""Meister"",""GTYPE"":""P"",""HAILTAG"":""1.75"",""HV_CAUSE"":null,""HV_NWSLI"":null,""HV_REC"":null,""HV_SEV"":null,""INIT_EXP"":""202606140130"",""INIT_ISS"":""202606140040"",""ISSUED"":""202606140040"",""NWS_UGC"":null,""PHENOM"":""SV"",""POLY_BEG"":""202606140040"",""POLY_END"":""202606140051"",""PROD_ID"":""202606140040-KOUN-WUUS54-SVROUN"",""SIG"":""W"",""STATUS"":""NEW"",""TORNTAG"":""POSSIBLE"",""UPDATED"":""202606140040"",""VTEC_YR"":""2026"",""WFO"":""OUN"",""WINDTAG"":""70.0""},""iem_significance"":""W"",""iem_tornadotag"":""POSSIBLE"",""iem_ugc"":"""",""iem_wfo"":""OUN"",""iem_windtag"":""70.0"",""senderName"":""OUN"",""status"":""NEW""}","{""geometry"":{""coordinates"":[[[-96.75,36.9],[-96.75,36.78],[-96.82,36.77],[-96.83,36.74],[-96.89,36.75],[-96.93,36.68],[-97.05,36.69],[-97.06,36.66],[-97.04,36.6],[-97.06,36.59],[-97.04,36.59],[-96.91,36.6],[-96.89,36.56],[-96.9,36.55],[-96.99,36.53],[-97.01,36.51],[-97.14,36.54],[-97.35,36.64],[-97.28,36.93],[-96.75,36.9]]],""type"":""Polygon""},""properties"":{""_map_py"":{""effective"":""2026-06-14T00:40:00Z"",""event"":""Severe Thunderstorm Warning"",""expires"":""2026-06-14T01:30:00Z"",""has_polygon"":true,""headline"":"""",""sender"":""OUN""},""effective"":""2026-06-14T00:40:00Z"",""event"":""Severe Thunderstorm Warning"",""expires"":""2026-06-14T01:30:00Z"",""headline"":"""",""iem_damagetag"":""CONSIDERABLE"",""iem_emergency"":""False"",""iem_event_id"":""566"",""iem_forecaster"":""Meister"",""iem_gtype"":""P"",""iem_hailtag"":""1.75"",""iem_phenomena"":""SV"",""iem_raw_properties"":{""AREA_KM2"":""1592.1589872110444"",""DAMAGTAG"":""CONSIDERABLE"",""EMERGENC"":""False"",""ETN"":""566"",""EXPIRED"":""202606140130"",""FCSTER"":""Meister"",""GTYPE"":""P"",""HAILTAG"":""1.75"",""HV_CAUSE"":null,""HV_NWSLI"":null,""HV_REC"":null,""HV_SEV"":null,""INIT_EXP"":""202606140130"",""INIT_ISS"":""202606140040"",""ISSUED"":""202606140040"",""NWS_UGC"":null,""PHENOM"":""SV"",""POLY_BEG"":""202606140040"",""POLY_END"":""202606140051"",""PROD_ID"":""202606140040-KOUN-WUUS54-SVROUN"",""SIG"":""W"",""STATUS"":""NEW"",""TORNTAG"":""POSSIBLE"",""UPDATED"":""202606140040"",""VTEC_YR"":""2026"",""WFO"":""OUN"",""WINDTAG"":""70.0""},""iem_significance"":""W"",""iem_tornadotag"":""POSSIBLE"",""iem_ugc"":"""",""iem_wfo"":""OUN"",""iem_windtag"":""70.0"",""senderName"":""OUN"",""status"":""NEW""},""type"":""Feature""}",2026-04-27T17:31:58Z,2026-07-09T05:15:02Z,2026-07-09T18:49:04Z
1316,iem_watchwarn,iem_watchwarn|TOP|322|SV|W|2026-06-14T00:44:00Z|2026-06-14T01:15:00Z|,Severe Thunderstorm Warning,,2026-06-14T00:44:00Z,2026-06-14T01:15:00Z,TOP,NEW,1,"{""coordinates"":[[[-95.53,39.31],[-95.54,39.42],[-95.18,39.42],[-95.18,39.25],[-95.53,39.31]]],""type"":""Polygon""}","{""_map_py"":{""effective"":""2026-06-14T00:44:00Z"",""event"":""Severe Thunderstorm Warning"",""expires"":""2026-06-14T01:15:00Z"",""has_polygon"":true,""headline"":"""",""sender"":""TOP""},""effective"":""2026-06-14T00:44:00Z"",""event"":""Severe Thunderstorm Warning"",""expires"":""2026-06-14T01:15:00Z"",""headline"":"""",""iem_damagetag"":""CONSIDERABLE"",""iem_emergency"":""False"",""iem_event_id"":""322"",""iem_forecaster"":""Flanagan"",""iem_gtype"":""P"",""iem_hailtag"":""1.0"",""iem_phenomena"":""SV"",""iem_raw_properties"":{""AREA_KM2"":""473.7457525741588"",""DAMAGTAG"":""CONSIDERABLE"",""EMERGENC"":""False"",""ETN"":""322"",""EXPIRED"":""202606140115"",""FCSTER"":""Flanagan"",""GTYPE"":""P"",""HAILTAG"":""1.0"",""HV_CAUSE"":null,""HV_NWSLI"":null,""HV_REC"":null,""HV_SEV"":null,""INIT_EXP"":""202606140115"",""INIT_ISS"":""202606140044"",""ISSUED"":""202606140044"",""NWS_UGC"":null,""PHENOM"":""SV"",""POLY_BEG"":""202606140044"",""POLY_END"":""202606140106"",""PROD_ID"":""202606140044-KTOP-WUUS53-SVRTOP"",""SIG"":""W"",""STATUS"":""NEW"",""TORNTAG"":null,""UPDATED"":""202606140044"",""VTEC_YR"":""2026"",""WFO"":""TOP"",""WINDTAG"":""70.0""},""iem_significance"":""W"",""iem_tornadotag"":"""",""iem_ugc"":"""",""iem_wfo"":""TOP"",""iem_windtag"":""70.0"",""senderName"":""TOP"",""status"":""NEW""}","{""geometry"":{""coordinates"":[[[-95.53,39.31],[-95.54,39.42],[-95.18,39.42],[-95.18,39.25],[-95.53,39.31]]],""type"":""Polygon""},""properties"":{""_map_py"":{""effective"":""2026-06-14T00:44:00Z"",""event"":""Severe Thunderstorm Warning"",""expires"":""2026-06-14T01:15:00Z"",""has_polygon"":true,""headline"":"""",""sender"":""TOP""},""effective"":""2026-06-14T00:44:00Z"",""event"":""Severe Thunderstorm Warning"",""expires"":""2026-06-14T01:15:00Z"",""headline"":"""",""iem_damagetag"":""CONSIDERABLE"",""iem_emergency"":""False"",""iem_event_id"":""322"",""iem_forecaster"":""Flanagan"",""iem_gtype"":""P"",""iem_hailtag"":""1.0"",""iem_phenomena"":""SV"",""iem_raw_properties"":{""AREA_KM2"":""473.7457525741588"",""DAMAGTAG"":""CONSIDERABLE"",""EMERGENC"":""False"",""ETN"":""322"",""EXPIRED"":""202606140115"",""FCSTER"":""Flanagan"",""GTYPE"":""P"",""HAILTAG"":""1.0"",""HV_CAUSE"":null,""HV_NWSLI"":null,""HV_REC"":null,""HV_SEV"":null,""INIT_EXP"":""202606140115"",""INIT_ISS"":""202606140044"",""ISSUED"":""202606140044"",""NWS_UGC"":null,""PHENOM"":""SV"",""POLY_BEG"":""202606140044"",""POLY_END"":""202606140106"",""PROD_ID"":""202606140044-KTOP-WUUS53-SVRTOP"",""SIG"":""W"",""STATUS"":""NEW"",""TORNTAG"":null,""UPDATED"":""202606140044"",""VTEC_YR"":""2026"",""WFO"":""TOP"",""WINDTAG"":""70.0""},""iem_significance"":""W"",""iem_tornadotag"":"""",""iem_ugc"":"""",""iem_wfo"":""TOP"",""iem_windtag"":""70.0"",""senderName"":""TOP"",""status"":""NEW""},""type"":""Feature""}",2026-04-27T17:31:58Z,2026-07-09T05:15:02Z,2026-07-09T18:49:04Z
4120,iem_watchwarn,iem_watchwarn|AMA|133|SV|W|2026-06-14T00:47:00Z|2026-06-14T01:16:00Z|,Severe Thunderstorm Warning,,2026-06-14T00:47:00Z,2026-06-14T01:16:00Z,AMA,NEW,1,"{""coordinates"":[[[-101.03,36.07],[-101.21,36.05],[-101.35,36.05],[-101.4,36.23],[-101.1,36.34],[-101.03,36.07]]],""type"":""Polygon""}","{""_map_py"":{""effective"":""2026-06-14T00:47:00Z"",""event"":""Severe Thunderstorm Warning"",""expires"":""2026-06-14T01:16:00Z"",""has_polygon"":true,""headline"":"""",""sender"":""AMA""},""effective"":""2026-06-14T00:47:00Z"",""event"":""Severe Thunderstorm Warning"",""expires"":""2026-06-14T01:16:00Z"",""headline"":"""",""iem_damagetag"":"""",""iem_emergency"":""False"",""iem_event_id"":""133"",""iem_forecaster"":""SS"",""iem_gtype"":""P"",""iem_hailtag"":""1.0"",""iem_phenomena"":""SV"",""iem_raw_properties"":{""AREA_KM2"":""749.3757378314647"",""DAMAGTAG"":null,""EMERGENC"":""False"",""ETN"":""133"",""EXPIRED"":""202606140116"",""FCSTER"":""SS"",""GTYPE"":""P"",""HAILTAG"":""1.0"",""HV_CAUSE"":null,""HV_NWSLI"":null,""HV_REC"":null,""HV_SEV"":null,""INIT_EXP"":""202606140145"",""INIT_ISS"":""202606140047"",""ISSUED"":""202606140047"",""NWS_UGC"":null,""PHENOM"":""SV"",""POLY_BEG"":""202606140047"",""POLY_END"":""202606140106"",""PROD_ID"":""202606140047-KAMA-WUUS54-SVRAMA"",""SIG"":""W"",""STATUS"":""NEW"",""TORNTAG"":null,""UPDATED"":""202606140047"",""VTEC_YR"":""2026"",""WFO"":""AMA"",""WINDTAG"":""60.0""},""iem_significance"":""W"",""iem_tornadotag"":"""",""iem_ugc"":"""",""iem_wfo"":""AMA"",""iem_windtag"":""60.0"",""senderName"":""AMA"",""status"":""NEW""}","{""geometry"":{""coordinates"":[[[-101.03,36.07],[-101.21,36.05],[-101.35,36.05],[-101.4,36.23],[-101.1,36.34],[-101.03,36.07]]],""type"":""Polygon""},""properties"":{""_map_py"":{""effective"":""2026-06-14T00:47:00Z"",""event"":""Severe Thunderstorm Warning"",""expires"":""2026-06-14T01:16:00Z"",""has_polygon"":true,""headline"":"""",""sender"":""AMA""},""effective"":""2026-06-14T00:47:00Z"",""event"":""Severe Thunderstorm Warning"",""expires"":""2026-06-14T01:16:00Z"",""headline"":"""",""iem_damagetag"":"""",""iem_emergency"":""False"",""iem_event_id"":""133"",""iem_forecaster"":""SS"",""iem_gtype"":""P"",""iem_hailtag"":""1.0"",""iem_phenomena"":""SV"",""iem_raw_properties"":{""AREA_KM2"":""749.3757378314647"",""DAMAGTAG"":null,""EMERGENC"":""False"",""ETN"":""133"",""EXPIRED"":""202606140116"",""FCSTER"":""SS"",""GTYPE"":""P"",""HAILTAG"":""1.0"",""HV_CAUSE"":null,""HV_NWSLI"":null,""HV_REC"":null,""HV_SEV"":null,""INIT_EXP"":""202606140145"",""INIT_ISS"":""202606140047"",""ISSUED"":""202606140047"",""NWS_UGC"":null,""PHENOM"":""SV"",""POLY_BEG"":""202606140047"",""POLY_END"":""202606140106"",""PROD_ID"":""202606140047-KAMA-WUUS54-SVRAMA"",""SIG"":""W"",""STATUS"":""NEW"",""TORNTAG"":null,""UPDATED"":""202606140047"",""VTEC_YR"":""2026"",""WFO"":""AMA"",""WINDTAG"":""60.0""},""iem_significance"":""W"",""iem_tornadotag"":"""",""iem_ugc"":"""",""iem_wfo"":""AMA"",""iem_windtag"":""60.0"",""senderName"":""AMA"",""status"":""NEW""},""type"":""Feature""}",2026-04-27T17:31:58Z,2026-07-09T05:15:02Z,2026-07-09T18:49:04Z
2456,iem_watchwarn,iem_watchwarn|ICT|280|SV|W|2026-06-14T00:48:00Z|2026-06-14T01:45:00Z|,Severe Thunderstorm Warning,,2026-06-14T00:48:00Z,2026-06-14T01:45:00Z,ICT,NEW,1,"{""coordinates"":[[[-98.47,37.5],[-98.46,37.73],[-98.12,37.73],[-98.22,37.43],[-98.47,37.5]]],""type"":""Polygon""}","{""_map_py"":{""effective"":""2026-06-14T00:48:00Z"",""event"":""Severe Thunderstorm Warning"",""expires"":""2026-06-14T01:45:00Z"",""has_polygon"":true,""headline"":"""",""sender"":""ICT""},""effective"":""2026-06-14T00:48:00Z"",""event"":""Severe Thunderstorm Warning"",""expires"":""2026-06-14T01:45:00Z"",""headline"":"""",""iem_damagetag"":""CONSIDERABLE"",""iem_emergency"":""False"",""iem_event_id"":""280"",""iem_forecaster"":""KLEINSASSER"",""iem_gtype"":""P"",""iem_hailtag"":""1.75"",""iem_phenomena"":""SV"",""iem_raw_properties"":{""AREA_KM2"":""784.5777762949898"",""DAMAGTAG"":""CONSIDERABLE"",""EMERGENC"":""False"",""ETN"":""280"",""EXPIRED"":""202606140145"",""FCSTER"":""KLEINSASSER"",""GTYPE"":""P"",""HAILTAG"":""1.75"",""HV_CAUSE"":null,""HV_NWSLI"":null,""HV_REC"":null,""HV_SEV"":null,""INIT_EXP"":""202606140145"",""INIT_ISS"":""202606140048"",""ISSUED"":""202606140048"",""NWS_UGC"":null,""PHENOM"":""SV"",""POLY_BEG"":""202606140048"",""POLY_END"":""202606140117"",""PROD_ID"":""202606140048-KICT-WUUS53-SVRICT"",""SIG"":""W"",""STATUS"":""NEW"",""TORNTAG"":null,""UPDATED"":""202606140048"",""VTEC_YR"":""2026"",""WFO"":""ICT"",""WINDTAG"":""70.0""},""iem_significance"":""W"",""iem_tornadotag"":"""",""iem_ugc"":"""",""iem_wfo"":""ICT"",""iem_windtag"":""70.0"",""senderName"":""ICT"",""status"":""NEW""}","{""geometry"":{""coordinates"":[[[-98.47,37.5],[-98.46,37.73],[-98.12,37.73],[-98.22,37.43],[-98.47,37.5]]],""type"":""Polygon""},""properties"":{""_map_py"":{""effective"":""2026-06-14T00:48:00Z"",""event"":""Severe Thunderstorm Warning"",""expires"":""2026-06-14T01:45:00Z"",""has_polygon"":true,""headline"":"""",""sender"":""ICT""},""effective"":""2026-06-14T00:48:00Z"",""event"":""Severe Thunderstorm Warning"",""expires"":""2026-06-14T01:45:00Z"",""headline"":"""",""iem_damagetag"":""CONSIDERABLE"",""iem_emergency"":""False"",""iem_event_id"":""280"",""iem_forecaster"":""KLEINSASSER"",""iem_gtype"":""P"",""iem_hailtag"":""1.75"",""iem_phenomena"":""SV"",""iem_raw_properties"":{""AREA_KM2"":""784.5777762949898"",""DAMAGTAG"":""CONSIDERABLE"",""EMERGENC"":""False"",""ETN"":""280"",""EXPIRED"":""202606140145"",""FCSTER"":""KLEINSASSER"",""GTYPE"":""P"",""HAILTAG"":""1.75"",""HV_CAUSE"":null,""HV_NWSLI"":null,""HV_REC"":null,""HV_SEV"":null,""INIT_EXP"":""202606140145"",""INIT_ISS"":""202606140048"",""ISSUED"":""202606140048"",""NWS_UGC"":null,""PHENOM"":""SV"",""POLY_BEG"":""202606140048"",""POLY_END"":""202606140117"",""PROD_ID"":""202606140048-KICT-WUUS53-SVRICT"",""SIG"":""W"",""STATUS"":""NEW"",""TORNTAG"":null,""UPDATED"":""202606140048"",""VTEC_YR"":""2026"",""WFO"":""ICT"",""WINDTAG"":""70.0""},""iem_significance"":""W"",""iem_tornadotag"":"""",""iem_ugc"":"""",""iem_wfo"":""ICT"",""iem_windtag"":""70.0"",""senderName"":""ICT"",""status"":""NEW""},""type"":""Feature""}",2026-04-27T17:31:58Z,2026-07-09T05:15:02Z,2026-07-09T18:49:04Z
11144,iem_watchwarn,iem_watchwarn|TSA|255|SV|W|2026-06-14T00:55:00Z|2026-06-14T01:45:00Z|,Severe Thunderstorm Warning,,2026-06-14T00:55:00Z,2026-06-14T01:45:00Z,TSA,NEW,1,"{""coordinates"":[[[-97.03,36.7],[-96.94,36.68],[-96.89,36.75],[-96.83,36.74],[-96.82,36.77],[-96.75,36.78],[-96.75,36.83],[-96.66,36.85],[-96.75,36.42],[-97.03,36.45],[-97.03,36.51],[-96.9,36.55],[-96.89,36.58],[-96.92,36.6],[-96.98,36.58],[-97.05,36.59],[-97.06,36.59],[-97.04,36.6],[-97.06,36.68],[-97.03,36.7]]],""type"":""Polygon""}","{""_map_py"":{""effective"":""2026-06-14T00:55:00Z"",""event"":""Severe Thunderstorm Warning"",""expires"":""2026-06-14T01:45:00Z"",""has_polygon"":true,""headline"":"""",""sender"":""TSA""},""effective"":""2026-06-14T00:55:00Z"",""event"":""Severe Thunderstorm Warning"",""expires"":""2026-06-14T01:45:00Z"",""headline"":"""",""iem_damagetag"":""CONSIDERABLE"",""iem_emergency"":""False"",""iem_event_id"":""255"",""iem_forecaster"":"""",""iem_gtype"":""P"",""iem_hailtag"":""1.75"",""iem_phenomena"":""SV"",""iem_raw_properties"":{""AREA_KM2"":""946.2549036354803"",""DAMAGTAG"":""CONSIDERABLE"",""EMERGENC"":""False"",""ETN"":""255"",""EXPIRED"":""202606140145"",""FCSTER"":null,""GTYPE"":""P"",""HAILTAG"":""1.75"",""HV_CAUSE"":null,""HV_NWSLI"":null,""HV_REC"":null,""HV_SEV"":null,""INIT_EXP"":""202606140145"",""INIT_ISS"":""202606140055"",""ISSUED"":""202606140055"",""NWS_UGC"":null,""PHENOM"":""SV"",""POLY_BEG"":""202606140055"",""POLY_END"":""202606140124"",""PROD_ID"":""202606140055-KTSA-WUUS54-SVRTSA"",""SIG"":""W"",""STATUS"":""NEW"",""TORNTAG"":""POSSIBLE"",""UPDATED"":""202606140055"",""VTEC_YR"":""2026"",""WFO"":""TSA"",""WINDTAG"":""70.0""},""iem_significance"":""W"",""iem_tornadotag"":""POSSIBLE"",""iem_ugc"":"""",""iem_wfo"":""TSA"",""iem_windtag"":""70.0"",""senderName"":""TSA"",""status"":""NEW""}","{""geometry"":{""coordinates"":[[[-97.03,36.7],[-96.94,36.68],[-96.89,36.75],[-96.83,36.74],[-96.82,36.77],[-96.75,36.78],[-96.75,36.83],[-96.66,36.85],[-96.75,36.42],[-97.03,36.45],[-97.03,36.51],[-96.9,36.55],[-96.89,36.58],[-96.92,36.6],[-96.98,36.58],[-97.05,36.59],[-97.06,36.59],[-97.04,36.6],[-97.06,36.68],[-97.03,36.7]]],""type"":""Polygon""},""properties"":{""_map_py"":{""effective"":""2026-06-14T00:55:00Z"",""event"":""Severe Thunderstorm Warning"",""expires"":""2026-06-14T01:45:00Z"",""has_polygon"":true,""headline"":"""",""sender"":""TSA""},""effective"":""2026-06-14T00:55:00Z"",""event"":""Severe Thunderstorm Warning"",""expires"":""2026-06-14T01:45:00Z"",""headline"":"""",""iem_damagetag"":""CONSIDERABLE"",""iem_emergency"":""False"",""iem_event_id"":""255"",""iem_forecaster"":"""",""iem_gtype"":""P"",""iem_hailtag"":""1.75"",""iem_phenomena"":""SV"",""iem_raw_properties"":{""AREA_KM2"":""946.2549036354803"",""DAMAGTAG"":""CONSIDERABLE"",""EMERGENC"":""False"",""ETN"":""255"",""EXPIRED"":""202606140145"",""FCSTER"":null,""GTYPE"":""P"",""HAILTAG"":""1.75"",""HV_CAUSE"":null,""HV_NWSLI"":null,""HV_REC"":null,""HV_SEV"":null,""INIT_EXP"":""202606140145"",""INIT_ISS"":""202606140055"",""ISSUED"":""202606140055"",""NWS_UGC"":null,""PHENOM"":""SV"",""POLY_BEG"":""202606140055"",""POLY_END"":""202606140124"",""PROD_ID"":""202606140055-KTSA-WUUS54-SVRTSA"",""SIG"":""W"",""STATUS"":""NEW"",""TORNTAG"":""POSSIBLE"",""UPDATED"":""202606140055"",""VTEC_YR"":""2026"",""WFO"":""TSA"",""WINDTAG"":""70.0""},""iem_significance"":""W"",""iem_tornadotag"":""POSSIBLE"",""iem_ugc"":"""",""iem_wfo"":""TSA"",""iem_windtag"":""70.0"",""senderName"":""TSA"",""status"":""NEW""},""type"":""Feature""}",2026-04-27T17:31:58Z,2026-07-09T05:15:02Z,2026-07-09T18:49:04Z
7571,iem_watchwarn,iem_watchwarn|DDC|123|SV|W|2026-06-14T00:56:00Z|2026-06-14T01:33:00Z|,Severe Thunderstorm Warning,,2026-06-14T00:56:00Z,2026-06-14T01:33:00Z,DDC,NEW,1,"{""coordinates"":[[[-99.02,37.71],[-99.02,37.73],[-99.06,37.73],[-99.21,37.79],[-99.13,37.95],[-98.47,38.03],[-98.47,37.49],[-99.02,37.71]]],""type"":""Polygon""}","{""_map_py"":{""effective"":""2026-06-14T00:56:00Z"",""event"":""Severe Thunderstorm Warning"",""expires"":""2026-06-14T01:33:00Z"",""has_polygon"":true,""headline"":"""",""sender"":""DDC""},""effective"":""2026-06-14T00:56:00Z"",""event"":""Severe Thunderstorm Warning"",""expires"":""2026-06-14T01:33:00Z"",""headline"":"""",""iem_damagetag"":"""",""iem_emergency"":""False"",""iem_event_id"":""123"",""iem_forecaster"":""KBJ"",""iem_gtype"":""P"",""iem_hailtag"":""1.0"",""iem_phenomena"":""SV"",""iem_raw_properties"":{""AREA_KM2"":""2440.81796387227"",""DAMAGTAG"":null,""EMERGENC"":""False"",""ETN"":""123"",""EXPIRED"":""202606140133"",""FCSTER"":""KBJ"",""GTYPE"":""P"",""HAILTAG"":""1.0"",""HV_CAUSE"":null,""HV_NWSLI"":null,""HV_REC"":null,""HV_SEV"":null,""INIT_EXP"":""202606140145"",""INIT_ISS"":""202606140056"",""ISSUED"":""202606140056"",""NWS_UGC"":null,""PHENOM"":""SV"",""POLY_BEG"":""202606140056"",""POLY_END"":""202606140110"",""PROD_ID"":""202606140056-KDDC-WUUS53-SVRDDC"",""SIG"":""W"",""STATUS"":""NEW"",""TORNTAG"":null,""UPDATED"":""202606140056"",""VTEC_YR"":""2026"",""WFO"":""DDC"",""WINDTAG"":""60.0""},""iem_significance"":""W"",""iem_tornadotag"":"""",""iem_ugc"":"""",""iem_wfo"":""DDC"",""iem_windtag"":""60.0"",""senderName"":""DDC"",""status"":""NEW""}","{""geometry"":{""coordinates"":[[[-99.02,37.71],[-99.02,37.73],[-99.06,37.73],[-99.21,37.79],[-99.13,37.95],[-98.47,38.03],[-98.47,37.49],[-99.02,37.71]]],""type"":""Polygon""},""properties"":{""_map_py"":{""effective"":""2026-06-14T00:56:00Z"",""event"":""Severe Thunderstorm Warning"",""expires"":""2026-06-14T01:33:00Z"",""has_polygon"":true,""headline"":"""",""sender"":""DDC""},""effective"":""2026-06-14T00:56:00Z"",""event"":""Severe Thunderstorm Warning"",""expires"":""2026-06-14T01:33:00Z"",""headline"":"""",""iem_damagetag"":"""",""iem_emergency"":""False"",""iem_event_id"":""123"",""iem_forecaster"":""KBJ"",""iem_gtype"":""P"",""iem_hailtag"":""1.0"",""iem_phenomena"":""SV"",""iem_raw_properties"":{""AREA_KM2"":""2440.81796387227"",""DAMAGTAG"":null,""EMERGENC"":""False"",""ETN"":""123"",""EXPIRED"":""202606140133"",""FCSTER"":""KBJ"",""GTYPE"":""P"",""HAILTAG"":""1.0"",""HV_CAUSE"":null,""HV_NWSLI"":null,""HV_REC"":null,""HV_SEV"":null,""INIT_EXP"":""202606140145"",""INIT_ISS"":""202606140056"",""ISSUED"":""202606140056"",""NWS_UGC"":null,""PHENOM"":""SV"",""POLY_BEG"":""202606140056"",""POLY_END"":""202606140110"",""PROD_ID"":""202606140056-KDDC-WUUS53-SVRDDC"",""SIG"":""W"",""STATUS"":""NEW"",""TORNTAG"":null,""UPDATED"":""202606140056"",""VTEC_YR"":""2026"",""WFO"":""DDC"",""WINDTAG"":""60.0""},""iem_significance"":""W"",""iem_tornadotag"":"""",""iem_ugc"":"""",""iem_wfo"":""DDC"",""iem_windtag"":""60.0"",""senderName"":""DDC"",""status"":""NEW""},""type"":""Feature""}",2026-04-27T17:31:58Z,2026-07-09T05:15:02Z,2026-07-09T18:49:04Z
4749,iem_watchwarn,iem_watchwarn|TSA|256|SV|W|2026-06-14T00:57:00Z|2026-06-14T01:22:00Z|,Severe Thunderstorm Warning,,2026-06-14T00:57:00Z,2026-06-14T01:22:00Z,TSA,NEW,1,"{""coordinates"":[[[-94.56,36.24],[-94.57,36.36],[-94.46,36.4],[-94.11,36.3],[-94.27,36.05],[-94.56,36.24]]],""type"":""Polygon""}","{""_map_py"":{""effective"":""2026-06-14T00:57:00Z"",""event"":""Severe Thunderstorm Warning"",""expires"":""2026-06-14T01:22:00Z"",""has_polygon"":true,""headline"":"""",""sender"":""TSA""},""effective"":""2026-06-14T00:57:00Z"",""event"":""Severe Thunderstorm Warning"",""expires"":""2026-06-14T01:22:00Z"",""headline"":"""",""iem_damagetag"":"""",""iem_emergency"":""False"",""iem_event_id"":""256"",""iem_forecaster"":"""",""iem_gtype"":""P"",""iem_hailtag"":""1.0"",""iem_phenomena"":""SV"",""iem_raw_properties"":{""AREA_KM2"":""909.5923728700068"",""DAMAGTAG"":null,""EMERGENC"":""False"",""ETN"":""256"",""EXPIRED"":""202606140122"",""FCSTER"":null,""GTYPE"":""P"",""HAILTAG"":""1.0"",""HV_CAUSE"":null,""HV_NWSLI"":null,""HV_REC"":null,""HV_SEV"":null,""INIT_EXP"":""202606140145"",""INIT_ISS"":""202606140057"",""ISSUED"":""202606140057"",""NWS_UGC"":null,""PHENOM"":""SV"",""POLY_BEG"":""202606140057"",""POLY_END"":""202606140109"",""PROD_ID"":""202606140057-KTSA-WUUS54-SVRTSA"",""SIG"":""W"",""STATUS"":""NEW"",""TORNTAG"":""POSSIBLE"",""UPDATED"":""202606140057"",""VTEC_YR"":""2026"",""WFO"":""TSA"",""WINDTAG"":""60.0""},""iem_significance"":""W"",""iem_tornadotag"":""POSSIBLE"",""iem_ugc"":"""",""iem_wfo"":""TSA"",""iem_windtag"":""60.0"",""senderName"":""TSA"",""status"":""NEW""}","{""geometry"":{""coordinates"":[[[-94.56,36.24],[-94.57,36.36],[-94.46,36.4],[-94.11,36.3],[-94.27,36.05],[-94.56,36.24]]],""type"":""Polygon""},""properties"":{""_map_py"":{""effective"":""2026-06-14T00:57:00Z"",""event"":""Severe Thunderstorm Warning"",""expires"":""2026-06-14T01:22:00Z"",""has_polygon"":true,""headline"":"""",""sender"":""TSA""},""effective"":""2026-06-14T00:57:00Z"",""event"":""Severe Thunderstorm Warning"",""expires"":""2026-06-14T01:22:00Z"",""headline"":"""",""iem_damagetag"":"""",""iem_emergency"":""False"",""iem_event_id"":""256"",""iem_forecaster"":"""",""iem_gtype"":""P"",""iem_hailtag"":""1.0"",""iem_phenomena"":""SV"",""iem_raw_properties"":{""AREA_KM2"":""909.5923728700068"",""DAMAGTAG"":null,""EMERGENC"":""False"",""ETN"":""256"",""EXPIRED"":""202606140122"",""FCSTER"":null,""GTYPE"":""P"",""HAILTAG"":""1.0"",""HV_CAUSE"":null,""HV_NWSLI"":null,""HV_REC"":null,""HV_SEV"":null,""INIT_EXP"":""202606140145"",""INIT_ISS"":""202606140057"",""ISSUED"":""202606140057"",""NWS_UGC"":null,""PHENOM"":""SV"",""POLY_BEG"":""202606140057"",""POLY_END"":""202606140109"",""PROD_ID"":""202606140057-KTSA-WUUS54-SVRTSA"",""SIG"":""W"",""STATUS"":""NEW"",""TORNTAG"":""POSSIBLE"",""UPDATED"":""202606140057"",""VTEC_YR"":""2026"",""WFO"":""TSA"",""WINDTAG"":""60.0""},""iem_significance"":""W"",""iem_tornadotag"":""POSSIBLE"",""iem_ugc"":"""",""iem_wfo"":""TSA"",""iem_windtag"":""60.0"",""senderName"":""TSA"",""status"":""NEW""},""type"":""Feature""}",2026-04-27T17:31:58Z,2026-07-09T05:15:02Z,2026-07-09T18:49:04Z
10541,iem_watchwarn,iem_watchwarn|EAX|383|SV|W|2026-06-14T00:58:00Z|2026-06-14T02:00:00Z|,Severe Thunderstorm Warning,,2026-06-14T00:58:00Z,2026-06-14T02:00:00Z,EAX,NEW,1,"{""coordinates"":[[[-95.06,38.72],[-95.06,38.98],[-95.08,38.98],[-95.08,38.96],[-95.11,38.97],[-94.77,39.18],[-94.58,39.36],[-94.43,39.29],[-94.21,39.24],[-94.21,39.21],[-94.17,39.21],[-94.19,39.18],[-94.1,39.14],[-94.12,38.71],[-94.28,38.5],[-95.06,38.72]]],""type"":""Polygon""}","{""_map_py"":{""effective"":""2026-06-14T00:58:00Z"",""event"":""Severe Thunderstorm Warning"",""expires"":""2026-06-14T02:00:00Z"",""has_polygon"":true,""headline"":"""",""sender"":""EAX""},""effective"":""2026-06-14T00:58:00Z"",""event"":""Severe Thunderstorm Warning"",""expires"":""2026-06-14T02:00:00Z"",""headline"":"""",""iem_damagetag"":""CONSIDERABLE"",""iem_emergency"":""False"",""iem_event_id"":""383"",""iem_forecaster"":""Patterson"",""iem_gtype"":""P"",""iem_hailtag"":""1.0"",""iem_phenomena"":""SV"",""iem_raw_properties"":{""AREA_KM2"":""5509.445228127036"",""DAMAGTAG"":""CONSIDERABLE"",""EMERGENC"":""False"",""ETN"":""383"",""EXPIRED"":""202606140200"",""FCSTER"":""Patterson"",""GTYPE"":""P"",""HAILTAG"":""1.0"",""HV_CAUSE"":null,""HV_NWSLI"":null,""HV_REC"":null,""HV_SEV"":null,""INIT_EXP"":""202606140200"",""INIT_ISS"":""202606140058"",""ISSUED"":""202606140058"",""NWS_UGC"":null,""PHENOM"":""SV"",""POLY_BEG"":""202606140058"",""POLY_END"":""202606140143"",""PROD_ID"":""202606140058-KEAX-WUUS53-SVREAX"",""SIG"":""W"",""STATUS"":""NEW"",""TORNTAG"":null,""UPDATED"":""202606140058"",""VTEC_YR"":""2026"",""WFO"":""EAX"",""WINDTAG"":""70.0""},""iem_significance"":""W"",""iem_tornadotag"":"""",""iem_ugc"":"""",""iem_wfo"":""EAX"",""iem_windtag"":""70.0"",""senderName"":""EAX"",""status"":""NEW""}","{""geometry"":{""coordinates"":[[[-95.06,38.72],[-95.06,38.98],[-95.08,38.98],[-95.08,38.96],[-95.11,38.97],[-94.77,39.18],[-94.58,39.36],[-94.43,39.29],[-94.21,39.24],[-94.21,39.21],[-94.17,39.21],[-94.19,39.18],[-94.1,39.14],[-94.12,38.71],[-94.28,38.5],[-95.06,38.72]]],""type"":""Polygon""},""properties"":{""_map_py"":{""effective"":""2026-06-14T00:58:00Z"",""event"":""Severe Thunderstorm Warning"",""expires"":""2026-06-14T02:00:00Z"",""has_polygon"":true,""headline"":"""",""sender"":""EAX""},""effective"":""2026-06-14T00:58:00Z"",""event"":""Severe Thunderstorm Warning"",""expires"":""2026-06-14T02:00:00Z"",""headline"":"""",""iem_damagetag"":""CONSIDERABLE"",""iem_emergency"":""False"",""iem_event_id"":""383"",""iem_forecaster"":""Patterson"",""iem_gtype"":""P"",""iem_hailtag"":""1.0"",""iem_phenomena"":""SV"",""iem_raw_properties"":{""AREA_KM2"":""5509.445228127036"",""DAMAGTAG"":""CONSIDERABLE"",""EMERGENC"":""False"",""ETN"":""383"",""EXPIRED"":""202606140200"",""FCSTER"":""Patterson"",""GTYPE"":""P"",""HAILTAG"":""1.0"",""HV_CAUSE"":null,""HV_NWSLI"":null,""HV_REC"":null,""HV_SEV"":null,""INIT_EXP"":""202606140200"",""INIT_ISS"":""202606140058"",""ISSUED"":""202606140058"",""NWS_UGC"":null,""PHENOM"":""SV"",""POLY_BEG"":""202606140058"",""POLY_END"":""202606140143"",""PROD_ID"":""202606140058-KEAX-WUUS53-SVREAX"",""SIG"":""W"",""STATUS"":""NEW"",""TORNTAG"":null,""UPDATED"":""202606140058"",""VTEC_YR"":""2026"",""WFO"":""EAX"",""WINDTAG"":""70.0""},""iem_significance"":""W"",""iem_tornadotag"":"""",""iem_ugc"":"""",""iem_wfo"":""EAX"",""iem_windtag"":""70.0"",""senderName"":""EAX"",""status"":""NEW""},""type"":""Feature""}",2026-04-27T17:31:58Z,2026-07-09T05:15:02Z,2026-07-09T18:49:04Z
5306,iem_watchwarn,iem_watchwarn|ICT|281|SV|W|2026-06-14T01:00:00Z|2026-06-14T01:45:00Z|,Severe Thunderstorm Warning,,2026-06-14T01:00:00Z,2026-06-14T01:45:00Z,ICT,NEW,1,"{""coordinates"":[[[-98.09,37.83],[-97.81,37.76],[-97.81,37.39],[-98.03,37.39],[-98.24,37.38],[-98.09,37.83]]],""type"":""Polygon""}","{""_map_py"":{""effective"":""2026-06-14T01:00:00Z"",""event"":""Severe Thunderstorm Warning"",""expires"":""2026-06-14T01:45:00Z"",""has_polygon"":true,""headline"":"""",""sender"":""ICT""},""effective"":""2026-06-14T01:00:00Z"",""event"":""Severe Thunderstorm Warning"",""expires"":""2026-06-14T01:45:00Z"",""headline"":"""",""iem_damagetag"":""CONSIDERABLE"",""iem_emergency"":""False"",""iem_event_id"":""281"",""iem_forecaster"":""KLEINSASSER"",""iem_gtype"":""P"",""iem_hailtag"":""0.75"",""iem_phenomena"":""SV"",""iem_raw_properties"":{""AREA_KM2"":""1438.2594429326896"",""DAMAGTAG"":""CONSIDERABLE"",""EMERGENC"":""False"",""ETN"":""281"",""EXPIRED"":""202606140145"",""FCSTER"":""KLEINSASSER"",""GTYPE"":""P"",""HAILTAG"":""0.75"",""HV_CAUSE"":null,""HV_NWSLI"":null,""HV_REC"":null,""HV_SEV"":null,""INIT_EXP"":""202606140145"",""INIT_ISS"":""202606140100"",""ISSUED"":""202606140100"",""NWS_UGC"":null,""PHENOM"":""SV"",""POLY_BEG"":""202606140100"",""POLY_END"":""202606140119"",""PROD_ID"":""202606140100-KICT-WUUS53-SVRICT"",""SIG"":""W"",""STATUS"":""NEW"",""TORNTAG"":null,""UPDATED"":""202606140100"",""VTEC_YR"":""2026"",""WFO"":""ICT"",""WINDTAG"":""70.0""},""iem_significance"":""W"",""iem_tornadotag"":"""",""iem_ugc"":"""",""iem_wfo"":""ICT"",""iem_windtag"":""70.0"",""senderName"":""ICT"",""status"":""NEW""}","{""geometry"":{""coordinates"":[[[-98.09,37.83],[-97.81,37.76],[-97.81,37.39],[-98.03,37.39],[-98.24,37.38],[-98.09,37.83]]],""type"":""Polygon""},""properties"":{""_map_py"":{""effective"":""2026-06-14T01:00:00Z"",""event"":""Severe Thunderstorm Warning"",""expires"":""2026-06-14T01:45:00Z"",""has_polygon"":true,""headline"":"""",""sender"":""ICT""},""effective"":""2026-06-14T01:00:00Z"",""event"":""Severe Thunderstorm Warning"",""expires"":""2026-06-14T01:45:00Z"",""headline"":"""",""iem_damagetag"":""CONSIDERABLE"",""iem_emergency"":""False"",""iem_event_id"":""281"",""iem_forecaster"":""KLEINSASSER"",""iem_gtype"":""P"",""iem_hailtag"":""0.75"",""iem_phenomena"":""SV"",""iem_raw_properties"":{""AREA_KM2"":""1438.2594429326896"",""DAMAGTAG"":""CONSIDERABLE"",""EMERGENC"":""False"",""ETN"":""281"",""EXPIRED"":""202606140145"",""FCSTER"":""KLEINSASSER"",""GTYPE"":""P"",""HAILTAG"":""0.75"",""HV_CAUSE"":null,""HV_NWSLI"":null,""HV_REC"":null,""HV_SEV"":null,""INIT_EXP"":""202606140145"",""INIT_ISS"":""202606140100"",""ISSUED"":""202606140100"",""NWS_UGC"":null,""PHENOM"":""SV"",""POLY_BEG"":""202606140100"",""POLY_END"":""202606140119"",""PROD_ID"":""202606140100-KICT-WUUS53-SVRICT"",""SIG"":""W"",""STATUS"":""NEW"",""TORNTAG"":null,""UPDATED"":""202606140100"",""VTEC_YR"":""2026"",""WFO"":""ICT"",""WINDTAG"":""70.0""},""iem_significance"":""W"",""iem_tornadotag"":"""",""iem_ugc"":"""",""iem_wfo"":""ICT"",""iem_windtag"":""70.0"",""senderName"":""ICT"",""status"":""NEW""},""type"":""Feature""}",2026-04-27T17:31:58Z,2026-07-09T05:15:02Z,2026-07-09T18:49:04Z
2509,iem_watchwarn,iem_watchwarn|AMA|134|SV|W|2026-06-14T01:03:00Z|2026-06-14T01:25:00Z|,Severe Thunderstorm Warning,,2026-06-14T01:03:00Z,2026-06-14T01:25:00Z,AMA,NEW,1,"{""coordinates"":[[[-100.13,35.83],[-100.14,36.01],[-100.0,36.04],[-100.0,35.82],[-100.13,35.83]]],""type"":""Polygon""}","{""_map_py"":{""effective"":""2026-06-14T01:03:00Z"",""event"":""Severe Thunderstorm Warning"",""expires"":""2026-06-14T01:25:00Z"",""has_polygon"":true,""headline"":"""",""sender"":""AMA""},""effective"":""2026-06-14T01:03:00Z"",""event"":""Severe Thunderstorm Warning"",""expires"":""2026-06-14T01:25:00Z"",""headline"":"""",""iem_damagetag"":"""",""iem_emergency"":""False"",""iem_event_id"":""134"",""iem_forecaster"":""SS"",""iem_gtype"":""P"",""iem_hailtag"":""1.0"",""iem_phenomena"":""SV"",""iem_raw_properties"":{""AREA_KM2"":""270.82784561837326"",""DAMAGTAG"":null,""EMERGENC"":""False"",""ETN"":""134"",""EXPIRED"":""202606140125"",""FCSTER"":""SS"",""GTYPE"":""P"",""HAILTAG"":""1.0"",""HV_CAUSE"":null,""HV_NWSLI"":null,""HV_REC"":null,""HV_SEV"":null,""INIT_EXP"":""202606140200"",""INIT_ISS"":""202606140103"",""ISSUED"":""202606140103"",""NWS_UGC"":null,""PHENOM"":""SV"",""POLY_BEG"":""202606140103"",""POLY_END"":""202606140125"",""PROD_ID"":""202606140103-KAMA-WUUS54-SVRAMA"",""SIG"":""W"",""STATUS"":""NEW"",""TORNTAG"":null,""UPDATED"":""202606140103"",""VTEC_YR"":""2026"",""WFO"":""AMA"",""WINDTAG"":""60.0""},""iem_significance"":""W"",""iem_tornadotag"":"""",""iem_ugc"":"""",""iem_wfo"":""AMA"",""iem_windtag"":""60.0"",""senderName"":""AMA"",""status"":""NEW""}","{""geometry"":{""coordinates"":[[[-100.13,35.83],[-100.14,36.01],[-100.0,36.04],[-100.0,35.82],[-100.13,35.83]]],""type"":""Polygon""},""properties"":{""_map_py"":{""effective"":""2026-06-14T01:03:00Z"",""event"":""Severe Thunderstorm Warning"",""expires"":""2026-06-14T01:25:00Z"",""has_polygon"":true,""headline"":"""",""sender"":""AMA""},""effective"":""2026-06-14T01:03:00Z"",""event"":""Severe Thunderstorm Warning"",""expires"":""2026-06-14T01:25:00Z"",""headline"":"""",""iem_damagetag"":"""",""iem_emergency"":""False"",""iem_event_id"":""134"",""iem_forecaster"":""SS"",""iem_gtype"":""P"",""iem_hailtag"":""1.0"",""iem_phenomena"":""SV"",""iem_raw_properties"":{""AREA_KM2"":""270.82784561837326"",""DAMAGTAG"":null,""EMERGENC"":""False"",""ETN"":""134"",""EXPIRED"":""202606140125"",""FCSTER"":""SS"",""GTYPE"":""P"",""HAILTAG"":""1.0"",""HV_CAUSE"":null,""HV_NWSLI"":null,""HV_REC"":null,""HV_SEV"":null,""INIT_EXP"":""202606140200"",""INIT_ISS"":""202606140103"",""ISSUED"":""202606140103"",""NWS_UGC"":null,""PHENOM"":""SV"",""POLY_BEG"":""202606140103"",""POLY_END"":""202606140125"",""PROD_ID"":""202606140103-KAMA-WUUS54-SVRAMA"",""SIG"":""W"",""STATUS"":""NEW"",""TORNTAG"":null,""UPDATED"":""202606140103"",""VTEC_YR"":""2026"",""WFO"":""AMA"",""WINDTAG"":""60.0""},""iem_significance"":""W"",""iem_tornadotag"":"""",""iem_ugc"":"""",""iem_wfo"":""AMA"",""iem_windtag"":""60.0"",""senderName"":""AMA"",""status"":""NEW""},""type"":""Feature""}",2026-04-27T17:31:58Z,2026-07-09T05:15:02Z,2026-07-09T18:49:04Z
7971,iem_watchwarn,iem_watchwarn|TOP|323|SV|W|2026-06-14T01:03:00Z|2026-06-14T01:45:00Z|,Severe Thunderstorm Warning,,2026-06-14T01:03:00Z,2026-06-14T01:45:00Z,TOP,NEW,1,"{""coordinates"":[[[-96.35,38.52],[-96.59,38.52],[-96.73,38.72],[-96.34,38.81],[-96.09,38.93],[-95.75,38.61],[-95.96,38.49],[-96.35,38.47],[-96.35,38.52]]],""type"":""Polygon""}","{""_map_py"":{""effective"":""2026-06-14T01:03:00Z"",""event"":""Severe Thunderstorm Warning"",""expires"":""2026-06-14T01:45:00Z"",""has_polygon"":true,""headline"":"""",""sender"":""TOP""},""effective"":""2026-06-14T01:03:00Z"",""event"":""Severe Thunderstorm Warning"",""expires"":""2026-06-14T01:45:00Z"",""headline"":"""",""iem_damagetag"":""CONSIDERABLE"",""iem_emergency"":""False"",""iem_event_id"":""323"",""iem_forecaster"":""Flanagan"",""iem_gtype"":""P"",""iem_hailtag"":""1.25"",""iem_phenomena"":""SV"",""iem_raw_properties"":{""AREA_KM2"":""2543.3899104003303"",""DAMAGTAG"":""CONSIDERABLE"",""EMERGENC"":""False"",""ETN"":""323"",""EXPIRED"":""202606140145"",""FCSTER"":""Flanagan"",""GTYPE"":""P"",""HAILTAG"":""1.25"",""HV_CAUSE"":null,""HV_NWSLI"":null,""HV_REC"":null,""HV_SEV"":null,""INIT_EXP"":""202606140145"",""INIT_ISS"":""202606140103"",""ISSUED"":""202606140103"",""NWS_UGC"":null,""PHENOM"":""SV"",""POLY_BEG"":""202606140103"",""POLY_END"":""202606140121"",""PROD_ID"":""202606140103-KTOP-WUUS53-SVRTOP"",""SIG"":""W"",""STATUS"":""NEW"",""TORNTAG"":null,""UPDATED"":""202606140103"",""VTEC_YR"":""2026"",""WFO"":""TOP"",""WINDTAG"":""70.0""},""iem_significance"":""W"",""iem_tornadotag"":"""",""iem_ugc"":"""",""iem_wfo"":""TOP"",""iem_windtag"":""70.0"",""senderName"":""TOP"",""status"":""NEW""}","{""geometry"":{""coordinates"":[[[-96.35,38.52],[-96.59,38.52],[-96.73,38.72],[-96.34,38.81],[-96.09,38.93],[-95.75,38.61],[-95.96,38.49],[-96.35,38.47],[-96.35,38.52]]],""type"":""Polygon""},""properties"":{""_map_py"":{""effective"":""2026-06-14T01:03:00Z"",""event"":""Severe Thunderstorm Warning"",""expires"":""2026-06-14T01:45:00Z"",""has_polygon"":true,""headline"":"""",""sender"":""TOP""},""effective"":""2026-06-14T01:03:00Z"",""event"":""Severe Thunderstorm Warning"",""expires"":""2026-06-14T01:45:00Z"",""headline"":"""",""iem_damagetag"":""CONSIDERABLE"",""iem_emergency"":""False"",""iem_event_id"":""323"",""iem_forecaster"":""Flanagan"",""iem_gtype"":""P"",""iem_hailtag"":""1.25"",""iem_phenomena"":""SV"",""iem_raw_properties"":{""AREA_KM2"":""2543.3899104003303"",""DAMAGTAG"":""CONSIDERABLE"",""EMERGENC"":""False"",""ETN"":""323"",""EXPIRED"":""202606140145"",""FCSTER"":""Flanagan"",""GTYPE"":""P"",""HAILTAG"":""1.25"",""HV_CAUSE"":null,""HV_NWSLI"":null,""HV_REC"":null,""HV_SEV"":null,""INIT_EXP"":""202606140145"",""INIT_ISS"":""202606140103"",""ISSUED"":""202606140103"",""NWS_UGC"":null,""PHENOM"":""SV"",""POLY_BEG"":""202606140103"",""POLY_END"":""202606140121"",""PROD_ID"":""202606140103-KTOP-WUUS53-SVRTOP"",""SIG"":""W"",""STATUS"":""NEW"",""TORNTAG"":null,""UPDATED"":""202606140103"",""VTEC_YR"":""2026"",""WFO"":""TOP"",""WINDTAG"":""70.0""},""iem_significance"":""W"",""iem_tornadotag"":"""",""iem_ugc"":"""",""iem_wfo"":""TOP"",""iem_windtag"":""70.0"",""senderName"":""TOP"",""status"":""NEW""},""type"":""Feature""}",2026-04-27T17:31:58Z,2026-07-09T05:15:02Z,2026-07-09T18:49:04Z
6441,iem_watchwarn,iem_watchwarn|EPZ|35|SV|W|2026-06-14T01:04:00Z|2026-06-14T01:30:00Z|,Severe Thunderstorm Warning,,2026-06-14T01:04:00Z,2026-06-14T01:30:00Z,EPZ,NEW,1,"{""coordinates"":[[[-105.45,32.45],[-105.5,32.58],[-105.41,32.69],[-105.35,32.67],[-105.35,32.52],[-105.23,32.52],[-105.45,32.45]]],""type"":""Polygon""}","{""_map_py"":{""effective"":""2026-06-14T01:04:00Z"",""event"":""Severe Thunderstorm Warning"",""expires"":""2026-06-14T01:30:00Z"",""has_polygon"":true,""headline"":"""",""sender"":""EPZ""},""effective"":""2026-06-14T01:04:00Z"",""event"":""Severe Thunderstorm Warning"",""expires"":""2026-06-14T01:30:00Z"",""headline"":"""",""iem_damagetag"":"""",""iem_emergency"":""False"",""iem_event_id"":""35"",""iem_forecaster"":""ZA"",""iem_gtype"":""P"",""iem_hailtag"":""1.0"",""iem_phenomena"":""SV"",""iem_raw_properties"":{""AREA_KM2"":""290.6497705085016"",""DAMAGTAG"":null,""EMERGENC"":""False"",""ETN"":""35"",""EXPIRED"":""202606140130"",""FCSTER"":""ZA"",""GTYPE"":""P"",""HAILTAG"":""1.0"",""HV_CAUSE"":null,""HV_NWSLI"":null,""HV_REC"":null,""HV_SEV"":null,""INIT_EXP"":""202606140130"",""INIT_ISS"":""202606140104"",""ISSUED"":""202606140104"",""NWS_UGC"":null,""PHENOM"":""SV"",""POLY_BEG"":""202606140104"",""POLY_END"":""202606140121"",""PROD_ID"":""202606140104-KEPZ-WUUS54-SVREPZ"",""SIG"":""W"",""STATUS"":""NEW"",""TORNTAG"":null,""UPDATED"":""202606140104"",""VTEC_YR"":""2026"",""WFO"":""EPZ"",""WINDTAG"":""60.0""},""iem_significance"":""W"",""iem_tornadotag"":"""",""iem_ugc"":"""",""iem_wfo"":""EPZ"",""iem_windtag"":""60.0"",""senderName"":""EPZ"",""status"":""NEW""}","{""geometry"":{""coordinates"":[[[-105.45,32.45],[-105.5,32.58],[-105.41,32.69],[-105.35,32.67],[-105.35,32.52],[-105.23,32.52],[-105.45,32.45]]],""type"":""Polygon""},""properties"":{""_map_py"":{""effective"":""2026-06-14T01:04:00Z"",""event"":""Severe Thunderstorm Warning"",""expires"":""2026-06-14T01:30:00Z"",""has_polygon"":true,""headline"":"""",""sender"":""EPZ""},""effective"":""2026-06-14T01:04:00Z"",""event"":""Severe Thunderstorm Warning"",""expires"":""2026-06-14T01:30:00Z"",""headline"":"""",""iem_damagetag"":"""",""iem_emergency"":""False"",""iem_event_id"":""35"",""iem_forecaster"":""ZA"",""iem_gtype"":""P"",""iem_hailtag"":""1.0"",""iem_phenomena"":""SV"",""iem_raw_properties"":{""AREA_KM2"":""290.6497705085016"",""DAMAGTAG"":null,""EMERGENC"":""False"",""ETN"":""35"",""EXPIRED"":""202606140130"",""FCSTER"":""ZA"",""GTYPE"":""P"",""HAILTAG"":""1.0"",""HV_CAUSE"":null,""HV_NWSLI"":null,""HV_REC"":null,""HV_SEV"":null,""INIT_EXP"":""202606140130"",""INIT_ISS"":""202606140104"",""ISSUED"":""202606140104"",""NWS_UGC"":null,""PHENOM"":""SV"",""POLY_BEG"":""202606140104"",""POLY_END"":""202606140121"",""PROD_ID"":""202606140104-KEPZ-WUUS54-SVREPZ"",""SIG"":""W"",""STATUS"":""NEW"",""TORNTAG"":null,""UPDATED"":""202606140104"",""VTEC_YR"":""2026"",""WFO"":""EPZ"",""WINDTAG"":""60.0""},""iem_significance"":""W"",""iem_tornadotag"":"""",""iem_ugc"":"""",""iem_wfo"":""EPZ"",""iem_windtag"":""60.0"",""senderName"":""EPZ"",""status"":""NEW""},""type"":""Feature""}",2026-04-27T17:31:58Z,2026-07-09T05:15:02Z,2026-07-09T18:49:04Z
10902,iem_watchwarn,iem_watchwarn|TSA|54|TO|W|2026-06-14T01:04:00Z|2026-06-14T01:45:00Z|,Tornado Warning,,2026-06-14T01:04:00Z,2026-06-14T01:45:00Z,TSA,NEW,1,"{""coordinates"":[[[-97.04,36.6],[-97.05,36.65],[-97.03,36.69],[-96.68,36.6],[-96.76,36.28],[-97.03,36.43],[-97.03,36.51],[-97.01,36.51],[-97.01,36.52],[-96.98,36.53],[-96.96,36.53],[-96.92,36.55],[-96.9,36.55],[-96.89,36.57],[-96.92,36.6],[-96.98,36.58],[-97.06,36.59],[-97.04,36.6]]],""type"":""Polygon""}","{""_map_py"":{""effective"":""2026-06-14T01:04:00Z"",""event"":""Tornado Warning"",""expires"":""2026-06-14T01:45:00Z"",""has_polygon"":true,""headline"":"""",""sender"":""TSA""},""effective"":""2026-06-14T01:04:00Z"",""event"":""Tornado Warning"",""expires"":""2026-06-14T01:45:00Z"",""headline"":"""",""iem_damagetag"":"""",""iem_emergency"":""False"",""iem_event_id"":""54"",""iem_forecaster"":"""",""iem_gtype"":""P"",""iem_hailtag"":""1.75"",""iem_phenomena"":""TO"",""iem_raw_properties"":{""AREA_KM2"":""881.983610895269"",""DAMAGTAG"":null,""EMERGENC"":""False"",""ETN"":""54"",""EXPIRED"":""202606140145"",""FCSTER"":null,""GTYPE"":""P"",""HAILTAG"":""1.75"",""HV_CAUSE"":null,""HV_NWSLI"":null,""HV_REC"":null,""HV_SEV"":null,""INIT_EXP"":""202606140145"",""INIT_ISS"":""202606140104"",""ISSUED"":""202606140104"",""NWS_UGC"":null,""PHENOM"":""TO"",""POLY_BEG"":""202606140104"",""POLY_END"":""202606140117"",""PROD_ID"":""202606140104-KTSA-WFUS54-TORTSA"",""SIG"":""W"",""STATUS"":""NEW"",""TORNTAG"":""RADAR INDICATED"",""UPDATED"":""202606140104"",""VTEC_YR"":""2026"",""WFO"":""TSA"",""WINDTAG"":null},""iem_significance"":""W"",""iem_tornadotag"":""RADAR INDICATED"",""iem_ugc"":"""",""iem_wfo"":""TSA"",""iem_windtag"":"""",""senderName"":""TSA"",""status"":""NEW""}","{""geometry"":{""coordinates"":[[[-97.04,36.6],[-97.05,36.65],[-97.03,36.69],[-96.68,36.6],[-96.76,36.28],[-97.03,36.43],[-97.03,36.51],[-97.01,36.51],[-97.01,36.52],[-96.98,36.53],[-96.96,36.53],[-96.92,36.55],[-96.9,36.55],[-96.89,36.57],[-96.92,36.6],[-96.98,36.58],[-97.06,36.59],[-97.04,36.6]]],""type"":""Polygon""},""properties"":{""_map_py"":{""effective"":""2026-06-14T01:04:00Z"",""event"":""Tornado Warning"",""expires"":""2026-06-14T01:45:00Z"",""has_polygon"":true,""headline"":"""",""sender"":""TSA""},""effective"":""2026-06-14T01:04:00Z"",""event"":""Tornado Warning"",""expires"":""2026-06-14T01:45:00Z"",""headline"":"""",""iem_damagetag"":"""",""iem_emergency"":""False"",""iem_event_id"":""54"",""iem_forecaster"":"""",""iem_gtype"":""P"",""iem_hailtag"":""1.75"",""iem_phenomena"":""TO"",""iem_raw_properties"":{""AREA_KM2"":""881.983610895269"",""DAMAGTAG"":null,""EMERGENC"":""False"",""ETN"":""54"",""EXPIRED"":""202606140145"",""FCSTER"":null,""GTYPE"":""P"",""HAILTAG"":""1.75"",""HV_CAUSE"":null,""HV_NWSLI"":null,""HV_REC"":null,""HV_SEV"":null,""INIT_EXP"":""202606140145"",""INIT_ISS"":""202606140104"",""ISSUED"":""202606140104"",""NWS_UGC"":null,""PHENOM"":""TO"",""POLY_BEG"":""202606140104"",""POLY_END"":""202606140117"",""PROD_ID"":""202606140104-KTSA-WFUS54-TORTSA"",""SIG"":""W"",""STATUS"":""NEW"",""TORNTAG"":""RADAR INDICATED"",""UPDATED"":""202606140104"",""VTEC_YR"":""2026"",""WFO"":""TSA"",""WINDTAG"":null},""iem_significance"":""W"",""iem_tornadotag"":""RADAR INDICATED"",""iem_ugc"":"""",""iem_wfo"":""TSA"",""iem_windtag"":"""",""senderName"":""TSA"",""status"":""NEW""},""type"":""Feature""}",2026-04-27T17:31:58Z,2026-07-09T05:15:02Z,2026-07-09T18:49:04Z
3147,iem_watchwarn,iem_watchwarn|PUB|39|SV|W|2026-06-14T01:05:00Z|2026-06-14T01:30:00Z|,Severe Thunderstorm Warning,,2026-06-14T01:05:00Z,2026-06-14T01:30:00Z,PUB,NEW,1,"{""coordinates"":[[[-102.27,37.47],[-102.29,37.7],[-102.04,37.69],[-102.04,37.42],[-102.27,37.47]]],""type"":""Polygon""}","{""_map_py"":{""effective"":""2026-06-14T01:05:00Z"",""event"":""Severe Thunderstorm Warning"",""expires"":""2026-06-14T01:30:00Z"",""has_polygon"":true,""headline"":"""",""sender"":""PUB""},""effective"":""2026-06-14T01:05:00Z"",""event"":""Severe Thunderstorm Warning"",""expires"":""2026-06-14T01:30:00Z"",""headline"":"""",""iem_damagetag"":"""",""iem_emergency"":""False"",""iem_event_id"":""39"",""iem_forecaster"":""Moore"",""iem_gtype"":""P"",""iem_hailtag"":""1.25"",""iem_phenomena"":""SV"",""iem_raw_properties"":{""AREA_KM2"":""585.0340381232074"",""DAMAGTAG"":null,""EMERGENC"":""False"",""ETN"":""39"",""EXPIRED"":""202606140130"",""FCSTER"":""Moore"",""GTYPE"":""P"",""HAILTAG"":""1.25"",""HV_CAUSE"":null,""HV_NWSLI"":null,""HV_REC"":null,""HV_SEV"":null,""INIT_EXP"":""202606140130"",""INIT_ISS"":""202606140105"",""ISSUED"":""202606140105"",""NWS_UGC"":null,""PHENOM"":""SV"",""POLY_BEG"":""202606140105"",""POLY_END"":""202606140115"",""PROD_ID"":""202606140105-KPUB-WUUS55-SVRPUB"",""SIG"":""W"",""STATUS"":""NEW"",""TORNTAG"":null,""UPDATED"":""202606140105"",""VTEC_YR"":""2026"",""WFO"":""PUB"",""WINDTAG"":""60.0""},""iem_significance"":""W"",""iem_tornadotag"":"""",""iem_ugc"":"""",""iem_wfo"":""PUB"",""iem_windtag"":""60.0"",""senderName"":""PUB"",""status"":""NEW""}","{""geometry"":{""coordinates"":[[[-102.27,37.47],[-102.29,37.7],[-102.04,37.69],[-102.04,37.42],[-102.27,37.47]]],""type"":""Polygon""},""properties"":{""_map_py"":{""effective"":""2026-06-14T01:05:00Z"",""event"":""Severe Thunderstorm Warning"",""expires"":""2026-06-14T01:30:00Z"",""has_polygon"":true,""headline"":"""",""sender"":""PUB""},""effective"":""2026-06-14T01:05:00Z"",""event"":""Severe Thunderstorm Warning"",""expires"":""2026-06-14T01:30:00Z"",""headline"":"""",""iem_damagetag"":"""",""iem_emergency"":""False"",""iem_event_id"":""39"",""iem_forecaster"":""Moore"",""iem_gtype"":""P"",""iem_hailtag"":""1.25"",""iem_phenomena"":""SV"",""iem_raw_properties"":{""AREA_KM2"":""585.0340381232074"",""DAMAGTAG"":null,""EMERGENC"":""False"",""ETN"":""39"",""EXPIRED"":""202606140130"",""FCSTER"":""Moore"",""GTYPE"":""P"",""HAILTAG"":""1.25"",""HV_CAUSE"":null,""HV_NWSLI"":null,""HV_REC"":null,""HV_SEV"":null,""INIT_EXP"":""202606140130"",""INIT_ISS"":""202606140105"",""ISSUED"":""202606140105"",""NWS_UGC"":null,""PHENOM"":""SV"",""POLY_BEG"":""202606140105"",""POLY_END"":""202606140115"",""PROD_ID"":""202606140105-KPUB-WUUS55-SVRPUB"",""SIG"":""W"",""STATUS"":""NEW"",""TORNTAG"":null,""UPDATED"":""202606140105"",""VTEC_YR"":""2026"",""WFO"":""PUB"",""WINDTAG"":""60.0""},""iem_significance"":""W"",""iem_tornadotag"":"""",""iem_ugc"":"""",""iem_wfo"":""PUB"",""iem_windtag"":""60.0"",""senderName"":""PUB"",""status"":""NEW""},""type"":""Feature""}",2026-04-27T17:31:58Z,2026-07-09T05:15:02Z,2026-07-09T18:49:04Z
9617,iem_watchwarn,iem_watchwarn|OUN|72|TO|W|2026-06-14T01:05:00Z|2026-06-14T01:30:00Z|,Tornado Warning,,2026-06-14T01:05:00Z,2026-06-14T01:30:00Z,OUN,NEW,1,"{""coordinates"":[[[-96.89,36.58],[-96.89,36.56],[-96.9,36.55],[-96.93,36.55],[-96.96,36.53],[-96.97,36.54],[-97.0,36.53],[-97.07,36.59],[-97.06,36.6],[-97.04,36.59],[-97.0,36.58],[-96.91,36.6],[-96.89,36.58]]],""type"":""Polygon""}","{""_map_py"":{""effective"":""2026-06-14T01:05:00Z"",""event"":""Tornado Warning"",""expires"":""2026-06-14T01:30:00Z"",""has_polygon"":true,""headline"":"""",""sender"":""OUN""},""effective"":""2026-06-14T01:05:00Z"",""event"":""Tornado Warning"",""expires"":""2026-06-14T01:30:00Z"",""headline"":"""",""iem_damagetag"":"""",""iem_emergency"":""False"",""iem_event_id"":""72"",""iem_forecaster"":""Meister"",""iem_gtype"":""P"",""iem_hailtag"":""1.5"",""iem_phenomena"":""TO"",""iem_raw_properties"":{""AREA_KM2"":""72.49023025809045"",""DAMAGTAG"":null,""EMERGENC"":""False"",""ETN"":""72"",""EXPIRED"":""202606140130"",""FCSTER"":""Meister"",""GTYPE"":""P"",""HAILTAG"":""1.5"",""HV_CAUSE"":null,""HV_NWSLI"":null,""HV_REC"":null,""HV_SEV"":null,""INIT_EXP"":""202606140130"",""INIT_ISS"":""202606140105"",""ISSUED"":""202606140105"",""NWS_UGC"":null,""PHENOM"":""TO"",""POLY_BEG"":""202606140105"",""POLY_END"":""202606140125"",""PROD_ID"":""202606140105-KOUN-WFUS54-TOROUN"",""SIG"":""W"",""STATUS"":""NEW"",""TORNTAG"":""RADAR INDICATED"",""UPDATED"":""202606140105"",""VTEC_YR"":""2026"",""WFO"":""OUN"",""WINDTAG"":null},""iem_significance"":""W"",""iem_tornadotag"":""RADAR INDICATED"",""iem_ugc"":"""",""iem_wfo"":""OUN"",""iem_windtag"":"""",""senderName"":""OUN"",""status"":""NEW""}","{""geometry"":{""coordinates"":[[[-96.89,36.58],[-96.89,36.56],[-96.9,36.55],[-96.93,36.55],[-96.96,36.53],[-96.97,36.54],[-97.0,36.53],[-97.07,36.59],[-97.06,36.6],[-97.04,36.59],[-97.0,36.58],[-96.91,36.6],[-96.89,36.58]]],""type"":""Polygon""},""properties"":{""_map_py"":{""effective"":""2026-06-14T01:05:00Z"",""event"":""Tornado Warning"",""expires"":""2026-06-14T01:30:00Z"",""has_polygon"":true,""headline"":"""",""sender"":""OUN""},""effective"":""2026-06-14T01:05:00Z"",""event"":""Tornado Warning"",""expires"":""2026-06-14T01:30:00Z"",""headline"":"""",""iem_damagetag"":"""",""iem_emergency"":""False"",""iem_event_id"":""72"",""iem_forecaster"":""Meister"",""iem_gtype"":""P"",""iem_hailtag"":""1.5"",""iem_phenomena"":""TO"",""iem_raw_properties"":{""AREA_KM2"":""72.49023025809045"",""DAMAGTAG"":null,""EMERGENC"":""False"",""ETN"":""72"",""EXPIRED"":""202606140130"",""FCSTER"":""Meister"",""GTYPE"":""P"",""HAILTAG"":""1.5"",""HV_CAUSE"":null,""HV_NWSLI"":null,""HV_REC"":null,""HV_SEV"":null,""INIT_EXP"":""202606140130"",""INIT_ISS"":""202606140105"",""ISSUED"":""202606140105"",""NWS_UGC"":null,""PHENOM"":""TO"",""POLY_BEG"":""202606140105"",""POLY_END"":""202606140125"",""PROD_ID"":""202606140105-KOUN-WFUS54-TOROUN"",""SIG"":""W"",""STATUS"":""NEW"",""TORNTAG"":""RADAR INDICATED"",""UPDATED"":""202606140105"",""VTEC_YR"":""2026"",""WFO"":""OUN"",""WINDTAG"":null},""iem_significance"":""W"",""iem_tornadotag"":""RADAR INDICATED"",""iem_ugc"":"""",""iem_wfo"":""OUN"",""iem_windtag"":"""",""senderName"":""OUN"",""status"":""NEW""},""type"":""Feature""}",2026-04-27T17:31:58Z,2026-07-09T05:15:02Z,2026-07-09T18:49:04Z
2986,iem_watchwarn,iem_watchwarn|DDC|124|SV|W|2026-06-14T01:08:00Z|2026-06-14T02:00:00Z|,Severe Thunderstorm Warning,,2026-06-14T01:08:00Z,2026-06-14T02:00:00Z,DDC,NEW,1,"{""coordinates"":[[[-101.61,37.22],[-101.83,37.37],[-101.64,37.73],[-101.12,37.49],[-101.61,37.22]]],""type"":""Polygon""}","{""_map_py"":{""effective"":""2026-06-14T01:08:00Z"",""event"":""Severe Thunderstorm Warning"",""expires"":""2026-06-14T02:00:00Z"",""has_polygon"":true,""headline"":"""",""sender"":""DDC""},""effective"":""2026-06-14T01:08:00Z"",""event"":""Severe Thunderstorm Warning"",""expires"":""2026-06-14T02:00:00Z"",""headline"":"""",""iem_damagetag"":"""",""iem_emergency"":""False"",""iem_event_id"":""124"",""iem_forecaster"":""KBJ"",""iem_gtype"":""P"",""iem_hailtag"":""1.0"",""iem_phenomena"":""SV"",""iem_raw_properties"":{""AREA_KM2"":""1794.8380782925956"",""DAMAGTAG"":null,""EMERGENC"":""False"",""ETN"":""124"",""EXPIRED"":""202606140200"",""FCSTER"":""KBJ"",""GTYPE"":""P"",""HAILTAG"":""1.0"",""HV_CAUSE"":null,""HV_NWSLI"":null,""HV_REC"":null,""HV_SEV"":null,""INIT_EXP"":""202606140200"",""INIT_ISS"":""202606140108"",""ISSUED"":""202606140108"",""NWS_UGC"":null,""PHENOM"":""SV"",""POLY_BEG"":""202606140108"",""POLY_END"":""202606140117"",""PROD_ID"":""202606140108-KDDC-WUUS53-SVRDDC"",""SIG"":""W"",""STATUS"":""NEW"",""TORNTAG"":null,""UPDATED"":""202606140108"",""VTEC_YR"":""2026"",""WFO"":""DDC"",""WINDTAG"":""60.0""},""iem_significance"":""W"",""iem_tornadotag"":"""",""iem_ugc"":"""",""iem_wfo"":""DDC"",""iem_windtag"":""60.0"",""senderName"":""DDC"",""status"":""NEW""}","{""geometry"":{""coordinates"":[[[-101.61,37.22],[-101.83,37.37],[-101.64,37.73],[-101.12,37.49],[-101.61,37.22]]],""type"":""Polygon""},""properties"":{""_map_py"":{""effective"":""2026-06-14T01:08:00Z"",""event"":""Severe Thunderstorm Warning"",""expires"":""2026-06-14T02:00:00Z"",""has_polygon"":true,""headline"":"""",""sender"":""DDC""},""effective"":""2026-06-14T01:08:00Z"",""event"":""Severe Thunderstorm Warning"",""expires"":""2026-06-14T02:00:00Z"",""headline"":"""",""iem_damagetag"":"""",""iem_emergency"":""False"",""iem_event_id"":""124"",""iem_forecaster"":""KBJ"",""iem_gtype"":""P"",""iem_hailtag"":""1.0"",""iem_phenomena"":""SV"",""iem_raw_properties"":{""AREA_KM2"":""1794.8380782925956"",""DAMAGTAG"":null,""EMERGENC"":""False"",""ETN"":""124"",""EXPIRED"":""202606140200"",""FCSTER"":""KBJ"",""GTYPE"":""P"",""HAILTAG"":""1.0"",""HV_CAUSE"":null,""HV_NWSLI"":null,""HV_REC"":null,""HV_SEV"":null,""INIT_EXP"":""202606140200"",""INIT_ISS"":""202606140108"",""ISSUED"":""202606140108"",""NWS_UGC"":null,""PHENOM"":""SV"",""POLY_BEG"":""202606140108"",""POLY_END"":""202606140117"",""PROD_ID"":""202606140108-KDDC-WUUS53-SVRDDC"",""SIG"":""W"",""STATUS"":""NEW"",""TORNTAG"":null,""UPDATED"":""202606140108"",""VTEC_YR"":""2026"",""WFO"":""DDC"",""WINDTAG"":""60.0""},""iem_significance"":""W"",""iem_tornadotag"":"""",""iem_ugc"":"""",""iem_wfo"":""DDC"",""iem_windtag"":""60.0"",""senderName"":""DDC"",""status"":""NEW""},""type"":""Feature""}",2026-04-27T17:31:58Z,2026-07-09T05:15:02Z,2026-07-09T18:49:04Z
10351,iem_watchwarn,iem_watchwarn|EAX|384|SV|W|2026-06-14T01:08:00Z|2026-06-14T02:00:00Z|,Severe Thunderstorm Warning,,2026-06-14T01:08:00Z,2026-06-14T02:00:00Z,EAX,NEW,1,"{""coordinates"":[[[-95.04,39.05],[-94.96,39.27],[-94.75,39.17],[-94.28,38.98],[-94.38,38.72],[-94.63,38.62],[-95.06,38.84],[-95.07,38.99],[-95.09,38.98],[-95.08,38.96],[-95.16,38.98],[-95.17,38.96],[-95.19,38.97],[-95.19,38.98],[-95.04,39.05]]],""type"":""Polygon""}","{""_map_py"":{""effective"":""2026-06-14T01:08:00Z"",""event"":""Severe Thunderstorm Warning"",""expires"":""2026-06-14T02:00:00Z"",""has_polygon"":true,""headline"":"""",""sender"":""EAX""},""effective"":""2026-06-14T01:08:00Z"",""event"":""Severe Thunderstorm Warning"",""expires"":""2026-06-14T02:00:00Z"",""headline"":"""",""iem_damagetag"":""DESTRUCTIVE"",""iem_emergency"":""False"",""iem_event_id"":""384"",""iem_forecaster"":""Patterson"",""iem_gtype"":""P"",""iem_hailtag"":""1.0"",""iem_phenomena"":""SV"",""iem_raw_properties"":{""AREA_KM2"":""3023.6310409549906"",""DAMAGTAG"":""DESTRUCTIVE"",""EMERGENC"":""False"",""ETN"":""384"",""EXPIRED"":""202606140200"",""FCSTER"":""Patterson"",""GTYPE"":""P"",""HAILTAG"":""1.0"",""HV_CAUSE"":null,""HV_NWSLI"":null,""HV_REC"":null,""HV_SEV"":null,""INIT_EXP"":""202606140200"",""INIT_ISS"":""202606140108"",""ISSUED"":""202606140108"",""NWS_UGC"":null,""PHENOM"":""SV"",""POLY_BEG"":""202606140108"",""POLY_END"":""202606140137"",""PROD_ID"":""202606140108-KEAX-WUUS53-SVREAX"",""SIG"":""W"",""STATUS"":""NEW"",""TORNTAG"":null,""UPDATED"":""202606140108"",""VTEC_YR"":""2026"",""WFO"":""EAX"",""WINDTAG"":""80.0""},""iem_significance"":""W"",""iem_tornadotag"":"""",""iem_ugc"":"""",""iem_wfo"":""EAX"",""iem_windtag"":""80.0"",""senderName"":""EAX"",""status"":""NEW""}","{""geometry"":{""coordinates"":[[[-95.04,39.05],[-94.96,39.27],[-94.75,39.17],[-94.28,38.98],[-94.38,38.72],[-94.63,38.62],[-95.06,38.84],[-95.07,38.99],[-95.09,38.98],[-95.08,38.96],[-95.16,38.98],[-95.17,38.96],[-95.19,38.97],[-95.19,38.98],[-95.04,39.05]]],""type"":""Polygon""},""properties"":{""_map_py"":{""effective"":""2026-06-14T01:08:00Z"",""event"":""Severe Thunderstorm Warning"",""expires"":""2026-06-14T02:00:00Z"",""has_polygon"":true,""headline"":"""",""sender"":""EAX""},""effective"":""2026-06-14T01:08:00Z"",""event"":""Severe Thunderstorm Warning"",""expires"":""2026-06-14T02:00:00Z"",""headline"":"""",""iem_damagetag"":""DESTRUCTIVE"",""iem_emergency"":""False"",""iem_event_id"":""384"",""iem_forecaster"":""Patterson"",""iem_gtype"":""P"",""iem_hailtag"":""1.0"",""iem_phenomena"":""SV"",""iem_raw_properties"":{""AREA_KM2"":""3023.6310409549906"",""DAMAGTAG"":""DESTRUCTIVE"",""EMERGENC"":""False"",""ETN"":""384"",""EXPIRED"":""202606140200"",""FCSTER"":""Patterson"",""GTYPE"":""P"",""HAILTAG"":""1.0"",""HV_CAUSE"":null,""HV_NWSLI"":null,""HV_REC"":null,""HV_SEV"":null,""INIT_EXP"":""202606140200"",""INIT_ISS"":""202606140108"",""ISSUED"":""202606140108"",""NWS_UGC"":null,""PHENOM"":""SV"",""POLY_BEG"":""202606140108"",""POLY_END"":""202606140137"",""PROD_ID"":""202606140108-KEAX-WUUS53-SVREAX"",""SIG"":""W"",""STATUS"":""NEW"",""TORNTAG"":null,""UPDATED"":""202606140108"",""VTEC_YR"":""2026"",""WFO"":""EAX"",""WINDTAG"":""80.0""},""iem_significance"":""W"",""iem_tornadotag"":"""",""iem_ugc"":"""",""iem_wfo"":""EAX"",""iem_windtag"":""80.0"",""senderName"":""EAX"",""status"":""NEW""},""type"":""Feature""}",2026-04-27T17:31:58Z,2026-07-09T05:15:02Z,2026-07-09T18:49:04Z
5630,iem_watchwarn,iem_watchwarn|ICT|282|SV|W|2026-06-14T01:12:00Z|2026-06-14T02:15:00Z|,Severe Thunderstorm Warning,,2026-06-14T01:12:00Z,2026-06-14T02:15:00Z,ICT,NEW,1,"{""coordinates"":[[[-97.8,37.73],[-97.7,37.74],[-97.7,37.91],[-97.15,37.91],[-97.16,37.48],[-97.81,37.48],[-97.8,37.73]]],""type"":""Polygon""}","{""_map_py"":{""effective"":""2026-06-14T01:12:00Z"",""event"":""Severe Thunderstorm Warning"",""expires"":""2026-06-14T02:15:00Z"",""has_polygon"":true,""headline"":"""",""sender"":""ICT""},""effective"":""2026-06-14T01:12:00Z"",""event"":""Severe Thunderstorm Warning"",""expires"":""2026-06-14T02:15:00Z"",""headline"":"""",""iem_damagetag"":"""",""iem_emergency"":""False"",""iem_event_id"":""282"",""iem_forecaster"":""KLEINSASSER"",""iem_gtype"":""P"",""iem_hailtag"":""1.0"",""iem_phenomena"":""SV"",""iem_raw_properties"":{""AREA_KM2"":""2553.8421417248715"",""DAMAGTAG"":null,""EMERGENC"":""False"",""ETN"":""282"",""EXPIRED"":""202606140215"",""FCSTER"":""KLEINSASSER"",""GTYPE"":""P"",""HAILTAG"":""1.0"",""HV_CAUSE"":null,""HV_NWSLI"":null,""HV_REC"":null,""HV_SEV"":null,""INIT_EXP"":""202606140215"",""INIT_ISS"":""202606140112"",""ISSUED"":""202606140112"",""NWS_UGC"":null,""PHENOM"":""SV"",""POLY_BEG"":""202606140112"",""POLY_END"":""202606140131"",""PROD_ID"":""202606140112-KICT-WUUS53-SVRICT"",""SIG"":""W"",""STATUS"":""NEW"",""TORNTAG"":null,""UPDATED"":""202606140112"",""VTEC_YR"":""2026"",""WFO"":""ICT"",""WINDTAG"":""60.0""},""iem_significance"":""W"",""iem_tornadotag"":"""",""iem_ugc"":"""",""iem_wfo"":""ICT"",""iem_windtag"":""60.0"",""senderName"":""ICT"",""status"":""NEW""}","{""geometry"":{""coordinates"":[[[-97.8,37.73],[-97.7,37.74],[-97.7,37.91],[-97.15,37.91],[-97.16,37.48],[-97.81,37.48],[-97.8,37.73]]],""type"":""Polygon""},""properties"":{""_map_py"":{""effective"":""2026-06-14T01:12:00Z"",""event"":""Severe Thunderstorm Warning"",""expires"":""2026-06-14T02:15:00Z"",""has_polygon"":true,""headline"":"""",""sender"":""ICT""},""effective"":""2026-06-14T01:12:00Z"",""event"":""Severe Thunderstorm Warning"",""expires"":""2026-06-14T02:15:00Z"",""headline"":"""",""iem_damagetag"":"""",""iem_emergency"":""False"",""iem_event_id"":""282"",""iem_forecaster"":""KLEINSASSER"",""iem_gtype"":""P"",""iem_hailtag"":""1.0"",""iem_phenomena"":""SV"",""iem_raw_properties"":{""AREA_KM2"":""2553.8421417248715"",""DAMAGTAG"":null,""EMERGENC"":""False"",""ETN"":""282"",""EXPIRED"":""202606140215"",""FCSTER"":""KLEINSASSER"",""GTYPE"":""P"",""HAILTAG"":""1.0"",""HV_CAUSE"":null,""HV_NWSLI"":null,""HV_REC"":null,""HV_SEV"":null,""INIT_EXP"":""202606140215"",""INIT_ISS"":""202606140112"",""ISSUED"":""202606140112"",""NWS_UGC"":null,""PHENOM"":""SV"",""POLY_BEG"":""202606140112"",""POLY_END"":""202606140131"",""PROD_ID"":""202606140112-KICT-WUUS53-SVRICT"",""SIG"":""W"",""STATUS"":""NEW"",""TORNTAG"":null,""UPDATED"":""202606140112"",""VTEC_YR"":""2026"",""WFO"":""ICT"",""WINDTAG"":""60.0""},""iem_significance"":""W"",""iem_tornadotag"":"""",""iem_ugc"":"""",""iem_wfo"":""ICT"",""iem_windtag"":""60.0"",""senderName"":""ICT"",""status"":""NEW""},""type"":""Feature""}",2026-04-27T17:31:58Z,2026-07-09T05:15:02Z,2026-07-09T18:49:04Z
2928,iem_watchwarn,iem_watchwarn|ICT|283|SV|W|2026-06-14T01:22:00Z|2026-06-14T01:58:00Z|,Severe Thunderstorm Warning,,2026-06-14T01:22:00Z,2026-06-14T01:58:00Z,ICT,NEW,1,"{""coordinates"":[[[-96.36,37.53],[-96.38,37.76],[-95.8,37.9],[-95.7,37.54],[-96.36,37.53]]],""type"":""Polygon""}","{""_map_py"":{""effective"":""2026-06-14T01:22:00Z"",""event"":""Severe Thunderstorm Warning"",""expires"":""2026-06-14T01:58:00Z"",""has_polygon"":true,""headline"":"""",""sender"":""ICT""},""effective"":""2026-06-14T01:22:00Z"",""event"":""Severe Thunderstorm Warning"",""expires"":""2026-06-14T01:58:00Z"",""headline"":"""",""iem_damagetag"":"""",""iem_emergency"":""False"",""iem_event_id"":""283"",""iem_forecaster"":""LAWSON"",""iem_gtype"":""P"",""iem_hailtag"":""1.0"",""iem_phenomena"":""SV"",""iem_raw_properties"":{""AREA_KM2"":""1833.51810340871"",""DAMAGTAG"":null,""EMERGENC"":""False"",""ETN"":""283"",""EXPIRED"":""202606140158"",""FCSTER"":""LAWSON"",""GTYPE"":""P"",""HAILTAG"":""1.0"",""HV_CAUSE"":null,""HV_NWSLI"":null,""HV_REC"":null,""HV_SEV"":null,""INIT_EXP"":""202606140215"",""INIT_ISS"":""202606140122"",""ISSUED"":""202606140122"",""NWS_UGC"":null,""PHENOM"":""SV"",""POLY_BEG"":""202606140122"",""POLY_END"":""202606140135"",""PROD_ID"":""202606140122-KICT-WUUS53-SVRICT"",""SIG"":""W"",""STATUS"":""NEW"",""TORNTAG"":null,""UPDATED"":""202606140122"",""VTEC_YR"":""2026"",""WFO"":""ICT"",""WINDTAG"":""60.0""},""iem_significance"":""W"",""iem_tornadotag"":"""",""iem_ugc"":"""",""iem_wfo"":""ICT"",""iem_windtag"":""60.0"",""senderName"":""ICT"",""status"":""NEW""}","{""geometry"":{""coordinates"":[[[-96.36,37.53],[-96.38,37.76],[-95.8,37.9],[-95.7,37.54],[-96.36,37.53]]],""type"":""Polygon""},""properties"":{""_map_py"":{""effective"":""2026-06-14T01:22:00Z"",""event"":""Severe Thunderstorm Warning"",""expires"":""2026-06-14T01:58:00Z"",""has_polygon"":true,""headline"":"""",""sender"":""ICT""},""effective"":""2026-06-14T01:22:00Z"",""event"":""Severe Thunderstorm Warning"",""expires"":""2026-06-14T01:58:00Z"",""headline"":"""",""iem_damagetag"":"""",""iem_emergency"":""False"",""iem_event_id"":""283"",""iem_forecaster"":""LAWSON"",""iem_gtype"":""P"",""iem_hailtag"":""1.0"",""iem_phenomena"":""SV"",""iem_raw_properties"":{""AREA_KM2"":""1833.51810340871"",""DAMAGTAG"":null,""EMERGENC"":""False"",""ETN"":""283"",""EXPIRED"":""202606140158"",""FCSTER"":""LAWSON"",""GTYPE"":""P"",""HAILTAG"":""1.0"",""HV_CAUSE"":null,""HV_NWSLI"":null,""HV_REC"":null,""HV_SEV"":null,""INIT_EXP"":""202606140215"",""INIT_ISS"":""202606140122"",""ISSUED"":""202606140122"",""NWS_UGC"":null,""PHENOM"":""SV"",""POLY_BEG"":""202606140122"",""POLY_END"":""202606140135"",""PROD_ID"":""202606140122-KICT-WUUS53-SVRICT"",""SIG"":""W"",""STATUS"":""NEW"",""TORNTAG"":null,""UPDATED"":""202606140122"",""VTEC_YR"":""2026"",""WFO"":""ICT"",""WINDTAG"":""60.0""},""iem_significance"":""W"",""iem_tornadotag"":"""",""iem_ugc"":"""",""iem_wfo"":""ICT"",""iem_windtag"":""60.0"",""senderName"":""ICT"",""status"":""NEW""},""type"":""Feature""}",2026-04-27T17:31:58Z,2026-07-09T05:15:02Z,2026-07-09T18:49:04Z
1139,iem_watchwarn,iem_watchwarn|PUB|40|SV|W|2026-06-14T01:24:00Z|2026-06-14T02:00:00Z|,Severe Thunderstorm Warning,,2026-06-14T01:24:00Z,2026-06-14T02:00:00Z,PUB,NEW,1,"{""coordinates"":[[[-102.37,37.51],[-102.41,37.78],[-102.04,37.78],[-102.05,37.47],[-102.37,37.51]]],""type"":""Polygon""}","{""_map_py"":{""effective"":""2026-06-14T01:24:00Z"",""event"":""Severe Thunderstorm Warning"",""expires"":""2026-06-14T02:00:00Z"",""has_polygon"":true,""headline"":"""",""sender"":""PUB""},""effective"":""2026-06-14T01:24:00Z"",""event"":""Severe Thunderstorm Warning"",""expires"":""2026-06-14T02:00:00Z"",""headline"":"""",""iem_damagetag"":""CONSIDERABLE"",""iem_emergency"":""False"",""iem_event_id"":""40"",""iem_forecaster"":""Moore"",""iem_gtype"":""P"",""iem_hailtag"":""1.75"",""iem_phenomena"":""SV"",""iem_raw_properties"":{""AREA_KM2"":""976.6778532916749"",""DAMAGTAG"":""CONSIDERABLE"",""EMERGENC"":""False"",""ETN"":""40"",""EXPIRED"":""202606140200"",""FCSTER"":""Moore"",""GTYPE"":""P"",""HAILTAG"":""1.75"",""HV_CAUSE"":null,""HV_NWSLI"":null,""HV_REC"":null,""HV_SEV"":null,""INIT_EXP"":""202606140200"",""INIT_ISS"":""202606140124"",""ISSUED"":""202606140124"",""NWS_UGC"":null,""PHENOM"":""SV"",""POLY_BEG"":""202606140124"",""POLY_END"":""202606140145"",""PROD_ID"":""202606140124-KPUB-WUUS55-SVRPUB"",""SIG"":""W"",""STATUS"":""NEW"",""TORNTAG"":null,""UPDATED"":""202606140124"",""VTEC_YR"":""2026"",""WFO"":""PUB"",""WINDTAG"":""60.0""},""iem_significance"":""W"",""iem_tornadotag"":"""",""iem_ugc"":"""",""iem_wfo"":""PUB"",""iem_windtag"":""60.0"",""senderName"":""PUB"",""status"":""NEW""}","{""geometry"":{""coordinates"":[[[-102.37,37.51],[-102.41,37.78],[-102.04,37.78],[-102.05,37.47],[-102.37,37.51]]],""type"":""Polygon""},""properties"":{""_map_py"":{""effective"":""2026-06-14T01:24:00Z"",""event"":""Severe Thunderstorm Warning"",""expires"":""2026-06-14T02:00:00Z"",""has_polygon"":true,""headline"":"""",""sender"":""PUB""},""effective"":""2026-06-14T01:24:00Z"",""event"":""Severe Thunderstorm Warning"",""expires"":""2026-06-14T02:00:00Z"",""headline"":"""",""iem_damagetag"":""CONSIDERABLE"",""iem_emergency"":""False"",""iem_event_id"":""40"",""iem_forecaster"":""Moore"",""iem_gtype"":""P"",""iem_hailtag"":""1.75"",""iem_phenomena"":""SV"",""iem_raw_properties"":{""AREA_KM2"":""976.6778532916749"",""DAMAGTAG"":""CONSIDERABLE"",""EMERGENC"":""False"",""ETN"":""40"",""EXPIRED"":""202606140200"",""FCSTER"":""Moore"",""GTYPE"":""P"",""HAILTAG"":""1.75"",""HV_CAUSE"":null,""HV_NWSLI"":null,""HV_REC"":null,""HV_SEV"":null,""INIT_EXP"":""202606140200"",""INIT_ISS"":""202606140124"",""ISSUED"":""202606140124"",""NWS_UGC"":null,""PHENOM"":""SV"",""POLY_BEG"":""202606140124"",""POLY_END"":""202606140145"",""PROD_ID"":""202606140124-KPUB-WUUS55-SVRPUB"",""SIG"":""W"",""STATUS"":""NEW"",""TORNTAG"":null,""UPDATED"":""202606140124"",""VTEC_YR"":""2026"",""WFO"":""PUB"",""WINDTAG"":""60.0""},""iem_significance"":""W"",""iem_tornadotag"":"""",""iem_ugc"":"""",""iem_wfo"":""PUB"",""iem_windtag"":""60.0"",""senderName"":""PUB"",""status"":""NEW""},""type"":""Feature""}",2026-04-27T17:31:58Z,2026-07-09T05:15:02Z,2026-07-09T18:49:04Z
9999,iem_watchwarn,iem_watchwarn|EAX|385|SV|W|2026-06-14T01:24:00Z|2026-06-14T02:30:00Z|,Severe Thunderstorm Warning,,2026-06-14T01:24:00Z,2026-06-14T02:30:00Z,EAX,NEW,1,"{""coordinates"":[[[-94.78,39.51],[-94.21,39.46],[-94.21,39.21],[-94.25,39.24],[-94.29,39.24],[-94.32,39.21],[-94.77,39.2],[-94.78,39.21],[-94.83,39.21],[-94.84,39.22],[-94.83,39.25],[-94.85,39.27],[-94.85,39.41],[-94.78,39.51]]],""type"":""Polygon""}","{""_map_py"":{""effective"":""2026-06-14T01:24:00Z"",""event"":""Severe Thunderstorm Warning"",""expires"":""2026-06-14T02:30:00Z"",""has_polygon"":true,""headline"":"""",""sender"":""EAX""},""effective"":""2026-06-14T01:24:00Z"",""event"":""Severe Thunderstorm Warning"",""expires"":""2026-06-14T02:30:00Z"",""headline"":"""",""iem_damagetag"":""CONSIDERABLE"",""iem_emergency"":""False"",""iem_event_id"":""385"",""iem_forecaster"":""Patterson"",""iem_gtype"":""P"",""iem_hailtag"":""1.0"",""iem_phenomena"":""SV"",""iem_raw_properties"":{""AREA_KM2"":""1659.6195050934205"",""DAMAGTAG"":""CONSIDERABLE"",""EMERGENC"":""False"",""ETN"":""385"",""EXPIRED"":""202606140230"",""FCSTER"":""Patterson"",""GTYPE"":""P"",""HAILTAG"":""1.0"",""HV_CAUSE"":null,""HV_NWSLI"":null,""HV_REC"":null,""HV_SEV"":null,""INIT_EXP"":""202606140230"",""INIT_ISS"":""202606140124"",""ISSUED"":""202606140124"",""NWS_UGC"":null,""PHENOM"":""SV"",""POLY_BEG"":""202606140124"",""POLY_END"":""202606140203"",""PROD_ID"":""202606140124-KEAX-WUUS53-SVREAX"",""SIG"":""W"",""STATUS"":""NEW"",""TORNTAG"":""POSSIBLE"",""UPDATED"":""202606140124"",""VTEC_YR"":""2026"",""WFO"":""EAX"",""WINDTAG"":""70.0""},""iem_significance"":""W"",""iem_tornadotag"":""POSSIBLE"",""iem_ugc"":"""",""iem_wfo"":""EAX"",""iem_windtag"":""70.0"",""senderName"":""EAX"",""status"":""NEW""}","{""geometry"":{""coordinates"":[[[-94.78,39.51],[-94.21,39.46],[-94.21,39.21],[-94.25,39.24],[-94.29,39.24],[-94.32,39.21],[-94.77,39.2],[-94.78,39.21],[-94.83,39.21],[-94.84,39.22],[-94.83,39.25],[-94.85,39.27],[-94.85,39.41],[-94.78,39.51]]],""type"":""Polygon""},""properties"":{""_map_py"":{""effective"":""2026-06-14T01:24:00Z"",""event"":""Severe Thunderstorm Warning"",""expires"":""2026-06-14T02:30:00Z"",""has_polygon"":true,""headline"":"""",""sender"":""EAX""},""effective"":""2026-06-14T01:24:00Z"",""event"":""Severe Thunderstorm Warning"",""expires"":""2026-06-14T02:30:00Z"",""headline"":"""",""iem_damagetag"":""CONSIDERABLE"",""iem_emergency"":""False"",""iem_event_id"":""385"",""iem_forecaster"":""Patterson"",""iem_gtype"":""P"",""iem_hailtag"":""1.0"",""iem_phenomena"":""SV"",""iem_raw_properties"":{""AREA_KM2"":""1659.6195050934205"",""DAMAGTAG"":""CONSIDERABLE"",""EMERGENC"":""False"",""ETN"":""385"",""EXPIRED"":""202606140230"",""FCSTER"":""Patterson"",""GTYPE"":""P"",""HAILTAG"":""1.0"",""HV_CAUSE"":null,""HV_NWSLI"":null,""HV_REC"":null,""HV_SEV"":null,""INIT_EXP"":""202606140230"",""INIT_ISS"":""202606140124"",""ISSUED"":""202606140124"",""NWS_UGC"":null,""PHENOM"":""SV"",""POLY_BEG"":""202606140124"",""POLY_END"":""202606140203"",""PROD_ID"":""202606140124-KEAX-WUUS53-SVREAX"",""SIG"":""W"",""STATUS"":""NEW"",""TORNTAG"":""POSSIBLE"",""UPDATED"":""202606140124"",""VTEC_YR"":""2026"",""WFO"":""EAX"",""WINDTAG"":""70.0""},""iem_significance"":""W"",""iem_tornadotag"":""POSSIBLE"",""iem_ugc"":"""",""iem_wfo"":""EAX"",""iem_windtag"":""70.0"",""senderName"":""EAX"",""status"":""NEW""},""type"":""Feature""}",2026-04-27T17:31:58Z,2026-07-09T05:15:02Z,2026-07-09T18:49:04Z
6591,iem_watchwarn,iem_watchwarn|ICT|284|SV|W|2026-06-14T01:25:00Z|2026-06-14T02:30:00Z|,Severe Thunderstorm Warning,,2026-06-14T01:25:00Z,2026-06-14T02:30:00Z,ICT,NEW,1,"{""coordinates"":[[[-96.93,38.59],[-96.93,38.52],[-96.36,38.52],[-96.36,38.18],[-97.03,38.27],[-97.07,38.61],[-96.93,38.59]]],""type"":""Polygon""}","{""_map_py"":{""effective"":""2026-06-14T01:25:00Z"",""event"":""Severe Thunderstorm Warning"",""expires"":""2026-06-14T02:30:00Z"",""has_polygon"":true,""headline"":"""",""sender"":""ICT""},""effective"":""2026-06-14T01:25:00Z"",""event"":""Severe Thunderstorm Warning"",""expires"":""2026-06-14T02:30:00Z"",""headline"":"""",""iem_damagetag"":"""",""iem_emergency"":""False"",""iem_event_id"":""284"",""iem_forecaster"":""LAWSON"",""iem_gtype"":""P"",""iem_hailtag"":""1.0"",""iem_phenomena"":""SV"",""iem_raw_properties"":{""AREA_KM2"":""2054.10188005073"",""DAMAGTAG"":null,""EMERGENC"":""False"",""ETN"":""284"",""EXPIRED"":""202606140230"",""FCSTER"":""LAWSON"",""GTYPE"":""P"",""HAILTAG"":""1.0"",""HV_CAUSE"":null,""HV_NWSLI"":null,""HV_REC"":null,""HV_SEV"":null,""INIT_EXP"":""202606140230"",""INIT_ISS"":""202606140125"",""ISSUED"":""202606140125"",""NWS_UGC"":null,""PHENOM"":""SV"",""POLY_BEG"":""202606140125"",""POLY_END"":""202606140138"",""PROD_ID"":""202606140125-KICT-WUUS53-SVRICT"",""SIG"":""W"",""STATUS"":""NEW"",""TORNTAG"":null,""UPDATED"":""202606140125"",""VTEC_YR"":""2026"",""WFO"":""ICT"",""WINDTAG"":""60.0""},""iem_significance"":""W"",""iem_tornadotag"":"""",""iem_ugc"":"""",""iem_wfo"":""ICT"",""iem_windtag"":""60.0"",""senderName"":""ICT"",""status"":""NEW""}","{""geometry"":{""coordinates"":[[[-96.93,38.59],[-96.93,38.52],[-96.36,38.52],[-96.36,38.18],[-97.03,38.27],[-97.07,38.61],[-96.93,38.59]]],""type"":""Polygon""},""properties"":{""_map_py"":{""effective"":""2026-06-14T01:25:00Z"",""event"":""Severe Thunderstorm Warning"",""expires"":""2026-06-14T02:30:00Z"",""has_polygon"":true,""headline"":"""",""sender"":""ICT""},""effective"":""2026-06-14T01:25:00Z"",""event"":""Severe Thunderstorm Warning"",""expires"":""2026-06-14T02:30:00Z"",""headline"":"""",""iem_damagetag"":"""",""iem_emergency"":""False"",""iem_event_id"":""284"",""iem_forecaster"":""LAWSON"",""iem_gtype"":""P"",""iem_hailtag"":""1.0"",""iem_phenomena"":""SV"",""iem_raw_properties"":{""AREA_KM2"":""2054.10188005073"",""DAMAGTAG"":null,""EMERGENC"":""False"",""ETN"":""284"",""EXPIRED"":""202606140230"",""FCSTER"":""LAWSON"",""GTYPE"":""P"",""HAILTAG"":""1.0"",""HV_CAUSE"":null,""HV_NWSLI"":null,""HV_REC"":null,""HV_SEV"":null,""INIT_EXP"":""202606140230"",""INIT_ISS"":""202606140125"",""ISSUED"":""202606140125"",""NWS_UGC"":null,""PHENOM"":""SV"",""POLY_BEG"":""202606140125"",""POLY_END"":""202606140138"",""PROD_ID"":""202606140125-KICT-WUUS53-SVRICT"",""SIG"":""W"",""STATUS"":""NEW"",""TORNTAG"":null,""UPDATED"":""202606140125"",""VTEC_YR"":""2026"",""WFO"":""ICT"",""WINDTAG"":""60.0""},""iem_significance"":""W"",""iem_tornadotag"":"""",""iem_ugc"":"""",""iem_wfo"":""ICT"",""iem_windtag"":""60.0"",""senderName"":""ICT"",""status"":""NEW""},""type"":""Feature""}",2026-04-27T17:31:58Z,2026-07-09T05:15:02Z,2026-07-09T18:49:04Z
5916,iem_watchwarn,iem_watchwarn|ICT|285|SV|W|2026-06-14T01:26:00Z|2026-06-14T02:15:00Z|,Severe Thunderstorm Warning,,2026-06-14T01:26:00Z,2026-06-14T02:15:00Z,ICT,NEW,1,"{""coordinates"":[[[-98.35,37.0],[-98.34,37.38],[-97.81,37.39],[-97.8,37.47],[-97.15,37.47],[-97.15,37.25],[-98.35,37.0]]],""type"":""Polygon""}","{""_map_py"":{""effective"":""2026-06-14T01:26:00Z"",""event"":""Severe Thunderstorm Warning"",""expires"":""2026-06-14T02:15:00Z"",""has_polygon"":true,""headline"":"""",""sender"":""ICT""},""effective"":""2026-06-14T01:26:00Z"",""event"":""Severe Thunderstorm Warning"",""expires"":""2026-06-14T02:15:00Z"",""headline"":"""",""iem_damagetag"":""CONSIDERABLE"",""iem_emergency"":""False"",""iem_event_id"":""285"",""iem_forecaster"":""KLEINSASSER"",""iem_gtype"":""P"",""iem_hailtag"":""0.75"",""iem_phenomena"":""SV"",""iem_raw_properties"":{""AREA_KM2"":""3586.5349285869024"",""DAMAGTAG"":""CONSIDERABLE"",""EMERGENC"":""False"",""ETN"":""285"",""EXPIRED"":""202606140215"",""FCSTER"":""KLEINSASSER"",""GTYPE"":""P"",""HAILTAG"":""0.75"",""HV_CAUSE"":null,""HV_NWSLI"":null,""HV_REC"":null,""HV_SEV"":null,""INIT_EXP"":""202606140215"",""INIT_ISS"":""202606140126"",""ISSUED"":""202606140126"",""NWS_UGC"":null,""PHENOM"":""SV"",""POLY_BEG"":""202606140126"",""POLY_END"":""202606140148"",""PROD_ID"":""202606140126-KICT-WUUS53-SVRICT"",""SIG"":""W"",""STATUS"":""NEW"",""TORNTAG"":null,""UPDATED"":""202606140126"",""VTEC_YR"":""2026"",""WFO"":""ICT"",""WINDTAG"":""70.0""},""iem_significance"":""W"",""iem_tornadotag"":"""",""iem_ugc"":"""",""iem_wfo"":""ICT"",""iem_windtag"":""70.0"",""senderName"":""ICT"",""status"":""NEW""}","{""geometry"":{""coordinates"":[[[-98.35,37.0],[-98.34,37.38],[-97.81,37.39],[-97.8,37.47],[-97.15,37.47],[-97.15,37.25],[-98.35,37.0]]],""type"":""Polygon""},""properties"":{""_map_py"":{""effective"":""2026-06-14T01:26:00Z"",""event"":""Severe Thunderstorm Warning"",""expires"":""2026-06-14T02:15:00Z"",""has_polygon"":true,""headline"":"""",""sender"":""ICT""},""effective"":""2026-06-14T01:26:00Z"",""event"":""Severe Thunderstorm Warning"",""expires"":""2026-06-14T02:15:00Z"",""headline"":"""",""iem_damagetag"":""CONSIDERABLE"",""iem_emergency"":""False"",""iem_event_id"":""285"",""iem_forecaster"":""KLEINSASSER"",""iem_gtype"":""P"",""iem_hailtag"":""0.75"",""iem_phenomena"":""SV"",""iem_raw_properties"":{""AREA_KM2"":""3586.5349285869024"",""DAMAGTAG"":""CONSIDERABLE"",""EMERGENC"":""False"",""ETN"":""285"",""EXPIRED"":""202606140215"",""FCSTER"":""KLEINSASSER"",""GTYPE"":""P"",""HAILTAG"":""0.75"",""HV_CAUSE"":null,""HV_NWSLI"":null,""HV_REC"":null,""HV_SEV"":null,""INIT_EXP"":""202606140215"",""INIT_ISS"":""202606140126"",""ISSUED"":""202606140126"",""NWS_UGC"":null,""PHENOM"":""SV"",""POLY_BEG"":""202606140126"",""POLY_END"":""202606140148"",""PROD_ID"":""202606140126-KICT-WUUS53-SVRICT"",""SIG"":""W"",""STATUS"":""NEW"",""TORNTAG"":null,""UPDATED"":""202606140126"",""VTEC_YR"":""2026"",""WFO"":""ICT"",""WINDTAG"":""70.0""},""iem_significance"":""W"",""iem_tornadotag"":"""",""iem_ugc"":"""",""iem_wfo"":""ICT"",""iem_windtag"":""70.0"",""senderName"":""ICT"",""status"":""NEW""},""type"":""Feature""}",2026-04-27T17:31:58Z,2026-07-09T05:15:02Z,2026-07-09T18:49:04Z
8580,iem_watchwarn,iem_watchwarn|TOP|324|SV|W|2026-06-14T01:26:00Z|2026-06-14T02:15:00Z|,Severe Thunderstorm Warning,,2026-06-14T01:26:00Z,2026-06-14T02:15:00Z,TOP,NEW,1,"{""coordinates"":[[[-96.35,38.53],[-96.06,38.54],[-95.96,38.59],[-95.94,38.83],[-95.86,38.82],[-95.51,38.52],[-95.51,38.5],[-95.77,38.31],[-96.36,38.25],[-96.35,38.53]]],""type"":""Polygon""}","{""_map_py"":{""effective"":""2026-06-14T01:26:00Z"",""event"":""Severe Thunderstorm Warning"",""expires"":""2026-06-14T02:15:00Z"",""has_polygon"":true,""headline"":"""",""sender"":""TOP""},""effective"":""2026-06-14T01:26:00Z"",""event"":""Severe Thunderstorm Warning"",""expires"":""2026-06-14T02:15:00Z"",""headline"":"""",""iem_damagetag"":"""",""iem_emergency"":""False"",""iem_event_id"":""324"",""iem_forecaster"":""Flanagan"",""iem_gtype"":""P"",""iem_hailtag"":""1.0"",""iem_phenomena"":""SV"",""iem_raw_properties"":{""AREA_KM2"":""2513.2963469343413"",""DAMAGTAG"":null,""EMERGENC"":""False"",""ETN"":""324"",""EXPIRED"":""202606140215"",""FCSTER"":""Flanagan"",""GTYPE"":""P"",""HAILTAG"":""1.0"",""HV_CAUSE"":null,""HV_NWSLI"":null,""HV_REC"":null,""HV_SEV"":null,""INIT_EXP"":""202606140215"",""INIT_ISS"":""202606140126"",""ISSUED"":""202606140126"",""NWS_UGC"":null,""PHENOM"":""SV"",""POLY_BEG"":""202606140126"",""POLY_END"":""202606140140"",""PROD_ID"":""202606140126-KTOP-WUUS53-SVRTOP"",""SIG"":""W"",""STATUS"":""NEW"",""TORNTAG"":null,""UPDATED"":""202606140126"",""VTEC_YR"":""2026"",""WFO"":""TOP"",""WINDTAG"":""60.0""},""iem_significance"":""W"",""iem_tornadotag"":"""",""iem_ugc"":"""",""iem_wfo"":""TOP"",""iem_windtag"":""60.0"",""senderName"":""TOP"",""status"":""NEW""}","{""geometry"":{""coordinates"":[[[-96.35,38.53],[-96.06,38.54],[-95.96,38.59],[-95.94,38.83],[-95.86,38.82],[-95.51,38.52],[-95.51,38.5],[-95.77,38.31],[-96.36,38.25],[-96.35,38.53]]],""type"":""Polygon""},""properties"":{""_map_py"":{""effective"":""2026-06-14T01:26:00Z"",""event"":""Severe Thunderstorm Warning"",""expires"":""2026-06-14T02:15:00Z"",""has_polygon"":true,""headline"":"""",""sender"":""TOP""},""effective"":""2026-06-14T01:26:00Z"",""event"":""Severe Thunderstorm Warning"",""expires"":""2026-06-14T02:15:00Z"",""headline"":"""",""iem_damagetag"":"""",""iem_emergency"":""False"",""iem_event_id"":""324"",""iem_forecaster"":""Flanagan"",""iem_gtype"":""P"",""iem_hailtag"":""1.0"",""iem_phenomena"":""SV"",""iem_raw_properties"":{""AREA_KM2"":""2513.2963469343413"",""DAMAGTAG"":null,""EMERGENC"":""False"",""ETN"":""324"",""EXPIRED"":""202606140215"",""FCSTER"":""Flanagan"",""GTYPE"":""P"",""HAILTAG"":""1.0"",""HV_CAUSE"":null,""HV_NWSLI"":null,""HV_REC"":null,""HV_SEV"":null,""INIT_EXP"":""202606140215"",""INIT_ISS"":""202606140126"",""ISSUED"":""202606140126"",""NWS_UGC"":null,""PHENOM"":""SV"",""POLY_BEG"":""202606140126"",""POLY_END"":""202606140140"",""PROD_ID"":""202606140126-KTOP-WUUS53-SVRTOP"",""SIG"":""W"",""STATUS"":""NEW"",""TORNTAG"":null,""UPDATED"":""202606140126"",""VTEC_YR"":""2026"",""WFO"":""TOP"",""WINDTAG"":""60.0""},""iem_significance"":""W"",""iem_tornadotag"":"""",""iem_ugc"":"""",""iem_wfo"":""TOP"",""iem_windtag"":""60.0"",""senderName"":""TOP"",""status"":""NEW""},""type"":""Feature""}",2026-04-27T17:31:58Z,2026-07-09T05:15:02Z,2026-07-09T18:49:04Z
6150,iem_watchwarn,iem_watchwarn|TSA|257|SV|W|2026-06-14T01:32:00Z|2026-06-14T02:15:00Z|,Severe Thunderstorm Warning,,2026-06-14T01:32:00Z,2026-06-14T02:15:00Z,TSA,NEW,1,"{""coordinates"":[[[-96.9,36.56],[-96.89,36.57],[-96.86,36.71],[-96.32,36.62],[-96.42,36.22],[-96.92,36.46],[-96.9,36.56]]],""type"":""Polygon""}","{""_map_py"":{""effective"":""2026-06-14T01:32:00Z"",""event"":""Severe Thunderstorm Warning"",""expires"":""2026-06-14T02:15:00Z"",""has_polygon"":true,""headline"":"""",""sender"":""TSA""},""effective"":""2026-06-14T01:32:00Z"",""event"":""Severe Thunderstorm Warning"",""expires"":""2026-06-14T02:15:00Z"",""headline"":"""",""iem_damagetag"":""CONSIDERABLE"",""iem_emergency"":""False"",""iem_event_id"":""257"",""iem_forecaster"":"""",""iem_gtype"":""P"",""iem_hailtag"":""1.5"",""iem_phenomena"":""SV"",""iem_raw_properties"":{""AREA_KM2"":""1809.7924915014646"",""DAMAGTAG"":""CONSIDERABLE"",""EMERGENC"":""False"",""ETN"":""257"",""EXPIRED"":""202606140215"",""FCSTER"":null,""GTYPE"":""P"",""HAILTAG"":""1.5"",""HV_CAUSE"":null,""HV_NWSLI"":null,""HV_REC"":null,""HV_SEV"":null,""INIT_EXP"":""202606140215"",""INIT_ISS"":""202606140132"",""ISSUED"":""202606140132"",""NWS_UGC"":null,""PHENOM"":""SV"",""POLY_BEG"":""202606140132"",""POLY_END"":""202606140150"",""PROD_ID"":""202606140132-KTSA-WUUS54-SVRTSA"",""SIG"":""W"",""STATUS"":""NEW"",""TORNTAG"":null,""UPDATED"":""202606140132"",""VTEC_YR"":""2026"",""WFO"":""TSA"",""WINDTAG"":""70.0""},""iem_significance"":""W"",""iem_tornadotag"":"""",""iem_ugc"":"""",""iem_wfo"":""TSA"",""iem_windtag"":""70.0"",""senderName"":""TSA"",""status"":""NEW""}","{""geometry"":{""coordinates"":[[[-96.9,36.56],[-96.89,36.57],[-96.86,36.71],[-96.32,36.62],[-96.42,36.22],[-96.92,36.46],[-96.9,36.56]]],""type"":""Polygon""},""properties"":{""_map_py"":{""effective"":""2026-06-14T01:32:00Z"",""event"":""Severe Thunderstorm Warning"",""expires"":""2026-06-14T02:15:00Z"",""has_polygon"":true,""headline"":"""",""sender"":""TSA""},""effective"":""2026-06-14T01:32:00Z"",""event"":""Severe Thunderstorm Warning"",""expires"":""2026-06-14T02:15:00Z"",""headline"":"""",""iem_damagetag"":""CONSIDERABLE"",""iem_emergency"":""False"",""iem_event_id"":""257"",""iem_forecaster"":"""",""iem_gtype"":""P"",""iem_hailtag"":""1.5"",""iem_phenomena"":""SV"",""iem_raw_properties"":{""AREA_KM2"":""1809.7924915014646"",""DAMAGTAG"":""CONSIDERABLE"",""EMERGENC"":""False"",""ETN"":""257"",""EXPIRED"":""202606140215"",""FCSTER"":null,""GTYPE"":""P"",""HAILTAG"":""1.5"",""HV_CAUSE"":null,""HV_NWSLI"":null,""HV_REC"":null,""HV_SEV"":null,""INIT_EXP"":""202606140215"",""INIT_ISS"":""202606140132"",""ISSUED"":""202606140132"",""NWS_UGC"":null,""PHENOM"":""SV"",""POLY_BEG"":""202606140132"",""POLY_END"":""202606140150"",""PROD_ID"":""202606140132-KTSA-WUUS54-SVRTSA"",""SIG"":""W"",""STATUS"":""NEW"",""TORNTAG"":null,""UPDATED"":""202606140132"",""VTEC_YR"":""2026"",""WFO"":""TSA"",""WINDTAG"":""70.0""},""iem_significance"":""W"",""iem_tornadotag"":"""",""iem_ugc"":"""",""iem_wfo"":""TSA"",""iem_windtag"":""70.0"",""senderName"":""TSA"",""status"":""NEW""},""type"":""Feature""}",2026-04-27T17:31:58Z,2026-07-09T05:15:02Z,2026-07-09T18:49:04Z
6171,iem_watchwarn,iem_watchwarn|EAX|79|TO|W|2026-06-14T01:34:00Z|2026-06-14T02:00:00Z|,Tornado Warning,,2026-06-14T01:34:00Z,2026-06-14T02:00:00Z,EAX,NEW,1,"{""coordinates"":[[[-94.65,39.3],[-94.21,39.3],[-94.21,39.21],[-94.2,39.2],[-94.24,39.06],[-94.65,39.15],[-94.65,39.3]]],""type"":""Polygon""}","{""_map_py"":{""effective"":""2026-06-14T01:34:00Z"",""event"":""Tornado Warning"",""expires"":""2026-06-14T02:00:00Z"",""has_polygon"":true,""headline"":"""",""sender"":""EAX""},""effective"":""2026-06-14T01:34:00Z"",""event"":""Tornado Warning"",""expires"":""2026-06-14T02:00:00Z"",""headline"":"""",""iem_damagetag"":"""",""iem_emergency"":""False"",""iem_event_id"":""79"",""iem_forecaster"":""Schultz"",""iem_gtype"":""P"",""iem_hailtag"":""0.0"",""iem_phenomena"":""TO"",""iem_raw_properties"":{""AREA_KM2"":""822.1082473815331"",""DAMAGTAG"":null,""EMERGENC"":""False"",""ETN"":""79"",""EXPIRED"":""202606140200"",""FCSTER"":""Schultz"",""GTYPE"":""P"",""HAILTAG"":""0.0"",""HV_CAUSE"":null,""HV_NWSLI"":null,""HV_REC"":null,""HV_SEV"":null,""INIT_EXP"":""202606140200"",""INIT_ISS"":""202606140134"",""ISSUED"":""202606140134"",""NWS_UGC"":null,""PHENOM"":""TO"",""POLY_BEG"":""202606140134"",""POLY_END"":""202606140148"",""PROD_ID"":""202606140134-KEAX-WFUS53-TOREAX"",""SIG"":""W"",""STATUS"":""NEW"",""TORNTAG"":""RADAR INDICATED"",""UPDATED"":""202606140134"",""VTEC_YR"":""2026"",""WFO"":""EAX"",""WINDTAG"":null},""iem_significance"":""W"",""iem_tornadotag"":""RADAR INDICATED"",""iem_ugc"":"""",""iem_wfo"":""EAX"",""iem_windtag"":"""",""senderName"":""EAX"",""status"":""NEW""}","{""geometry"":{""coordinates"":[[[-94.65,39.3],[-94.21,39.3],[-94.21,39.21],[-94.2,39.2],[-94.24,39.06],[-94.65,39.15],[-94.65,39.3]]],""type"":""Polygon""},""properties"":{""_map_py"":{""effective"":""2026-06-14T01:34:00Z"",""event"":""Tornado Warning"",""expires"":""2026-06-14T02:00:00Z"",""has_polygon"":true,""headline"":"""",""sender"":""EAX""},""effective"":""2026-06-14T01:34:00Z"",""event"":""Tornado Warning"",""expires"":""2026-06-14T02:00:00Z"",""headline"":"""",""iem_damagetag"":"""",""iem_emergency"":""False"",""iem_event_id"":""79"",""iem_forecaster"":""Schultz"",""iem_gtype"":""P"",""iem_hailtag"":""0.0"",""iem_phenomena"":""TO"",""iem_raw_properties"":{""AREA_KM2"":""822.1082473815331"",""DAMAGTAG"":null,""EMERGENC"":""False"",""ETN"":""79"",""EXPIRED"":""202606140200"",""FCSTER"":""Schultz"",""GTYPE"":""P"",""HAILTAG"":""0.0"",""HV_CAUSE"":null,""HV_NWSLI"":null,""HV_REC"":null,""HV_SEV"":null,""INIT_EXP"":""202606140200"",""INIT_ISS"":""202606140134"",""ISSUED"":""202606140134"",""NWS_UGC"":null,""PHENOM"":""TO"",""POLY_BEG"":""202606140134"",""POLY_END"":""202606140148"",""PROD_ID"":""202606140134-KEAX-WFUS53-TOREAX"",""SIG"":""W"",""STATUS"":""NEW"",""TORNTAG"":""RADAR INDICATED"",""UPDATED"":""202606140134"",""VTEC_YR"":""2026"",""WFO"":""EAX"",""WINDTAG"":null},""iem_significance"":""W"",""iem_tornadotag"":""RADAR INDICATED"",""iem_ugc"":"""",""iem_wfo"":""EAX"",""iem_windtag"":"""",""senderName"":""EAX"",""status"":""NEW""},""type"":""Feature""}",2026-04-27T17:31:58Z,2026-07-09T05:15:02Z,2026-07-09T18:49:04Z
970,iem_watchwarn,iem_watchwarn|ICT|286|SV|W|2026-06-14T01:40:00Z|2026-06-14T02:07:00Z|,Severe Thunderstorm Warning,,2026-06-14T01:40:00Z,2026-06-14T02:07:00Z,ICT,NEW,1,"{""coordinates"":[[[-98.46,37.39],[-98.46,37.57],[-97.81,37.65],[-97.81,37.39],[-98.46,37.39]]],""type"":""Polygon""}","{""_map_py"":{""effective"":""2026-06-14T01:40:00Z"",""event"":""Severe Thunderstorm Warning"",""expires"":""2026-06-14T02:07:00Z"",""has_polygon"":true,""headline"":"""",""sender"":""ICT""},""effective"":""2026-06-14T01:40:00Z"",""event"":""Severe Thunderstorm Warning"",""expires"":""2026-06-14T02:07:00Z"",""headline"":"""",""iem_damagetag"":"""",""iem_emergency"":""False"",""iem_event_id"":""286"",""iem_forecaster"":""KLEINSASSER"",""iem_gtype"":""P"",""iem_hailtag"":""1.5"",""iem_phenomena"":""SV"",""iem_raw_properties"":{""AREA_KM2"":""1402.7694499330373"",""DAMAGTAG"":null,""EMERGENC"":""False"",""ETN"":""286"",""EXPIRED"":""202606140207"",""FCSTER"":""KLEINSASSER"",""GTYPE"":""P"",""HAILTAG"":""1.5"",""HV_CAUSE"":null,""HV_NWSLI"":null,""HV_REC"":null,""HV_SEV"":null,""INIT_EXP"":""202606140245"",""INIT_ISS"":""202606140140"",""ISSUED"":""202606140140"",""NWS_UGC"":null,""PHENOM"":""SV"",""POLY_BEG"":""202606140140"",""POLY_END"":""202606140207"",""PROD_ID"":""202606140140-KICT-WUUS53-SVRICT"",""SIG"":""W"",""STATUS"":""NEW"",""TORNTAG"":null,""UPDATED"":""202606140140"",""VTEC_YR"":""2026"",""WFO"":""ICT"",""WINDTAG"":""60.0""},""iem_significance"":""W"",""iem_tornadotag"":"""",""iem_ugc"":"""",""iem_wfo"":""ICT"",""iem_windtag"":""60.0"",""senderName"":""ICT"",""status"":""NEW""}","{""geometry"":{""coordinates"":[[[-98.46,37.39],[-98.46,37.57],[-97.81,37.65],[-97.81,37.39],[-98.46,37.39]]],""type"":""Polygon""},""properties"":{""_map_py"":{""effective"":""2026-06-14T01:40:00Z"",""event"":""Severe Thunderstorm Warning"",""expires"":""2026-06-14T02:07:00Z"",""has_polygon"":true,""headline"":"""",""sender"":""ICT""},""effective"":""2026-06-14T01:40:00Z"",""event"":""Severe Thunderstorm Warning"",""expires"":""2026-06-14T02:07:00Z"",""headline"":"""",""iem_damagetag"":"""",""iem_emergency"":""False"",""iem_event_id"":""286"",""iem_forecaster"":""KLEINSASSER"",""iem_gtype"":""P"",""iem_hailtag"":""1.5"",""iem_phenomena"":""SV"",""iem_raw_properties"":{""AREA_KM2"":""1402.7694499330373"",""DAMAGTAG"":null,""EMERGENC"":""False"",""ETN"":""286"",""EXPIRED"":""202606140207"",""FCSTER"":""KLEINSASSER"",""GTYPE"":""P"",""HAILTAG"":""1.5"",""HV_CAUSE"":null,""HV_NWSLI"":null,""HV_REC"":null,""HV_SEV"":null,""INIT_EXP"":""202606140245"",""INIT_ISS"":""202606140140"",""ISSUED"":""202606140140"",""NWS_UGC"":null,""PHENOM"":""SV"",""POLY_BEG"":""202606140140"",""POLY_END"":""202606140207"",""PROD_ID"":""202606140140-KICT-WUUS53-SVRICT"",""SIG"":""W"",""STATUS"":""NEW"",""TORNTAG"":null,""UPDATED"":""202606140140"",""VTEC_YR"":""2026"",""WFO"":""ICT"",""WINDTAG"":""60.0""},""iem_significance"":""W"",""iem_tornadotag"":"""",""iem_ugc"":"""",""iem_wfo"":""ICT"",""iem_windtag"":""60.0"",""senderName"":""ICT"",""status"":""NEW""},""type"":""Feature""}",2026-04-27T17:31:58Z,2026-07-09T05:15:02Z,2026-07-09T18:49:04Z
2011,iem_watchwarn,iem_watchwarn|AMA|135|SV|W|2026-06-14T01:40:00Z|2026-06-14T02:33:00Z|,Severe Thunderstorm Warning,,2026-06-14T01:40:00Z,2026-06-14T02:33:00Z,AMA,NEW,1,"{""coordinates"":[[[-100.49,35.64],[-100.5,35.83],[-100.0,35.93],[-100.0,35.63],[-100.49,35.64]]],""type"":""Polygon""}","{""_map_py"":{""effective"":""2026-06-14T01:40:00Z"",""event"":""Severe Thunderstorm Warning"",""expires"":""2026-06-14T02:33:00Z"",""has_polygon"":true,""headline"":"""",""sender"":""AMA""},""effective"":""2026-06-14T01:40:00Z"",""event"":""Severe Thunderstorm Warning"",""expires"":""2026-06-14T02:33:00Z"",""headline"":"""",""iem_damagetag"":""CONSIDERABLE"",""iem_emergency"":""False"",""iem_event_id"":""135"",""iem_forecaster"":""SS"",""iem_gtype"":""P"",""iem_hailtag"":""1.0"",""iem_phenomena"":""SV"",""iem_raw_properties"":{""AREA_KM2"":""1219.1947975923736"",""DAMAGTAG"":""CONSIDERABLE"",""EMERGENC"":""False"",""ETN"":""135"",""EXPIRED"":""202606140233"",""FCSTER"":""SS"",""GTYPE"":""P"",""HAILTAG"":""1.0"",""HV_CAUSE"":null,""HV_NWSLI"":null,""HV_REC"":null,""HV_SEV"":null,""INIT_EXP"":""202606140245"",""INIT_ISS"":""202606140140"",""ISSUED"":""202606140140"",""NWS_UGC"":null,""PHENOM"":""SV"",""POLY_BEG"":""202606140140"",""POLY_END"":""202606140233"",""PROD_ID"":""202606140140-KAMA-WUUS54-SVRAMA"",""SIG"":""W"",""STATUS"":""NEW"",""TORNTAG"":null,""UPDATED"":""202606140140"",""VTEC_YR"":""2026"",""WFO"":""AMA"",""WINDTAG"":""70.0""},""iem_significance"":""W"",""iem_tornadotag"":"""",""iem_ugc"":"""",""iem_wfo"":""AMA"",""iem_windtag"":""70.0"",""senderName"":""AMA"",""status"":""NEW""}","{""geometry"":{""coordinates"":[[[-100.49,35.64],[-100.5,35.83],[-100.0,35.93],[-100.0,35.63],[-100.49,35.64]]],""type"":""Polygon""},""properties"":{""_map_py"":{""effective"":""2026-06-14T01:40:00Z"",""event"":""Severe Thunderstorm Warning"",""expires"":""2026-06-14T02:33:00Z"",""has_polygon"":true,""headline"":"""",""sender"":""AMA""},""effective"":""2026-06-14T01:40:00Z"",""event"":""Severe Thunderstorm Warning"",""expires"":""2026-06-14T02:33:00Z"",""headline"":"""",""iem_damagetag"":""CONSIDERABLE"",""iem_emergency"":""False"",""iem_event_id"":""135"",""iem_forecaster"":""SS"",""iem_gtype"":""P"",""iem_hailtag"":""1.0"",""iem_phenomena"":""SV"",""iem_raw_properties"":{""AREA_KM2"":""1219.1947975923736"",""DAMAGTAG"":""CONSIDERABLE"",""EMERGENC"":""False"",""ETN"":""135"",""EXPIRED"":""202606140233"",""FCSTER"":""SS"",""GTYPE"":""P"",""HAILTAG"":""1.0"",""HV_CAUSE"":null,""HV_NWSLI"":null,""HV_REC"":null,""HV_SEV"":null,""INIT_EXP"":""202606140245"",""INIT_ISS"":""202606140140"",""ISSUED"":""202606140140"",""NWS_UGC"":null,""PHENOM"":""SV"",""POLY_BEG"":""202606140140"",""POLY_END"":""202606140233"",""PROD_ID"":""202606140140-KAMA-WUUS54-SVRAMA"",""SIG"":""W"",""STATUS"":""NEW"",""TORNTAG"":null,""UPDATED"":""202606140140"",""VTEC_YR"":""2026"",""WFO"":""AMA"",""WINDTAG"":""70.0""},""iem_significance"":""W"",""iem_tornadotag"":"""",""iem_ugc"":"""",""iem_wfo"":""AMA"",""iem_windtag"":""70.0"",""senderName"":""AMA"",""status"":""NEW""},""type"":""Feature""}",2026-04-27T17:31:58Z,2026-07-09T05:15:02Z,2026-07-09T18:49:04Z
8203,iem_watchwarn,iem_watchwarn|EAX|80|TO|W|2026-06-14T01:46:00Z|2026-06-14T02:15:00Z|,Tornado Warning,,2026-06-14T01:46:00Z,2026-06-14T02:15:00Z,EAX,NEW,1,"{""coordinates"":[[[-94.54,38.98],[-94.53,39.14],[-94.48,39.14],[-94.46,39.12],[-94.43,39.14],[-94.11,39.15],[-94.1,39.14],[-94.12,38.92],[-94.54,38.98]]],""type"":""Polygon""}","{""_map_py"":{""effective"":""2026-06-14T01:46:00Z"",""event"":""Tornado Warning"",""expires"":""2026-06-14T02:15:00Z"",""has_polygon"":true,""headline"":"""",""sender"":""EAX""},""effective"":""2026-06-14T01:46:00Z"",""event"":""Tornado Warning"",""expires"":""2026-06-14T02:15:00Z"",""headline"":"""",""iem_damagetag"":"""",""iem_emergency"":""False"",""iem_event_id"":""80"",""iem_forecaster"":""Schultz"",""iem_gtype"":""P"",""iem_hailtag"":""0.0"",""iem_phenomena"":""TO"",""iem_raw_properties"":{""AREA_KM2"":""790.4004473033108"",""DAMAGTAG"":null,""EMERGENC"":""False"",""ETN"":""80"",""EXPIRED"":""202606140215"",""FCSTER"":""Schultz"",""GTYPE"":""P"",""HAILTAG"":""0.0"",""HV_CAUSE"":null,""HV_NWSLI"":null,""HV_REC"":null,""HV_SEV"":null,""INIT_EXP"":""202606140215"",""INIT_ISS"":""202606140146"",""ISSUED"":""202606140146"",""NWS_UGC"":null,""PHENOM"":""TO"",""POLY_BEG"":""202606140146"",""POLY_END"":""202606140159"",""PROD_ID"":""202606140146-KEAX-WFUS53-TOREAX"",""SIG"":""W"",""STATUS"":""NEW"",""TORNTAG"":""RADAR INDICATED"",""UPDATED"":""202606140146"",""VTEC_YR"":""2026"",""WFO"":""EAX"",""WINDTAG"":null},""iem_significance"":""W"",""iem_tornadotag"":""RADAR INDICATED"",""iem_ugc"":"""",""iem_wfo"":""EAX"",""iem_windtag"":"""",""senderName"":""EAX"",""status"":""NEW""}","{""geometry"":{""coordinates"":[[[-94.54,38.98],[-94.53,39.14],[-94.48,39.14],[-94.46,39.12],[-94.43,39.14],[-94.11,39.15],[-94.1,39.14],[-94.12,38.92],[-94.54,38.98]]],""type"":""Polygon""},""properties"":{""_map_py"":{""effective"":""2026-06-14T01:46:00Z"",""event"":""Tornado Warning"",""expires"":""2026-06-14T02:15:00Z"",""has_polygon"":true,""headline"":"""",""sender"":""EAX""},""effective"":""2026-06-14T01:46:00Z"",""event"":""Tornado Warning"",""expires"":""2026-06-14T02:15:00Z"",""headline"":"""",""iem_damagetag"":"""",""iem_emergency"":""False"",""iem_event_id"":""80"",""iem_forecaster"":""Schultz"",""iem_gtype"":""P"",""iem_hailtag"":""0.0"",""iem_phenomena"":""TO"",""iem_raw_properties"":{""AREA_KM2"":""790.4004473033108"",""DAMAGTAG"":null,""EMERGENC"":""False"",""ETN"":""80"",""EXPIRED"":""202606140215"",""FCSTER"":""Schultz"",""GTYPE"":""P"",""HAILTAG"":""0.0"",""HV_CAUSE"":null,""HV_NWSLI"":null,""HV_REC"":null,""HV_SEV"":null,""INIT_EXP"":""202606140215"",""INIT_ISS"":""202606140146"",""ISSUED"":""202606140146"",""NWS_UGC"":null,""PHENOM"":""TO"",""POLY_BEG"":""202606140146"",""POLY_END"":""202606140159"",""PROD_ID"":""202606140146-KEAX-WFUS53-TOREAX"",""SIG"":""W"",""STATUS"":""NEW"",""TORNTAG"":""RADAR INDICATED"",""UPDATED"":""202606140146"",""VTEC_YR"":""2026"",""WFO"":""EAX"",""WINDTAG"":null},""iem_significance"":""W"",""iem_tornadotag"":""RADAR INDICATED"",""iem_ugc"":"""",""iem_wfo"":""EAX"",""iem_windtag"":"""",""senderName"":""EAX"",""status"":""NEW""},""type"":""Feature""}",2026-04-27T17:31:58Z,2026-07-09T05:15:02Z,2026-07-09T18:49:04Z
10539,iem_watchwarn,iem_watchwarn|OUN|567|SV|W|2026-06-14T01:49:00Z|2026-06-14T02:15:00Z|,Severe Thunderstorm Warning,,2026-06-14T01:49:00Z,2026-06-14T02:15:00Z,OUN,NEW,1,"{""coordinates"":[[[-97.06,36.68],[-97.06,36.66],[-97.05,36.64],[-97.04,36.6],[-97.06,36.59],[-97.0,36.58],[-96.91,36.6],[-96.89,36.58],[-96.9,36.55],[-96.99,36.53],[-97.01,36.51],[-97.03,36.51],[-97.04,36.48],[-97.29,36.54],[-97.24,36.69],[-97.06,36.68]]],""type"":""Polygon""}","{""_map_py"":{""effective"":""2026-06-14T01:49:00Z"",""event"":""Severe Thunderstorm Warning"",""expires"":""2026-06-14T02:15:00Z"",""has_polygon"":true,""headline"":"""",""sender"":""OUN""},""effective"":""2026-06-14T01:49:00Z"",""event"":""Severe Thunderstorm Warning"",""expires"":""2026-06-14T02:15:00Z"",""headline"":"""",""iem_damagetag"":"""",""iem_emergency"":""False"",""iem_event_id"":""567"",""iem_forecaster"":""Meister"",""iem_gtype"":""P"",""iem_hailtag"":""1.25"",""iem_phenomena"":""SV"",""iem_raw_properties"":{""AREA_KM2"":""472.01040005992473"",""DAMAGTAG"":null,""EMERGENC"":""False"",""ETN"":""567"",""EXPIRED"":""202606140215"",""FCSTER"":""Meister"",""GTYPE"":""P"",""HAILTAG"":""1.25"",""HV_CAUSE"":null,""HV_NWSLI"":null,""HV_REC"":null,""HV_SEV"":null,""INIT_EXP"":""202606140215"",""INIT_ISS"":""202606140149"",""ISSUED"":""202606140149"",""NWS_UGC"":null,""PHENOM"":""SV"",""POLY_BEG"":""202606140149"",""POLY_END"":""202606140215"",""PROD_ID"":""202606140149-KOUN-WUUS54-SVROUN"",""SIG"":""W"",""STATUS"":""NEW"",""TORNTAG"":null,""UPDATED"":""202606140149"",""VTEC_YR"":""2026"",""WFO"":""OUN"",""WINDTAG"":""60.0""},""iem_significance"":""W"",""iem_tornadotag"":"""",""iem_ugc"":"""",""iem_wfo"":""OUN"",""iem_windtag"":""60.0"",""senderName"":""OUN"",""status"":""NEW""}","{""geometry"":{""coordinates"":[[[-97.06,36.68],[-97.06,36.66],[-97.05,36.64],[-97.04,36.6],[-97.06,36.59],[-97.0,36.58],[-96.91,36.6],[-96.89,36.58],[-96.9,36.55],[-96.99,36.53],[-97.01,36.51],[-97.03,36.51],[-97.04,36.48],[-97.29,36.54],[-97.24,36.69],[-97.06,36.68]]],""type"":""Polygon""},""properties"":{""_map_py"":{""effective"":""2026-06-14T01:49:00Z"",""event"":""Severe Thunderstorm Warning"",""expires"":""2026-06-14T02:15:00Z"",""has_polygon"":true,""headline"":"""",""sender"":""OUN""},""effective"":""2026-06-14T01:49:00Z"",""event"":""Severe Thunderstorm Warning"",""expires"":""2026-06-14T02:15:00Z"",""headline"":"""",""iem_damagetag"":"""",""iem_emergency"":""False"",""iem_event_id"":""567"",""iem_forecaster"":""Meister"",""iem_gtype"":""P"",""iem_hailtag"":""1.25"",""iem_phenomena"":""SV"",""iem_raw_properties"":{""AREA_KM2"":""472.01040005992473"",""DAMAGTAG"":null,""EMERGENC"":""False"",""ETN"":""567"",""EXPIRED"":""202606140215"",""FCSTER"":""Meister"",""GTYPE"":""P"",""HAILTAG"":""1.25"",""HV_CAUSE"":null,""HV_NWSLI"":null,""HV_REC"":null,""HV_SEV"":null,""INIT_EXP"":""202606140215"",""INIT_ISS"":""202606140149"",""ISSUED"":""202606140149"",""NWS_UGC"":null,""PHENOM"":""SV"",""POLY_BEG"":""202606140149"",""POLY_END"":""202606140215"",""PROD_ID"":""202606140149-KOUN-WUUS54-SVROUN"",""SIG"":""W"",""STATUS"":""NEW"",""TORNTAG"":null,""UPDATED"":""202606140149"",""VTEC_YR"":""2026"",""WFO"":""OUN"",""WINDTAG"":""60.0""},""iem_significance"":""W"",""iem_tornadotag"":"""",""iem_ugc"":"""",""iem_wfo"":""OUN"",""iem_windtag"":""60.0"",""senderName"":""OUN"",""status"":""NEW""},""type"":""Feature""}",2026-04-27T17:31:58Z,2026-07-09T05:15:02Z,2026-07-09T18:49:04Z
8513,iem_watchwarn,iem_watchwarn|TOP|325|SV|W|2026-06-14T01:50:00Z|2026-06-14T02:45:00Z|,Severe Thunderstorm Warning,,2026-06-14T01:50:00Z,2026-06-14T02:45:00Z,TOP,NEW,1,"{""coordinates"":[[[-95.96,38.17],[-96.36,38.17],[-96.36,38.27],[-96.05,38.33],[-95.72,38.45],[-95.68,38.76],[-95.21,38.31],[-95.52,38.04],[-95.96,38.04],[-95.96,38.17]]],""type"":""Polygon""}","{""_map_py"":{""effective"":""2026-06-14T01:50:00Z"",""event"":""Severe Thunderstorm Warning"",""expires"":""2026-06-14T02:45:00Z"",""has_polygon"":true,""headline"":"""",""sender"":""TOP""},""effective"":""2026-06-14T01:50:00Z"",""event"":""Severe Thunderstorm Warning"",""expires"":""2026-06-14T02:45:00Z"",""headline"":"""",""iem_damagetag"":""CONSIDERABLE"",""iem_emergency"":""False"",""iem_event_id"":""325"",""iem_forecaster"":""Flanagan"",""iem_gtype"":""P"",""iem_hailtag"":""0.88"",""iem_phenomena"":""SV"",""iem_raw_properties"":{""AREA_KM2"":""3470.726961619099"",""DAMAGTAG"":""CONSIDERABLE"",""EMERGENC"":""False"",""ETN"":""325"",""EXPIRED"":""202606140245"",""FCSTER"":""Flanagan"",""GTYPE"":""P"",""HAILTAG"":""0.88"",""HV_CAUSE"":null,""HV_NWSLI"":null,""HV_REC"":null,""HV_SEV"":null,""INIT_EXP"":""202606140245"",""INIT_ISS"":""202606140150"",""ISSUED"":""202606140150"",""NWS_UGC"":null,""PHENOM"":""SV"",""POLY_BEG"":""202606140150"",""POLY_END"":""202606140200"",""PROD_ID"":""202606140150-KTOP-WUUS53-SVRTOP"",""SIG"":""W"",""STATUS"":""NEW"",""TORNTAG"":null,""UPDATED"":""202606140150"",""VTEC_YR"":""2026"",""WFO"":""TOP"",""WINDTAG"":""70.0""},""iem_significance"":""W"",""iem_tornadotag"":"""",""iem_ugc"":"""",""iem_wfo"":""TOP"",""iem_windtag"":""70.0"",""senderName"":""TOP"",""status"":""NEW""}","{""geometry"":{""coordinates"":[[[-95.96,38.17],[-96.36,38.17],[-96.36,38.27],[-96.05,38.33],[-95.72,38.45],[-95.68,38.76],[-95.21,38.31],[-95.52,38.04],[-95.96,38.04],[-95.96,38.17]]],""type"":""Polygon""},""properties"":{""_map_py"":{""effective"":""2026-06-14T01:50:00Z"",""event"":""Severe Thunderstorm Warning"",""expires"":""2026-06-14T02:45:00Z"",""has_polygon"":true,""headline"":"""",""sender"":""TOP""},""effective"":""2026-06-14T01:50:00Z"",""event"":""Severe Thunderstorm Warning"",""expires"":""2026-06-14T02:45:00Z"",""headline"":"""",""iem_damagetag"":""CONSIDERABLE"",""iem_emergency"":""False"",""iem_event_id"":""325"",""iem_forecaster"":""Flanagan"",""iem_gtype"":""P"",""iem_hailtag"":""0.88"",""iem_phenomena"":""SV"",""iem_raw_properties"":{""AREA_KM2"":""3470.726961619099"",""DAMAGTAG"":""CONSIDERABLE"",""EMERGENC"":""False"",""ETN"":""325"",""EXPIRED"":""202606140245"",""FCSTER"":""Flanagan"",""GTYPE"":""P"",""HAILTAG"":""0.88"",""HV_CAUSE"":null,""HV_NWSLI"":null,""HV_REC"":null,""HV_SEV"":null,""INIT_EXP"":""202606140245"",""INIT_ISS"":""202606140150"",""ISSUED"":""202606140150"",""NWS_UGC"":null,""PHENOM"":""SV"",""POLY_BEG"":""202606140150"",""POLY_END"":""202606140200"",""PROD_ID"":""202606140150-KTOP-WUUS53-SVRTOP"",""SIG"":""W"",""STATUS"":""NEW"",""TORNTAG"":null,""UPDATED"":""202606140150"",""VTEC_YR"":""2026"",""WFO"":""TOP"",""WINDTAG"":""70.0""},""iem_significance"":""W"",""iem_tornadotag"":"""",""iem_ugc"":"""",""iem_wfo"":""TOP"",""iem_windtag"":""70.0"",""senderName"":""TOP"",""status"":""NEW""},""type"":""Feature""}",2026-04-27T17:31:58Z,2026-07-09T05:15:02Z,2026-07-09T18:49:04Z
11555,iem_watchwarn,iem_watchwarn|EAX|386|SV|W|2026-06-14T01:50:00Z|2026-06-14T02:45:00Z|,Severe Thunderstorm Warning,,2026-06-14T01:50:00Z,2026-06-14T02:45:00Z,EAX,NEW,1,"{""coordinates"":[[[-94.95,38.74],[-94.64,38.84],[-94.48,38.97],[-94.49,39.25],[-94.21,39.25],[-94.21,39.21],[-94.17,39.21],[-94.19,39.18],[-94.09,39.13],[-94.05,39.14],[-94.03,39.19],[-93.98,39.21],[-93.99,39.15],[-93.96,39.14],[-93.93,39.18],[-93.85,39.21],[-93.71,39.21],[-93.74,38.87],[-93.89,38.7],[-94.27,38.52],[-94.95,38.74]]],""type"":""Polygon""}","{""_map_py"":{""effective"":""2026-06-14T01:50:00Z"",""event"":""Severe Thunderstorm Warning"",""expires"":""2026-06-14T02:45:00Z"",""has_polygon"":true,""headline"":"""",""sender"":""EAX""},""effective"":""2026-06-14T01:50:00Z"",""event"":""Severe Thunderstorm Warning"",""expires"":""2026-06-14T02:45:00Z"",""headline"":"""",""iem_damagetag"":""CONSIDERABLE"",""iem_emergency"":""False"",""iem_event_id"":""386"",""iem_forecaster"":""Patterson"",""iem_gtype"":""P"",""iem_hailtag"":""1.0"",""iem_phenomena"":""SV"",""iem_raw_properties"":{""AREA_KM2"":""4909.365581329483"",""DAMAGTAG"":""CONSIDERABLE"",""EMERGENC"":""False"",""ETN"":""386"",""EXPIRED"":""202606140245"",""FCSTER"":""Patterson"",""GTYPE"":""P"",""HAILTAG"":""1.0"",""HV_CAUSE"":null,""HV_NWSLI"":null,""HV_REC"":null,""HV_SEV"":null,""INIT_EXP"":""202606140245"",""INIT_ISS"":""202606140150"",""ISSUED"":""202606140150"",""NWS_UGC"":null,""PHENOM"":""SV"",""POLY_BEG"":""202606140150"",""POLY_END"":""202606140205"",""PROD_ID"":""202606140150-KEAX-WUUS53-SVREAX"",""SIG"":""W"",""STATUS"":""NEW"",""TORNTAG"":null,""UPDATED"":""202606140150"",""VTEC_YR"":""2026"",""WFO"":""EAX"",""WINDTAG"":""70.0""},""iem_significance"":""W"",""iem_tornadotag"":"""",""iem_ugc"":"""",""iem_wfo"":""EAX"",""iem_windtag"":""70.0"",""senderName"":""EAX"",""status"":""NEW""}","{""geometry"":{""coordinates"":[[[-94.95,38.74],[-94.64,38.84],[-94.48,38.97],[-94.49,39.25],[-94.21,39.25],[-94.21,39.21],[-94.17,39.21],[-94.19,39.18],[-94.09,39.13],[-94.05,39.14],[-94.03,39.19],[-93.98,39.21],[-93.99,39.15],[-93.96,39.14],[-93.93,39.18],[-93.85,39.21],[-93.71,39.21],[-93.74,38.87],[-93.89,38.7],[-94.27,38.52],[-94.95,38.74]]],""type"":""Polygon""},""properties"":{""_map_py"":{""effective"":""2026-06-14T01:50:00Z"",""event"":""Severe Thunderstorm Warning"",""expires"":""2026-06-14T02:45:00Z"",""has_polygon"":true,""headline"":"""",""sender"":""EAX""},""effective"":""2026-06-14T01:50:00Z"",""event"":""Severe Thunderstorm Warning"",""expires"":""2026-06-14T02:45:00Z"",""headline"":"""",""iem_damagetag"":""CONSIDERABLE"",""iem_emergency"":""False"",""iem_event_id"":""386"",""iem_forecaster"":""Patterson"",""iem_gtype"":""P"",""iem_hailtag"":""1.0"",""iem_phenomena"":""SV"",""iem_raw_properties"":{""AREA_KM2"":""4909.365581329483"",""DAMAGTAG"":""CONSIDERABLE"",""EMERGENC"":""False"",""ETN"":""386"",""EXPIRED"":""202606140245"",""FCSTER"":""Patterson"",""GTYPE"":""P"",""HAILTAG"":""1.0"",""HV_CAUSE"":null,""HV_NWSLI"":null,""HV_REC"":null,""HV_SEV"":null,""INIT_EXP"":""202606140245"",""INIT_ISS"":""202606140150"",""ISSUED"":""202606140150"",""NWS_UGC"":null,""PHENOM"":""SV"",""POLY_BEG"":""202606140150"",""POLY_END"":""202606140205"",""PROD_ID"":""202606140150-KEAX-WUUS53-SVREAX"",""SIG"":""W"",""STATUS"":""NEW"",""TORNTAG"":null,""UPDATED"":""202606140150"",""VTEC_YR"":""2026"",""WFO"":""EAX"",""WINDTAG"":""70.0""},""iem_significance"":""W"",""iem_tornadotag"":"""",""iem_ugc"":"""",""iem_wfo"":""EAX"",""iem_windtag"":""70.0"",""senderName"":""EAX"",""status"":""NEW""},""type"":""Feature""}",2026-04-27T17:31:58Z,2026-07-09T05:15:02Z,2026-07-09T18:49:04Z
9831,iem_watchwarn,iem_watchwarn|MLB|44|SV|W|2026-06-14T01:53:00Z|2026-06-14T02:15:00Z|,Severe Thunderstorm Warning,,2026-06-14T01:53:00Z,2026-06-14T02:15:00Z,MLB,NEW,1,"{""coordinates"":[[[-81.36,28.9],[-81.37,28.88],[-81.36,28.87],[-81.35,28.87],[-81.35,28.86],[-81.36,28.85],[-81.34,28.85],[-81.32,28.83],[-81.25,28.83],[-81.23,28.62],[-81.46,28.58],[-81.6,28.79],[-81.36,28.9]]],""type"":""Polygon""}","{""_map_py"":{""effective"":""2026-06-14T01:53:00Z"",""event"":""Severe Thunderstorm Warning"",""expires"":""2026-06-14T02:15:00Z"",""has_polygon"":true,""headline"":"""",""sender"":""MLB""},""effective"":""2026-06-14T01:53:00Z"",""event"":""Severe Thunderstorm Warning"",""expires"":""2026-06-14T02:15:00Z"",""headline"":"""",""iem_damagetag"":"""",""iem_emergency"":""False"",""iem_event_id"":""44"",""iem_forecaster"":""Heil"",""iem_gtype"":""P"",""iem_hailtag"":""0.75"",""iem_phenomena"":""SV"",""iem_raw_properties"":{""AREA_KM2"":""816.3798885674504"",""DAMAGTAG"":null,""EMERGENC"":""False"",""ETN"":""44"",""EXPIRED"":""202606140215"",""FCSTER"":""Heil"",""GTYPE"":""P"",""HAILTAG"":""0.75"",""HV_CAUSE"":null,""HV_NWSLI"":null,""HV_REC"":null,""HV_SEV"":null,""INIT_EXP"":""202606140230"",""INIT_ISS"":""202606140153"",""ISSUED"":""202606140153"",""NWS_UGC"":null,""PHENOM"":""SV"",""POLY_BEG"":""202606140153"",""POLY_END"":""202606140204"",""PROD_ID"":""202606140153-KMLB-WUUS52-SVRMLB"",""SIG"":""W"",""STATUS"":""NEW"",""TORNTAG"":null,""UPDATED"":""202606140153"",""VTEC_YR"":""2026"",""WFO"":""MLB"",""WINDTAG"":""60.0""},""iem_significance"":""W"",""iem_tornadotag"":"""",""iem_ugc"":"""",""iem_wfo"":""MLB"",""iem_windtag"":""60.0"",""senderName"":""MLB"",""status"":""NEW""}","{""geometry"":{""coordinates"":[[[-81.36,28.9],[-81.37,28.88],[-81.36,28.87],[-81.35,28.87],[-81.35,28.86],[-81.36,28.85],[-81.34,28.85],[-81.32,28.83],[-81.25,28.83],[-81.23,28.62],[-81.46,28.58],[-81.6,28.79],[-81.36,28.9]]],""type"":""Polygon""},""properties"":{""_map_py"":{""effective"":""2026-06-14T01:53:00Z"",""event"":""Severe Thunderstorm Warning"",""expires"":""2026-06-14T02:15:00Z"",""has_polygon"":true,""headline"":"""",""sender"":""MLB""},""effective"":""2026-06-14T01:53:00Z"",""event"":""Severe Thunderstorm Warning"",""expires"":""2026-06-14T02:15:00Z"",""headline"":"""",""iem_damagetag"":"""",""iem_emergency"":""False"",""iem_event_id"":""44"",""iem_forecaster"":""Heil"",""iem_gtype"":""P"",""iem_hailtag"":""0.75"",""iem_phenomena"":""SV"",""iem_raw_properties"":{""AREA_KM2"":""816.3798885674504"",""DAMAGTAG"":null,""EMERGENC"":""False"",""ETN"":""44"",""EXPIRED"":""202606140215"",""FCSTER"":""Heil"",""GTYPE"":""P"",""HAILTAG"":""0.75"",""HV_CAUSE"":null,""HV_NWSLI"":null,""HV_REC"":null,""HV_SEV"":null,""INIT_EXP"":""202606140230"",""INIT_ISS"":""202606140153"",""ISSUED"":""202606140153"",""NWS_UGC"":null,""PHENOM"":""SV"",""POLY_BEG"":""202606140153"",""POLY_END"":""202606140204"",""PROD_ID"":""202606140153-KMLB-WUUS52-SVRMLB"",""SIG"":""W"",""STATUS"":""NEW"",""TORNTAG"":null,""UPDATED"":""202606140153"",""VTEC_YR"":""2026"",""WFO"":""MLB"",""WINDTAG"":""60.0""},""iem_significance"":""W"",""iem_tornadotag"":"""",""iem_ugc"":"""",""iem_wfo"":""MLB"",""iem_windtag"":""60.0"",""senderName"":""MLB"",""status"":""NEW""},""type"":""Feature""}",2026-04-27T17:31:58Z,2026-07-09T05:15:02Z,2026-07-09T18:49:04Z
6433,iem_watchwarn,iem_watchwarn|OUN|568|SV|W|2026-06-14T01:54:00Z|2026-06-14T02:45:00Z|,Severe Thunderstorm Warning,,2026-06-14T01:54:00Z,2026-06-14T02:45:00Z,OUN,NEW,1,"{""coordinates"":[[[-96.95,36.88],[-97.55,36.63],[-98.39,36.64],[-98.54,36.88],[-98.54,37.0],[-97.11,37.0],[-96.95,36.88]]],""type"":""Polygon""}","{""_map_py"":{""effective"":""2026-06-14T01:54:00Z"",""event"":""Severe Thunderstorm Warning"",""expires"":""2026-06-14T02:45:00Z"",""has_polygon"":true,""headline"":"""",""sender"":""OUN""},""effective"":""2026-06-14T01:54:00Z"",""event"":""Severe Thunderstorm Warning"",""expires"":""2026-06-14T02:45:00Z"",""headline"":"""",""iem_damagetag"":"""",""iem_emergency"":""False"",""iem_event_id"":""568"",""iem_forecaster"":""Meister"",""iem_gtype"":""P"",""iem_hailtag"":""0.75"",""iem_phenomena"":""SV"",""iem_raw_properties"":{""AREA_KM2"":""4765.63293019808"",""DAMAGTAG"":null,""EMERGENC"":""False"",""ETN"":""568"",""EXPIRED"":""202606140245"",""FCSTER"":""Meister"",""GTYPE"":""P"",""HAILTAG"":""0.75"",""HV_CAUSE"":null,""HV_NWSLI"":null,""HV_REC"":null,""HV_SEV"":null,""INIT_EXP"":""202606140245"",""INIT_ISS"":""202606140154"",""ISSUED"":""202606140154"",""NWS_UGC"":null,""PHENOM"":""SV"",""POLY_BEG"":""202606140154"",""POLY_END"":""202606140211"",""PROD_ID"":""202606140154-KOUN-WUUS54-SVROUN"",""SIG"":""W"",""STATUS"":""NEW"",""TORNTAG"":null,""UPDATED"":""202606140154"",""VTEC_YR"":""2026"",""WFO"":""OUN"",""WINDTAG"":""60.0""},""iem_significance"":""W"",""iem_tornadotag"":"""",""iem_ugc"":"""",""iem_wfo"":""OUN"",""iem_windtag"":""60.0"",""senderName"":""OUN"",""status"":""NEW""}","{""geometry"":{""coordinates"":[[[-96.95,36.88],[-97.55,36.63],[-98.39,36.64],[-98.54,36.88],[-98.54,37.0],[-97.11,37.0],[-96.95,36.88]]],""type"":""Polygon""},""properties"":{""_map_py"":{""effective"":""2026-06-14T01:54:00Z"",""event"":""Severe Thunderstorm Warning"",""expires"":""2026-06-14T02:45:00Z"",""has_polygon"":true,""headline"":"""",""sender"":""OUN""},""effective"":""2026-06-14T01:54:00Z"",""event"":""Severe Thunderstorm Warning"",""expires"":""2026-06-14T02:45:00Z"",""headline"":"""",""iem_damagetag"":"""",""iem_emergency"":""False"",""iem_event_id"":""568"",""iem_forecaster"":""Meister"",""iem_gtype"":""P"",""iem_hailtag"":""0.75"",""iem_phenomena"":""SV"",""iem_raw_properties"":{""AREA_KM2"":""4765.63293019808"",""DAMAGTAG"":null,""EMERGENC"":""False"",""ETN"":""568"",""EXPIRED"":""202606140245"",""FCSTER"":""Meister"",""GTYPE"":""P"",""HAILTAG"":""0.75"",""HV_CAUSE"":null,""HV_NWSLI"":null,""HV_REC"":null,""HV_SEV"":null,""INIT_EXP"":""202606140245"",""INIT_ISS"":""202606140154"",""ISSUED"":""202606140154"",""NWS_UGC"":null,""PHENOM"":""SV"",""POLY_BEG"":""202606140154"",""POLY_END"":""202606140211"",""PROD_ID"":""202606140154-KOUN-WUUS54-SVROUN"",""SIG"":""W"",""STATUS"":""NEW"",""TORNTAG"":null,""UPDATED"":""202606140154"",""VTEC_YR"":""2026"",""WFO"":""OUN"",""WINDTAG"":""60.0""},""iem_significance"":""W"",""iem_tornadotag"":"""",""iem_ugc"":"""",""iem_wfo"":""OUN"",""iem_windtag"":""60.0"",""senderName"":""OUN"",""status"":""NEW""},""type"":""Feature""}",2026-04-27T17:31:58Z,2026-07-09T05:15:02Z,2026-07-09T18:49:04Z
7559,iem_watchwarn,iem_watchwarn|EAX|81|TO|W|2026-06-14T01:57:00Z|2026-06-14T02:30:00Z|,Tornado Warning,,2026-06-14T01:57:00Z,2026-06-14T02:30:00Z,EAX,NEW,1,"{""coordinates"":[[[-94.02,39.31],[-94.08,39.13],[-94.09,39.13],[-94.1,39.14],[-94.11,39.07],[-94.41,39.13],[-94.44,39.31],[-94.02,39.31]]],""type"":""Polygon""}","{""_map_py"":{""effective"":""2026-06-14T01:57:00Z"",""event"":""Tornado Warning"",""expires"":""2026-06-14T02:30:00Z"",""has_polygon"":true,""headline"":"""",""sender"":""EAX""},""effective"":""2026-06-14T01:57:00Z"",""event"":""Tornado Warning"",""expires"":""2026-06-14T02:30:00Z"",""headline"":"""",""iem_damagetag"":"""",""iem_emergency"":""False"",""iem_event_id"":""81"",""iem_forecaster"":""Schultz"",""iem_gtype"":""P"",""iem_hailtag"":""0.0"",""iem_phenomena"":""TO"",""iem_raw_properties"":{""AREA_KM2"":""735.0485576756331"",""DAMAGTAG"":null,""EMERGENC"":""False"",""ETN"":""81"",""EXPIRED"":""202606140230"",""FCSTER"":""Schultz"",""GTYPE"":""P"",""HAILTAG"":""0.0"",""HV_CAUSE"":null,""HV_NWSLI"":null,""HV_REC"":null,""HV_SEV"":null,""INIT_EXP"":""202606140230"",""INIT_ISS"":""202606140157"",""ISSUED"":""202606140157"",""NWS_UGC"":null,""PHENOM"":""TO"",""POLY_BEG"":""202606140157"",""POLY_END"":""202606140215"",""PROD_ID"":""202606140157-KEAX-WFUS53-TOREAX"",""SIG"":""W"",""STATUS"":""NEW"",""TORNTAG"":""OBSERVED"",""UPDATED"":""202606140157"",""VTEC_YR"":""2026"",""WFO"":""EAX"",""WINDTAG"":null},""iem_significance"":""W"",""iem_tornadotag"":""OBSERVED"",""iem_ugc"":"""",""iem_wfo"":""EAX"",""iem_windtag"":"""",""senderName"":""EAX"",""status"":""NEW""}","{""geometry"":{""coordinates"":[[[-94.02,39.31],[-94.08,39.13],[-94.09,39.13],[-94.1,39.14],[-94.11,39.07],[-94.41,39.13],[-94.44,39.31],[-94.02,39.31]]],""type"":""Polygon""},""properties"":{""_map_py"":{""effective"":""2026-06-14T01:57:00Z"",""event"":""Tornado Warning"",""expires"":""2026-06-14T02:30:00Z"",""has_polygon"":true,""headline"":"""",""sender"":""EAX""},""effective"":""2026-06-14T01:57:00Z"",""event"":""Tornado Warning"",""expires"":""2026-06-14T02:30:00Z"",""headline"":"""",""iem_damagetag"":"""",""iem_emergency"":""False"",""iem_event_id"":""81"",""iem_forecaster"":""Schultz"",""iem_gtype"":""P"",""iem_hailtag"":""0.0"",""iem_phenomena"":""TO"",""iem_raw_properties"":{""AREA_KM2"":""735.0485576756331"",""DAMAGTAG"":null,""EMERGENC"":""False"",""ETN"":""81"",""EXPIRED"":""202606140230"",""FCSTER"":""Schultz"",""GTYPE"":""P"",""HAILTAG"":""0.0"",""HV_CAUSE"":null,""HV_NWSLI"":null,""HV_REC"":null,""HV_SEV"":null,""INIT_EXP"":""202606140230"",""INIT_ISS"":""202606140157"",""ISSUED"":""202606140157"",""NWS_UGC"":null,""PHENOM"":""TO"",""POLY_BEG"":""202606140157"",""POLY_END"":""202606140215"",""PROD_ID"":""202606140157-KEAX-WFUS53-TOREAX"",""SIG"":""W"",""STATUS"":""NEW"",""TORNTAG"":""OBSERVED"",""UPDATED"":""202606140157"",""VTEC_YR"":""2026"",""WFO"":""EAX"",""WINDTAG"":null},""iem_significance"":""W"",""iem_tornadotag"":""OBSERVED"",""iem_ugc"":"""",""iem_wfo"":""EAX"",""iem_windtag"":"""",""senderName"":""EAX"",""status"":""NEW""},""type"":""Feature""}",2026-04-27T17:31:58Z,2026-07-09T05:15:02Z,2026-07-09T18:49:04Z
4910,iem_watchwarn,iem_watchwarn|TSA|258|SV|W|2026-06-14T01:58:00Z|2026-06-14T03:00:00Z|,Severe Thunderstorm Warning,,2026-06-14T01:58:00Z,2026-06-14T03:00:00Z,TSA,NEW,1,"{""coordinates"":[[[-96.54,36.65],[-96.03,36.56],[-96.19,36.16],[-96.41,36.16],[-96.66,36.32],[-96.54,36.65]]],""type"":""Polygon""}","{""_map_py"":{""effective"":""2026-06-14T01:58:00Z"",""event"":""Severe Thunderstorm Warning"",""expires"":""2026-06-14T03:00:00Z"",""has_polygon"":true,""headline"":"""",""sender"":""TSA""},""effective"":""2026-06-14T01:58:00Z"",""event"":""Severe Thunderstorm Warning"",""expires"":""2026-06-14T03:00:00Z"",""headline"":"""",""iem_damagetag"":""CONSIDERABLE"",""iem_emergency"":""False"",""iem_event_id"":""258"",""iem_forecaster"":"""",""iem_gtype"":""P"",""iem_hailtag"":""1.25"",""iem_phenomena"":""SV"",""iem_raw_properties"":{""AREA_KM2"":""2129.5375409623275"",""DAMAGTAG"":""CONSIDERABLE"",""EMERGENC"":""False"",""ETN"":""258"",""EXPIRED"":""202606140300"",""FCSTER"":null,""GTYPE"":""P"",""HAILTAG"":""1.25"",""HV_CAUSE"":null,""HV_NWSLI"":null,""HV_REC"":null,""HV_SEV"":null,""INIT_EXP"":""202606140300"",""INIT_ISS"":""202606140158"",""ISSUED"":""202606140158"",""NWS_UGC"":null,""PHENOM"":""SV"",""POLY_BEG"":""202606140158"",""POLY_END"":""202606140212"",""PROD_ID"":""202606140158-KTSA-WUUS54-SVRTSA"",""SIG"":""W"",""STATUS"":""NEW"",""TORNTAG"":null,""UPDATED"":""202606140158"",""VTEC_YR"":""2026"",""WFO"":""TSA"",""WINDTAG"":""70.0""},""iem_significance"":""W"",""iem_tornadotag"":"""",""iem_ugc"":"""",""iem_wfo"":""TSA"",""iem_windtag"":""70.0"",""senderName"":""TSA"",""status"":""NEW""}","{""geometry"":{""coordinates"":[[[-96.54,36.65],[-96.03,36.56],[-96.19,36.16],[-96.41,36.16],[-96.66,36.32],[-96.54,36.65]]],""type"":""Polygon""},""properties"":{""_map_py"":{""effective"":""2026-06-14T01:58:00Z"",""event"":""Severe Thunderstorm Warning"",""expires"":""2026-06-14T03:00:00Z"",""has_polygon"":true,""headline"":"""",""sender"":""TSA""},""effective"":""2026-06-14T01:58:00Z"",""event"":""Severe Thunderstorm Warning"",""expires"":""2026-06-14T03:00:00Z"",""headline"":"""",""iem_damagetag"":""CONSIDERABLE"",""iem_emergency"":""False"",""iem_event_id"":""258"",""iem_forecaster"":"""",""iem_gtype"":""P"",""iem_hailtag"":""1.25"",""iem_phenomena"":""SV"",""iem_raw_properties"":{""AREA_KM2"":""2129.5375409623275"",""DAMAGTAG"":""CONSIDERABLE"",""EMERGENC"":""False"",""ETN"":""258"",""EXPIRED"":""202606140300"",""FCSTER"":null,""GTYPE"":""P"",""HAILTAG"":""1.25"",""HV_CAUSE"":null,""HV_NWSLI"":null,""HV_REC"":null,""HV_SEV"":null,""INIT_EXP"":""202606140300"",""INIT_ISS"":""202606140158"",""ISSUED"":""202606140158"",""NWS_UGC"":null,""PHENOM"":""SV"",""POLY_BEG"":""202606140158"",""POLY_END"":""202606140212"",""PROD_ID"":""202606140158-KTSA-WUUS54-SVRTSA"",""SIG"":""W"",""STATUS"":""NEW"",""TORNTAG"":null,""UPDATED"":""202606140158"",""VTEC_YR"":""2026"",""WFO"":""TSA"",""WINDTAG"":""70.0""},""iem_significance"":""W"",""iem_tornadotag"":"""",""iem_ugc"":"""",""iem_wfo"":""TSA"",""iem_windtag"":""70.0"",""senderName"":""TSA"",""status"":""NEW""},""type"":""Feature""}",2026-04-27T17:31:58Z,2026-07-09T05:15:02Z,2026-07-09T18:49:04Z
6334,iem_watchwarn,iem_watchwarn|ABQ|89|SV|W|2026-06-14T01:59:00Z|2026-06-14T02:45:00Z|,Severe Thunderstorm Warning,,2026-06-14T01:59:00Z,2026-06-14T02:45:00Z,ABQ,NEW,1,"{""coordinates"":[[[-105.13,33.54],[-105.0,33.83],[-104.96,34.06],[-104.56,34.15],[-104.55,33.82],[-104.6,33.5],[-105.13,33.54]]],""type"":""Polygon""}","{""_map_py"":{""effective"":""2026-06-14T01:59:00Z"",""event"":""Severe Thunderstorm Warning"",""expires"":""2026-06-14T02:45:00Z"",""has_polygon"":true,""headline"":"""",""sender"":""ABQ""},""effective"":""2026-06-14T01:59:00Z"",""event"":""Severe Thunderstorm Warning"",""expires"":""2026-06-14T02:45:00Z"",""headline"":"""",""iem_damagetag"":"""",""iem_emergency"":""False"",""iem_event_id"":""89"",""iem_forecaster"":""77"",""iem_gtype"":""P"",""iem_hailtag"":""1.0"",""iem_phenomena"":""SV"",""iem_raw_properties"":{""AREA_KM2"":""2774.7694653637595"",""DAMAGTAG"":null,""EMERGENC"":""False"",""ETN"":""89"",""EXPIRED"":""202606140245"",""FCSTER"":""77"",""GTYPE"":""P"",""HAILTAG"":""1.0"",""HV_CAUSE"":null,""HV_NWSLI"":null,""HV_REC"":null,""HV_SEV"":null,""INIT_EXP"":""202606140245"",""INIT_ISS"":""202606140159"",""ISSUED"":""202606140159"",""NWS_UGC"":null,""PHENOM"":""SV"",""POLY_BEG"":""202606140159"",""POLY_END"":""202606140221"",""PROD_ID"":""202606140159-KABQ-WUUS55-SVRABQ"",""SIG"":""W"",""STATUS"":""NEW"",""TORNTAG"":null,""UPDATED"":""202606140159"",""VTEC_YR"":""2026"",""WFO"":""ABQ"",""WINDTAG"":""60.0""},""iem_significance"":""W"",""iem_tornadotag"":"""",""iem_ugc"":"""",""iem_wfo"":""ABQ"",""iem_windtag"":""60.0"",""senderName"":""ABQ"",""status"":""NEW""}","{""geometry"":{""coordinates"":[[[-105.13,33.54],[-105.0,33.83],[-104.96,34.06],[-104.56,34.15],[-104.55,33.82],[-104.6,33.5],[-105.13,33.54]]],""type"":""Polygon""},""properties"":{""_map_py"":{""effective"":""2026-06-14T01:59:00Z"",""event"":""Severe Thunderstorm Warning"",""expires"":""2026-06-14T02:45:00Z"",""has_polygon"":true,""headline"":"""",""sender"":""ABQ""},""effective"":""2026-06-14T01:59:00Z"",""event"":""Severe Thunderstorm Warning"",""expires"":""2026-06-14T02:45:00Z"",""headline"":"""",""iem_damagetag"":"""",""iem_emergency"":""False"",""iem_event_id"":""89"",""iem_forecaster"":""77"",""iem_gtype"":""P"",""iem_hailtag"":""1.0"",""iem_phenomena"":""SV"",""iem_raw_properties"":{""AREA_KM2"":""2774.7694653637595"",""DAMAGTAG"":null,""EMERGENC"":""False"",""ETN"":""89"",""EXPIRED"":""202606140245"",""FCSTER"":""77"",""GTYPE"":""P"",""HAILTAG"":""1.0"",""HV_CAUSE"":null,""HV_NWSLI"":null,""HV_REC"":null,""HV_SEV"":null,""INIT_EXP"":""202606140245"",""INIT_ISS"":""202606140159"",""ISSUED"":""202606140159"",""NWS_UGC"":null,""PHENOM"":""SV"",""POLY_BEG"":""202606140159"",""POLY_END"":""202606140221"",""PROD_ID"":""202606140159-KABQ-WUUS55-SVRABQ"",""SIG"":""W"",""STATUS"":""NEW"",""TORNTAG"":null,""UPDATED"":""202606140159"",""VTEC_YR"":""2026"",""WFO"":""ABQ"",""WINDTAG"":""60.0""},""iem_significance"":""W"",""iem_tornadotag"":"""",""iem_ugc"":"""",""iem_wfo"":""ABQ"",""iem_windtag"":""60.0"",""senderName"":""ABQ"",""status"":""NEW""},""type"":""Feature""}",2026-04-27T17:31:58Z,2026-07-09T05:15:02Z,2026-07-09T18:49:04Z
11364,iem_watchwarn,iem_watchwarn|EAX|387|SV|W|2026-06-14T02:01:00Z|2026-06-14T03:00:00Z|,Severe Thunderstorm Warning,,2026-06-14T02:01:00Z,2026-06-14T03:00:00Z,EAX,NEW,1,"{""coordinates"":[[[-93.46,39.29],[-93.47,39.29],[-93.5,39.27],[-93.5,39.22],[-93.65,39.25],[-93.71,39.21],[-93.85,39.21],[-93.93,39.18],[-93.96,39.14],[-93.99,39.15],[-93.96,39.18],[-93.98,39.21],[-94.03,39.19],[-94.03,39.15],[-94.07,39.13],[-94.19,39.18],[-94.17,39.21],[-94.21,39.21],[-94.2,39.53],[-93.45,39.53],[-93.46,39.29]]],""type"":""Polygon""}","{""_map_py"":{""effective"":""2026-06-14T02:01:00Z"",""event"":""Severe Thunderstorm Warning"",""expires"":""2026-06-14T03:00:00Z"",""has_polygon"":true,""headline"":"""",""sender"":""EAX""},""effective"":""2026-06-14T02:01:00Z"",""event"":""Severe Thunderstorm Warning"",""expires"":""2026-06-14T03:00:00Z"",""headline"":"""",""iem_damagetag"":""CONSIDERABLE"",""iem_emergency"":""False"",""iem_event_id"":""387"",""iem_forecaster"":""Patterson"",""iem_gtype"":""P"",""iem_hailtag"":""1.0"",""iem_phenomena"":""SV"",""iem_raw_properties"":{""AREA_KM2"":""2344.5535653525267"",""DAMAGTAG"":""CONSIDERABLE"",""EMERGENC"":""False"",""ETN"":""387"",""EXPIRED"":""202606140300"",""FCSTER"":""Patterson"",""GTYPE"":""P"",""HAILTAG"":""1.0"",""HV_CAUSE"":null,""HV_NWSLI"":null,""HV_REC"":null,""HV_SEV"":null,""INIT_EXP"":""202606140300"",""INIT_ISS"":""202606140201"",""ISSUED"":""202606140201"",""NWS_UGC"":null,""PHENOM"":""SV"",""POLY_BEG"":""202606140201"",""POLY_END"":""202606140238"",""PROD_ID"":""202606140201-KEAX-WUUS53-SVREAX"",""SIG"":""W"",""STATUS"":""NEW"",""TORNTAG"":null,""UPDATED"":""202606140201"",""VTEC_YR"":""2026"",""WFO"":""EAX"",""WINDTAG"":""70.0""},""iem_significance"":""W"",""iem_tornadotag"":"""",""iem_ugc"":"""",""iem_wfo"":""EAX"",""iem_windtag"":""70.0"",""senderName"":""EAX"",""status"":""NEW""}","{""geometry"":{""coordinates"":[[[-93.46,39.29],[-93.47,39.29],[-93.5,39.27],[-93.5,39.22],[-93.65,39.25],[-93.71,39.21],[-93.85,39.21],[-93.93,39.18],[-93.96,39.14],[-93.99,39.15],[-93.96,39.18],[-93.98,39.21],[-94.03,39.19],[-94.03,39.15],[-94.07,39.13],[-94.19,39.18],[-94.17,39.21],[-94.21,39.21],[-94.2,39.53],[-93.45,39.53],[-93.46,39.29]]],""type"":""Polygon""},""properties"":{""_map_py"":{""effective"":""2026-06-14T02:01:00Z"",""event"":""Severe Thunderstorm Warning"",""expires"":""2026-06-14T03:00:00Z"",""has_polygon"":true,""headline"":"""",""sender"":""EAX""},""effective"":""2026-06-14T02:01:00Z"",""event"":""Severe Thunderstorm Warning"",""expires"":""2026-06-14T03:00:00Z"",""headline"":"""",""iem_damagetag"":""CONSIDERABLE"",""iem_emergency"":""False"",""iem_event_id"":""387"",""iem_forecaster"":""Patterson"",""iem_gtype"":""P"",""iem_hailtag"":""1.0"",""iem_phenomena"":""SV"",""iem_raw_properties"":{""AREA_KM2"":""2344.5535653525267"",""DAMAGTAG"":""CONSIDERABLE"",""EMERGENC"":""False"",""ETN"":""387"",""EXPIRED"":""202606140300"",""FCSTER"":""Patterson"",""GTYPE"":""P"",""HAILTAG"":""1.0"",""HV_CAUSE"":null,""HV_NWSLI"":null,""HV_REC"":null,""HV_SEV"":null,""INIT_EXP"":""202606140300"",""INIT_ISS"":""202606140201"",""ISSUED"":""202606140201"",""NWS_UGC"":null,""PHENOM"":""SV"",""POLY_BEG"":""202606140201"",""POLY_END"":""202606140238"",""PROD_ID"":""202606140201-KEAX-WUUS53-SVREAX"",""SIG"":""W"",""STATUS"":""NEW"",""TORNTAG"":null,""UPDATED"":""202606140201"",""VTEC_YR"":""2026"",""WFO"":""EAX"",""WINDTAG"":""70.0""},""iem_significance"":""W"",""iem_tornadotag"":"""",""iem_ugc"":"""",""iem_wfo"":""EAX"",""iem_windtag"":""70.0"",""senderName"":""EAX"",""status"":""NEW""},""type"":""Feature""}",2026-04-27T17:31:58Z,2026-07-09T05:15:02Z,2026-07-09T18:49:04Z
5637,iem_watchwarn,iem_watchwarn|AMA|136|SV|W|2026-06-14T02:05:00Z|2026-06-14T03:00:00Z|,Severe Thunderstorm Warning,,2026-06-14T02:05:00Z,2026-06-14T03:00:00Z,AMA,NEW,1,"{""coordinates"":[[[-102.05,35.31],[-102.0,35.12],[-102.06,34.97],[-102.58,34.93],[-102.44,35.06],[-102.37,35.27],[-102.05,35.31]]],""type"":""Polygon""}","{""_map_py"":{""effective"":""2026-06-14T02:05:00Z"",""event"":""Severe Thunderstorm Warning"",""expires"":""2026-06-14T03:00:00Z"",""has_polygon"":true,""headline"":"""",""sender"":""AMA""},""effective"":""2026-06-14T02:05:00Z"",""event"":""Severe Thunderstorm Warning"",""expires"":""2026-06-14T03:00:00Z"",""headline"":"""",""iem_damagetag"":"""",""iem_emergency"":""False"",""iem_event_id"":""136"",""iem_forecaster"":""SS"",""iem_gtype"":""P"",""iem_hailtag"":""0.75"",""iem_phenomena"":""SV"",""iem_raw_properties"":{""AREA_KM2"":""1392.0382465998148"",""DAMAGTAG"":null,""EMERGENC"":""False"",""ETN"":""136"",""EXPIRED"":""202606140300"",""FCSTER"":""SS"",""GTYPE"":""P"",""HAILTAG"":""0.75"",""HV_CAUSE"":null,""HV_NWSLI"":null,""HV_REC"":null,""HV_SEV"":null,""INIT_EXP"":""202606140300"",""INIT_ISS"":""202606140205"",""ISSUED"":""202606140205"",""NWS_UGC"":null,""PHENOM"":""SV"",""POLY_BEG"":""202606140205"",""POLY_END"":""202606140241"",""PROD_ID"":""202606140205-KAMA-WUUS54-SVRAMA"",""SIG"":""W"",""STATUS"":""NEW"",""TORNTAG"":null,""UPDATED"":""202606140205"",""VTEC_YR"":""2026"",""WFO"":""AMA"",""WINDTAG"":""60.0""},""iem_significance"":""W"",""iem_tornadotag"":"""",""iem_ugc"":"""",""iem_wfo"":""AMA"",""iem_windtag"":""60.0"",""senderName"":""AMA"",""status"":""NEW""}","{""geometry"":{""coordinates"":[[[-102.05,35.31],[-102.0,35.12],[-102.06,34.97],[-102.58,34.93],[-102.44,35.06],[-102.37,35.27],[-102.05,35.31]]],""type"":""Polygon""},""properties"":{""_map_py"":{""effective"":""2026-06-14T02:05:00Z"",""event"":""Severe Thunderstorm Warning"",""expires"":""2026-06-14T03:00:00Z"",""has_polygon"":true,""headline"":"""",""sender"":""AMA""},""effective"":""2026-06-14T02:05:00Z"",""event"":""Severe Thunderstorm Warning"",""expires"":""2026-06-14T03:00:00Z"",""headline"":"""",""iem_damagetag"":"""",""iem_emergency"":""False"",""iem_event_id"":""136"",""iem_forecaster"":""SS"",""iem_gtype"":""P"",""iem_hailtag"":""0.75"",""iem_phenomena"":""SV"",""iem_raw_properties"":{""AREA_KM2"":""1392.0382465998148"",""DAMAGTAG"":null,""EMERGENC"":""False"",""ETN"":""136"",""EXPIRED"":""202606140300"",""FCSTER"":""SS"",""GTYPE"":""P"",""HAILTAG"":""0.75"",""HV_CAUSE"":null,""HV_NWSLI"":null,""HV_REC"":null,""HV_SEV"":null,""INIT_EXP"":""202606140300"",""INIT_ISS"":""202606140205"",""ISSUED"":""202606140205"",""NWS_UGC"":null,""PHENOM"":""SV"",""POLY_BEG"":""202606140205"",""POLY_END"":""202606140241"",""PROD_ID"":""202606140205-KAMA-WUUS54-SVRAMA"",""SIG"":""W"",""STATUS"":""NEW"",""TORNTAG"":null,""UPDATED"":""202606140205"",""VTEC_YR"":""2026"",""WFO"":""AMA"",""WINDTAG"":""60.0""},""iem_significance"":""W"",""iem_tornadotag"":"""",""iem_ugc"":"""",""iem_wfo"":""AMA"",""iem_windtag"":""60.0"",""senderName"":""AMA"",""status"":""NEW""},""type"":""Feature""}",2026-04-27T17:31:58Z,2026-07-09T05:15:02Z,2026-07-09T18:49:04Z
7988,iem_watchwarn,iem_watchwarn|ICT|287|SV|W|2026-06-14T02:06:00Z|2026-06-14T03:00:00Z|,Severe Thunderstorm Warning,,2026-06-14T02:06:00Z,2026-06-14T03:00:00Z,ICT,NEW,1,"{""coordinates"":[[[-98.35,37.0],[-98.35,37.38],[-97.81,37.39],[-97.62,37.41],[-97.49,37.48],[-97.14,37.78],[-96.53,37.6],[-96.53,37.0],[-98.35,37.0]]],""type"":""Polygon""}","{""_map_py"":{""effective"":""2026-06-14T02:06:00Z"",""event"":""Severe Thunderstorm Warning"",""expires"":""2026-06-14T03:00:00Z"",""has_polygon"":true,""headline"":"""",""sender"":""ICT""},""effective"":""2026-06-14T02:06:00Z"",""event"":""Severe Thunderstorm Warning"",""expires"":""2026-06-14T03:00:00Z"",""headline"":"""",""iem_damagetag"":""CONSIDERABLE"",""iem_emergency"":""False"",""iem_event_id"":""287"",""iem_forecaster"":""KLEINSASSER"",""iem_gtype"":""P"",""iem_hailtag"":""0.75"",""iem_phenomena"":""SV"",""iem_raw_properties"":{""AREA_KM2"":""9627.937958513307"",""DAMAGTAG"":""CONSIDERABLE"",""EMERGENC"":""False"",""ETN"":""287"",""EXPIRED"":""202606140300"",""FCSTER"":""KLEINSASSER"",""GTYPE"":""P"",""HAILTAG"":""0.75"",""HV_CAUSE"":null,""HV_NWSLI"":null,""HV_REC"":null,""HV_SEV"":null,""INIT_EXP"":""202606140300"",""INIT_ISS"":""202606140206"",""ISSUED"":""202606140206"",""NWS_UGC"":null,""PHENOM"":""SV"",""POLY_BEG"":""202606140206"",""POLY_END"":""202606140220"",""PROD_ID"":""202606140206-KICT-WUUS53-SVRICT"",""SIG"":""W"",""STATUS"":""NEW"",""TORNTAG"":null,""UPDATED"":""202606140206"",""VTEC_YR"":""2026"",""WFO"":""ICT"",""WINDTAG"":""70.0""},""iem_significance"":""W"",""iem_tornadotag"":"""",""iem_ugc"":"""",""iem_wfo"":""ICT"",""iem_windtag"":""70.0"",""senderName"":""ICT"",""status"":""NEW""}","{""geometry"":{""coordinates"":[[[-98.35,37.0],[-98.35,37.38],[-97.81,37.39],[-97.62,37.41],[-97.49,37.48],[-97.14,37.78],[-96.53,37.6],[-96.53,37.0],[-98.35,37.0]]],""type"":""Polygon""},""properties"":{""_map_py"":{""effective"":""2026-06-14T02:06:00Z"",""event"":""Severe Thunderstorm Warning"",""expires"":""2026-06-14T03:00:00Z"",""has_polygon"":true,""headline"":"""",""sender"":""ICT""},""effective"":""2026-06-14T02:06:00Z"",""event"":""Severe Thunderstorm Warning"",""expires"":""2026-06-14T03:00:00Z"",""headline"":"""",""iem_damagetag"":""CONSIDERABLE"",""iem_emergency"":""False"",""iem_event_id"":""287"",""iem_forecaster"":""KLEINSASSER"",""iem_gtype"":""P"",""iem_hailtag"":""0.75"",""iem_phenomena"":""SV"",""iem_raw_properties"":{""AREA_KM2"":""9627.937958513307"",""DAMAGTAG"":""CONSIDERABLE"",""EMERGENC"":""False"",""ETN"":""287"",""EXPIRED"":""202606140300"",""FCSTER"":""KLEINSASSER"",""GTYPE"":""P"",""HAILTAG"":""0.75"",""HV_CAUSE"":null,""HV_NWSLI"":null,""HV_REC"":null,""HV_SEV"":null,""INIT_EXP"":""202606140300"",""INIT_ISS"":""202606140206"",""ISSUED"":""202606140206"",""NWS_UGC"":null,""PHENOM"":""SV"",""POLY_BEG"":""202606140206"",""POLY_END"":""202606140220"",""PROD_ID"":""202606140206-KICT-WUUS53-SVRICT"",""SIG"":""W"",""STATUS"":""NEW"",""TORNTAG"":null,""UPDATED"":""202606140206"",""VTEC_YR"":""2026"",""WFO"":""ICT"",""WINDTAG"":""70.0""},""iem_significance"":""W"",""iem_tornadotag"":"""",""iem_ugc"":"""",""iem_wfo"":""ICT"",""iem_windtag"":""70.0"",""senderName"":""ICT"",""status"":""NEW""},""type"":""Feature""}",2026-04-27T17:31:58Z,2026-07-09T05:15:02Z,2026-07-09T18:49:04Z
8364,iem_watchwarn,iem_watchwarn|EAX|82|TO|W|2026-06-14T02:12:00Z|2026-06-14T02:45:00Z|,Tornado Warning,,2026-06-14T02:12:00Z,2026-06-14T02:45:00Z,EAX,NEW,1,"{""coordinates"":[[[-94.0,38.91],[-94.24,38.95],[-94.23,39.15],[-94.15,39.18],[-94.09,39.13],[-93.96,39.15],[-93.93,39.18],[-93.85,39.16],[-93.87,38.91],[-94.0,38.91]]],""type"":""Polygon""}","{""_map_py"":{""effective"":""2026-06-14T02:12:00Z"",""event"":""Tornado Warning"",""expires"":""2026-06-14T02:45:00Z"",""has_polygon"":true,""headline"":"""",""sender"":""EAX""},""effective"":""2026-06-14T02:12:00Z"",""event"":""Tornado Warning"",""expires"":""2026-06-14T02:45:00Z"",""headline"":"""",""iem_damagetag"":"""",""iem_emergency"":""False"",""iem_event_id"":""82"",""iem_forecaster"":""Schultz"",""iem_gtype"":""P"",""iem_hailtag"":""0.0"",""iem_phenomena"":""TO"",""iem_raw_properties"":{""AREA_KM2"":""840.6427144135904"",""DAMAGTAG"":null,""EMERGENC"":""False"",""ETN"":""82"",""EXPIRED"":""202606140245"",""FCSTER"":""Schultz"",""GTYPE"":""P"",""HAILTAG"":""0.0"",""HV_CAUSE"":null,""HV_NWSLI"":null,""HV_REC"":null,""HV_SEV"":null,""INIT_EXP"":""202606140245"",""INIT_ISS"":""202606140212"",""ISSUED"":""202606140212"",""NWS_UGC"":null,""PHENOM"":""TO"",""POLY_BEG"":""202606140212"",""POLY_END"":""202606140228"",""PROD_ID"":""202606140212-KEAX-WFUS53-TOREAX"",""SIG"":""W"",""STATUS"":""NEW"",""TORNTAG"":""RADAR INDICATED"",""UPDATED"":""202606140212"",""VTEC_YR"":""2026"",""WFO"":""EAX"",""WINDTAG"":null},""iem_significance"":""W"",""iem_tornadotag"":""RADAR INDICATED"",""iem_ugc"":"""",""iem_wfo"":""EAX"",""iem_windtag"":"""",""senderName"":""EAX"",""status"":""NEW""}","{""geometry"":{""coordinates"":[[[-94.0,38.91],[-94.24,38.95],[-94.23,39.15],[-94.15,39.18],[-94.09,39.13],[-93.96,39.15],[-93.93,39.18],[-93.85,39.16],[-93.87,38.91],[-94.0,38.91]]],""type"":""Polygon""},""properties"":{""_map_py"":{""effective"":""2026-06-14T02:12:00Z"",""event"":""Tornado Warning"",""expires"":""2026-06-14T02:45:00Z"",""has_polygon"":true,""headline"":"""",""sender"":""EAX""},""effective"":""2026-06-14T02:12:00Z"",""event"":""Tornado Warning"",""expires"":""2026-06-14T02:45:00Z"",""headline"":"""",""iem_damagetag"":"""",""iem_emergency"":""False"",""iem_event_id"":""82"",""iem_forecaster"":""Schultz"",""iem_gtype"":""P"",""iem_hailtag"":""0.0"",""iem_phenomena"":""TO"",""iem_raw_properties"":{""AREA_KM2"":""840.6427144135904"",""DAMAGTAG"":null,""EMERGENC"":""False"",""ETN"":""82"",""EXPIRED"":""202606140245"",""FCSTER"":""Schultz"",""GTYPE"":""P"",""HAILTAG"":""0.0"",""HV_CAUSE"":null,""HV_NWSLI"":null,""HV_REC"":null,""HV_SEV"":null,""INIT_EXP"":""202606140245"",""INIT_ISS"":""202606140212"",""ISSUED"":""202606140212"",""NWS_UGC"":null,""PHENOM"":""TO"",""POLY_BEG"":""202606140212"",""POLY_END"":""202606140228"",""PROD_ID"":""202606140212-KEAX-WFUS53-TOREAX"",""SIG"":""W"",""STATUS"":""NEW"",""TORNTAG"":""RADAR INDICATED"",""UPDATED"":""202606140212"",""VTEC_YR"":""2026"",""WFO"":""EAX"",""WINDTAG"":null},""iem_significance"":""W"",""iem_tornadotag"":""RADAR INDICATED"",""iem_ugc"":"""",""iem_wfo"":""EAX"",""iem_windtag"":"""",""senderName"":""EAX"",""status"":""NEW""},""type"":""Feature""}",2026-04-27T17:31:58Z,2026-07-09T05:15:02Z,2026-07-09T18:49:04Z
3451,iem_watchwarn,iem_watchwarn|OUN|569|SV|W|2026-06-14T02:12:00Z|2026-06-14T03:00:00Z|,Severe Thunderstorm Warning,,2026-06-14T02:12:00Z,2026-06-14T03:00:00Z,OUN,NEW,1,"{""coordinates"":[[[-100.0,36.0],[-99.68,35.99],[-99.38,35.87],[-99.67,35.46],[-100.0,35.56],[-100.0,36.0]]],""type"":""Polygon""}","{""_map_py"":{""effective"":""2026-06-14T02:12:00Z"",""event"":""Severe Thunderstorm Warning"",""expires"":""2026-06-14T03:00:00Z"",""has_polygon"":true,""headline"":"""",""sender"":""OUN""},""effective"":""2026-06-14T02:12:00Z"",""event"":""Severe Thunderstorm Warning"",""expires"":""2026-06-14T03:00:00Z"",""headline"":"""",""iem_damagetag"":"""",""iem_emergency"":""False"",""iem_event_id"":""569"",""iem_forecaster"":""Meister"",""iem_gtype"":""P"",""iem_hailtag"":""0.75"",""iem_phenomena"":""SV"",""iem_raw_properties"":{""AREA_KM2"":""2369.289392587546"",""DAMAGTAG"":null,""EMERGENC"":""False"",""ETN"":""569"",""EXPIRED"":""202606140300"",""FCSTER"":""Meister"",""GTYPE"":""P"",""HAILTAG"":""0.75"",""HV_CAUSE"":null,""HV_NWSLI"":null,""HV_REC"":null,""HV_SEV"":null,""INIT_EXP"":""202606140300"",""INIT_ISS"":""202606140212"",""ISSUED"":""202606140212"",""NWS_UGC"":null,""PHENOM"":""SV"",""POLY_BEG"":""202606140212"",""POLY_END"":""202606140237"",""PROD_ID"":""202606140212-KOUN-WUUS54-SVROUN"",""SIG"":""W"",""STATUS"":""NEW"",""TORNTAG"":null,""UPDATED"":""202606140212"",""VTEC_YR"":""2026"",""WFO"":""OUN"",""WINDTAG"":""60.0""},""iem_significance"":""W"",""iem_tornadotag"":"""",""iem_ugc"":"""",""iem_wfo"":""OUN"",""iem_windtag"":""60.0"",""senderName"":""OUN"",""status"":""NEW""}","{""geometry"":{""coordinates"":[[[-100.0,36.0],[-99.68,35.99],[-99.38,35.87],[-99.67,35.46],[-100.0,35.56],[-100.0,36.0]]],""type"":""Polygon""},""properties"":{""_map_py"":{""effective"":""2026-06-14T02:12:00Z"",""event"":""Severe Thunderstorm Warning"",""expires"":""2026-06-14T03:00:00Z"",""has_polygon"":true,""headline"":"""",""sender"":""OUN""},""effective"":""2026-06-14T02:12:00Z"",""event"":""Severe Thunderstorm Warning"",""expires"":""2026-06-14T03:00:00Z"",""headline"":"""",""iem_damagetag"":"""",""iem_emergency"":""False"",""iem_event_id"":""569"",""iem_forecaster"":""Meister"",""iem_gtype"":""P"",""iem_hailtag"":""0.75"",""iem_phenomena"":""SV"",""iem_raw_properties"":{""AREA_KM2"":""2369.289392587546"",""DAMAGTAG"":null,""EMERGENC"":""False"",""ETN"":""569"",""EXPIRED"":""202606140300"",""FCSTER"":""Meister"",""GTYPE"":""P"",""HAILTAG"":""0.75"",""HV_CAUSE"":null,""HV_NWSLI"":null,""HV_REC"":null,""HV_SEV"":null,""INIT_EXP"":""202606140300"",""INIT_ISS"":""202606140212"",""ISSUED"":""202606140212"",""NWS_UGC"":null,""PHENOM"":""SV"",""POLY_BEG"":""202606140212"",""POLY_END"":""202606140237"",""PROD_ID"":""202606140212-KOUN-WUUS54-SVROUN"",""SIG"":""W"",""STATUS"":""NEW"",""TORNTAG"":null,""UPDATED"":""202606140212"",""VTEC_YR"":""2026"",""WFO"":""OUN"",""WINDTAG"":""60.0""},""iem_significance"":""W"",""iem_tornadotag"":"""",""iem_ugc"":"""",""iem_wfo"":""OUN"",""iem_windtag"":""60.0"",""senderName"":""OUN"",""status"":""NEW""},""type"":""Feature""}",2026-04-27T17:31:58Z,2026-07-09T05:15:02Z,2026-07-09T18:49:04Z
9271,iem_watchwarn,iem_watchwarn|ICT|288|SV|W|2026-06-14T02:14:00Z|2026-06-14T03:15:00Z|,Severe Thunderstorm Warning,,2026-06-14T02:14:00Z,2026-06-14T03:15:00Z,ICT,NEW,1,"{""coordinates"":[[[-95.09,37.74],[-96.53,37.73],[-96.52,38.09],[-96.65,38.09],[-96.61,38.22],[-96.36,38.19],[-96.35,38.17],[-95.96,38.17],[-95.96,38.04],[-95.08,38.04],[-95.09,37.74]]],""type"":""Polygon""}","{""_map_py"":{""effective"":""2026-06-14T02:14:00Z"",""event"":""Severe Thunderstorm Warning"",""expires"":""2026-06-14T03:15:00Z"",""has_polygon"":true,""headline"":"""",""sender"":""ICT""},""effective"":""2026-06-14T02:14:00Z"",""event"":""Severe Thunderstorm Warning"",""expires"":""2026-06-14T03:15:00Z"",""headline"":"""",""iem_damagetag"":"""",""iem_emergency"":""False"",""iem_event_id"":""288"",""iem_forecaster"":""KLEINSASSER"",""iem_gtype"":""P"",""iem_hailtag"":""1.0"",""iem_phenomena"":""SV"",""iem_raw_properties"":{""AREA_KM2"":""5159.951587936601"",""DAMAGTAG"":null,""EMERGENC"":""False"",""ETN"":""288"",""EXPIRED"":""202606140315"",""FCSTER"":""KLEINSASSER"",""GTYPE"":""P"",""HAILTAG"":""1.0"",""HV_CAUSE"":null,""HV_NWSLI"":null,""HV_REC"":null,""HV_SEV"":null,""INIT_EXP"":""202606140315"",""INIT_ISS"":""202606140214"",""ISSUED"":""202606140214"",""NWS_UGC"":null,""PHENOM"":""SV"",""POLY_BEG"":""202606140214"",""POLY_END"":""202606140229"",""PROD_ID"":""202606140214-KICT-WUUS53-SVRICT"",""SIG"":""W"",""STATUS"":""NEW"",""TORNTAG"":null,""UPDATED"":""202606140214"",""VTEC_YR"":""2026"",""WFO"":""ICT"",""WINDTAG"":""60.0""},""iem_significance"":""W"",""iem_tornadotag"":"""",""iem_ugc"":"""",""iem_wfo"":""ICT"",""iem_windtag"":""60.0"",""senderName"":""ICT"",""status"":""NEW""}","{""geometry"":{""coordinates"":[[[-95.09,37.74],[-96.53,37.73],[-96.52,38.09],[-96.65,38.09],[-96.61,38.22],[-96.36,38.19],[-96.35,38.17],[-95.96,38.17],[-95.96,38.04],[-95.08,38.04],[-95.09,37.74]]],""type"":""Polygon""},""properties"":{""_map_py"":{""effective"":""2026-06-14T02:14:00Z"",""event"":""Severe Thunderstorm Warning"",""expires"":""2026-06-14T03:15:00Z"",""has_polygon"":true,""headline"":"""",""sender"":""ICT""},""effective"":""2026-06-14T02:14:00Z"",""event"":""Severe Thunderstorm Warning"",""expires"":""2026-06-14T03:15:00Z"",""headline"":"""",""iem_damagetag"":"""",""iem_emergency"":""False"",""iem_event_id"":""288"",""iem_forecaster"":""KLEINSASSER"",""iem_gtype"":""P"",""iem_hailtag"":""1.0"",""iem_phenomena"":""SV"",""iem_raw_properties"":{""AREA_KM2"":""5159.951587936601"",""DAMAGTAG"":null,""EMERGENC"":""False"",""ETN"":""288"",""EXPIRED"":""202606140315"",""FCSTER"":""KLEINSASSER"",""GTYPE"":""P"",""HAILTAG"":""1.0"",""HV_CAUSE"":null,""HV_NWSLI"":null,""HV_REC"":null,""HV_SEV"":null,""INIT_EXP"":""202606140315"",""INIT_ISS"":""202606140214"",""ISSUED"":""202606140214"",""NWS_UGC"":null,""PHENOM"":""SV"",""POLY_BEG"":""202606140214"",""POLY_END"":""202606140229"",""PROD_ID"":""202606140214-KICT-WUUS53-SVRICT"",""SIG"":""W"",""STATUS"":""NEW"",""TORNTAG"":null,""UPDATED"":""202606140214"",""VTEC_YR"":""2026"",""WFO"":""ICT"",""WINDTAG"":""60.0""},""iem_significance"":""W"",""iem_tornadotag"":"""",""iem_ugc"":"""",""iem_wfo"":""ICT"",""iem_windtag"":""60.0"",""senderName"":""ICT"",""status"":""NEW""},""type"":""Feature""}",2026-04-27T17:31:58Z,2026-07-09T05:15:02Z,2026-07-09T18:49:04Z
7576,iem_watchwarn,iem_watchwarn|TOP|326|SV|W|2026-06-14T02:16:00Z|2026-06-14T02:45:00Z|,Severe Thunderstorm Warning,,2026-06-14T02:16:00Z,2026-06-14T02:45:00Z,TOP,NEW,1,"{""coordinates"":[[[-95.52,38.11],[-95.38,38.29],[-95.45,38.5],[-95.42,38.64],[-95.06,38.32],[-95.08,38.04],[-95.52,38.04],[-95.52,38.11]]],""type"":""Polygon""}","{""_map_py"":{""effective"":""2026-06-14T02:16:00Z"",""event"":""Severe Thunderstorm Warning"",""expires"":""2026-06-14T02:45:00Z"",""has_polygon"":true,""headline"":"""",""sender"":""TOP""},""effective"":""2026-06-14T02:16:00Z"",""event"":""Severe Thunderstorm Warning"",""expires"":""2026-06-14T02:45:00Z"",""headline"":"""",""iem_damagetag"":"""",""iem_emergency"":""False"",""iem_event_id"":""326"",""iem_forecaster"":""Flanagan"",""iem_gtype"":""P"",""iem_hailtag"":""0.88"",""iem_phenomena"":""SV"",""iem_raw_properties"":{""AREA_KM2"":""1641.6701027203044"",""DAMAGTAG"":null,""EMERGENC"":""False"",""ETN"":""326"",""EXPIRED"":""202606140245"",""FCSTER"":""Flanagan"",""GTYPE"":""P"",""HAILTAG"":""0.88"",""HV_CAUSE"":null,""HV_NWSLI"":null,""HV_REC"":null,""HV_SEV"":null,""INIT_EXP"":""202606140245"",""INIT_ISS"":""202606140216"",""ISSUED"":""202606140216"",""NWS_UGC"":null,""PHENOM"":""SV"",""POLY_BEG"":""202606140216"",""POLY_END"":""202606140237"",""PROD_ID"":""202606140216-KTOP-WUUS53-SVRTOP"",""SIG"":""W"",""STATUS"":""NEW"",""TORNTAG"":null,""UPDATED"":""202606140216"",""VTEC_YR"":""2026"",""WFO"":""TOP"",""WINDTAG"":""60.0""},""iem_significance"":""W"",""iem_tornadotag"":"""",""iem_ugc"":"""",""iem_wfo"":""TOP"",""iem_windtag"":""60.0"",""senderName"":""TOP"",""status"":""NEW""}","{""geometry"":{""coordinates"":[[[-95.52,38.11],[-95.38,38.29],[-95.45,38.5],[-95.42,38.64],[-95.06,38.32],[-95.08,38.04],[-95.52,38.04],[-95.52,38.11]]],""type"":""Polygon""},""properties"":{""_map_py"":{""effective"":""2026-06-14T02:16:00Z"",""event"":""Severe Thunderstorm Warning"",""expires"":""2026-06-14T02:45:00Z"",""has_polygon"":true,""headline"":"""",""sender"":""TOP""},""effective"":""2026-06-14T02:16:00Z"",""event"":""Severe Thunderstorm Warning"",""expires"":""2026-06-14T02:45:00Z"",""headline"":"""",""iem_damagetag"":"""",""iem_emergency"":""False"",""iem_event_id"":""326"",""iem_forecaster"":""Flanagan"",""iem_gtype"":""P"",""iem_hailtag"":""0.88"",""iem_phenomena"":""SV"",""iem_raw_properties"":{""AREA_KM2"":""1641.6701027203044"",""DAMAGTAG"":null,""EMERGENC"":""False"",""ETN"":""326"",""EXPIRED"":""202606140245"",""FCSTER"":""Flanagan"",""GTYPE"":""P"",""HAILTAG"":""0.88"",""HV_CAUSE"":null,""HV_NWSLI"":null,""HV_REC"":null,""HV_SEV"":null,""INIT_EXP"":""202606140245"",""INIT_ISS"":""202606140216"",""ISSUED"":""202606140216"",""NWS_UGC"":null,""PHENOM"":""SV"",""POLY_BEG"":""202606140216"",""POLY_END"":""202606140237"",""PROD_ID"":""202606140216-KTOP-WUUS53-SVRTOP"",""SIG"":""W"",""STATUS"":""NEW"",""TORNTAG"":null,""UPDATED"":""202606140216"",""VTEC_YR"":""2026"",""WFO"":""TOP"",""WINDTAG"":""60.0""},""iem_significance"":""W"",""iem_tornadotag"":"""",""iem_ugc"":"""",""iem_wfo"":""TOP"",""iem_windtag"":""60.0"",""senderName"":""TOP"",""status"":""NEW""},""type"":""Feature""}",2026-04-27T17:31:58Z,2026-07-09T05:15:02Z,2026-07-09T18:49:04Z
7241,iem_watchwarn,iem_watchwarn|EAX|388|SV|W|2026-06-14T02:23:00Z|2026-06-14T03:15:00Z|,Severe Thunderstorm Warning,,2026-06-14T02:23:00Z,2026-06-14T03:15:00Z,EAX,NEW,1,"{""coordinates"":[[[-95.08,38.04],[-95.08,38.21],[-95.07,38.25],[-95.06,38.26],[-95.07,38.5],[-94.61,38.48],[-94.62,38.04],[-95.08,38.04]]],""type"":""Polygon""}","{""_map_py"":{""effective"":""2026-06-14T02:23:00Z"",""event"":""Severe Thunderstorm Warning"",""expires"":""2026-06-14T03:15:00Z"",""has_polygon"":true,""headline"":"""",""sender"":""EAX""},""effective"":""2026-06-14T02:23:00Z"",""event"":""Severe Thunderstorm Warning"",""expires"":""2026-06-14T03:15:00Z"",""headline"":"""",""iem_damagetag"":"""",""iem_emergency"":""False"",""iem_event_id"":""388"",""iem_forecaster"":""Patterson"",""iem_gtype"":""P"",""iem_hailtag"":""1.0"",""iem_phenomena"":""SV"",""iem_raw_properties"":{""AREA_KM2"":""1994.3445253264247"",""DAMAGTAG"":null,""EMERGENC"":""False"",""ETN"":""388"",""EXPIRED"":""202606140315"",""FCSTER"":""Patterson"",""GTYPE"":""P"",""HAILTAG"":""1.0"",""HV_CAUSE"":null,""HV_NWSLI"":null,""HV_REC"":null,""HV_SEV"":null,""INIT_EXP"":""202606140315"",""INIT_ISS"":""202606140223"",""ISSUED"":""202606140223"",""NWS_UGC"":null,""PHENOM"":""SV"",""POLY_BEG"":""202606140223"",""POLY_END"":""202606140315"",""PROD_ID"":""202606140223-KEAX-WUUS53-SVREAX"",""SIG"":""W"",""STATUS"":""NEW"",""TORNTAG"":null,""UPDATED"":""202606140223"",""VTEC_YR"":""2026"",""WFO"":""EAX"",""WINDTAG"":""60.0""},""iem_significance"":""W"",""iem_tornadotag"":"""",""iem_ugc"":"""",""iem_wfo"":""EAX"",""iem_windtag"":""60.0"",""senderName"":""EAX"",""status"":""NEW""}","{""geometry"":{""coordinates"":[[[-95.08,38.04],[-95.08,38.21],[-95.07,38.25],[-95.06,38.26],[-95.07,38.5],[-94.61,38.48],[-94.62,38.04],[-95.08,38.04]]],""type"":""Polygon""},""properties"":{""_map_py"":{""effective"":""2026-06-14T02:23:00Z"",""event"":""Severe Thunderstorm Warning"",""expires"":""2026-06-14T03:15:00Z"",""has_polygon"":true,""headline"":"""",""sender"":""EAX""},""effective"":""2026-06-14T02:23:00Z"",""event"":""Severe Thunderstorm Warning"",""expires"":""2026-06-14T03:15:00Z"",""headline"":"""",""iem_damagetag"":"""",""iem_emergency"":""False"",""iem_event_id"":""388"",""iem_forecaster"":""Patterson"",""iem_gtype"":""P"",""iem_hailtag"":""1.0"",""iem_phenomena"":""SV"",""iem_raw_properties"":{""AREA_KM2"":""1994.3445253264247"",""DAMAGTAG"":null,""EMERGENC"":""False"",""ETN"":""388"",""EXPIRED"":""202606140315"",""FCSTER"":""Patterson"",""GTYPE"":""P"",""HAILTAG"":""1.0"",""HV_CAUSE"":null,""HV_NWSLI"":null,""HV_REC"":null,""HV_SEV"":null,""INIT_EXP"":""202606140315"",""INIT_ISS"":""202606140223"",""ISSUED"":""202606140223"",""NWS_UGC"":null,""PHENOM"":""SV"",""POLY_BEG"":""202606140223"",""POLY_END"":""202606140315"",""PROD_ID"":""202606140223-KEAX-WUUS53-SVREAX"",""SIG"":""W"",""STATUS"":""NEW"",""TORNTAG"":null,""UPDATED"":""202606140223"",""VTEC_YR"":""2026"",""WFO"":""EAX"",""WINDTAG"":""60.0""},""iem_significance"":""W"",""iem_tornadotag"":"""",""iem_ugc"":"""",""iem_wfo"":""EAX"",""iem_windtag"":""60.0"",""senderName"":""EAX"",""status"":""NEW""},""type"":""Feature""}",2026-04-27T17:31:58Z,2026-07-09T05:15:02Z,2026-07-09T18:49:04Z
1970,iem_watchwarn,iem_watchwarn|SGF|267|SV|W|2026-06-14T02:25:00Z|2026-06-14T03:30:00Z|,Severe Thunderstorm Warning,,2026-06-14T02:25:00Z,2026-06-14T03:30:00Z,SGF,NEW,1,"{""coordinates"":[[[-95.08,38.04],[-94.61,38.03],[-94.62,37.65],[-95.09,37.65],[-95.08,38.04]]],""type"":""Polygon""}","{""_map_py"":{""effective"":""2026-06-14T02:25:00Z"",""event"":""Severe Thunderstorm Warning"",""expires"":""2026-06-14T03:30:00Z"",""has_polygon"":true,""headline"":"""",""sender"":""SGF""},""effective"":""2026-06-14T02:25:00Z"",""event"":""Severe Thunderstorm Warning"",""expires"":""2026-06-14T03:30:00Z"",""headline"":"""",""iem_damagetag"":"""",""iem_emergency"":""False"",""iem_event_id"":""267"",""iem_forecaster"":""Price"",""iem_gtype"":""P"",""iem_hailtag"":""1.0"",""iem_phenomena"":""SV"",""iem_raw_properties"":{""AREA_KM2"":""1767.26415153122"",""DAMAGTAG"":null,""EMERGENC"":""False"",""ETN"":""267"",""EXPIRED"":""202606140330"",""FCSTER"":""Price"",""GTYPE"":""P"",""HAILTAG"":""1.0"",""HV_CAUSE"":null,""HV_NWSLI"":null,""HV_REC"":null,""HV_SEV"":null,""INIT_EXP"":""202606140330"",""INIT_ISS"":""202606140225"",""ISSUED"":""202606140225"",""NWS_UGC"":null,""PHENOM"":""SV"",""POLY_BEG"":""202606140225"",""POLY_END"":""202606140258"",""PROD_ID"":""202606140225-KSGF-WUUS53-SVRSGF"",""SIG"":""W"",""STATUS"":""NEW"",""TORNTAG"":null,""UPDATED"":""202606140225"",""VTEC_YR"":""2026"",""WFO"":""SGF"",""WINDTAG"":""60.0""},""iem_significance"":""W"",""iem_tornadotag"":"""",""iem_ugc"":"""",""iem_wfo"":""SGF"",""iem_windtag"":""60.0"",""senderName"":""SGF"",""status"":""NEW""}","{""geometry"":{""coordinates"":[[[-95.08,38.04],[-94.61,38.03],[-94.62,37.65],[-95.09,37.65],[-95.08,38.04]]],""type"":""Polygon""},""properties"":{""_map_py"":{""effective"":""2026-06-14T02:25:00Z"",""event"":""Severe Thunderstorm Warning"",""expires"":""2026-06-14T03:30:00Z"",""has_polygon"":true,""headline"":"""",""sender"":""SGF""},""effective"":""2026-06-14T02:25:00Z"",""event"":""Severe Thunderstorm Warning"",""expires"":""2026-06-14T03:30:00Z"",""headline"":"""",""iem_damagetag"":"""",""iem_emergency"":""False"",""iem_event_id"":""267"",""iem_forecaster"":""Price"",""iem_gtype"":""P"",""iem_hailtag"":""1.0"",""iem_phenomena"":""SV"",""iem_raw_properties"":{""AREA_KM2"":""1767.26415153122"",""DAMAGTAG"":null,""EMERGENC"":""False"",""ETN"":""267"",""EXPIRED"":""202606140330"",""FCSTER"":""Price"",""GTYPE"":""P"",""HAILTAG"":""1.0"",""HV_CAUSE"":null,""HV_NWSLI"":null,""HV_REC"":null,""HV_SEV"":null,""INIT_EXP"":""202606140330"",""INIT_ISS"":""202606140225"",""ISSUED"":""202606140225"",""NWS_UGC"":null,""PHENOM"":""SV"",""POLY_BEG"":""202606140225"",""POLY_END"":""202606140258"",""PROD_ID"":""202606140225-KSGF-WUUS53-SVRSGF"",""SIG"":""W"",""STATUS"":""NEW"",""TORNTAG"":null,""UPDATED"":""202606140225"",""VTEC_YR"":""2026"",""WFO"":""SGF"",""WINDTAG"":""60.0""},""iem_significance"":""W"",""iem_tornadotag"":"""",""iem_ugc"":"""",""iem_wfo"":""SGF"",""iem_windtag"":""60.0"",""senderName"":""SGF"",""status"":""NEW""},""type"":""Feature""}",2026-04-27T17:31:58Z,2026-07-09T05:15:02Z,2026-07-09T18:49:04Z
4442,iem_watchwarn,iem_watchwarn|AMA|137|SV|W|2026-06-14T02:28:00Z|2026-06-14T03:20:00Z|,Severe Thunderstorm Warning,,2026-06-14T02:28:00Z,2026-06-14T03:20:00Z,AMA,NEW,1,"{""coordinates"":[[[-102.17,35.18],[-102.17,35.2],[-102.04,35.44],[-101.57,35.35],[-101.72,35.02],[-102.17,35.18]]],""type"":""Polygon""}","{""_map_py"":{""effective"":""2026-06-14T02:28:00Z"",""event"":""Severe Thunderstorm Warning"",""expires"":""2026-06-14T03:20:00Z"",""has_polygon"":true,""headline"":"""",""sender"":""AMA""},""effective"":""2026-06-14T02:28:00Z"",""event"":""Severe Thunderstorm Warning"",""expires"":""2026-06-14T03:20:00Z"",""headline"":"""",""iem_damagetag"":""CONSIDERABLE"",""iem_emergency"":""False"",""iem_event_id"":""137"",""iem_forecaster"":""SS"",""iem_gtype"":""P"",""iem_hailtag"":""0.75"",""iem_phenomena"":""SV"",""iem_raw_properties"":{""AREA_KM2"":""1559.8216370301068"",""DAMAGTAG"":""CONSIDERABLE"",""EMERGENC"":""False"",""ETN"":""137"",""EXPIRED"":""202606140320"",""FCSTER"":""SS"",""GTYPE"":""P"",""HAILTAG"":""0.75"",""HV_CAUSE"":null,""HV_NWSLI"":null,""HV_REC"":null,""HV_SEV"":null,""INIT_EXP"":""202606140330"",""INIT_ISS"":""202606140228"",""ISSUED"":""202606140228"",""NWS_UGC"":null,""PHENOM"":""SV"",""POLY_BEG"":""202606140228"",""POLY_END"":""202606140245"",""PROD_ID"":""202606140228-KAMA-WUUS54-SVRAMA"",""SIG"":""W"",""STATUS"":""NEW"",""TORNTAG"":null,""UPDATED"":""202606140228"",""VTEC_YR"":""2026"",""WFO"":""AMA"",""WINDTAG"":""70.0""},""iem_significance"":""W"",""iem_tornadotag"":"""",""iem_ugc"":"""",""iem_wfo"":""AMA"",""iem_windtag"":""70.0"",""senderName"":""AMA"",""status"":""NEW""}","{""geometry"":{""coordinates"":[[[-102.17,35.18],[-102.17,35.2],[-102.04,35.44],[-101.57,35.35],[-101.72,35.02],[-102.17,35.18]]],""type"":""Polygon""},""properties"":{""_map_py"":{""effective"":""2026-06-14T02:28:00Z"",""event"":""Severe Thunderstorm Warning"",""expires"":""2026-06-14T03:20:00Z"",""has_polygon"":true,""headline"":"""",""sender"":""AMA""},""effective"":""2026-06-14T02:28:00Z"",""event"":""Severe Thunderstorm Warning"",""expires"":""2026-06-14T03:20:00Z"",""headline"":"""",""iem_damagetag"":""CONSIDERABLE"",""iem_emergency"":""False"",""iem_event_id"":""137"",""iem_forecaster"":""SS"",""iem_gtype"":""P"",""iem_hailtag"":""0.75"",""iem_phenomena"":""SV"",""iem_raw_properties"":{""AREA_KM2"":""1559.8216370301068"",""DAMAGTAG"":""CONSIDERABLE"",""EMERGENC"":""False"",""ETN"":""137"",""EXPIRED"":""202606140320"",""FCSTER"":""SS"",""GTYPE"":""P"",""HAILTAG"":""0.75"",""HV_CAUSE"":null,""HV_NWSLI"":null,""HV_REC"":null,""HV_SEV"":null,""INIT_EXP"":""202606140330"",""INIT_ISS"":""202606140228"",""ISSUED"":""202606140228"",""NWS_UGC"":null,""PHENOM"":""SV"",""POLY_BEG"":""202606140228"",""POLY_END"":""202606140245"",""PROD_ID"":""202606140228-KAMA-WUUS54-SVRAMA"",""SIG"":""W"",""STATUS"":""NEW"",""TORNTAG"":null,""UPDATED"":""202606140228"",""VTEC_YR"":""2026"",""WFO"":""AMA"",""WINDTAG"":""70.0""},""iem_significance"":""W"",""iem_tornadotag"":"""",""iem_ugc"":"""",""iem_wfo"":""AMA"",""iem_windtag"":""70.0"",""senderName"":""AMA"",""status"":""NEW""},""type"":""Feature""}",2026-04-27T17:31:58Z,2026-07-09T05:15:02Z,2026-07-09T18:49:04Z
3140,iem_watchwarn,iem_watchwarn|EAX|83|TO|W|2026-06-14T02:33:00Z|2026-06-14T03:00:00Z|,Tornado Warning,,2026-06-14T02:33:00Z,2026-06-14T03:00:00Z,EAX,NEW,1,"{""coordinates"":[[[-94.02,38.88],[-93.97,39.06],[-93.53,39.05],[-93.57,38.77],[-94.02,38.88]]],""type"":""Polygon""}","{""_map_py"":{""effective"":""2026-06-14T02:33:00Z"",""event"":""Tornado Warning"",""expires"":""2026-06-14T03:00:00Z"",""has_polygon"":true,""headline"":"""",""sender"":""EAX""},""effective"":""2026-06-14T02:33:00Z"",""event"":""Tornado Warning"",""expires"":""2026-06-14T03:00:00Z"",""headline"":"""",""iem_damagetag"":"""",""iem_emergency"":""False"",""iem_event_id"":""83"",""iem_forecaster"":""Schultz"",""iem_gtype"":""P"",""iem_hailtag"":""0.0"",""iem_phenomena"":""TO"",""iem_raw_properties"":{""AREA_KM2"":""1010.0801834622514"",""DAMAGTAG"":null,""EMERGENC"":""False"",""ETN"":""83"",""EXPIRED"":""202606140300"",""FCSTER"":""Schultz"",""GTYPE"":""P"",""HAILTAG"":""0.0"",""HV_CAUSE"":null,""HV_NWSLI"":null,""HV_REC"":null,""HV_SEV"":null,""INIT_EXP"":""202606140300"",""INIT_ISS"":""202606140233"",""ISSUED"":""202606140233"",""NWS_UGC"":null,""PHENOM"":""TO"",""POLY_BEG"":""202606140233"",""POLY_END"":""202606140243"",""PROD_ID"":""202606140233-KEAX-WFUS53-TOREAX"",""SIG"":""W"",""STATUS"":""NEW"",""TORNTAG"":""RADAR INDICATED"",""UPDATED"":""202606140233"",""VTEC_YR"":""2026"",""WFO"":""EAX"",""WINDTAG"":null},""iem_significance"":""W"",""iem_tornadotag"":""RADAR INDICATED"",""iem_ugc"":"""",""iem_wfo"":""EAX"",""iem_windtag"":"""",""senderName"":""EAX"",""status"":""NEW""}","{""geometry"":{""coordinates"":[[[-94.02,38.88],[-93.97,39.06],[-93.53,39.05],[-93.57,38.77],[-94.02,38.88]]],""type"":""Polygon""},""properties"":{""_map_py"":{""effective"":""2026-06-14T02:33:00Z"",""event"":""Tornado Warning"",""expires"":""2026-06-14T03:00:00Z"",""has_polygon"":true,""headline"":"""",""sender"":""EAX""},""effective"":""2026-06-14T02:33:00Z"",""event"":""Tornado Warning"",""expires"":""2026-06-14T03:00:00Z"",""headline"":"""",""iem_damagetag"":"""",""iem_emergency"":""False"",""iem_event_id"":""83"",""iem_forecaster"":""Schultz"",""iem_gtype"":""P"",""iem_hailtag"":""0.0"",""iem_phenomena"":""TO"",""iem_raw_properties"":{""AREA_KM2"":""1010.0801834622514"",""DAMAGTAG"":null,""EMERGENC"":""False"",""ETN"":""83"",""EXPIRED"":""202606140300"",""FCSTER"":""Schultz"",""GTYPE"":""P"",""HAILTAG"":""0.0"",""HV_CAUSE"":null,""HV_NWSLI"":null,""HV_REC"":null,""HV_SEV"":null,""INIT_EXP"":""202606140300"",""INIT_ISS"":""202606140233"",""ISSUED"":""202606140233"",""NWS_UGC"":null,""PHENOM"":""TO"",""POLY_BEG"":""202606140233"",""POLY_END"":""202606140243"",""PROD_ID"":""202606140233-KEAX-WFUS53-TOREAX"",""SIG"":""W"",""STATUS"":""NEW"",""TORNTAG"":""RADAR INDICATED"",""UPDATED"":""202606140233"",""VTEC_YR"":""2026"",""WFO"":""EAX"",""WINDTAG"":null},""iem_significance"":""W"",""iem_tornadotag"":""RADAR INDICATED"",""iem_ugc"":"""",""iem_wfo"":""EAX"",""iem_windtag"":"""",""senderName"":""EAX"",""status"":""NEW""},""type"":""Feature""}",2026-04-27T17:31:58Z,2026-07-09T05:15:02Z,2026-07-09T18:49:04Z
10984,iem_watchwarn,iem_watchwarn|EAX|389|SV|W|2026-06-14T02:34:00Z|2026-06-14T03:30:00Z|,Severe Thunderstorm Warning,,2026-06-14T02:34:00Z,2026-06-14T03:30:00Z,EAX,NEW,1,"{""coordinates"":[[[-94.12,38.57],[-94.12,38.86],[-94.08,38.88],[-94.07,39.13],[-94.03,39.15],[-94.03,39.19],[-93.98,39.21],[-93.96,39.18],[-93.99,39.15],[-93.96,39.14],[-93.93,39.18],[-93.85,39.21],[-93.71,39.21],[-93.63,39.25],[-93.51,39.21],[-93.5,39.21],[-93.49,39.27],[-93.51,38.56],[-94.12,38.57]]],""type"":""Polygon""}","{""_map_py"":{""effective"":""2026-06-14T02:34:00Z"",""event"":""Severe Thunderstorm Warning"",""expires"":""2026-06-14T03:30:00Z"",""has_polygon"":true,""headline"":"""",""sender"":""EAX""},""effective"":""2026-06-14T02:34:00Z"",""event"":""Severe Thunderstorm Warning"",""expires"":""2026-06-14T03:30:00Z"",""headline"":"""",""iem_damagetag"":""CONSIDERABLE"",""iem_emergency"":""False"",""iem_event_id"":""389"",""iem_forecaster"":""Patterson"",""iem_gtype"":""P"",""iem_hailtag"":""1.0"",""iem_phenomena"":""SV"",""iem_raw_properties"":{""AREA_KM2"":""3665.7660970636266"",""DAMAGTAG"":""CONSIDERABLE"",""EMERGENC"":""False"",""ETN"":""389"",""EXPIRED"":""202606140330"",""FCSTER"":""Patterson"",""GTYPE"":""P"",""HAILTAG"":""1.0"",""HV_CAUSE"":null,""HV_NWSLI"":null,""HV_REC"":null,""HV_SEV"":null,""INIT_EXP"":""202606140330"",""INIT_ISS"":""202606140234"",""ISSUED"":""202606140234"",""NWS_UGC"":null,""PHENOM"":""SV"",""POLY_BEG"":""202606140234"",""POLY_END"":""202606140305"",""PROD_ID"":""202606140234-KEAX-WUUS53-SVREAX"",""SIG"":""W"",""STATUS"":""NEW"",""TORNTAG"":null,""UPDATED"":""202606140234"",""VTEC_YR"":""2026"",""WFO"":""EAX"",""WINDTAG"":""70.0""},""iem_significance"":""W"",""iem_tornadotag"":"""",""iem_ugc"":"""",""iem_wfo"":""EAX"",""iem_windtag"":""70.0"",""senderName"":""EAX"",""status"":""NEW""}","{""geometry"":{""coordinates"":[[[-94.12,38.57],[-94.12,38.86],[-94.08,38.88],[-94.07,39.13],[-94.03,39.15],[-94.03,39.19],[-93.98,39.21],[-93.96,39.18],[-93.99,39.15],[-93.96,39.14],[-93.93,39.18],[-93.85,39.21],[-93.71,39.21],[-93.63,39.25],[-93.51,39.21],[-93.5,39.21],[-93.49,39.27],[-93.51,38.56],[-94.12,38.57]]],""type"":""Polygon""},""properties"":{""_map_py"":{""effective"":""2026-06-14T02:34:00Z"",""event"":""Severe Thunderstorm Warning"",""expires"":""2026-06-14T03:30:00Z"",""has_polygon"":true,""headline"":"""",""sender"":""EAX""},""effective"":""2026-06-14T02:34:00Z"",""event"":""Severe Thunderstorm Warning"",""expires"":""2026-06-14T03:30:00Z"",""headline"":"""",""iem_damagetag"":""CONSIDERABLE"",""iem_emergency"":""False"",""iem_event_id"":""389"",""iem_forecaster"":""Patterson"",""iem_gtype"":""P"",""iem_hailtag"":""1.0"",""iem_phenomena"":""SV"",""iem_raw_properties"":{""AREA_KM2"":""3665.7660970636266"",""DAMAGTAG"":""CONSIDERABLE"",""EMERGENC"":""False"",""ETN"":""389"",""EXPIRED"":""202606140330"",""FCSTER"":""Patterson"",""GTYPE"":""P"",""HAILTAG"":""1.0"",""HV_CAUSE"":null,""HV_NWSLI"":null,""HV_REC"":null,""HV_SEV"":null,""INIT_EXP"":""202606140330"",""INIT_ISS"":""202606140234"",""ISSUED"":""202606140234"",""NWS_UGC"":null,""PHENOM"":""SV"",""POLY_BEG"":""202606140234"",""POLY_END"":""202606140305"",""PROD_ID"":""202606140234-KEAX-WUUS53-SVREAX"",""SIG"":""W"",""STATUS"":""NEW"",""TORNTAG"":null,""UPDATED"":""202606140234"",""VTEC_YR"":""2026"",""WFO"":""EAX"",""WINDTAG"":""70.0""},""iem_significance"":""W"",""iem_tornadotag"":"""",""iem_ugc"":"""",""iem_wfo"":""EAX"",""iem_windtag"":""70.0"",""senderName"":""EAX"",""status"":""NEW""},""type"":""Feature""}",2026-04-27T17:31:58Z,2026-07-09T05:15:02Z,2026-07-09T18:49:04Z
7653,iem_watchwarn,iem_watchwarn|SGF|268|SV|W|2026-06-14T02:41:00Z|2026-06-14T03:30:00Z|,Severe Thunderstorm Warning,,2026-06-14T02:41:00Z,2026-06-14T03:30:00Z,SGF,NEW,1,"{""coordinates"":[[[-95.09,37.65],[-94.62,37.66],[-94.62,37.34],[-95.07,37.34],[-95.08,37.36],[-95.07,37.38],[-95.09,37.39],[-95.09,37.65]]],""type"":""Polygon""}","{""_map_py"":{""effective"":""2026-06-14T02:41:00Z"",""event"":""Severe Thunderstorm Warning"",""expires"":""2026-06-14T03:30:00Z"",""has_polygon"":true,""headline"":"""",""sender"":""SGF""},""effective"":""2026-06-14T02:41:00Z"",""event"":""Severe Thunderstorm Warning"",""expires"":""2026-06-14T03:30:00Z"",""headline"":"""",""iem_damagetag"":"""",""iem_emergency"":""False"",""iem_event_id"":""268"",""iem_forecaster"":""Price"",""iem_gtype"":""P"",""iem_hailtag"":""1.0"",""iem_phenomena"":""SV"",""iem_raw_properties"":{""AREA_KM2"":""1445.4888176409152"",""DAMAGTAG"":null,""EMERGENC"":""False"",""ETN"":""268"",""EXPIRED"":""202606140330"",""FCSTER"":""Price"",""GTYPE"":""P"",""HAILTAG"":""1.0"",""HV_CAUSE"":null,""HV_NWSLI"":null,""HV_REC"":null,""HV_SEV"":null,""INIT_EXP"":""202606140330"",""INIT_ISS"":""202606140241"",""ISSUED"":""202606140241"",""NWS_UGC"":null,""PHENOM"":""SV"",""POLY_BEG"":""202606140241"",""POLY_END"":""202606140330"",""PROD_ID"":""202606140241-KSGF-WUUS53-SVRSGF"",""SIG"":""W"",""STATUS"":""NEW"",""TORNTAG"":null,""UPDATED"":""202606140241"",""VTEC_YR"":""2026"",""WFO"":""SGF"",""WINDTAG"":""60.0""},""iem_significance"":""W"",""iem_tornadotag"":"""",""iem_ugc"":"""",""iem_wfo"":""SGF"",""iem_windtag"":""60.0"",""senderName"":""SGF"",""status"":""NEW""}","{""geometry"":{""coordinates"":[[[-95.09,37.65],[-94.62,37.66],[-94.62,37.34],[-95.07,37.34],[-95.08,37.36],[-95.07,37.38],[-95.09,37.39],[-95.09,37.65]]],""type"":""Polygon""},""properties"":{""_map_py"":{""effective"":""2026-06-14T02:41:00Z"",""event"":""Severe Thunderstorm Warning"",""expires"":""2026-06-14T03:30:00Z"",""has_polygon"":true,""headline"":"""",""sender"":""SGF""},""effective"":""2026-06-14T02:41:00Z"",""event"":""Severe Thunderstorm Warning"",""expires"":""2026-06-14T03:30:00Z"",""headline"":"""",""iem_damagetag"":"""",""iem_emergency"":""False"",""iem_event_id"":""268"",""iem_forecaster"":""Price"",""iem_gtype"":""P"",""iem_hailtag"":""1.0"",""iem_phenomena"":""SV"",""iem_raw_properties"":{""AREA_KM2"":""1445.4888176409152"",""DAMAGTAG"":null,""EMERGENC"":""False"",""ETN"":""268"",""EXPIRED"":""202606140330"",""FCSTER"":""Price"",""GTYPE"":""P"",""HAILTAG"":""1.0"",""HV_CAUSE"":null,""HV_NWSLI"":null,""HV_REC"":null,""HV_SEV"":null,""INIT_EXP"":""202606140330"",""INIT_ISS"":""202606140241"",""ISSUED"":""202606140241"",""NWS_UGC"":null,""PHENOM"":""SV"",""POLY_BEG"":""202606140241"",""POLY_END"":""202606140330"",""PROD_ID"":""202606140241-KSGF-WUUS53-SVRSGF"",""SIG"":""W"",""STATUS"":""NEW"",""TORNTAG"":null,""UPDATED"":""202606140241"",""VTEC_YR"":""2026"",""WFO"":""SGF"",""WINDTAG"":""60.0""},""iem_significance"":""W"",""iem_tornadotag"":"""",""iem_ugc"":"""",""iem_wfo"":""SGF"",""iem_windtag"":""60.0"",""senderName"":""SGF"",""status"":""NEW""},""type"":""Feature""}",2026-04-27T17:31:58Z,2026-07-09T05:15:02Z,2026-07-09T18:49:04Z
11094,iem_watchwarn,iem_watchwarn|OUN|570|SV|W|2026-06-14T02:41:00Z|2026-06-14T03:30:00Z|,Severe Thunderstorm Warning,,2026-06-14T02:41:00Z,2026-06-14T03:30:00Z,OUN,NEW,1,"{""coordinates"":[[[-96.75,36.78],[-96.82,36.77],[-96.83,36.74],[-96.89,36.75],[-96.93,36.68],[-97.04,36.7],[-97.06,36.68],[-97.04,36.6],[-97.06,36.59],[-97.0,36.58],[-96.91,36.6],[-96.89,36.58],[-96.9,36.55],[-97.03,36.51],[-97.03,36.39],[-97.52,36.28],[-97.88,36.79],[-97.82,37.0],[-96.75,37.0],[-96.75,36.78]]],""type"":""Polygon""}","{""_map_py"":{""effective"":""2026-06-14T02:41:00Z"",""event"":""Severe Thunderstorm Warning"",""expires"":""2026-06-14T03:30:00Z"",""has_polygon"":true,""headline"":"""",""sender"":""OUN""},""effective"":""2026-06-14T02:41:00Z"",""event"":""Severe Thunderstorm Warning"",""expires"":""2026-06-14T03:30:00Z"",""headline"":"""",""iem_damagetag"":""CONSIDERABLE"",""iem_emergency"":""False"",""iem_event_id"":""570"",""iem_forecaster"":""Meister"",""iem_gtype"":""P"",""iem_hailtag"":""0.75"",""iem_phenomena"":""SV"",""iem_raw_properties"":{""AREA_KM2"":""5640.962343576272"",""DAMAGTAG"":""CONSIDERABLE"",""EMERGENC"":""False"",""ETN"":""570"",""EXPIRED"":""202606140330"",""FCSTER"":""Meister"",""GTYPE"":""P"",""HAILTAG"":""0.75"",""HV_CAUSE"":null,""HV_NWSLI"":null,""HV_REC"":null,""HV_SEV"":null,""INIT_EXP"":""202606140330"",""INIT_ISS"":""202606140241"",""ISSUED"":""202606140241"",""NWS_UGC"":null,""PHENOM"":""SV"",""POLY_BEG"":""202606140241"",""POLY_END"":""202606140257"",""PROD_ID"":""202606140241-KOUN-WUUS54-SVROUN"",""SIG"":""W"",""STATUS"":""NEW"",""TORNTAG"":null,""UPDATED"":""202606140241"",""VTEC_YR"":""2026"",""WFO"":""OUN"",""WINDTAG"":""70.0""},""iem_significance"":""W"",""iem_tornadotag"":"""",""iem_ugc"":"""",""iem_wfo"":""OUN"",""iem_windtag"":""70.0"",""senderName"":""OUN"",""status"":""NEW""}","{""geometry"":{""coordinates"":[[[-96.75,36.78],[-96.82,36.77],[-96.83,36.74],[-96.89,36.75],[-96.93,36.68],[-97.04,36.7],[-97.06,36.68],[-97.04,36.6],[-97.06,36.59],[-97.0,36.58],[-96.91,36.6],[-96.89,36.58],[-96.9,36.55],[-97.03,36.51],[-97.03,36.39],[-97.52,36.28],[-97.88,36.79],[-97.82,37.0],[-96.75,37.0],[-96.75,36.78]]],""type"":""Polygon""},""properties"":{""_map_py"":{""effective"":""2026-06-14T02:41:00Z"",""event"":""Severe Thunderstorm Warning"",""expires"":""2026-06-14T03:30:00Z"",""has_polygon"":true,""headline"":"""",""sender"":""OUN""},""effective"":""2026-06-14T02:41:00Z"",""event"":""Severe Thunderstorm Warning"",""expires"":""2026-06-14T03:30:00Z"",""headline"":"""",""iem_damagetag"":""CONSIDERABLE"",""iem_emergency"":""False"",""iem_event_id"":""570"",""iem_forecaster"":""Meister"",""iem_gtype"":""P"",""iem_hailtag"":""0.75"",""iem_phenomena"":""SV"",""iem_raw_properties"":{""AREA_KM2"":""5640.962343576272"",""DAMAGTAG"":""CONSIDERABLE"",""EMERGENC"":""False"",""ETN"":""570"",""EXPIRED"":""202606140330"",""FCSTER"":""Meister"",""GTYPE"":""P"",""HAILTAG"":""0.75"",""HV_CAUSE"":null,""HV_NWSLI"":null,""HV_REC"":null,""HV_SEV"":null,""INIT_EXP"":""202606140330"",""INIT_ISS"":""202606140241"",""ISSUED"":""202606140241"",""NWS_UGC"":null,""PHENOM"":""SV"",""POLY_BEG"":""202606140241"",""POLY_END"":""202606140257"",""PROD_ID"":""202606140241-KOUN-WUUS54-SVROUN"",""SIG"":""W"",""STATUS"":""NEW"",""TORNTAG"":null,""UPDATED"":""202606140241"",""VTEC_YR"":""2026"",""WFO"":""OUN"",""WINDTAG"":""70.0""},""iem_significance"":""W"",""iem_tornadotag"":"""",""iem_ugc"":"""",""iem_wfo"":""OUN"",""iem_windtag"":""70.0"",""senderName"":""OUN"",""status"":""NEW""},""type"":""Feature""}",2026-04-27T17:31:58Z,2026-07-09T05:15:02Z,2026-07-09T18:49:04Z
8904,iem_watchwarn,iem_watchwarn|TOP|327|SV|W|2026-06-14T02:42:00Z|2026-06-14T03:15:00Z|,Severe Thunderstorm Warning,,2026-06-14T02:42:00Z,2026-06-14T03:15:00Z,TOP,NEW,1,"{""coordinates"":[[[-95.07,38.26],[-95.08,38.2],[-95.08,38.04],[-95.52,38.05],[-95.52,38.11],[-95.38,38.29],[-95.45,38.5],[-95.42,38.64],[-95.07,38.32],[-95.06,38.26],[-95.07,38.26]]],""type"":""Polygon""}","{""_map_py"":{""effective"":""2026-06-14T02:42:00Z"",""event"":""Severe Thunderstorm Warning"",""expires"":""2026-06-14T03:15:00Z"",""has_polygon"":true,""headline"":"""",""sender"":""TOP""},""effective"":""2026-06-14T02:42:00Z"",""event"":""Severe Thunderstorm Warning"",""expires"":""2026-06-14T03:15:00Z"",""headline"":"""",""iem_damagetag"":"""",""iem_emergency"":""False"",""iem_event_id"":""327"",""iem_forecaster"":""Gargan"",""iem_gtype"":""P"",""iem_hailtag"":""0.75"",""iem_phenomena"":""SV"",""iem_raw_properties"":{""AREA_KM2"":""1589.2014793214078"",""DAMAGTAG"":null,""EMERGENC"":""False"",""ETN"":""327"",""EXPIRED"":""202606140315"",""FCSTER"":""Gargan"",""GTYPE"":""P"",""HAILTAG"":""0.75"",""HV_CAUSE"":null,""HV_NWSLI"":null,""HV_REC"":null,""HV_SEV"":null,""INIT_EXP"":""202606140315"",""INIT_ISS"":""202606140242"",""ISSUED"":""202606140242"",""NWS_UGC"":null,""PHENOM"":""SV"",""POLY_BEG"":""202606140242"",""POLY_END"":""202606140245"",""PROD_ID"":""202606140242-KTOP-WUUS53-SVRTOP"",""SIG"":""W"",""STATUS"":""NEW"",""TORNTAG"":null,""UPDATED"":""202606140242"",""VTEC_YR"":""2026"",""WFO"":""TOP"",""WINDTAG"":""60.0""},""iem_significance"":""W"",""iem_tornadotag"":"""",""iem_ugc"":"""",""iem_wfo"":""TOP"",""iem_windtag"":""60.0"",""senderName"":""TOP"",""status"":""NEW""}","{""geometry"":{""coordinates"":[[[-95.07,38.26],[-95.08,38.2],[-95.08,38.04],[-95.52,38.05],[-95.52,38.11],[-95.38,38.29],[-95.45,38.5],[-95.42,38.64],[-95.07,38.32],[-95.06,38.26],[-95.07,38.26]]],""type"":""Polygon""},""properties"":{""_map_py"":{""effective"":""2026-06-14T02:42:00Z"",""event"":""Severe Thunderstorm Warning"",""expires"":""2026-06-14T03:15:00Z"",""has_polygon"":true,""headline"":"""",""sender"":""TOP""},""effective"":""2026-06-14T02:42:00Z"",""event"":""Severe Thunderstorm Warning"",""expires"":""2026-06-14T03:15:00Z"",""headline"":"""",""iem_damagetag"":"""",""iem_emergency"":""False"",""iem_event_id"":""327"",""iem_forecaster"":""Gargan"",""iem_gtype"":""P"",""iem_hailtag"":""0.75"",""iem_phenomena"":""SV"",""iem_raw_properties"":{""AREA_KM2"":""1589.2014793214078"",""DAMAGTAG"":null,""EMERGENC"":""False"",""ETN"":""327"",""EXPIRED"":""202606140315"",""FCSTER"":""Gargan"",""GTYPE"":""P"",""HAILTAG"":""0.75"",""HV_CAUSE"":null,""HV_NWSLI"":null,""HV_REC"":null,""HV_SEV"":null,""INIT_EXP"":""202606140315"",""INIT_ISS"":""202606140242"",""ISSUED"":""202606140242"",""NWS_UGC"":null,""PHENOM"":""SV"",""POLY_BEG"":""202606140242"",""POLY_END"":""202606140245"",""PROD_ID"":""202606140242-KTOP-WUUS53-SVRTOP"",""SIG"":""W"",""STATUS"":""NEW"",""TORNTAG"":null,""UPDATED"":""202606140242"",""VTEC_YR"":""2026"",""WFO"":""TOP"",""WINDTAG"":""60.0""},""iem_significance"":""W"",""iem_tornadotag"":"""",""iem_ugc"":"""",""iem_wfo"":""TOP"",""iem_windtag"":""60.0"",""senderName"":""TOP"",""status"":""NEW""},""type"":""Feature""}",2026-04-27T17:31:58Z,2026-07-09T05:15:02Z,2026-07-09T18:49:04Z
2685,iem_watchwarn,iem_watchwarn|ICT|289|SV|W|2026-06-14T02:43:00Z|2026-06-14T03:45:00Z|,Severe Thunderstorm Warning,,2026-06-14T02:43:00Z,2026-06-14T03:45:00Z,ICT,NEW,1,"{""coordinates"":[[[-97.04,37.0],[-96.55,37.73],[-95.97,37.74],[-95.97,37.0],[-97.04,37.0]]],""type"":""Polygon""}","{""_map_py"":{""effective"":""2026-06-14T02:43:00Z"",""event"":""Severe Thunderstorm Warning"",""expires"":""2026-06-14T03:45:00Z"",""has_polygon"":true,""headline"":"""",""sender"":""ICT""},""effective"":""2026-06-14T02:43:00Z"",""event"":""Severe Thunderstorm Warning"",""expires"":""2026-06-14T03:45:00Z"",""headline"":"""",""iem_damagetag"":""CONSIDERABLE"",""iem_emergency"":""False"",""iem_event_id"":""289"",""iem_forecaster"":""KLEINSASSER"",""iem_gtype"":""P"",""iem_hailtag"":""0.75"",""iem_phenomena"":""SV"",""iem_raw_properties"":{""AREA_KM2"":""5948.238314974417"",""DAMAGTAG"":""CONSIDERABLE"",""EMERGENC"":""False"",""ETN"":""289"",""EXPIRED"":""202606140345"",""FCSTER"":""KLEINSASSER"",""GTYPE"":""P"",""HAILTAG"":""0.75"",""HV_CAUSE"":null,""HV_NWSLI"":null,""HV_REC"":null,""HV_SEV"":null,""INIT_EXP"":""202606140345"",""INIT_ISS"":""202606140243"",""ISSUED"":""202606140243"",""NWS_UGC"":null,""PHENOM"":""SV"",""POLY_BEG"":""202606140243"",""POLY_END"":""202606140255"",""PROD_ID"":""202606140243-KICT-WUUS53-SVRICT"",""SIG"":""W"",""STATUS"":""NEW"",""TORNTAG"":null,""UPDATED"":""202606140243"",""VTEC_YR"":""2026"",""WFO"":""ICT"",""WINDTAG"":""70.0""},""iem_significance"":""W"",""iem_tornadotag"":"""",""iem_ugc"":"""",""iem_wfo"":""ICT"",""iem_windtag"":""70.0"",""senderName"":""ICT"",""status"":""NEW""}","{""geometry"":{""coordinates"":[[[-97.04,37.0],[-96.55,37.73],[-95.97,37.74],[-95.97,37.0],[-97.04,37.0]]],""type"":""Polygon""},""properties"":{""_map_py"":{""effective"":""2026-06-14T02:43:00Z"",""event"":""Severe Thunderstorm Warning"",""expires"":""2026-06-14T03:45:00Z"",""has_polygon"":true,""headline"":"""",""sender"":""ICT""},""effective"":""2026-06-14T02:43:00Z"",""event"":""Severe Thunderstorm Warning"",""expires"":""2026-06-14T03:45:00Z"",""headline"":"""",""iem_damagetag"":""CONSIDERABLE"",""iem_emergency"":""False"",""iem_event_id"":""289"",""iem_forecaster"":""KLEINSASSER"",""iem_gtype"":""P"",""iem_hailtag"":""0.75"",""iem_phenomena"":""SV"",""iem_raw_properties"":{""AREA_KM2"":""5948.238314974417"",""DAMAGTAG"":""CONSIDERABLE"",""EMERGENC"":""False"",""ETN"":""289"",""EXPIRED"":""202606140345"",""FCSTER"":""KLEINSASSER"",""GTYPE"":""P"",""HAILTAG"":""0.75"",""HV_CAUSE"":null,""HV_NWSLI"":null,""HV_REC"":null,""HV_SEV"":null,""INIT_EXP"":""202606140345"",""INIT_ISS"":""202606140243"",""ISSUED"":""202606140243"",""NWS_UGC"":null,""PHENOM"":""SV"",""POLY_BEG"":""202606140243"",""POLY_END"":""202606140255"",""PROD_ID"":""202606140243-KICT-WUUS53-SVRICT"",""SIG"":""W"",""STATUS"":""NEW"",""TORNTAG"":null,""UPDATED"":""202606140243"",""VTEC_YR"":""2026"",""WFO"":""ICT"",""WINDTAG"":""70.0""},""iem_significance"":""W"",""iem_tornadotag"":"""",""iem_ugc"":"""",""iem_wfo"":""ICT"",""iem_windtag"":""70.0"",""senderName"":""ICT"",""status"":""NEW""},""type"":""Feature""}",2026-04-27T17:31:58Z,2026-07-09T05:15:02Z,2026-07-09T18:49:04Z
11259,iem_watchwarn,iem_watchwarn|TSA|259|SV|W|2026-06-14T02:46:00Z|2026-06-14T03:45:00Z|,Severe Thunderstorm Warning,,2026-06-14T02:46:00Z,2026-06-14T03:45:00Z,TSA,NEW,1,"{""coordinates"":[[[-96.0,37.0],[-96.12,36.79],[-96.51,36.51],[-96.72,36.5],[-96.77,36.57],[-96.85,36.49],[-97.0,36.49],[-97.01,36.52],[-96.9,36.55],[-96.89,36.58],[-96.92,36.6],[-97.05,36.59],[-97.06,36.68],[-97.03,36.7],[-96.94,36.68],[-96.89,36.75],[-96.83,36.74],[-96.82,36.77],[-96.75,36.78],[-96.75,37.0],[-96.0,37.0]]],""type"":""Polygon""}","{""_map_py"":{""effective"":""2026-06-14T02:46:00Z"",""event"":""Severe Thunderstorm Warning"",""expires"":""2026-06-14T03:45:00Z"",""has_polygon"":true,""headline"":"""",""sender"":""TSA""},""effective"":""2026-06-14T02:46:00Z"",""event"":""Severe Thunderstorm Warning"",""expires"":""2026-06-14T03:45:00Z"",""headline"":"""",""iem_damagetag"":""CONSIDERABLE"",""iem_emergency"":""False"",""iem_event_id"":""259"",""iem_forecaster"":"""",""iem_gtype"":""P"",""iem_hailtag"":""0.75"",""iem_phenomena"":""SV"",""iem_raw_properties"":{""AREA_KM2"":""3206.0784912433796"",""DAMAGTAG"":""CONSIDERABLE"",""EMERGENC"":""False"",""ETN"":""259"",""EXPIRED"":""202606140345"",""FCSTER"":null,""GTYPE"":""P"",""HAILTAG"":""0.75"",""HV_CAUSE"":null,""HV_NWSLI"":null,""HV_REC"":null,""HV_SEV"":null,""INIT_EXP"":""202606140345"",""INIT_ISS"":""202606140246"",""ISSUED"":""202606140246"",""NWS_UGC"":null,""PHENOM"":""SV"",""POLY_BEG"":""202606140246"",""POLY_END"":""202606140255"",""PROD_ID"":""202606140246-KTSA-WUUS54-SVRTSA"",""SIG"":""W"",""STATUS"":""NEW"",""TORNTAG"":null,""UPDATED"":""202606140246"",""VTEC_YR"":""2026"",""WFO"":""TSA"",""WINDTAG"":""70.0""},""iem_significance"":""W"",""iem_tornadotag"":"""",""iem_ugc"":"""",""iem_wfo"":""TSA"",""iem_windtag"":""70.0"",""senderName"":""TSA"",""status"":""NEW""}","{""geometry"":{""coordinates"":[[[-96.0,37.0],[-96.12,36.79],[-96.51,36.51],[-96.72,36.5],[-96.77,36.57],[-96.85,36.49],[-97.0,36.49],[-97.01,36.52],[-96.9,36.55],[-96.89,36.58],[-96.92,36.6],[-97.05,36.59],[-97.06,36.68],[-97.03,36.7],[-96.94,36.68],[-96.89,36.75],[-96.83,36.74],[-96.82,36.77],[-96.75,36.78],[-96.75,37.0],[-96.0,37.0]]],""type"":""Polygon""},""properties"":{""_map_py"":{""effective"":""2026-06-14T02:46:00Z"",""event"":""Severe Thunderstorm Warning"",""expires"":""2026-06-14T03:45:00Z"",""has_polygon"":true,""headline"":"""",""sender"":""TSA""},""effective"":""2026-06-14T02:46:00Z"",""event"":""Severe Thunderstorm Warning"",""expires"":""2026-06-14T03:45:00Z"",""headline"":"""",""iem_damagetag"":""CONSIDERABLE"",""iem_emergency"":""False"",""iem_event_id"":""259"",""iem_forecaster"":"""",""iem_gtype"":""P"",""iem_hailtag"":""0.75"",""iem_phenomena"":""SV"",""iem_raw_properties"":{""AREA_KM2"":""3206.0784912433796"",""DAMAGTAG"":""CONSIDERABLE"",""EMERGENC"":""False"",""ETN"":""259"",""EXPIRED"":""202606140345"",""FCSTER"":null,""GTYPE"":""P"",""HAILTAG"":""0.75"",""HV_CAUSE"":null,""HV_NWSLI"":null,""HV_REC"":null,""HV_SEV"":null,""INIT_EXP"":""202606140345"",""INIT_ISS"":""202606140246"",""ISSUED"":""202606140246"",""NWS_UGC"":null,""PHENOM"":""SV"",""POLY_BEG"":""202606140246"",""POLY_END"":""202606140255"",""PROD_ID"":""202606140246-KTSA-WUUS54-SVRTSA"",""SIG"":""W"",""STATUS"":""NEW"",""TORNTAG"":null,""UPDATED"":""202606140246"",""VTEC_YR"":""2026"",""WFO"":""TSA"",""WINDTAG"":""70.0""},""iem_significance"":""W"",""iem_tornadotag"":"""",""iem_ugc"":"""",""iem_wfo"":""TSA"",""iem_windtag"":""70.0"",""senderName"":""TSA"",""status"":""NEW""},""type"":""Feature""}",2026-04-27T17:31:58Z,2026-07-09T05:15:02Z,2026-07-09T18:49:04Z
1017,iem_watchwarn,iem_watchwarn|ICT|290|SV|W|2026-06-14T02:49:00Z|2026-06-14T03:45:00Z|,Severe Thunderstorm Warning,,2026-06-14T02:49:00Z,2026-06-14T03:45:00Z,ICT,NEW,1,"{""coordinates"":[[[-95.96,37.0],[-95.96,37.73],[-95.09,37.73],[-95.08,37.37],[-95.96,37.0]]],""type"":""Polygon""}","{""_map_py"":{""effective"":""2026-06-14T02:49:00Z"",""event"":""Severe Thunderstorm Warning"",""expires"":""2026-06-14T03:45:00Z"",""has_polygon"":true,""headline"":"""",""sender"":""ICT""},""effective"":""2026-06-14T02:49:00Z"",""event"":""Severe Thunderstorm Warning"",""expires"":""2026-06-14T03:45:00Z"",""headline"":"""",""iem_damagetag"":"""",""iem_emergency"":""False"",""iem_event_id"":""290"",""iem_forecaster"":""KLEINSASSER"",""iem_gtype"":""P"",""iem_hailtag"":""0.75"",""iem_phenomena"":""SV"",""iem_raw_properties"":{""AREA_KM2"":""4687.17661274251"",""DAMAGTAG"":null,""EMERGENC"":""False"",""ETN"":""290"",""EXPIRED"":""202606140345"",""FCSTER"":""KLEINSASSER"",""GTYPE"":""P"",""HAILTAG"":""0.75"",""HV_CAUSE"":null,""HV_NWSLI"":null,""HV_REC"":null,""HV_SEV"":null,""INIT_EXP"":""202606140345"",""INIT_ISS"":""202606140249"",""ISSUED"":""202606140249"",""NWS_UGC"":null,""PHENOM"":""SV"",""POLY_BEG"":""202606140249"",""POLY_END"":""202606140305"",""PROD_ID"":""202606140249-KICT-WUUS53-SVRICT"",""SIG"":""W"",""STATUS"":""NEW"",""TORNTAG"":null,""UPDATED"":""202606140249"",""VTEC_YR"":""2026"",""WFO"":""ICT"",""WINDTAG"":""60.0""},""iem_significance"":""W"",""iem_tornadotag"":"""",""iem_ugc"":"""",""iem_wfo"":""ICT"",""iem_windtag"":""60.0"",""senderName"":""ICT"",""status"":""NEW""}","{""geometry"":{""coordinates"":[[[-95.96,37.0],[-95.96,37.73],[-95.09,37.73],[-95.08,37.37],[-95.96,37.0]]],""type"":""Polygon""},""properties"":{""_map_py"":{""effective"":""2026-06-14T02:49:00Z"",""event"":""Severe Thunderstorm Warning"",""expires"":""2026-06-14T03:45:00Z"",""has_polygon"":true,""headline"":"""",""sender"":""ICT""},""effective"":""2026-06-14T02:49:00Z"",""event"":""Severe Thunderstorm Warning"",""expires"":""2026-06-14T03:45:00Z"",""headline"":"""",""iem_damagetag"":"""",""iem_emergency"":""False"",""iem_event_id"":""290"",""iem_forecaster"":""KLEINSASSER"",""iem_gtype"":""P"",""iem_hailtag"":""0.75"",""iem_phenomena"":""SV"",""iem_raw_properties"":{""AREA_KM2"":""4687.17661274251"",""DAMAGTAG"":null,""EMERGENC"":""False"",""ETN"":""290"",""EXPIRED"":""202606140345"",""FCSTER"":""KLEINSASSER"",""GTYPE"":""P"",""HAILTAG"":""0.75"",""HV_CAUSE"":null,""HV_NWSLI"":null,""HV_REC"":null,""HV_SEV"":null,""INIT_EXP"":""202606140345"",""INIT_ISS"":""202606140249"",""ISSUED"":""202606140249"",""NWS_UGC"":null,""PHENOM"":""SV"",""POLY_BEG"":""202606140249"",""POLY_END"":""202606140305"",""PROD_ID"":""202606140249-KICT-WUUS53-SVRICT"",""SIG"":""W"",""STATUS"":""NEW"",""TORNTAG"":null,""UPDATED"":""202606140249"",""VTEC_YR"":""2026"",""WFO"":""ICT"",""WINDTAG"":""60.0""},""iem_significance"":""W"",""iem_tornadotag"":"""",""iem_ugc"":"""",""iem_wfo"":""ICT"",""iem_windtag"":""60.0"",""senderName"":""ICT"",""status"":""NEW""},""type"":""Feature""}",2026-04-27T17:31:58Z,2026-07-09T05:15:02Z,2026-07-09T18:49:04Z
3853,iem_watchwarn,iem_watchwarn|HUN|61|SV|W|2026-06-14T02:55:00Z|2026-06-14T03:44:00Z|,Severe Thunderstorm Warning,,2026-06-14T02:55:00Z,2026-06-14T03:44:00Z,HUN,NEW,1,"{""coordinates"":[[[-88.05,34.64],[-87.64,34.51],[-87.82,34.31],[-87.87,34.31],[-88.15,34.5],[-88.05,34.64]]],""type"":""Polygon""}","{""_map_py"":{""effective"":""2026-06-14T02:55:00Z"",""event"":""Severe Thunderstorm Warning"",""expires"":""2026-06-14T03:44:00Z"",""has_polygon"":true,""headline"":"""",""sender"":""HUN""},""effective"":""2026-06-14T02:55:00Z"",""event"":""Severe Thunderstorm Warning"",""expires"":""2026-06-14T03:44:00Z"",""headline"":"""",""iem_damagetag"":"""",""iem_emergency"":""False"",""iem_event_id"":""61"",""iem_forecaster"":""26"",""iem_gtype"":""P"",""iem_hailtag"":""0.75"",""iem_phenomena"":""SV"",""iem_raw_properties"":{""AREA_KM2"":""917.9482793110107"",""DAMAGTAG"":null,""EMERGENC"":""False"",""ETN"":""61"",""EXPIRED"":""202606140344"",""FCSTER"":""26"",""GTYPE"":""P"",""HAILTAG"":""0.75"",""HV_CAUSE"":null,""HV_NWSLI"":null,""HV_REC"":null,""HV_SEV"":null,""INIT_EXP"":""202606140400"",""INIT_ISS"":""202606140255"",""ISSUED"":""202606140255"",""NWS_UGC"":null,""PHENOM"":""SV"",""POLY_BEG"":""202606140255"",""POLY_END"":""202606140319"",""PROD_ID"":""202606140255-KHUN-WUUS54-SVRHUN"",""SIG"":""W"",""STATUS"":""NEW"",""TORNTAG"":null,""UPDATED"":""202606140255"",""VTEC_YR"":""2026"",""WFO"":""HUN"",""WINDTAG"":""60.0""},""iem_significance"":""W"",""iem_tornadotag"":"""",""iem_ugc"":"""",""iem_wfo"":""HUN"",""iem_windtag"":""60.0"",""senderName"":""HUN"",""status"":""NEW""}","{""geometry"":{""coordinates"":[[[-88.05,34.64],[-87.64,34.51],[-87.82,34.31],[-87.87,34.31],[-88.15,34.5],[-88.05,34.64]]],""type"":""Polygon""},""properties"":{""_map_py"":{""effective"":""2026-06-14T02:55:00Z"",""event"":""Severe Thunderstorm Warning"",""expires"":""2026-06-14T03:44:00Z"",""has_polygon"":true,""headline"":"""",""sender"":""HUN""},""effective"":""2026-06-14T02:55:00Z"",""event"":""Severe Thunderstorm Warning"",""expires"":""2026-06-14T03:44:00Z"",""headline"":"""",""iem_damagetag"":"""",""iem_emergency"":""False"",""iem_event_id"":""61"",""iem_forecaster"":""26"",""iem_gtype"":""P"",""iem_hailtag"":""0.75"",""iem_phenomena"":""SV"",""iem_raw_properties"":{""AREA_KM2"":""917.9482793110107"",""DAMAGTAG"":null,""EMERGENC"":""False"",""ETN"":""61"",""EXPIRED"":""202606140344"",""FCSTER"":""26"",""GTYPE"":""P"",""HAILTAG"":""0.75"",""HV_CAUSE"":null,""HV_NWSLI"":null,""HV_REC"":null,""HV_SEV"":null,""INIT_EXP"":""202606140400"",""INIT_ISS"":""202606140255"",""ISSUED"":""202606140255"",""NWS_UGC"":null,""PHENOM"":""SV"",""POLY_BEG"":""202606140255"",""POLY_END"":""202606140319"",""PROD_ID"":""202606140255-KHUN-WUUS54-SVRHUN"",""SIG"":""W"",""STATUS"":""NEW"",""TORNTAG"":null,""UPDATED"":""202606140255"",""VTEC_YR"":""2026"",""WFO"":""HUN"",""WINDTAG"":""60.0""},""iem_significance"":""W"",""iem_tornadotag"":"""",""iem_ugc"":"""",""iem_wfo"":""HUN"",""iem_windtag"":""60.0"",""senderName"":""HUN"",""status"":""NEW""},""type"":""Feature""}",2026-04-27T17:31:58Z,2026-07-09T05:15:02Z,2026-07-09T18:49:04Z
10461,iem_watchwarn,iem_watchwarn|EAX|390|SV|W|2026-06-14T02:55:00Z|2026-06-14T04:00:00Z|,Severe Thunderstorm Warning,,2026-06-14T02:55:00Z,2026-06-14T04:00:00Z,EAX,NEW,1,"{""coordinates"":[[[-92.71,39.32],[-92.79,39.34],[-92.86,39.2],[-92.94,39.12],[-92.91,39.08],[-93.05,38.97],[-93.07,38.53],[-93.28,38.54],[-93.3,38.51],[-93.51,38.51],[-93.49,39.2],[-93.59,39.24],[-93.68,39.23],[-93.66,39.48],[-92.7,39.47],[-92.71,39.32]]],""type"":""Polygon""}","{""_map_py"":{""effective"":""2026-06-14T02:55:00Z"",""event"":""Severe Thunderstorm Warning"",""expires"":""2026-06-14T04:00:00Z"",""has_polygon"":true,""headline"":"""",""sender"":""EAX""},""effective"":""2026-06-14T02:55:00Z"",""event"":""Severe Thunderstorm Warning"",""expires"":""2026-06-14T04:00:00Z"",""headline"":"""",""iem_damagetag"":"""",""iem_emergency"":""False"",""iem_event_id"":""390"",""iem_forecaster"":""Patterson"",""iem_gtype"":""P"",""iem_hailtag"":""1.0"",""iem_phenomena"":""SV"",""iem_raw_properties"":{""AREA_KM2"":""5473.088448403831"",""DAMAGTAG"":null,""EMERGENC"":""False"",""ETN"":""390"",""EXPIRED"":""202606140400"",""FCSTER"":""Patterson"",""GTYPE"":""P"",""HAILTAG"":""1.0"",""HV_CAUSE"":null,""HV_NWSLI"":null,""HV_REC"":null,""HV_SEV"":null,""INIT_EXP"":""202606140400"",""INIT_ISS"":""202606140255"",""ISSUED"":""202606140255"",""NWS_UGC"":null,""PHENOM"":""SV"",""POLY_BEG"":""202606140255"",""POLY_END"":""202606140314"",""PROD_ID"":""202606140255-KEAX-WUUS53-SVREAX"",""SIG"":""W"",""STATUS"":""NEW"",""TORNTAG"":null,""UPDATED"":""202606140255"",""VTEC_YR"":""2026"",""WFO"":""EAX"",""WINDTAG"":""60.0""},""iem_significance"":""W"",""iem_tornadotag"":"""",""iem_ugc"":"""",""iem_wfo"":""EAX"",""iem_windtag"":""60.0"",""senderName"":""EAX"",""status"":""NEW""}","{""geometry"":{""coordinates"":[[[-92.71,39.32],[-92.79,39.34],[-92.86,39.2],[-92.94,39.12],[-92.91,39.08],[-93.05,38.97],[-93.07,38.53],[-93.28,38.54],[-93.3,38.51],[-93.51,38.51],[-93.49,39.2],[-93.59,39.24],[-93.68,39.23],[-93.66,39.48],[-92.7,39.47],[-92.71,39.32]]],""type"":""Polygon""},""properties"":{""_map_py"":{""effective"":""2026-06-14T02:55:00Z"",""event"":""Severe Thunderstorm Warning"",""expires"":""2026-06-14T04:00:00Z"",""has_polygon"":true,""headline"":"""",""sender"":""EAX""},""effective"":""2026-06-14T02:55:00Z"",""event"":""Severe Thunderstorm Warning"",""expires"":""2026-06-14T04:00:00Z"",""headline"":"""",""iem_damagetag"":"""",""iem_emergency"":""False"",""iem_event_id"":""390"",""iem_forecaster"":""Patterson"",""iem_gtype"":""P"",""iem_hailtag"":""1.0"",""iem_phenomena"":""SV"",""iem_raw_properties"":{""AREA_KM2"":""5473.088448403831"",""DAMAGTAG"":null,""EMERGENC"":""False"",""ETN"":""390"",""EXPIRED"":""202606140400"",""FCSTER"":""Patterson"",""GTYPE"":""P"",""HAILTAG"":""1.0"",""HV_CAUSE"":null,""HV_NWSLI"":null,""HV_REC"":null,""HV_SEV"":null,""INIT_EXP"":""202606140400"",""INIT_ISS"":""202606140255"",""ISSUED"":""202606140255"",""NWS_UGC"":null,""PHENOM"":""SV"",""POLY_BEG"":""202606140255"",""POLY_END"":""202606140314"",""PROD_ID"":""202606140255-KEAX-WUUS53-SVREAX"",""SIG"":""W"",""STATUS"":""NEW"",""TORNTAG"":null,""UPDATED"":""202606140255"",""VTEC_YR"":""2026"",""WFO"":""EAX"",""WINDTAG"":""60.0""},""iem_significance"":""W"",""iem_tornadotag"":"""",""iem_ugc"":"""",""iem_wfo"":""EAX"",""iem_windtag"":""60.0"",""senderName"":""EAX"",""status"":""NEW""},""type"":""Feature""}",2026-04-27T17:31:58Z,2026-07-09T05:15:02Z,2026-07-09T18:49:04Z
10406,iem_watchwarn,iem_watchwarn|OUN|571|SV|W|2026-06-14T02:59:00Z|2026-06-14T03:30:00Z|,Severe Thunderstorm Warning,,2026-06-14T02:59:00Z,2026-06-14T03:30:00Z,OUN,NEW,1,"{""coordinates"":[[[-96.75,36.86],[-96.75,36.78],[-96.79,36.78],[-96.79,36.77],[-96.82,36.77],[-96.83,36.74],[-96.87,36.75],[-96.89,36.75],[-96.93,36.68],[-97.04,36.7],[-97.06,36.68],[-97.06,36.66],[-97.05,36.64],[-97.26,36.87],[-96.99,36.99],[-96.75,36.86]]],""type"":""Polygon""}","{""_map_py"":{""effective"":""2026-06-14T02:59:00Z"",""event"":""Severe Thunderstorm Warning"",""expires"":""2026-06-14T03:30:00Z"",""has_polygon"":true,""headline"":"""",""sender"":""OUN""},""effective"":""2026-06-14T02:59:00Z"",""event"":""Severe Thunderstorm Warning"",""expires"":""2026-06-14T03:30:00Z"",""headline"":"""",""iem_damagetag"":""DESTRUCTIVE"",""iem_emergency"":""False"",""iem_event_id"":""571"",""iem_forecaster"":""Meister"",""iem_gtype"":""P"",""iem_hailtag"":""0.88"",""iem_phenomena"":""SV"",""iem_raw_properties"":{""AREA_KM2"":""951.1620205378573"",""DAMAGTAG"":""DESTRUCTIVE"",""EMERGENC"":""False"",""ETN"":""571"",""EXPIRED"":""202606140330"",""FCSTER"":""Meister"",""GTYPE"":""P"",""HAILTAG"":""0.88"",""HV_CAUSE"":null,""HV_NWSLI"":null,""HV_REC"":null,""HV_SEV"":null,""INIT_EXP"":""202606140330"",""INIT_ISS"":""202606140259"",""ISSUED"":""202606140259"",""NWS_UGC"":null,""PHENOM"":""SV"",""POLY_BEG"":""202606140259"",""POLY_END"":""202606140330"",""PROD_ID"":""202606140259-KOUN-WUUS54-SVROUN"",""SIG"":""W"",""STATUS"":""NEW"",""TORNTAG"":null,""UPDATED"":""202606140259"",""VTEC_YR"":""2026"",""WFO"":""OUN"",""WINDTAG"":""80.0""},""iem_significance"":""W"",""iem_tornadotag"":"""",""iem_ugc"":"""",""iem_wfo"":""OUN"",""iem_windtag"":""80.0"",""senderName"":""OUN"",""status"":""NEW""}","{""geometry"":{""coordinates"":[[[-96.75,36.86],[-96.75,36.78],[-96.79,36.78],[-96.79,36.77],[-96.82,36.77],[-96.83,36.74],[-96.87,36.75],[-96.89,36.75],[-96.93,36.68],[-97.04,36.7],[-97.06,36.68],[-97.06,36.66],[-97.05,36.64],[-97.26,36.87],[-96.99,36.99],[-96.75,36.86]]],""type"":""Polygon""},""properties"":{""_map_py"":{""effective"":""2026-06-14T02:59:00Z"",""event"":""Severe Thunderstorm Warning"",""expires"":""2026-06-14T03:30:00Z"",""has_polygon"":true,""headline"":"""",""sender"":""OUN""},""effective"":""2026-06-14T02:59:00Z"",""event"":""Severe Thunderstorm Warning"",""expires"":""2026-06-14T03:30:00Z"",""headline"":"""",""iem_damagetag"":""DESTRUCTIVE"",""iem_emergency"":""False"",""iem_event_id"":""571"",""iem_forecaster"":""Meister"",""iem_gtype"":""P"",""iem_hailtag"":""0.88"",""iem_phenomena"":""SV"",""iem_raw_properties"":{""AREA_KM2"":""951.1620205378573"",""DAMAGTAG"":""DESTRUCTIVE"",""EMERGENC"":""False"",""ETN"":""571"",""EXPIRED"":""202606140330"",""FCSTER"":""Meister"",""GTYPE"":""P"",""HAILTAG"":""0.88"",""HV_CAUSE"":null,""HV_NWSLI"":null,""HV_REC"":null,""HV_SEV"":null,""INIT_EXP"":""202606140330"",""INIT_ISS"":""202606140259"",""ISSUED"":""202606140259"",""NWS_UGC"":null,""PHENOM"":""SV"",""POLY_BEG"":""202606140259"",""POLY_END"":""202606140330"",""PROD_ID"":""202606140259-KOUN-WUUS54-SVROUN"",""SIG"":""W"",""STATUS"":""NEW"",""TORNTAG"":null,""UPDATED"":""202606140259"",""VTEC_YR"":""2026"",""WFO"":""OUN"",""WINDTAG"":""80.0""},""iem_significance"":""W"",""iem_tornadotag"":"""",""iem_ugc"":"""",""iem_wfo"":""OUN"",""iem_windtag"":""80.0"",""senderName"":""OUN"",""status"":""NEW""},""type"":""Feature""}",2026-04-27T17:31:58Z,2026-07-09T05:15:02Z,2026-07-09T18:49:04Z
10409,iem_watchwarn,iem_watchwarn|EAX|391|SV|W|2026-06-14T03:03:00Z|2026-06-14T04:02:00Z|,Severe Thunderstorm Warning,,2026-06-14T03:03:00Z,2026-06-14T04:02:00Z,EAX,NEW,1,"{""coordinates"":[[[-94.25,38.05],[-94.61,38.06],[-94.61,38.48],[-94.07,38.57],[-93.51,38.55],[-93.53,38.21],[-93.57,38.22],[-93.57,38.21],[-93.56,38.2],[-94.05,38.21],[-94.06,38.03],[-94.13,38.06],[-94.2,38.04],[-94.21,38.05],[-94.23,38.03],[-94.25,38.05]]],""type"":""Polygon""}","{""_map_py"":{""effective"":""2026-06-14T03:03:00Z"",""event"":""Severe Thunderstorm Warning"",""expires"":""2026-06-14T04:02:00Z"",""has_polygon"":true,""headline"":"""",""sender"":""EAX""},""effective"":""2026-06-14T03:03:00Z"",""event"":""Severe Thunderstorm Warning"",""expires"":""2026-06-14T04:02:00Z"",""headline"":"""",""iem_damagetag"":"""",""iem_emergency"":""False"",""iem_event_id"":""391"",""iem_forecaster"":""Patterson"",""iem_gtype"":""P"",""iem_hailtag"":""1.0"",""iem_phenomena"":""SV"",""iem_raw_properties"":{""AREA_KM2"":""4393.106999405191"",""DAMAGTAG"":null,""EMERGENC"":""False"",""ETN"":""391"",""EXPIRED"":""202606140402"",""FCSTER"":""Patterson"",""GTYPE"":""P"",""HAILTAG"":""1.0"",""HV_CAUSE"":null,""HV_NWSLI"":null,""HV_REC"":null,""HV_SEV"":null,""INIT_EXP"":""202606140415"",""INIT_ISS"":""202606140303"",""ISSUED"":""202606140303"",""NWS_UGC"":null,""PHENOM"":""SV"",""POLY_BEG"":""202606140303"",""POLY_END"":""202606140339"",""PROD_ID"":""202606140303-KEAX-WUUS53-SVREAX"",""SIG"":""W"",""STATUS"":""NEW"",""TORNTAG"":null,""UPDATED"":""202606140303"",""VTEC_YR"":""2026"",""WFO"":""EAX"",""WINDTAG"":""60.0""},""iem_significance"":""W"",""iem_tornadotag"":"""",""iem_ugc"":"""",""iem_wfo"":""EAX"",""iem_windtag"":""60.0"",""senderName"":""EAX"",""status"":""NEW""}","{""geometry"":{""coordinates"":[[[-94.25,38.05],[-94.61,38.06],[-94.61,38.48],[-94.07,38.57],[-93.51,38.55],[-93.53,38.21],[-93.57,38.22],[-93.57,38.21],[-93.56,38.2],[-94.05,38.21],[-94.06,38.03],[-94.13,38.06],[-94.2,38.04],[-94.21,38.05],[-94.23,38.03],[-94.25,38.05]]],""type"":""Polygon""},""properties"":{""_map_py"":{""effective"":""2026-06-14T03:03:00Z"",""event"":""Severe Thunderstorm Warning"",""expires"":""2026-06-14T04:02:00Z"",""has_polygon"":true,""headline"":"""",""sender"":""EAX""},""effective"":""2026-06-14T03:03:00Z"",""event"":""Severe Thunderstorm Warning"",""expires"":""2026-06-14T04:02:00Z"",""headline"":"""",""iem_damagetag"":"""",""iem_emergency"":""False"",""iem_event_id"":""391"",""iem_forecaster"":""Patterson"",""iem_gtype"":""P"",""iem_hailtag"":""1.0"",""iem_phenomena"":""SV"",""iem_raw_properties"":{""AREA_KM2"":""4393.106999405191"",""DAMAGTAG"":null,""EMERGENC"":""False"",""ETN"":""391"",""EXPIRED"":""202606140402"",""FCSTER"":""Patterson"",""GTYPE"":""P"",""HAILTAG"":""1.0"",""HV_CAUSE"":null,""HV_NWSLI"":null,""HV_REC"":null,""HV_SEV"":null,""INIT_EXP"":""202606140415"",""INIT_ISS"":""202606140303"",""ISSUED"":""202606140303"",""NWS_UGC"":null,""PHENOM"":""SV"",""POLY_BEG"":""202606140303"",""POLY_END"":""202606140339"",""PROD_ID"":""202606140303-KEAX-WUUS53-SVREAX"",""SIG"":""W"",""STATUS"":""NEW"",""TORNTAG"":null,""UPDATED"":""202606140303"",""VTEC_YR"":""2026"",""WFO"":""EAX"",""WINDTAG"":""60.0""},""iem_significance"":""W"",""iem_tornadotag"":"""",""iem_ugc"":"""",""iem_wfo"":""EAX"",""iem_windtag"":""60.0"",""senderName"":""EAX"",""status"":""NEW""},""type"":""Feature""}",2026-04-27T17:31:58Z,2026-07-09T05:15:02Z,2026-07-09T18:49:04Z
10626,iem_watchwarn,iem_watchwarn|SGF|269|SV|W|2026-06-14T03:08:00Z|2026-06-14T04:15:00Z|,Severe Thunderstorm Warning,,2026-06-14T03:08:00Z,2026-06-14T04:15:00Z,SGF,NEW,1,"{""coordinates"":[[[-94.82,37.89],[-94.71,38.04],[-94.36,38.06],[-94.24,38.05],[-94.23,38.02],[-94.21,38.05],[-94.13,38.06],[-94.11,38.04],[-94.1,38.05],[-94.06,38.03],[-94.09,37.35],[-94.52,37.36],[-94.61,37.36],[-94.62,37.34],[-95.07,37.34],[-95.09,37.71],[-94.82,37.89]]],""type"":""Polygon""}","{""_map_py"":{""effective"":""2026-06-14T03:08:00Z"",""event"":""Severe Thunderstorm Warning"",""expires"":""2026-06-14T04:15:00Z"",""has_polygon"":true,""headline"":"""",""sender"":""SGF""},""effective"":""2026-06-14T03:08:00Z"",""event"":""Severe Thunderstorm Warning"",""expires"":""2026-06-14T04:15:00Z"",""headline"":"""",""iem_damagetag"":""CONSIDERABLE"",""iem_emergency"":""False"",""iem_event_id"":""269"",""iem_forecaster"":""Price"",""iem_gtype"":""P"",""iem_hailtag"":""0.88"",""iem_phenomena"":""SV"",""iem_raw_properties"":{""AREA_KM2"":""6183.595509356421"",""DAMAGTAG"":""CONSIDERABLE"",""EMERGENC"":""False"",""ETN"":""269"",""EXPIRED"":""202606140415"",""FCSTER"":""Price"",""GTYPE"":""P"",""HAILTAG"":""0.88"",""HV_CAUSE"":null,""HV_NWSLI"":null,""HV_REC"":null,""HV_SEV"":null,""INIT_EXP"":""202606140415"",""INIT_ISS"":""202606140308"",""ISSUED"":""202606140308"",""NWS_UGC"":null,""PHENOM"":""SV"",""POLY_BEG"":""202606140308"",""POLY_END"":""202606140320"",""PROD_ID"":""202606140308-KSGF-WUUS53-SVRSGF"",""SIG"":""W"",""STATUS"":""NEW"",""TORNTAG"":null,""UPDATED"":""202606140308"",""VTEC_YR"":""2026"",""WFO"":""SGF"",""WINDTAG"":""70.0""},""iem_significance"":""W"",""iem_tornadotag"":"""",""iem_ugc"":"""",""iem_wfo"":""SGF"",""iem_windtag"":""70.0"",""senderName"":""SGF"",""status"":""NEW""}","{""geometry"":{""coordinates"":[[[-94.82,37.89],[-94.71,38.04],[-94.36,38.06],[-94.24,38.05],[-94.23,38.02],[-94.21,38.05],[-94.13,38.06],[-94.11,38.04],[-94.1,38.05],[-94.06,38.03],[-94.09,37.35],[-94.52,37.36],[-94.61,37.36],[-94.62,37.34],[-95.07,37.34],[-95.09,37.71],[-94.82,37.89]]],""type"":""Polygon""},""properties"":{""_map_py"":{""effective"":""2026-06-14T03:08:00Z"",""event"":""Severe Thunderstorm Warning"",""expires"":""2026-06-14T04:15:00Z"",""has_polygon"":true,""headline"":"""",""sender"":""SGF""},""effective"":""2026-06-14T03:08:00Z"",""event"":""Severe Thunderstorm Warning"",""expires"":""2026-06-14T04:15:00Z"",""headline"":"""",""iem_damagetag"":""CONSIDERABLE"",""iem_emergency"":""False"",""iem_event_id"":""269"",""iem_forecaster"":""Price"",""iem_gtype"":""P"",""iem_hailtag"":""0.88"",""iem_phenomena"":""SV"",""iem_raw_properties"":{""AREA_KM2"":""6183.595509356421"",""DAMAGTAG"":""CONSIDERABLE"",""EMERGENC"":""False"",""ETN"":""269"",""EXPIRED"":""202606140415"",""FCSTER"":""Price"",""GTYPE"":""P"",""HAILTAG"":""0.88"",""HV_CAUSE"":null,""HV_NWSLI"":null,""HV_REC"":null,""HV_SEV"":null,""INIT_EXP"":""202606140415"",""INIT_ISS"":""202606140308"",""ISSUED"":""202606140308"",""NWS_UGC"":null,""PHENOM"":""SV"",""POLY_BEG"":""202606140308"",""POLY_END"":""202606140320"",""PROD_ID"":""202606140308-KSGF-WUUS53-SVRSGF"",""SIG"":""W"",""STATUS"":""NEW"",""TORNTAG"":null,""UPDATED"":""202606140308"",""VTEC_YR"":""2026"",""WFO"":""SGF"",""WINDTAG"":""70.0""},""iem_significance"":""W"",""iem_tornadotag"":"""",""iem_ugc"":"""",""iem_wfo"":""SGF"",""iem_windtag"":""70.0"",""senderName"":""SGF"",""status"":""NEW""},""type"":""Feature""}",2026-04-27T17:31:58Z,2026-07-09T05:15:02Z,2026-07-09T18:49:04Z
4458,iem_watchwarn,iem_watchwarn|EAX|392|SV|W|2026-06-14T03:10:00Z|2026-06-14T03:45:00Z|,Severe Thunderstorm Warning,,2026-06-14T03:10:00Z,2026-06-14T03:45:00Z,EAX,NEW,1,"{""coordinates"":[[[-94.92,38.04],[-94.92,38.26],[-94.91,38.39],[-94.61,38.39],[-94.62,38.04],[-94.92,38.04]]],""type"":""Polygon""}","{""_map_py"":{""effective"":""2026-06-14T03:10:00Z"",""event"":""Severe Thunderstorm Warning"",""expires"":""2026-06-14T03:45:00Z"",""has_polygon"":true,""headline"":"""",""sender"":""EAX""},""effective"":""2026-06-14T03:10:00Z"",""event"":""Severe Thunderstorm Warning"",""expires"":""2026-06-14T03:45:00Z"",""headline"":"""",""iem_damagetag"":"""",""iem_emergency"":""False"",""iem_event_id"":""392"",""iem_forecaster"":""Patterson"",""iem_gtype"":""P"",""iem_hailtag"":""0.88"",""iem_phenomena"":""SV"",""iem_raw_properties"":{""AREA_KM2"":""1030.6416085530116"",""DAMAGTAG"":null,""EMERGENC"":""False"",""ETN"":""392"",""EXPIRED"":""202606140345"",""FCSTER"":""Patterson"",""GTYPE"":""P"",""HAILTAG"":""0.88"",""HV_CAUSE"":null,""HV_NWSLI"":null,""HV_REC"":null,""HV_SEV"":null,""INIT_EXP"":""202606140345"",""INIT_ISS"":""202606140310"",""ISSUED"":""202606140310"",""NWS_UGC"":null,""PHENOM"":""SV"",""POLY_BEG"":""202606140310"",""POLY_END"":""202606140336"",""PROD_ID"":""202606140310-KEAX-WUUS53-SVREAX"",""SIG"":""W"",""STATUS"":""NEW"",""TORNTAG"":null,""UPDATED"":""202606140310"",""VTEC_YR"":""2026"",""WFO"":""EAX"",""WINDTAG"":""60.0""},""iem_significance"":""W"",""iem_tornadotag"":"""",""iem_ugc"":"""",""iem_wfo"":""EAX"",""iem_windtag"":""60.0"",""senderName"":""EAX"",""status"":""NEW""}","{""geometry"":{""coordinates"":[[[-94.92,38.04],[-94.92,38.26],[-94.91,38.39],[-94.61,38.39],[-94.62,38.04],[-94.92,38.04]]],""type"":""Polygon""},""properties"":{""_map_py"":{""effective"":""2026-06-14T03:10:00Z"",""event"":""Severe Thunderstorm Warning"",""expires"":""2026-06-14T03:45:00Z"",""has_polygon"":true,""headline"":"""",""sender"":""EAX""},""effective"":""2026-06-14T03:10:00Z"",""event"":""Severe Thunderstorm Warning"",""expires"":""2026-06-14T03:45:00Z"",""headline"":"""",""iem_damagetag"":"""",""iem_emergency"":""False"",""iem_event_id"":""392"",""iem_forecaster"":""Patterson"",""iem_gtype"":""P"",""iem_hailtag"":""0.88"",""iem_phenomena"":""SV"",""iem_raw_properties"":{""AREA_KM2"":""1030.6416085530116"",""DAMAGTAG"":null,""EMERGENC"":""False"",""ETN"":""392"",""EXPIRED"":""202606140345"",""FCSTER"":""Patterson"",""GTYPE"":""P"",""HAILTAG"":""0.88"",""HV_CAUSE"":null,""HV_NWSLI"":null,""HV_REC"":null,""HV_SEV"":null,""INIT_EXP"":""202606140345"",""INIT_ISS"":""202606140310"",""ISSUED"":""202606140310"",""NWS_UGC"":null,""PHENOM"":""SV"",""POLY_BEG"":""202606140310"",""POLY_END"":""202606140336"",""PROD_ID"":""202606140310-KEAX-WUUS53-SVREAX"",""SIG"":""W"",""STATUS"":""NEW"",""TORNTAG"":null,""UPDATED"":""202606140310"",""VTEC_YR"":""2026"",""WFO"":""EAX"",""WINDTAG"":""60.0""},""iem_significance"":""W"",""iem_tornadotag"":"""",""iem_ugc"":"""",""iem_wfo"":""EAX"",""iem_windtag"":""60.0"",""senderName"":""EAX"",""status"":""NEW""},""type"":""Feature""}",2026-04-27T17:31:58Z,2026-07-09T05:15:02Z,2026-07-09T18:49:04Z
8987,iem_watchwarn,iem_watchwarn|TSA|260|SV|W|2026-06-14T03:13:00Z|2026-06-14T03:45:00Z|,Severe Thunderstorm Warning,,2026-06-14T03:13:00Z,2026-06-14T03:45:00Z,TSA,NEW,1,"{""coordinates"":[[[-97.03,36.51],[-97.01,36.51],[-97.0,36.52],[-96.7,36.6],[-96.42,36.47],[-96.82,36.2],[-96.82,36.25],[-96.92,36.25],[-96.93,36.33],[-97.03,36.34],[-97.03,36.51]]],""type"":""Polygon""}","{""_map_py"":{""effective"":""2026-06-14T03:13:00Z"",""event"":""Severe Thunderstorm Warning"",""expires"":""2026-06-14T03:45:00Z"",""has_polygon"":true,""headline"":"""",""sender"":""TSA""},""effective"":""2026-06-14T03:13:00Z"",""event"":""Severe Thunderstorm Warning"",""expires"":""2026-06-14T03:45:00Z"",""headline"":"""",""iem_damagetag"":""DESTRUCTIVE"",""iem_emergency"":""False"",""iem_event_id"":""260"",""iem_forecaster"":"""",""iem_gtype"":""P"",""iem_hailtag"":""0.75"",""iem_phenomena"":""SV"",""iem_raw_properties"":{""AREA_KM2"":""1369.7466218314582"",""DAMAGTAG"":""DESTRUCTIVE"",""EMERGENC"":""False"",""ETN"":""260"",""EXPIRED"":""202606140345"",""FCSTER"":null,""GTYPE"":""P"",""HAILTAG"":""0.75"",""HV_CAUSE"":null,""HV_NWSLI"":null,""HV_REC"":null,""HV_SEV"":null,""INIT_EXP"":""202606140345"",""INIT_ISS"":""202606140313"",""ISSUED"":""202606140313"",""NWS_UGC"":null,""PHENOM"":""SV"",""POLY_BEG"":""202606140313"",""POLY_END"":""202606140327"",""PROD_ID"":""202606140313-KTSA-WUUS54-SVRTSA"",""SIG"":""W"",""STATUS"":""NEW"",""TORNTAG"":null,""UPDATED"":""202606140313"",""VTEC_YR"":""2026"",""WFO"":""TSA"",""WINDTAG"":""80.0""},""iem_significance"":""W"",""iem_tornadotag"":"""",""iem_ugc"":"""",""iem_wfo"":""TSA"",""iem_windtag"":""80.0"",""senderName"":""TSA"",""status"":""NEW""}","{""geometry"":{""coordinates"":[[[-97.03,36.51],[-97.01,36.51],[-97.0,36.52],[-96.7,36.6],[-96.42,36.47],[-96.82,36.2],[-96.82,36.25],[-96.92,36.25],[-96.93,36.33],[-97.03,36.34],[-97.03,36.51]]],""type"":""Polygon""},""properties"":{""_map_py"":{""effective"":""2026-06-14T03:13:00Z"",""event"":""Severe Thunderstorm Warning"",""expires"":""2026-06-14T03:45:00Z"",""has_polygon"":true,""headline"":"""",""sender"":""TSA""},""effective"":""2026-06-14T03:13:00Z"",""event"":""Severe Thunderstorm Warning"",""expires"":""2026-06-14T03:45:00Z"",""headline"":"""",""iem_damagetag"":""DESTRUCTIVE"",""iem_emergency"":""False"",""iem_event_id"":""260"",""iem_forecaster"":"""",""iem_gtype"":""P"",""iem_hailtag"":""0.75"",""iem_phenomena"":""SV"",""iem_raw_properties"":{""AREA_KM2"":""1369.7466218314582"",""DAMAGTAG"":""DESTRUCTIVE"",""EMERGENC"":""False"",""ETN"":""260"",""EXPIRED"":""202606140345"",""FCSTER"":null,""GTYPE"":""P"",""HAILTAG"":""0.75"",""HV_CAUSE"":null,""HV_NWSLI"":null,""HV_REC"":null,""HV_SEV"":null,""INIT_EXP"":""202606140345"",""INIT_ISS"":""202606140313"",""ISSUED"":""202606140313"",""NWS_UGC"":null,""PHENOM"":""SV"",""POLY_BEG"":""202606140313"",""POLY_END"":""202606140327"",""PROD_ID"":""202606140313-KTSA-WUUS54-SVRTSA"",""SIG"":""W"",""STATUS"":""NEW"",""TORNTAG"":null,""UPDATED"":""202606140313"",""VTEC_YR"":""2026"",""WFO"":""TSA"",""WINDTAG"":""80.0""},""iem_significance"":""W"",""iem_tornadotag"":"""",""iem_ugc"":"""",""iem_wfo"":""TSA"",""iem_windtag"":""80.0"",""senderName"":""TSA"",""status"":""NEW""},""type"":""Feature""}",2026-04-27T17:31:58Z,2026-07-09T05:15:02Z,2026-07-09T18:49:04Z
8905,iem_watchwarn,iem_watchwarn|SGF|270|SV|W|2026-06-14T03:18:00Z|2026-06-14T04:15:00Z|,Severe Thunderstorm Warning,,2026-06-14T03:18:00Z,2026-06-14T04:15:00Z,SGF,NEW,1,"{""coordinates"":[[[-95.07,37.34],[-94.62,37.34],[-94.61,37.36],[-94.1,37.35],[-94.08,37.3],[-94.05,37.29],[-94.06,37.05],[-94.61,37.06],[-94.62,37.0],[-95.07,37.0],[-95.07,37.34]]],""type"":""Polygon""}","{""_map_py"":{""effective"":""2026-06-14T03:18:00Z"",""event"":""Severe Thunderstorm Warning"",""expires"":""2026-06-14T04:15:00Z"",""has_polygon"":true,""headline"":"""",""sender"":""SGF""},""effective"":""2026-06-14T03:18:00Z"",""event"":""Severe Thunderstorm Warning"",""expires"":""2026-06-14T04:15:00Z"",""headline"":"""",""iem_damagetag"":""CONSIDERABLE"",""iem_emergency"":""False"",""iem_event_id"":""270"",""iem_forecaster"":""Price"",""iem_gtype"":""P"",""iem_hailtag"":""1.25"",""iem_phenomena"":""SV"",""iem_raw_properties"":{""AREA_KM2"":""3158.138601910163"",""DAMAGTAG"":""CONSIDERABLE"",""EMERGENC"":""False"",""ETN"":""270"",""EXPIRED"":""202606140415"",""FCSTER"":""Price"",""GTYPE"":""P"",""HAILTAG"":""1.25"",""HV_CAUSE"":null,""HV_NWSLI"":null,""HV_REC"":null,""HV_SEV"":null,""INIT_EXP"":""202606140415"",""INIT_ISS"":""202606140318"",""ISSUED"":""202606140318"",""NWS_UGC"":null,""PHENOM"":""SV"",""POLY_BEG"":""202606140318"",""POLY_END"":""202606140415"",""PROD_ID"":""202606140318-KSGF-WUUS53-SVRSGF"",""SIG"":""W"",""STATUS"":""NEW"",""TORNTAG"":null,""UPDATED"":""202606140318"",""VTEC_YR"":""2026"",""WFO"":""SGF"",""WINDTAG"":""70.0""},""iem_significance"":""W"",""iem_tornadotag"":"""",""iem_ugc"":"""",""iem_wfo"":""SGF"",""iem_windtag"":""70.0"",""senderName"":""SGF"",""status"":""NEW""}","{""geometry"":{""coordinates"":[[[-95.07,37.34],[-94.62,37.34],[-94.61,37.36],[-94.1,37.35],[-94.08,37.3],[-94.05,37.29],[-94.06,37.05],[-94.61,37.06],[-94.62,37.0],[-95.07,37.0],[-95.07,37.34]]],""type"":""Polygon""},""properties"":{""_map_py"":{""effective"":""2026-06-14T03:18:00Z"",""event"":""Severe Thunderstorm Warning"",""expires"":""2026-06-14T04:15:00Z"",""has_polygon"":true,""headline"":"""",""sender"":""SGF""},""effective"":""2026-06-14T03:18:00Z"",""event"":""Severe Thunderstorm Warning"",""expires"":""2026-06-14T04:15:00Z"",""headline"":"""",""iem_damagetag"":""CONSIDERABLE"",""iem_emergency"":""False"",""iem_event_id"":""270"",""iem_forecaster"":""Price"",""iem_gtype"":""P"",""iem_hailtag"":""1.25"",""iem_phenomena"":""SV"",""iem_raw_properties"":{""AREA_KM2"":""3158.138601910163"",""DAMAGTAG"":""CONSIDERABLE"",""EMERGENC"":""False"",""ETN"":""270"",""EXPIRED"":""202606140415"",""FCSTER"":""Price"",""GTYPE"":""P"",""HAILTAG"":""1.25"",""HV_CAUSE"":null,""HV_NWSLI"":null,""HV_REC"":null,""HV_SEV"":null,""INIT_EXP"":""202606140415"",""INIT_ISS"":""202606140318"",""ISSUED"":""202606140318"",""NWS_UGC"":null,""PHENOM"":""SV"",""POLY_BEG"":""202606140318"",""POLY_END"":""202606140415"",""PROD_ID"":""202606140318-KSGF-WUUS53-SVRSGF"",""SIG"":""W"",""STATUS"":""NEW"",""TORNTAG"":null,""UPDATED"":""202606140318"",""VTEC_YR"":""2026"",""WFO"":""SGF"",""WINDTAG"":""70.0""},""iem_significance"":""W"",""iem_tornadotag"":"""",""iem_ugc"":"""",""iem_wfo"":""SGF"",""iem_windtag"":""70.0"",""senderName"":""SGF"",""status"":""NEW""},""type"":""Feature""}",2026-04-27T17:31:58Z,2026-07-09T05:15:02Z,2026-07-09T18:49:04Z
3383,iem_watchwarn,iem_watchwarn|OUN|572|SV|W|2026-06-14T03:21:00Z|2026-06-14T04:00:00Z|,Severe Thunderstorm Warning,,2026-06-14T03:21:00Z,2026-06-14T04:00:00Z,OUN,NEW,1,"{""coordinates"":[[[-97.84,37.0],[-97.63,36.73],[-98.96,36.58],[-99.32,37.0],[-97.84,37.0]]],""type"":""Polygon""}","{""_map_py"":{""effective"":""2026-06-14T03:21:00Z"",""event"":""Severe Thunderstorm Warning"",""expires"":""2026-06-14T04:00:00Z"",""has_polygon"":true,""headline"":"""",""sender"":""OUN""},""effective"":""2026-06-14T03:21:00Z"",""event"":""Severe Thunderstorm Warning"",""expires"":""2026-06-14T04:00:00Z"",""headline"":"""",""iem_damagetag"":"""",""iem_emergency"":""False"",""iem_event_id"":""572"",""iem_forecaster"":""Meister"",""iem_gtype"":""P"",""iem_hailtag"":""0.75"",""iem_phenomena"":""SV"",""iem_raw_properties"":{""AREA_KM2"":""5013.617817463593"",""DAMAGTAG"":null,""EMERGENC"":""False"",""ETN"":""572"",""EXPIRED"":""202606140400"",""FCSTER"":""Meister"",""GTYPE"":""P"",""HAILTAG"":""0.75"",""HV_CAUSE"":null,""HV_NWSLI"":null,""HV_REC"":null,""HV_SEV"":null,""INIT_EXP"":""202606140400"",""INIT_ISS"":""202606140321"",""ISSUED"":""202606140321"",""NWS_UGC"":null,""PHENOM"":""SV"",""POLY_BEG"":""202606140321"",""POLY_END"":""202606140346"",""PROD_ID"":""202606140321-KOUN-WUUS54-SVROUN"",""SIG"":""W"",""STATUS"":""NEW"",""TORNTAG"":null,""UPDATED"":""202606140321"",""VTEC_YR"":""2026"",""WFO"":""OUN"",""WINDTAG"":""60.0""},""iem_significance"":""W"",""iem_tornadotag"":"""",""iem_ugc"":"""",""iem_wfo"":""OUN"",""iem_windtag"":""60.0"",""senderName"":""OUN"",""status"":""NEW""}","{""geometry"":{""coordinates"":[[[-97.84,37.0],[-97.63,36.73],[-98.96,36.58],[-99.32,37.0],[-97.84,37.0]]],""type"":""Polygon""},""properties"":{""_map_py"":{""effective"":""2026-06-14T03:21:00Z"",""event"":""Severe Thunderstorm Warning"",""expires"":""2026-06-14T04:00:00Z"",""has_polygon"":true,""headline"":"""",""sender"":""OUN""},""effective"":""2026-06-14T03:21:00Z"",""event"":""Severe Thunderstorm Warning"",""expires"":""2026-06-14T04:00:00Z"",""headline"":"""",""iem_damagetag"":"""",""iem_emergency"":""False"",""iem_event_id"":""572"",""iem_forecaster"":""Meister"",""iem_gtype"":""P"",""iem_hailtag"":""0.75"",""iem_phenomena"":""SV"",""iem_raw_properties"":{""AREA_KM2"":""5013.617817463593"",""DAMAGTAG"":null,""EMERGENC"":""False"",""ETN"":""572"",""EXPIRED"":""202606140400"",""FCSTER"":""Meister"",""GTYPE"":""P"",""HAILTAG"":""0.75"",""HV_CAUSE"":null,""HV_NWSLI"":null,""HV_REC"":null,""HV_SEV"":null,""INIT_EXP"":""202606140400"",""INIT_ISS"":""202606140321"",""ISSUED"":""202606140321"",""NWS_UGC"":null,""PHENOM"":""SV"",""POLY_BEG"":""202606140321"",""POLY_END"":""202606140346"",""PROD_ID"":""202606140321-KOUN-WUUS54-SVROUN"",""SIG"":""W"",""STATUS"":""NEW"",""TORNTAG"":null,""UPDATED"":""202606140321"",""VTEC_YR"":""2026"",""WFO"":""OUN"",""WINDTAG"":""60.0""},""iem_significance"":""W"",""iem_tornadotag"":"""",""iem_ugc"":"""",""iem_wfo"":""OUN"",""iem_windtag"":""60.0"",""senderName"":""OUN"",""status"":""NEW""},""type"":""Feature""}",2026-04-27T17:31:58Z,2026-07-09T05:15:02Z,2026-07-09T18:49:04Z
1018,iem_watchwarn,iem_watchwarn|ICT|291|SV|W|2026-06-14T03:22:00Z|2026-06-14T04:15:00Z|,Severe Thunderstorm Warning,,2026-06-14T03:22:00Z,2026-06-14T04:15:00Z,ICT,NEW,1,"{""coordinates"":[[[-95.96,37.0],[-95.97,37.38],[-95.09,37.55],[-95.07,37.0],[-95.96,37.0]]],""type"":""Polygon""}","{""_map_py"":{""effective"":""2026-06-14T03:22:00Z"",""event"":""Severe Thunderstorm Warning"",""expires"":""2026-06-14T04:15:00Z"",""has_polygon"":true,""headline"":"""",""sender"":""ICT""},""effective"":""2026-06-14T03:22:00Z"",""event"":""Severe Thunderstorm Warning"",""expires"":""2026-06-14T04:15:00Z"",""headline"":"""",""iem_damagetag"":""CONSIDERABLE"",""iem_emergency"":""False"",""iem_event_id"":""291"",""iem_forecaster"":""KLEINSASSER"",""iem_gtype"":""P"",""iem_hailtag"":""0.75"",""iem_phenomena"":""SV"",""iem_raw_properties"":{""AREA_KM2"":""4063.953115938366"",""DAMAGTAG"":""CONSIDERABLE"",""EMERGENC"":""False"",""ETN"":""291"",""EXPIRED"":""202606140415"",""FCSTER"":""KLEINSASSER"",""GTYPE"":""P"",""HAILTAG"":""0.75"",""HV_CAUSE"":null,""HV_NWSLI"":null,""HV_REC"":null,""HV_SEV"":null,""INIT_EXP"":""202606140430"",""INIT_ISS"":""202606140322"",""ISSUED"":""202606140322"",""NWS_UGC"":null,""PHENOM"":""SV"",""POLY_BEG"":""202606140322"",""POLY_END"":""202606140341"",""PROD_ID"":""202606140322-KICT-WUUS53-SVRICT"",""SIG"":""W"",""STATUS"":""NEW"",""TORNTAG"":null,""UPDATED"":""202606140322"",""VTEC_YR"":""2026"",""WFO"":""ICT"",""WINDTAG"":""70.0""},""iem_significance"":""W"",""iem_tornadotag"":"""",""iem_ugc"":"""",""iem_wfo"":""ICT"",""iem_windtag"":""70.0"",""senderName"":""ICT"",""status"":""NEW""}","{""geometry"":{""coordinates"":[[[-95.96,37.0],[-95.97,37.38],[-95.09,37.55],[-95.07,37.0],[-95.96,37.0]]],""type"":""Polygon""},""properties"":{""_map_py"":{""effective"":""2026-06-14T03:22:00Z"",""event"":""Severe Thunderstorm Warning"",""expires"":""2026-06-14T04:15:00Z"",""has_polygon"":true,""headline"":"""",""sender"":""ICT""},""effective"":""2026-06-14T03:22:00Z"",""event"":""Severe Thunderstorm Warning"",""expires"":""2026-06-14T04:15:00Z"",""headline"":"""",""iem_damagetag"":""CONSIDERABLE"",""iem_emergency"":""False"",""iem_event_id"":""291"",""iem_forecaster"":""KLEINSASSER"",""iem_gtype"":""P"",""iem_hailtag"":""0.75"",""iem_phenomena"":""SV"",""iem_raw_properties"":{""AREA_KM2"":""4063.953115938366"",""DAMAGTAG"":""CONSIDERABLE"",""EMERGENC"":""False"",""ETN"":""291"",""EXPIRED"":""202606140415"",""FCSTER"":""KLEINSASSER"",""GTYPE"":""P"",""HAILTAG"":""0.75"",""HV_CAUSE"":null,""HV_NWSLI"":null,""HV_REC"":null,""HV_SEV"":null,""INIT_EXP"":""202606140430"",""INIT_ISS"":""202606140322"",""ISSUED"":""202606140322"",""NWS_UGC"":null,""PHENOM"":""SV"",""POLY_BEG"":""202606140322"",""POLY_END"":""202606140341"",""PROD_ID"":""202606140322-KICT-WUUS53-SVRICT"",""SIG"":""W"",""STATUS"":""NEW"",""TORNTAG"":null,""UPDATED"":""202606140322"",""VTEC_YR"":""2026"",""WFO"":""ICT"",""WINDTAG"":""70.0""},""iem_significance"":""W"",""iem_tornadotag"":"""",""iem_ugc"":"""",""iem_wfo"":""ICT"",""iem_windtag"":""70.0"",""senderName"":""ICT"",""status"":""NEW""},""type"":""Feature""}",2026-04-27T17:31:58Z,2026-07-09T05:15:02Z,2026-07-09T18:49:04Z
11547,iem_watchwarn,iem_watchwarn|OUN|573|SV|W|2026-06-14T03:25:00Z|2026-06-14T04:15:00Z|,Severe Thunderstorm Warning,,2026-06-14T03:25:00Z,2026-06-14T04:15:00Z,OUN,NEW,1,"{""coordinates"":[[[-96.95,36.69],[-97.04,36.7],[-97.06,36.68],[-97.04,36.6],[-97.06,36.59],[-97.0,36.58],[-96.91,36.6],[-96.89,36.58],[-96.9,36.55],[-97.03,36.51],[-97.03,36.33],[-96.92,36.33],[-96.92,36.25],[-96.82,36.24],[-96.82,36.16],[-96.68,36.16],[-97.16,36.07],[-97.59,36.47],[-97.8,36.8],[-97.09,36.82],[-96.95,36.69]]],""type"":""Polygon""}","{""_map_py"":{""effective"":""2026-06-14T03:25:00Z"",""event"":""Severe Thunderstorm Warning"",""expires"":""2026-06-14T04:15:00Z"",""has_polygon"":true,""headline"":"""",""sender"":""OUN""},""effective"":""2026-06-14T03:25:00Z"",""event"":""Severe Thunderstorm Warning"",""expires"":""2026-06-14T04:15:00Z"",""headline"":"""",""iem_damagetag"":""CONSIDERABLE"",""iem_emergency"":""False"",""iem_event_id"":""573"",""iem_forecaster"":""Meister"",""iem_gtype"":""P"",""iem_hailtag"":""0.88"",""iem_phenomena"":""SV"",""iem_raw_properties"":{""AREA_KM2"":""4068.0339661485023"",""DAMAGTAG"":""CONSIDERABLE"",""EMERGENC"":""False"",""ETN"":""573"",""EXPIRED"":""202606140415"",""FCSTER"":""Meister"",""GTYPE"":""P"",""HAILTAG"":""0.88"",""HV_CAUSE"":null,""HV_NWSLI"":null,""HV_REC"":null,""HV_SEV"":null,""INIT_EXP"":""202606140415"",""INIT_ISS"":""202606140325"",""ISSUED"":""202606140325"",""NWS_UGC"":null,""PHENOM"":""SV"",""POLY_BEG"":""202606140325"",""POLY_END"":""202606140354"",""PROD_ID"":""202606140325-KOUN-WUUS54-SVROUN"",""SIG"":""W"",""STATUS"":""NEW"",""TORNTAG"":null,""UPDATED"":""202606140325"",""VTEC_YR"":""2026"",""WFO"":""OUN"",""WINDTAG"":""70.0""},""iem_significance"":""W"",""iem_tornadotag"":"""",""iem_ugc"":"""",""iem_wfo"":""OUN"",""iem_windtag"":""70.0"",""senderName"":""OUN"",""status"":""NEW""}","{""geometry"":{""coordinates"":[[[-96.95,36.69],[-97.04,36.7],[-97.06,36.68],[-97.04,36.6],[-97.06,36.59],[-97.0,36.58],[-96.91,36.6],[-96.89,36.58],[-96.9,36.55],[-97.03,36.51],[-97.03,36.33],[-96.92,36.33],[-96.92,36.25],[-96.82,36.24],[-96.82,36.16],[-96.68,36.16],[-97.16,36.07],[-97.59,36.47],[-97.8,36.8],[-97.09,36.82],[-96.95,36.69]]],""type"":""Polygon""},""properties"":{""_map_py"":{""effective"":""2026-06-14T03:25:00Z"",""event"":""Severe Thunderstorm Warning"",""expires"":""2026-06-14T04:15:00Z"",""has_polygon"":true,""headline"":"""",""sender"":""OUN""},""effective"":""2026-06-14T03:25:00Z"",""event"":""Severe Thunderstorm Warning"",""expires"":""2026-06-14T04:15:00Z"",""headline"":"""",""iem_damagetag"":""CONSIDERABLE"",""iem_emergency"":""False"",""iem_event_id"":""573"",""iem_forecaster"":""Meister"",""iem_gtype"":""P"",""iem_hailtag"":""0.88"",""iem_phenomena"":""SV"",""iem_raw_properties"":{""AREA_KM2"":""4068.0339661485023"",""DAMAGTAG"":""CONSIDERABLE"",""EMERGENC"":""False"",""ETN"":""573"",""EXPIRED"":""202606140415"",""FCSTER"":""Meister"",""GTYPE"":""P"",""HAILTAG"":""0.88"",""HV_CAUSE"":null,""HV_NWSLI"":null,""HV_REC"":null,""HV_SEV"":null,""INIT_EXP"":""202606140415"",""INIT_ISS"":""202606140325"",""ISSUED"":""202606140325"",""NWS_UGC"":null,""PHENOM"":""SV"",""POLY_BEG"":""202606140325"",""POLY_END"":""202606140354"",""PROD_ID"":""202606140325-KOUN-WUUS54-SVROUN"",""SIG"":""W"",""STATUS"":""NEW"",""TORNTAG"":null,""UPDATED"":""202606140325"",""VTEC_YR"":""2026"",""WFO"":""OUN"",""WINDTAG"":""70.0""},""iem_significance"":""W"",""iem_tornadotag"":"""",""iem_ugc"":"""",""iem_wfo"":""OUN"",""iem_windtag"":""70.0"",""senderName"":""OUN"",""status"":""NEW""},""type"":""Feature""}",2026-04-27T17:31:58Z,2026-07-09T05:15:02Z,2026-07-09T18:49:04Z
10776,iem_watchwarn,iem_watchwarn|SGF|271|SV|W|2026-06-14T03:25:00Z|2026-06-14T04:30:00Z|,Severe Thunderstorm Warning,,2026-06-14T03:25:00Z,2026-06-14T04:30:00Z,SGF,NEW,1,"{""coordinates"":[[[-92.84,38.68],[-92.84,38.6],[-92.64,38.44],[-92.63,38.4],[-92.63,38.35],[-92.69,38.35],[-92.7,38.22],[-93.05,38.27],[-93.08,38.26],[-93.52,38.31],[-93.51,38.51],[-93.3,38.51],[-93.29,38.54],[-93.26,38.54],[-93.07,38.53],[-93.06,38.69],[-92.84,38.68]]],""type"":""Polygon""}","{""_map_py"":{""effective"":""2026-06-14T03:25:00Z"",""event"":""Severe Thunderstorm Warning"",""expires"":""2026-06-14T04:30:00Z"",""has_polygon"":true,""headline"":"""",""sender"":""SGF""},""effective"":""2026-06-14T03:25:00Z"",""event"":""Severe Thunderstorm Warning"",""expires"":""2026-06-14T04:30:00Z"",""headline"":"""",""iem_damagetag"":"""",""iem_emergency"":""False"",""iem_event_id"":""271"",""iem_forecaster"":""Price"",""iem_gtype"":""P"",""iem_hailtag"":""0.75"",""iem_phenomena"":""SV"",""iem_raw_properties"":{""AREA_KM2"":""2482.437635895204"",""DAMAGTAG"":null,""EMERGENC"":""False"",""ETN"":""271"",""EXPIRED"":""202606140430"",""FCSTER"":""Price"",""GTYPE"":""P"",""HAILTAG"":""0.75"",""HV_CAUSE"":null,""HV_NWSLI"":null,""HV_REC"":null,""HV_SEV"":null,""INIT_EXP"":""202606140430"",""INIT_ISS"":""202606140325"",""ISSUED"":""202606140325"",""NWS_UGC"":null,""PHENOM"":""SV"",""POLY_BEG"":""202606140325"",""POLY_END"":""202606140428"",""PROD_ID"":""202606140325-KSGF-WUUS53-SVRSGF"",""SIG"":""W"",""STATUS"":""NEW"",""TORNTAG"":null,""UPDATED"":""202606140325"",""VTEC_YR"":""2026"",""WFO"":""SGF"",""WINDTAG"":""60.0""},""iem_significance"":""W"",""iem_tornadotag"":"""",""iem_ugc"":"""",""iem_wfo"":""SGF"",""iem_windtag"":""60.0"",""senderName"":""SGF"",""status"":""NEW""}","{""geometry"":{""coordinates"":[[[-92.84,38.68],[-92.84,38.6],[-92.64,38.44],[-92.63,38.4],[-92.63,38.35],[-92.69,38.35],[-92.7,38.22],[-93.05,38.27],[-93.08,38.26],[-93.52,38.31],[-93.51,38.51],[-93.3,38.51],[-93.29,38.54],[-93.26,38.54],[-93.07,38.53],[-93.06,38.69],[-92.84,38.68]]],""type"":""Polygon""},""properties"":{""_map_py"":{""effective"":""2026-06-14T03:25:00Z"",""event"":""Severe Thunderstorm Warning"",""expires"":""2026-06-14T04:30:00Z"",""has_polygon"":true,""headline"":"""",""sender"":""SGF""},""effective"":""2026-06-14T03:25:00Z"",""event"":""Severe Thunderstorm Warning"",""expires"":""2026-06-14T04:30:00Z"",""headline"":"""",""iem_damagetag"":"""",""iem_emergency"":""False"",""iem_event_id"":""271"",""iem_forecaster"":""Price"",""iem_gtype"":""P"",""iem_hailtag"":""0.75"",""iem_phenomena"":""SV"",""iem_raw_properties"":{""AREA_KM2"":""2482.437635895204"",""DAMAGTAG"":null,""EMERGENC"":""False"",""ETN"":""271"",""EXPIRED"":""202606140430"",""FCSTER"":""Price"",""GTYPE"":""P"",""HAILTAG"":""0.75"",""HV_CAUSE"":null,""HV_NWSLI"":null,""HV_REC"":null,""HV_SEV"":null,""INIT_EXP"":""202606140430"",""INIT_ISS"":""202606140325"",""ISSUED"":""202606140325"",""NWS_UGC"":null,""PHENOM"":""SV"",""POLY_BEG"":""202606140325"",""POLY_END"":""202606140428"",""PROD_ID"":""202606140325-KSGF-WUUS53-SVRSGF"",""SIG"":""W"",""STATUS"":""NEW"",""TORNTAG"":null,""UPDATED"":""202606140325"",""VTEC_YR"":""2026"",""WFO"":""SGF"",""WINDTAG"":""60.0""},""iem_significance"":""W"",""iem_tornadotag"":"""",""iem_ugc"":"""",""iem_wfo"":""SGF"",""iem_windtag"":""60.0"",""senderName"":""SGF"",""status"":""NEW""},""type"":""Feature""}",2026-04-27T17:31:58Z,2026-07-09T05:15:02Z,2026-07-09T18:49:04Z
10312,iem_watchwarn,iem_watchwarn|EAX|393|SV|W|2026-06-14T03:32:00Z|2026-06-14T04:26:00Z|,Severe Thunderstorm Warning,,2026-06-14T03:32:00Z,2026-06-14T04:26:00Z,EAX,NEW,1,"{""coordinates"":[[[-92.56,39.0],[-92.57,38.98],[-92.5,38.91],[-92.62,38.68],[-93.06,38.7],[-93.05,38.97],[-92.9,39.09],[-92.94,39.12],[-92.91,39.14],[-92.89,39.18],[-92.86,39.2],[-92.8,39.33],[-92.78,39.34],[-92.43,39.25],[-92.56,39.0]]],""type"":""Polygon""}","{""_map_py"":{""effective"":""2026-06-14T03:32:00Z"",""event"":""Severe Thunderstorm Warning"",""expires"":""2026-06-14T04:26:00Z"",""has_polygon"":true,""headline"":"""",""sender"":""EAX""},""effective"":""2026-06-14T03:32:00Z"",""event"":""Severe Thunderstorm Warning"",""expires"":""2026-06-14T04:26:00Z"",""headline"":"""",""iem_damagetag"":""CONSIDERABLE"",""iem_emergency"":""False"",""iem_event_id"":""393"",""iem_forecaster"":""Patterson"",""iem_gtype"":""P"",""iem_hailtag"":""1.0"",""iem_phenomena"":""SV"",""iem_raw_properties"":{""AREA_KM2"":""2674.2986970224542"",""DAMAGTAG"":""CONSIDERABLE"",""EMERGENC"":""False"",""ETN"":""393"",""EXPIRED"":""202606140426"",""FCSTER"":""Patterson"",""GTYPE"":""P"",""HAILTAG"":""1.0"",""HV_CAUSE"":null,""HV_NWSLI"":null,""HV_REC"":null,""HV_SEV"":null,""INIT_EXP"":""202606140445"",""INIT_ISS"":""202606140332"",""ISSUED"":""202606140332"",""NWS_UGC"":null,""PHENOM"":""SV"",""POLY_BEG"":""202606140332"",""POLY_END"":""202606140426"",""PROD_ID"":""202606140332-KEAX-WUUS53-SVREAX"",""SIG"":""W"",""STATUS"":""NEW"",""TORNTAG"":null,""UPDATED"":""202606140332"",""VTEC_YR"":""2026"",""WFO"":""EAX"",""WINDTAG"":""70.0""},""iem_significance"":""W"",""iem_tornadotag"":"""",""iem_ugc"":"""",""iem_wfo"":""EAX"",""iem_windtag"":""70.0"",""senderName"":""EAX"",""status"":""NEW""}","{""geometry"":{""coordinates"":[[[-92.56,39.0],[-92.57,38.98],[-92.5,38.91],[-92.62,38.68],[-93.06,38.7],[-93.05,38.97],[-92.9,39.09],[-92.94,39.12],[-92.91,39.14],[-92.89,39.18],[-92.86,39.2],[-92.8,39.33],[-92.78,39.34],[-92.43,39.25],[-92.56,39.0]]],""type"":""Polygon""},""properties"":{""_map_py"":{""effective"":""2026-06-14T03:32:00Z"",""event"":""Severe Thunderstorm Warning"",""expires"":""2026-06-14T04:26:00Z"",""has_polygon"":true,""headline"":"""",""sender"":""EAX""},""effective"":""2026-06-14T03:32:00Z"",""event"":""Severe Thunderstorm Warning"",""expires"":""2026-06-14T04:26:00Z"",""headline"":"""",""iem_damagetag"":""CONSIDERABLE"",""iem_emergency"":""False"",""iem_event_id"":""393"",""iem_forecaster"":""Patterson"",""iem_gtype"":""P"",""iem_hailtag"":""1.0"",""iem_phenomena"":""SV"",""iem_raw_properties"":{""AREA_KM2"":""2674.2986970224542"",""DAMAGTAG"":""CONSIDERABLE"",""EMERGENC"":""False"",""ETN"":""393"",""EXPIRED"":""202606140426"",""FCSTER"":""Patterson"",""GTYPE"":""P"",""HAILTAG"":""1.0"",""HV_CAUSE"":null,""HV_NWSLI"":null,""HV_REC"":null,""HV_SEV"":null,""INIT_EXP"":""202606140445"",""INIT_ISS"":""202606140332"",""ISSUED"":""202606140332"",""NWS_UGC"":null,""PHENOM"":""SV"",""POLY_BEG"":""202606140332"",""POLY_END"":""202606140426"",""PROD_ID"":""202606140332-KEAX-WUUS53-SVREAX"",""SIG"":""W"",""STATUS"":""NEW"",""TORNTAG"":null,""UPDATED"":""202606140332"",""VTEC_YR"":""2026"",""WFO"":""EAX"",""WINDTAG"":""70.0""},""iem_significance"":""W"",""iem_tornadotag"":"""",""iem_ugc"":"""",""iem_wfo"":""EAX"",""iem_windtag"":""70.0"",""senderName"":""EAX"",""status"":""NEW""},""type"":""Feature""}",2026-04-27T17:31:58Z,2026-07-09T05:15:02Z,2026-07-09T18:49:04Z
10995,iem_watchwarn,iem_watchwarn|TSA|261|SV|W|2026-06-14T03:37:00Z|2026-06-14T04:15:00Z|,Severe Thunderstorm Warning,,2026-06-14T03:37:00Z,2026-06-14T04:15:00Z,TSA,NEW,1,"{""coordinates"":[[[-97.03,36.51],[-96.9,36.55],[-96.91,36.6],[-96.92,36.6],[-96.98,36.59],[-96.82,36.77],[-96.75,36.78],[-96.75,36.84],[-96.65,36.95],[-95.92,36.78],[-96.05,36.09],[-96.62,35.8],[-96.62,36.16],[-96.82,36.16],[-96.82,36.24],[-96.92,36.25],[-96.93,36.33],[-97.03,36.34],[-97.03,36.51]]],""type"":""Polygon""}","{""_map_py"":{""effective"":""2026-06-14T03:37:00Z"",""event"":""Severe Thunderstorm Warning"",""expires"":""2026-06-14T04:15:00Z"",""has_polygon"":true,""headline"":"""",""sender"":""TSA""},""effective"":""2026-06-14T03:37:00Z"",""event"":""Severe Thunderstorm Warning"",""expires"":""2026-06-14T04:15:00Z"",""headline"":"""",""iem_damagetag"":""CONSIDERABLE"",""iem_emergency"":""False"",""iem_event_id"":""261"",""iem_forecaster"":"""",""iem_gtype"":""P"",""iem_hailtag"":""0.75"",""iem_phenomena"":""SV"",""iem_raw_properties"":{""AREA_KM2"":""7830.749876360258"",""DAMAGTAG"":""CONSIDERABLE"",""EMERGENC"":""False"",""ETN"":""261"",""EXPIRED"":""202606140415"",""FCSTER"":null,""GTYPE"":""P"",""HAILTAG"":""0.75"",""HV_CAUSE"":null,""HV_NWSLI"":null,""HV_REC"":null,""HV_SEV"":null,""INIT_EXP"":""202606140415"",""INIT_ISS"":""202606140337"",""ISSUED"":""202606140337"",""NWS_UGC"":null,""PHENOM"":""SV"",""POLY_BEG"":""202606140337"",""POLY_END"":""202606140350"",""PROD_ID"":""202606140337-KTSA-WUUS54-SVRTSA"",""SIG"":""W"",""STATUS"":""NEW"",""TORNTAG"":null,""UPDATED"":""202606140337"",""VTEC_YR"":""2026"",""WFO"":""TSA"",""WINDTAG"":""70.0""},""iem_significance"":""W"",""iem_tornadotag"":"""",""iem_ugc"":"""",""iem_wfo"":""TSA"",""iem_windtag"":""70.0"",""senderName"":""TSA"",""status"":""NEW""}","{""geometry"":{""coordinates"":[[[-97.03,36.51],[-96.9,36.55],[-96.91,36.6],[-96.92,36.6],[-96.98,36.59],[-96.82,36.77],[-96.75,36.78],[-96.75,36.84],[-96.65,36.95],[-95.92,36.78],[-96.05,36.09],[-96.62,35.8],[-96.62,36.16],[-96.82,36.16],[-96.82,36.24],[-96.92,36.25],[-96.93,36.33],[-97.03,36.34],[-97.03,36.51]]],""type"":""Polygon""},""properties"":{""_map_py"":{""effective"":""2026-06-14T03:37:00Z"",""event"":""Severe Thunderstorm Warning"",""expires"":""2026-06-14T04:15:00Z"",""has_polygon"":true,""headline"":"""",""sender"":""TSA""},""effective"":""2026-06-14T03:37:00Z"",""event"":""Severe Thunderstorm Warning"",""expires"":""2026-06-14T04:15:00Z"",""headline"":"""",""iem_damagetag"":""CONSIDERABLE"",""iem_emergency"":""False"",""iem_event_id"":""261"",""iem_forecaster"":"""",""iem_gtype"":""P"",""iem_hailtag"":""0.75"",""iem_phenomena"":""SV"",""iem_raw_properties"":{""AREA_KM2"":""7830.749876360258"",""DAMAGTAG"":""CONSIDERABLE"",""EMERGENC"":""False"",""ETN"":""261"",""EXPIRED"":""202606140415"",""FCSTER"":null,""GTYPE"":""P"",""HAILTAG"":""0.75"",""HV_CAUSE"":null,""HV_NWSLI"":null,""HV_REC"":null,""HV_SEV"":null,""INIT_EXP"":""202606140415"",""INIT_ISS"":""202606140337"",""ISSUED"":""202606140337"",""NWS_UGC"":null,""PHENOM"":""SV"",""POLY_BEG"":""202606140337"",""POLY_END"":""202606140350"",""PROD_ID"":""202606140337-KTSA-WUUS54-SVRTSA"",""SIG"":""W"",""STATUS"":""NEW"",""TORNTAG"":null,""UPDATED"":""202606140337"",""VTEC_YR"":""2026"",""WFO"":""TSA"",""WINDTAG"":""70.0""},""iem_significance"":""W"",""iem_tornadotag"":"""",""iem_ugc"":"""",""iem_wfo"":""TSA"",""iem_windtag"":""70.0"",""senderName"":""TSA"",""status"":""NEW""},""type"":""Feature""}",2026-04-27T17:31:58Z,2026-07-09T05:15:02Z,2026-07-09T18:49:04Z
10031,iem_watchwarn,iem_watchwarn|SGF|272|SV|W|2026-06-14T03:37:00Z|2026-06-14T04:30:00Z|,Severe Thunderstorm Warning,,2026-06-14T03:37:00Z,2026-06-14T04:30:00Z,SGF,NEW,1,"{""coordinates"":[[[-93.51,38.21],[-93.5,38.2],[-93.51,37.92],[-93.57,37.91],[-93.57,37.83],[-93.62,37.83],[-93.63,37.74],[-93.61,37.74],[-93.62,37.58],[-94.07,37.58],[-94.05,38.21],[-93.56,38.2],[-93.56,38.22],[-93.51,38.21]]],""type"":""Polygon""}","{""_map_py"":{""effective"":""2026-06-14T03:37:00Z"",""event"":""Severe Thunderstorm Warning"",""expires"":""2026-06-14T04:30:00Z"",""has_polygon"":true,""headline"":"""",""sender"":""SGF""},""effective"":""2026-06-14T03:37:00Z"",""event"":""Severe Thunderstorm Warning"",""expires"":""2026-06-14T04:30:00Z"",""headline"":"""",""iem_damagetag"":"""",""iem_emergency"":""False"",""iem_event_id"":""272"",""iem_forecaster"":""Price"",""iem_gtype"":""P"",""iem_hailtag"":""0.75"",""iem_phenomena"":""SV"",""iem_raw_properties"":{""AREA_KM2"":""3058.8146000814695"",""DAMAGTAG"":null,""EMERGENC"":""False"",""ETN"":""272"",""EXPIRED"":""202606140430"",""FCSTER"":""Price"",""GTYPE"":""P"",""HAILTAG"":""0.75"",""HV_CAUSE"":null,""HV_NWSLI"":null,""HV_REC"":null,""HV_SEV"":null,""INIT_EXP"":""202606140430"",""INIT_ISS"":""202606140337"",""ISSUED"":""202606140337"",""NWS_UGC"":null,""PHENOM"":""SV"",""POLY_BEG"":""202606140337"",""POLY_END"":""202606140430"",""PROD_ID"":""202606140337-KSGF-WUUS53-SVRSGF"",""SIG"":""W"",""STATUS"":""NEW"",""TORNTAG"":null,""UPDATED"":""202606140337"",""VTEC_YR"":""2026"",""WFO"":""SGF"",""WINDTAG"":""60.0""},""iem_significance"":""W"",""iem_tornadotag"":"""",""iem_ugc"":"""",""iem_wfo"":""SGF"",""iem_windtag"":""60.0"",""senderName"":""SGF"",""status"":""NEW""}","{""geometry"":{""coordinates"":[[[-93.51,38.21],[-93.5,38.2],[-93.51,37.92],[-93.57,37.91],[-93.57,37.83],[-93.62,37.83],[-93.63,37.74],[-93.61,37.74],[-93.62,37.58],[-94.07,37.58],[-94.05,38.21],[-93.56,38.2],[-93.56,38.22],[-93.51,38.21]]],""type"":""Polygon""},""properties"":{""_map_py"":{""effective"":""2026-06-14T03:37:00Z"",""event"":""Severe Thunderstorm Warning"",""expires"":""2026-06-14T04:30:00Z"",""has_polygon"":true,""headline"":"""",""sender"":""SGF""},""effective"":""2026-06-14T03:37:00Z"",""event"":""Severe Thunderstorm Warning"",""expires"":""2026-06-14T04:30:00Z"",""headline"":"""",""iem_damagetag"":"""",""iem_emergency"":""False"",""iem_event_id"":""272"",""iem_forecaster"":""Price"",""iem_gtype"":""P"",""iem_hailtag"":""0.75"",""iem_phenomena"":""SV"",""iem_raw_properties"":{""AREA_KM2"":""3058.8146000814695"",""DAMAGTAG"":null,""EMERGENC"":""False"",""ETN"":""272"",""EXPIRED"":""202606140430"",""FCSTER"":""Price"",""GTYPE"":""P"",""HAILTAG"":""0.75"",""HV_CAUSE"":null,""HV_NWSLI"":null,""HV_REC"":null,""HV_SEV"":null,""INIT_EXP"":""202606140430"",""INIT_ISS"":""202606140337"",""ISSUED"":""202606140337"",""NWS_UGC"":null,""PHENOM"":""SV"",""POLY_BEG"":""202606140337"",""POLY_END"":""202606140430"",""PROD_ID"":""202606140337-KSGF-WUUS53-SVRSGF"",""SIG"":""W"",""STATUS"":""NEW"",""TORNTAG"":null,""UPDATED"":""202606140337"",""VTEC_YR"":""2026"",""WFO"":""SGF"",""WINDTAG"":""60.0""},""iem_significance"":""W"",""iem_tornadotag"":"""",""iem_ugc"":"""",""iem_wfo"":""SGF"",""iem_windtag"":""60.0"",""senderName"":""SGF"",""status"":""NEW""},""type"":""Feature""}",2026-04-27T17:31:58Z,2026-07-09T05:15:02Z,2026-07-09T18:49:04Z
11467,iem_watchwarn,iem_watchwarn|LSX|181|SV|W|2026-06-14T03:40:00Z|2026-06-14T04:45:00Z|,Severe Thunderstorm Warning,,2026-06-14T03:40:00Z,2026-06-14T04:45:00Z,LSX,NEW,1,"{""coordinates"":[[[-92.49,38.91],[-92.48,38.89],[-92.48,38.87],[-92.46,38.86],[-92.44,38.83],[-92.42,38.82],[-92.4,38.82],[-92.38,38.81],[-92.39,38.79],[-92.41,38.77],[-92.4,38.74],[-92.4,38.72],[-92.5,38.43],[-92.62,38.43],[-92.84,38.6],[-92.84,38.68],[-92.62,38.68],[-92.62,38.69],[-92.59,38.75],[-92.5,38.92],[-92.49,38.91]]],""type"":""Polygon""}","{""_map_py"":{""effective"":""2026-06-14T03:40:00Z"",""event"":""Severe Thunderstorm Warning"",""expires"":""2026-06-14T04:45:00Z"",""has_polygon"":true,""headline"":"""",""sender"":""LSX""},""effective"":""2026-06-14T03:40:00Z"",""event"":""Severe Thunderstorm Warning"",""expires"":""2026-06-14T04:45:00Z"",""headline"":"""",""iem_damagetag"":"""",""iem_emergency"":""False"",""iem_event_id"":""181"",""iem_forecaster"":""Brown"",""iem_gtype"":""P"",""iem_hailtag"":""1.0"",""iem_phenomena"":""SV"",""iem_raw_properties"":{""AREA_KM2"":""1056.787886088339"",""DAMAGTAG"":null,""EMERGENC"":""False"",""ETN"":""181"",""EXPIRED"":""202606140445"",""FCSTER"":""Brown"",""GTYPE"":""P"",""HAILTAG"":""1.0"",""HV_CAUSE"":null,""HV_NWSLI"":null,""HV_REC"":null,""HV_SEV"":null,""INIT_EXP"":""202606140445"",""INIT_ISS"":""202606140340"",""ISSUED"":""202606140340"",""NWS_UGC"":null,""PHENOM"":""SV"",""POLY_BEG"":""202606140340"",""POLY_END"":""202606140423"",""PROD_ID"":""202606140340-KLSX-WUUS53-SVRLSX"",""SIG"":""W"",""STATUS"":""NEW"",""TORNTAG"":null,""UPDATED"":""202606140340"",""VTEC_YR"":""2026"",""WFO"":""LSX"",""WINDTAG"":""60.0""},""iem_significance"":""W"",""iem_tornadotag"":"""",""iem_ugc"":"""",""iem_wfo"":""LSX"",""iem_windtag"":""60.0"",""senderName"":""LSX"",""status"":""NEW""}","{""geometry"":{""coordinates"":[[[-92.49,38.91],[-92.48,38.89],[-92.48,38.87],[-92.46,38.86],[-92.44,38.83],[-92.42,38.82],[-92.4,38.82],[-92.38,38.81],[-92.39,38.79],[-92.41,38.77],[-92.4,38.74],[-92.4,38.72],[-92.5,38.43],[-92.62,38.43],[-92.84,38.6],[-92.84,38.68],[-92.62,38.68],[-92.62,38.69],[-92.59,38.75],[-92.5,38.92],[-92.49,38.91]]],""type"":""Polygon""},""properties"":{""_map_py"":{""effective"":""2026-06-14T03:40:00Z"",""event"":""Severe Thunderstorm Warning"",""expires"":""2026-06-14T04:45:00Z"",""has_polygon"":true,""headline"":"""",""sender"":""LSX""},""effective"":""2026-06-14T03:40:00Z"",""event"":""Severe Thunderstorm Warning"",""expires"":""2026-06-14T04:45:00Z"",""headline"":"""",""iem_damagetag"":"""",""iem_emergency"":""False"",""iem_event_id"":""181"",""iem_forecaster"":""Brown"",""iem_gtype"":""P"",""iem_hailtag"":""1.0"",""iem_phenomena"":""SV"",""iem_raw_properties"":{""AREA_KM2"":""1056.787886088339"",""DAMAGTAG"":null,""EMERGENC"":""False"",""ETN"":""181"",""EXPIRED"":""202606140445"",""FCSTER"":""Brown"",""GTYPE"":""P"",""HAILTAG"":""1.0"",""HV_CAUSE"":null,""HV_NWSLI"":null,""HV_REC"":null,""HV_SEV"":null,""INIT_EXP"":""202606140445"",""INIT_ISS"":""202606140340"",""ISSUED"":""202606140340"",""NWS_UGC"":null,""PHENOM"":""SV"",""POLY_BEG"":""202606140340"",""POLY_END"":""202606140423"",""PROD_ID"":""202606140340-KLSX-WUUS53-SVRLSX"",""SIG"":""W"",""STATUS"":""NEW"",""TORNTAG"":null,""UPDATED"":""202606140340"",""VTEC_YR"":""2026"",""WFO"":""LSX"",""WINDTAG"":""60.0""},""iem_significance"":""W"",""iem_tornadotag"":"""",""iem_ugc"":"""",""iem_wfo"":""LSX"",""iem_windtag"":""60.0"",""senderName"":""LSX"",""status"":""NEW""},""type"":""Feature""}",2026-04-27T17:31:58Z,2026-07-09T05:15:02Z,2026-07-09T18:49:04Z
5762,iem_watchwarn,iem_watchwarn|TSA|262|SV|W|2026-06-14T03:41:00Z|2026-06-14T04:30:00Z|,Severe Thunderstorm Warning,,2026-06-14T03:41:00Z,2026-06-14T04:30:00Z,TSA,NEW,1,"{""coordinates"":[[[-94.62,36.86],[-95.08,36.68],[-95.81,36.75],[-96.0,36.98],[-96.0,37.0],[-94.62,37.0],[-94.62,36.86]]],""type"":""Polygon""}","{""_map_py"":{""effective"":""2026-06-14T03:41:00Z"",""event"":""Severe Thunderstorm Warning"",""expires"":""2026-06-14T04:30:00Z"",""has_polygon"":true,""headline"":"""",""sender"":""TSA""},""effective"":""2026-06-14T03:41:00Z"",""event"":""Severe Thunderstorm Warning"",""expires"":""2026-06-14T04:30:00Z"",""headline"":"""",""iem_damagetag"":""CONSIDERABLE"",""iem_emergency"":""False"",""iem_event_id"":""262"",""iem_forecaster"":"""",""iem_gtype"":""P"",""iem_hailtag"":""0.75"",""iem_phenomena"":""SV"",""iem_raw_properties"":{""AREA_KM2"":""3374.304107145193"",""DAMAGTAG"":""CONSIDERABLE"",""EMERGENC"":""False"",""ETN"":""262"",""EXPIRED"":""202606140430"",""FCSTER"":null,""GTYPE"":""P"",""HAILTAG"":""0.75"",""HV_CAUSE"":null,""HV_NWSLI"":null,""HV_REC"":null,""HV_SEV"":null,""INIT_EXP"":""202606140430"",""INIT_ISS"":""202606140341"",""ISSUED"":""202606140341"",""NWS_UGC"":null,""PHENOM"":""SV"",""POLY_BEG"":""202606140341"",""POLY_END"":""202606140415"",""PROD_ID"":""202606140341-KTSA-WUUS54-SVRTSA"",""SIG"":""W"",""STATUS"":""NEW"",""TORNTAG"":null,""UPDATED"":""202606140341"",""VTEC_YR"":""2026"",""WFO"":""TSA"",""WINDTAG"":""70.0""},""iem_significance"":""W"",""iem_tornadotag"":"""",""iem_ugc"":"""",""iem_wfo"":""TSA"",""iem_windtag"":""70.0"",""senderName"":""TSA"",""status"":""NEW""}","{""geometry"":{""coordinates"":[[[-94.62,36.86],[-95.08,36.68],[-95.81,36.75],[-96.0,36.98],[-96.0,37.0],[-94.62,37.0],[-94.62,36.86]]],""type"":""Polygon""},""properties"":{""_map_py"":{""effective"":""2026-06-14T03:41:00Z"",""event"":""Severe Thunderstorm Warning"",""expires"":""2026-06-14T04:30:00Z"",""has_polygon"":true,""headline"":"""",""sender"":""TSA""},""effective"":""2026-06-14T03:41:00Z"",""event"":""Severe Thunderstorm Warning"",""expires"":""2026-06-14T04:30:00Z"",""headline"":"""",""iem_damagetag"":""CONSIDERABLE"",""iem_emergency"":""False"",""iem_event_id"":""262"",""iem_forecaster"":"""",""iem_gtype"":""P"",""iem_hailtag"":""0.75"",""iem_phenomena"":""SV"",""iem_raw_properties"":{""AREA_KM2"":""3374.304107145193"",""DAMAGTAG"":""CONSIDERABLE"",""EMERGENC"":""False"",""ETN"":""262"",""EXPIRED"":""202606140430"",""FCSTER"":null,""GTYPE"":""P"",""HAILTAG"":""0.75"",""HV_CAUSE"":null,""HV_NWSLI"":null,""HV_REC"":null,""HV_SEV"":null,""INIT_EXP"":""202606140430"",""INIT_ISS"":""202606140341"",""ISSUED"":""202606140341"",""NWS_UGC"":null,""PHENOM"":""SV"",""POLY_BEG"":""202606140341"",""POLY_END"":""202606140415"",""PROD_ID"":""202606140341-KTSA-WUUS54-SVRTSA"",""SIG"":""W"",""STATUS"":""NEW"",""TORNTAG"":null,""UPDATED"":""202606140341"",""VTEC_YR"":""2026"",""WFO"":""TSA"",""WINDTAG"":""70.0""},""iem_significance"":""W"",""iem_tornadotag"":"""",""iem_ugc"":"""",""iem_wfo"":""TSA"",""iem_windtag"":""70.0"",""senderName"":""TSA"",""status"":""NEW""},""type"":""Feature""}",2026-04-27T17:31:58Z,2026-07-09T05:15:02Z,2026-07-09T18:49:04Z
62,iem_watchwarn,iem_watchwarn|OUN|574|SV|W|2026-06-14T03:49:00Z|2026-06-14T04:30:00Z|,Severe Thunderstorm Warning,,2026-06-14T03:49:00Z,2026-06-14T04:30:00Z,OUN,NEW,1,"{""coordinates"":[[[-100.0,35.79],[-99.61,35.76],[-99.7,35.03],[-100.0,35.15],[-100.0,35.79]]],""type"":""Polygon""}","{""_map_py"":{""effective"":""2026-06-14T03:49:00Z"",""event"":""Severe Thunderstorm Warning"",""expires"":""2026-06-14T04:30:00Z"",""has_polygon"":true,""headline"":"""",""sender"":""OUN""},""effective"":""2026-06-14T03:49:00Z"",""event"":""Severe Thunderstorm Warning"",""expires"":""2026-06-14T04:30:00Z"",""headline"":"""",""iem_damagetag"":"""",""iem_emergency"":""False"",""iem_event_id"":""574"",""iem_forecaster"":""Meister"",""iem_gtype"":""P"",""iem_hailtag"":""1.0"",""iem_phenomena"":""SV"",""iem_raw_properties"":{""AREA_KM2"":""2413.4747659116238"",""DAMAGTAG"":null,""EMERGENC"":""False"",""ETN"":""574"",""EXPIRED"":""202606140430"",""FCSTER"":""Meister"",""GTYPE"":""P"",""HAILTAG"":""1.0"",""HV_CAUSE"":null,""HV_NWSLI"":null,""HV_REC"":null,""HV_SEV"":null,""INIT_EXP"":""202606140430"",""INIT_ISS"":""202606140349"",""ISSUED"":""202606140349"",""NWS_UGC"":null,""PHENOM"":""SV"",""POLY_BEG"":""202606140349"",""POLY_END"":""202606140408"",""PROD_ID"":""202606140349-KOUN-WUUS54-SVROUN"",""SIG"":""W"",""STATUS"":""NEW"",""TORNTAG"":null,""UPDATED"":""202606140349"",""VTEC_YR"":""2026"",""WFO"":""OUN"",""WINDTAG"":""60.0""},""iem_significance"":""W"",""iem_tornadotag"":"""",""iem_ugc"":"""",""iem_wfo"":""OUN"",""iem_windtag"":""60.0"",""senderName"":""OUN"",""status"":""NEW""}","{""geometry"":{""coordinates"":[[[-100.0,35.79],[-99.61,35.76],[-99.7,35.03],[-100.0,35.15],[-100.0,35.79]]],""type"":""Polygon""},""properties"":{""_map_py"":{""effective"":""2026-06-14T03:49:00Z"",""event"":""Severe Thunderstorm Warning"",""expires"":""2026-06-14T04:30:00Z"",""has_polygon"":true,""headline"":"""",""sender"":""OUN""},""effective"":""2026-06-14T03:49:00Z"",""event"":""Severe Thunderstorm Warning"",""expires"":""2026-06-14T04:30:00Z"",""headline"":"""",""iem_damagetag"":"""",""iem_emergency"":""False"",""iem_event_id"":""574"",""iem_forecaster"":""Meister"",""iem_gtype"":""P"",""iem_hailtag"":""1.0"",""iem_phenomena"":""SV"",""iem_raw_properties"":{""AREA_KM2"":""2413.4747659116238"",""DAMAGTAG"":null,""EMERGENC"":""False"",""ETN"":""574"",""EXPIRED"":""202606140430"",""FCSTER"":""Meister"",""GTYPE"":""P"",""HAILTAG"":""1.0"",""HV_CAUSE"":null,""HV_NWSLI"":null,""HV_REC"":null,""HV_SEV"":null,""INIT_EXP"":""202606140430"",""INIT_ISS"":""202606140349"",""ISSUED"":""202606140349"",""NWS_UGC"":null,""PHENOM"":""SV"",""POLY_BEG"":""202606140349"",""POLY_END"":""202606140408"",""PROD_ID"":""202606140349-KOUN-WUUS54-SVROUN"",""SIG"":""W"",""STATUS"":""NEW"",""TORNTAG"":null,""UPDATED"":""202606140349"",""VTEC_YR"":""2026"",""WFO"":""OUN"",""WINDTAG"":""60.0""},""iem_significance"":""W"",""iem_tornadotag"":"""",""iem_ugc"":"""",""iem_wfo"":""OUN"",""iem_windtag"":""60.0"",""senderName"":""OUN"",""status"":""NEW""},""type"":""Feature""}",2026-04-27T17:31:58Z,2026-07-09T05:15:02Z,2026-07-09T18:49:04Z
8206,iem_watchwarn,iem_watchwarn|TSA|263|SV|W|2026-06-14T03:53:00Z|2026-06-14T04:45:00Z|,Severe Thunderstorm Warning,,2026-06-14T03:53:00Z,2026-06-14T04:45:00Z,TSA,NEW,1,"{""coordinates"":[[[-95.04,36.99],[-95.04,36.97],[-94.99,36.95],[-95.01,36.71],[-95.08,36.68],[-95.76,36.75],[-95.79,37.0],[-95.01,37.0],[-95.04,36.99]]],""type"":""Polygon""}","{""_map_py"":{""effective"":""2026-06-14T03:53:00Z"",""event"":""Severe Thunderstorm Warning"",""expires"":""2026-06-14T04:45:00Z"",""has_polygon"":true,""headline"":"""",""sender"":""TSA""},""effective"":""2026-06-14T03:53:00Z"",""event"":""Severe Thunderstorm Warning"",""expires"":""2026-06-14T04:45:00Z"",""headline"":"""",""iem_damagetag"":""DESTRUCTIVE"",""iem_emergency"":""False"",""iem_event_id"":""263"",""iem_forecaster"":"""",""iem_gtype"":""P"",""iem_hailtag"":""0.75"",""iem_phenomena"":""SV"",""iem_raw_properties"":{""AREA_KM2"":""2182.0303255923795"",""DAMAGTAG"":""DESTRUCTIVE"",""EMERGENC"":""False"",""ETN"":""263"",""EXPIRED"":""202606140445"",""FCSTER"":null,""GTYPE"":""P"",""HAILTAG"":""0.75"",""HV_CAUSE"":null,""HV_NWSLI"":null,""HV_REC"":null,""HV_SEV"":null,""INIT_EXP"":""202606140445"",""INIT_ISS"":""202606140353"",""ISSUED"":""202606140353"",""NWS_UGC"":null,""PHENOM"":""SV"",""POLY_BEG"":""202606140353"",""POLY_END"":""202606140414"",""PROD_ID"":""202606140353-KTSA-WUUS54-SVRTSA"",""SIG"":""W"",""STATUS"":""NEW"",""TORNTAG"":null,""UPDATED"":""202606140353"",""VTEC_YR"":""2026"",""WFO"":""TSA"",""WINDTAG"":""80.0""},""iem_significance"":""W"",""iem_tornadotag"":"""",""iem_ugc"":"""",""iem_wfo"":""TSA"",""iem_windtag"":""80.0"",""senderName"":""TSA"",""status"":""NEW""}","{""geometry"":{""coordinates"":[[[-95.04,36.99],[-95.04,36.97],[-94.99,36.95],[-95.01,36.71],[-95.08,36.68],[-95.76,36.75],[-95.79,37.0],[-95.01,37.0],[-95.04,36.99]]],""type"":""Polygon""},""properties"":{""_map_py"":{""effective"":""2026-06-14T03:53:00Z"",""event"":""Severe Thunderstorm Warning"",""expires"":""2026-06-14T04:45:00Z"",""has_polygon"":true,""headline"":"""",""sender"":""TSA""},""effective"":""2026-06-14T03:53:00Z"",""event"":""Severe Thunderstorm Warning"",""expires"":""2026-06-14T04:45:00Z"",""headline"":"""",""iem_damagetag"":""DESTRUCTIVE"",""iem_emergency"":""False"",""iem_event_id"":""263"",""iem_forecaster"":"""",""iem_gtype"":""P"",""iem_hailtag"":""0.75"",""iem_phenomena"":""SV"",""iem_raw_properties"":{""AREA_KM2"":""2182.0303255923795"",""DAMAGTAG"":""DESTRUCTIVE"",""EMERGENC"":""False"",""ETN"":""263"",""EXPIRED"":""202606140445"",""FCSTER"":null,""GTYPE"":""P"",""HAILTAG"":""0.75"",""HV_CAUSE"":null,""HV_NWSLI"":null,""HV_REC"":null,""HV_SEV"":null,""INIT_EXP"":""202606140445"",""INIT_ISS"":""202606140353"",""ISSUED"":""202606140353"",""NWS_UGC"":null,""PHENOM"":""SV"",""POLY_BEG"":""202606140353"",""POLY_END"":""202606140414"",""PROD_ID"":""202606140353-KTSA-WUUS54-SVRTSA"",""SIG"":""W"",""STATUS"":""NEW"",""TORNTAG"":null,""UPDATED"":""202606140353"",""VTEC_YR"":""2026"",""WFO"":""TSA"",""WINDTAG"":""80.0""},""iem_significance"":""W"",""iem_tornadotag"":"""",""iem_ugc"":"""",""iem_wfo"":""TSA"",""iem_windtag"":""80.0"",""senderName"":""TSA"",""status"":""NEW""},""type"":""Feature""}",2026-04-27T17:31:58Z,2026-07-09T05:15:02Z,2026-07-09T18:49:04Z
6172,iem_watchwarn,iem_watchwarn|SGF|273|SV|W|2026-06-14T03:54:00Z|2026-06-14T05:00:00Z|,Severe Thunderstorm Warning,,2026-06-14T03:54:00Z,2026-06-14T05:00:00Z,SGF,NEW,1,"{""coordinates"":[[[-94.65,37.11],[-94.06,37.24],[-94.07,36.75],[-94.62,36.76],[-94.62,37.0],[-95.07,37.0],[-94.65,37.11]]],""type"":""Polygon""}","{""_map_py"":{""effective"":""2026-06-14T03:54:00Z"",""event"":""Severe Thunderstorm Warning"",""expires"":""2026-06-14T05:00:00Z"",""has_polygon"":true,""headline"":"""",""sender"":""SGF""},""effective"":""2026-06-14T03:54:00Z"",""event"":""Severe Thunderstorm Warning"",""expires"":""2026-06-14T05:00:00Z"",""headline"":"""",""iem_damagetag"":""CONSIDERABLE"",""iem_emergency"":""False"",""iem_event_id"":""273"",""iem_forecaster"":""Price"",""iem_gtype"":""P"",""iem_hailtag"":""0.75"",""iem_phenomena"":""SV"",""iem_raw_properties"":{""AREA_KM2"":""2579.9149356512426"",""DAMAGTAG"":""CONSIDERABLE"",""EMERGENC"":""False"",""ETN"":""273"",""EXPIRED"":""202606140500"",""FCSTER"":""Price"",""GTYPE"":""P"",""HAILTAG"":""0.75"",""HV_CAUSE"":null,""HV_NWSLI"":null,""HV_REC"":null,""HV_SEV"":null,""INIT_EXP"":""202606140500"",""INIT_ISS"":""202606140354"",""ISSUED"":""202606140354"",""NWS_UGC"":null,""PHENOM"":""SV"",""POLY_BEG"":""202606140354"",""POLY_END"":""202606140500"",""PROD_ID"":""202606140354-KSGF-WUUS53-SVRSGF"",""SIG"":""W"",""STATUS"":""NEW"",""TORNTAG"":null,""UPDATED"":""202606140354"",""VTEC_YR"":""2026"",""WFO"":""SGF"",""WINDTAG"":""70.0""},""iem_significance"":""W"",""iem_tornadotag"":"""",""iem_ugc"":"""",""iem_wfo"":""SGF"",""iem_windtag"":""70.0"",""senderName"":""SGF"",""status"":""NEW""}","{""geometry"":{""coordinates"":[[[-94.65,37.11],[-94.06,37.24],[-94.07,36.75],[-94.62,36.76],[-94.62,37.0],[-95.07,37.0],[-94.65,37.11]]],""type"":""Polygon""},""properties"":{""_map_py"":{""effective"":""2026-06-14T03:54:00Z"",""event"":""Severe Thunderstorm Warning"",""expires"":""2026-06-14T05:00:00Z"",""has_polygon"":true,""headline"":"""",""sender"":""SGF""},""effective"":""2026-06-14T03:54:00Z"",""event"":""Severe Thunderstorm Warning"",""expires"":""2026-06-14T05:00:00Z"",""headline"":"""",""iem_damagetag"":""CONSIDERABLE"",""iem_emergency"":""False"",""iem_event_id"":""273"",""iem_forecaster"":""Price"",""iem_gtype"":""P"",""iem_hailtag"":""0.75"",""iem_phenomena"":""SV"",""iem_raw_properties"":{""AREA_KM2"":""2579.9149356512426"",""DAMAGTAG"":""CONSIDERABLE"",""EMERGENC"":""False"",""ETN"":""273"",""EXPIRED"":""202606140500"",""FCSTER"":""Price"",""GTYPE"":""P"",""HAILTAG"":""0.75"",""HV_CAUSE"":null,""HV_NWSLI"":null,""HV_REC"":null,""HV_SEV"":null,""INIT_EXP"":""202606140500"",""INIT_ISS"":""202606140354"",""ISSUED"":""202606140354"",""NWS_UGC"":null,""PHENOM"":""SV"",""POLY_BEG"":""202606140354"",""POLY_END"":""202606140500"",""PROD_ID"":""202606140354-KSGF-WUUS53-SVRSGF"",""SIG"":""W"",""STATUS"":""NEW"",""TORNTAG"":null,""UPDATED"":""202606140354"",""VTEC_YR"":""2026"",""WFO"":""SGF"",""WINDTAG"":""70.0""},""iem_significance"":""W"",""iem_tornadotag"":"""",""iem_ugc"":"""",""iem_wfo"":""SGF"",""iem_windtag"":""70.0"",""senderName"":""SGF"",""status"":""NEW""},""type"":""Feature""}",2026-04-27T17:31:58Z,2026-07-09T05:15:02Z,2026-07-09T18:49:04Z
4274,iem_watchwarn,iem_watchwarn|OUN|575|SV|W|2026-06-14T03:58:00Z|2026-06-14T04:45:00Z|,Severe Thunderstorm Warning,,2026-06-14T03:58:00Z,2026-06-14T04:45:00Z,OUN,NEW,1,"{""coordinates"":[[[-97.1,36.49],[-98.31,36.34],[-98.81,36.84],[-97.74,37.0],[-97.59,37.0],[-97.1,36.49]]],""type"":""Polygon""}","{""_map_py"":{""effective"":""2026-06-14T03:58:00Z"",""event"":""Severe Thunderstorm Warning"",""expires"":""2026-06-14T04:45:00Z"",""has_polygon"":true,""headline"":"""",""sender"":""OUN""},""effective"":""2026-06-14T03:58:00Z"",""event"":""Severe Thunderstorm Warning"",""expires"":""2026-06-14T04:45:00Z"",""headline"":"""",""iem_damagetag"":"""",""iem_emergency"":""False"",""iem_event_id"":""575"",""iem_forecaster"":""Meister"",""iem_gtype"":""P"",""iem_hailtag"":""0.75"",""iem_phenomena"":""SV"",""iem_raw_properties"":{""AREA_KM2"":""6960.011508355869"",""DAMAGTAG"":null,""EMERGENC"":""False"",""ETN"":""575"",""EXPIRED"":""202606140445"",""FCSTER"":""Meister"",""GTYPE"":""P"",""HAILTAG"":""0.75"",""HV_CAUSE"":null,""HV_NWSLI"":null,""HV_REC"":null,""HV_SEV"":null,""INIT_EXP"":""202606140445"",""INIT_ISS"":""202606140358"",""ISSUED"":""202606140358"",""NWS_UGC"":null,""PHENOM"":""SV"",""POLY_BEG"":""202606140358"",""POLY_END"":""202606140414"",""PROD_ID"":""202606140358-KOUN-WUUS54-SVROUN"",""SIG"":""W"",""STATUS"":""NEW"",""TORNTAG"":null,""UPDATED"":""202606140358"",""VTEC_YR"":""2026"",""WFO"":""OUN"",""WINDTAG"":""60.0""},""iem_significance"":""W"",""iem_tornadotag"":"""",""iem_ugc"":"""",""iem_wfo"":""OUN"",""iem_windtag"":""60.0"",""senderName"":""OUN"",""status"":""NEW""}","{""geometry"":{""coordinates"":[[[-97.1,36.49],[-98.31,36.34],[-98.81,36.84],[-97.74,37.0],[-97.59,37.0],[-97.1,36.49]]],""type"":""Polygon""},""properties"":{""_map_py"":{""effective"":""2026-06-14T03:58:00Z"",""event"":""Severe Thunderstorm Warning"",""expires"":""2026-06-14T04:45:00Z"",""has_polygon"":true,""headline"":"""",""sender"":""OUN""},""effective"":""2026-06-14T03:58:00Z"",""event"":""Severe Thunderstorm Warning"",""expires"":""2026-06-14T04:45:00Z"",""headline"":"""",""iem_damagetag"":"""",""iem_emergency"":""False"",""iem_event_id"":""575"",""iem_forecaster"":""Meister"",""iem_gtype"":""P"",""iem_hailtag"":""0.75"",""iem_phenomena"":""SV"",""iem_raw_properties"":{""AREA_KM2"":""6960.011508355869"",""DAMAGTAG"":null,""EMERGENC"":""False"",""ETN"":""575"",""EXPIRED"":""202606140445"",""FCSTER"":""Meister"",""GTYPE"":""P"",""HAILTAG"":""0.75"",""HV_CAUSE"":null,""HV_NWSLI"":null,""HV_REC"":null,""HV_SEV"":null,""INIT_EXP"":""202606140445"",""INIT_ISS"":""202606140358"",""ISSUED"":""202606140358"",""NWS_UGC"":null,""PHENOM"":""SV"",""POLY_BEG"":""202606140358"",""POLY_END"":""202606140414"",""PROD_ID"":""202606140358-KOUN-WUUS54-SVROUN"",""SIG"":""W"",""STATUS"":""NEW"",""TORNTAG"":null,""UPDATED"":""202606140358"",""VTEC_YR"":""2026"",""WFO"":""OUN"",""WINDTAG"":""60.0""},""iem_significance"":""W"",""iem_tornadotag"":"""",""iem_ugc"":"""",""iem_wfo"":""OUN"",""iem_windtag"":""60.0"",""senderName"":""OUN"",""status"":""NEW""},""type"":""Feature""}",2026-04-27T17:31:58Z,2026-07-09T05:15:02Z,2026-07-09T18:49:04Z
7090,iem_watchwarn,iem_watchwarn|SGF|274|SV|W|2026-06-14T04:06:00Z|2026-06-14T04:45:00Z|,Severe Thunderstorm Warning,,2026-06-14T04:06:00Z,2026-06-14T04:45:00Z,SGF,NEW,1,"{""coordinates"":[[[-94.69,37.04],[-94.52,37.19],[-94.05,37.12],[-94.07,36.75],[-94.62,36.76],[-94.62,37.0],[-94.79,37.0],[-94.69,37.04]]],""type"":""Polygon""}","{""_map_py"":{""effective"":""2026-06-14T04:06:00Z"",""event"":""Severe Thunderstorm Warning"",""expires"":""2026-06-14T04:45:00Z"",""has_polygon"":true,""headline"":"""",""sender"":""SGF""},""effective"":""2026-06-14T04:06:00Z"",""event"":""Severe Thunderstorm Warning"",""expires"":""2026-06-14T04:45:00Z"",""headline"":"""",""iem_damagetag"":""DESTRUCTIVE"",""iem_emergency"":""False"",""iem_event_id"":""274"",""iem_forecaster"":""Price"",""iem_gtype"":""P"",""iem_hailtag"":""0.75"",""iem_phenomena"":""SV"",""iem_raw_properties"":{""AREA_KM2"":""2276.3551061711923"",""DAMAGTAG"":""DESTRUCTIVE"",""EMERGENC"":""False"",""ETN"":""274"",""EXPIRED"":""202606140445"",""FCSTER"":""Price"",""GTYPE"":""P"",""HAILTAG"":""0.75"",""HV_CAUSE"":null,""HV_NWSLI"":null,""HV_REC"":null,""HV_SEV"":null,""INIT_EXP"":""202606140445"",""INIT_ISS"":""202606140406"",""ISSUED"":""202606140406"",""NWS_UGC"":null,""PHENOM"":""SV"",""POLY_BEG"":""202606140406"",""POLY_END"":""202606140445"",""PROD_ID"":""202606140406-KSGF-WUUS53-SVRSGF"",""SIG"":""W"",""STATUS"":""NEW"",""TORNTAG"":null,""UPDATED"":""202606140406"",""VTEC_YR"":""2026"",""WFO"":""SGF"",""WINDTAG"":""80.0""},""iem_significance"":""W"",""iem_tornadotag"":"""",""iem_ugc"":"""",""iem_wfo"":""SGF"",""iem_windtag"":""80.0"",""senderName"":""SGF"",""status"":""NEW""}","{""geometry"":{""coordinates"":[[[-94.69,37.04],[-94.52,37.19],[-94.05,37.12],[-94.07,36.75],[-94.62,36.76],[-94.62,37.0],[-94.79,37.0],[-94.69,37.04]]],""type"":""Polygon""},""properties"":{""_map_py"":{""effective"":""2026-06-14T04:06:00Z"",""event"":""Severe Thunderstorm Warning"",""expires"":""2026-06-14T04:45:00Z"",""has_polygon"":true,""headline"":"""",""sender"":""SGF""},""effective"":""2026-06-14T04:06:00Z"",""event"":""Severe Thunderstorm Warning"",""expires"":""2026-06-14T04:45:00Z"",""headline"":"""",""iem_damagetag"":""DESTRUCTIVE"",""iem_emergency"":""False"",""iem_event_id"":""274"",""iem_forecaster"":""Price"",""iem_gtype"":""P"",""iem_hailtag"":""0.75"",""iem_phenomena"":""SV"",""iem_raw_properties"":{""AREA_KM2"":""2276.3551061711923"",""DAMAGTAG"":""DESTRUCTIVE"",""EMERGENC"":""False"",""ETN"":""274"",""EXPIRED"":""202606140445"",""FCSTER"":""Price"",""GTYPE"":""P"",""HAILTAG"":""0.75"",""HV_CAUSE"":null,""HV_NWSLI"":null,""HV_REC"":null,""HV_SEV"":null,""INIT_EXP"":""202606140445"",""INIT_ISS"":""202606140406"",""ISSUED"":""202606140406"",""NWS_UGC"":null,""PHENOM"":""SV"",""POLY_BEG"":""202606140406"",""POLY_END"":""202606140445"",""PROD_ID"":""202606140406-KSGF-WUUS53-SVRSGF"",""SIG"":""W"",""STATUS"":""NEW"",""TORNTAG"":null,""UPDATED"":""202606140406"",""VTEC_YR"":""2026"",""WFO"":""SGF"",""WINDTAG"":""80.0""},""iem_significance"":""W"",""iem_tornadotag"":"""",""iem_ugc"":"""",""iem_wfo"":""SGF"",""iem_windtag"":""80.0"",""senderName"":""SGF"",""status"":""NEW""},""type"":""Feature""}",2026-04-27T17:31:58Z,2026-07-09T05:15:02Z,2026-07-09T18:49:04Z
7108,iem_watchwarn,iem_watchwarn|TSA|264|SV|W|2026-06-14T04:09:00Z|2026-06-14T05:00:00Z|,Severe Thunderstorm Warning,,2026-06-14T04:09:00Z,2026-06-14T05:00:00Z,TSA,NEW,1,"{""coordinates"":[[[-96.35,36.64],[-95.66,36.6],[-95.73,36.03],[-96.19,35.78],[-96.61,35.67],[-96.62,36.16],[-96.8,36.16],[-96.35,36.64]]],""type"":""Polygon""}","{""_map_py"":{""effective"":""2026-06-14T04:09:00Z"",""event"":""Severe Thunderstorm Warning"",""expires"":""2026-06-14T05:00:00Z"",""has_polygon"":true,""headline"":"""",""sender"":""TSA""},""effective"":""2026-06-14T04:09:00Z"",""event"":""Severe Thunderstorm Warning"",""expires"":""2026-06-14T05:00:00Z"",""headline"":"""",""iem_damagetag"":"""",""iem_emergency"":""False"",""iem_event_id"":""264"",""iem_forecaster"":"""",""iem_gtype"":""P"",""iem_hailtag"":""0.75"",""iem_phenomena"":""SV"",""iem_raw_properties"":{""AREA_KM2"":""7156.244390605495"",""DAMAGTAG"":null,""EMERGENC"":""False"",""ETN"":""264"",""EXPIRED"":""202606140500"",""FCSTER"":null,""GTYPE"":""P"",""HAILTAG"":""0.75"",""HV_CAUSE"":null,""HV_NWSLI"":null,""HV_REC"":null,""HV_SEV"":null,""INIT_EXP"":""202606140500"",""INIT_ISS"":""202606140409"",""ISSUED"":""202606140409"",""NWS_UGC"":null,""PHENOM"":""SV"",""POLY_BEG"":""202606140409"",""POLY_END"":""202606140420"",""PROD_ID"":""202606140409-KTSA-WUUS54-SVRTSA"",""SIG"":""W"",""STATUS"":""NEW"",""TORNTAG"":null,""UPDATED"":""202606140409"",""VTEC_YR"":""2026"",""WFO"":""TSA"",""WINDTAG"":""60.0""},""iem_significance"":""W"",""iem_tornadotag"":"""",""iem_ugc"":"""",""iem_wfo"":""TSA"",""iem_windtag"":""60.0"",""senderName"":""TSA"",""status"":""NEW""}","{""geometry"":{""coordinates"":[[[-96.35,36.64],[-95.66,36.6],[-95.73,36.03],[-96.19,35.78],[-96.61,35.67],[-96.62,36.16],[-96.8,36.16],[-96.35,36.64]]],""type"":""Polygon""},""properties"":{""_map_py"":{""effective"":""2026-06-14T04:09:00Z"",""event"":""Severe Thunderstorm Warning"",""expires"":""2026-06-14T05:00:00Z"",""has_polygon"":true,""headline"":"""",""sender"":""TSA""},""effective"":""2026-06-14T04:09:00Z"",""event"":""Severe Thunderstorm Warning"",""expires"":""2026-06-14T05:00:00Z"",""headline"":"""",""iem_damagetag"":"""",""iem_emergency"":""False"",""iem_event_id"":""264"",""iem_forecaster"":"""",""iem_gtype"":""P"",""iem_hailtag"":""0.75"",""iem_phenomena"":""SV"",""iem_raw_properties"":{""AREA_KM2"":""7156.244390605495"",""DAMAGTAG"":null,""EMERGENC"":""False"",""ETN"":""264"",""EXPIRED"":""202606140500"",""FCSTER"":null,""GTYPE"":""P"",""HAILTAG"":""0.75"",""HV_CAUSE"":null,""HV_NWSLI"":null,""HV_REC"":null,""HV_SEV"":null,""INIT_EXP"":""202606140500"",""INIT_ISS"":""202606140409"",""ISSUED"":""202606140409"",""NWS_UGC"":null,""PHENOM"":""SV"",""POLY_BEG"":""202606140409"",""POLY_END"":""202606140420"",""PROD_ID"":""202606140409-KTSA-WUUS54-SVRTSA"",""SIG"":""W"",""STATUS"":""NEW"",""TORNTAG"":null,""UPDATED"":""202606140409"",""VTEC_YR"":""2026"",""WFO"":""TSA"",""WINDTAG"":""60.0""},""iem_significance"":""W"",""iem_tornadotag"":"""",""iem_ugc"":"""",""iem_wfo"":""TSA"",""iem_windtag"":""60.0"",""senderName"":""TSA"",""status"":""NEW""},""type"":""Feature""}",2026-04-27T17:31:58Z,2026-07-09T05:15:02Z,2026-07-09T18:49:04Z
7012,iem_watchwarn,iem_watchwarn|TSA|265|SV|W|2026-06-14T04:12:00Z|2026-06-14T05:00:00Z|,Severe Thunderstorm Warning,,2026-06-14T04:12:00Z,2026-06-14T05:00:00Z,TSA,NEW,1,"{""coordinates"":[[[-94.62,36.5],[-94.14,36.5],[-94.67,36.2],[-95.73,36.22],[-95.69,36.83],[-95.05,36.82],[-94.62,36.99],[-94.62,36.5]]],""type"":""Polygon""}","{""_map_py"":{""effective"":""2026-06-14T04:12:00Z"",""event"":""Severe Thunderstorm Warning"",""expires"":""2026-06-14T05:00:00Z"",""has_polygon"":true,""headline"":"""",""sender"":""TSA""},""effective"":""2026-06-14T04:12:00Z"",""event"":""Severe Thunderstorm Warning"",""expires"":""2026-06-14T05:00:00Z"",""headline"":"""",""iem_damagetag"":"""",""iem_emergency"":""False"",""iem_event_id"":""265"",""iem_forecaster"":"""",""iem_gtype"":""P"",""iem_hailtag"":""0.75"",""iem_phenomena"":""SV"",""iem_raw_properties"":{""AREA_KM2"":""7643.608057417008"",""DAMAGTAG"":null,""EMERGENC"":""False"",""ETN"":""265"",""EXPIRED"":""202606140500"",""FCSTER"":null,""GTYPE"":""P"",""HAILTAG"":""0.75"",""HV_CAUSE"":null,""HV_NWSLI"":null,""HV_REC"":null,""HV_SEV"":null,""INIT_EXP"":""202606140500"",""INIT_ISS"":""202606140412"",""ISSUED"":""202606140412"",""NWS_UGC"":null,""PHENOM"":""SV"",""POLY_BEG"":""202606140412"",""POLY_END"":""202606140426"",""PROD_ID"":""202606140412-KTSA-WUUS54-SVRTSA"",""SIG"":""W"",""STATUS"":""NEW"",""TORNTAG"":null,""UPDATED"":""202606140412"",""VTEC_YR"":""2026"",""WFO"":""TSA"",""WINDTAG"":""60.0""},""iem_significance"":""W"",""iem_tornadotag"":"""",""iem_ugc"":"""",""iem_wfo"":""TSA"",""iem_windtag"":""60.0"",""senderName"":""TSA"",""status"":""NEW""}","{""geometry"":{""coordinates"":[[[-94.62,36.5],[-94.14,36.5],[-94.67,36.2],[-95.73,36.22],[-95.69,36.83],[-95.05,36.82],[-94.62,36.99],[-94.62,36.5]]],""type"":""Polygon""},""properties"":{""_map_py"":{""effective"":""2026-06-14T04:12:00Z"",""event"":""Severe Thunderstorm Warning"",""expires"":""2026-06-14T05:00:00Z"",""has_polygon"":true,""headline"":"""",""sender"":""TSA""},""effective"":""2026-06-14T04:12:00Z"",""event"":""Severe Thunderstorm Warning"",""expires"":""2026-06-14T05:00:00Z"",""headline"":"""",""iem_damagetag"":"""",""iem_emergency"":""False"",""iem_event_id"":""265"",""iem_forecaster"":"""",""iem_gtype"":""P"",""iem_hailtag"":""0.75"",""iem_phenomena"":""SV"",""iem_raw_properties"":{""AREA_KM2"":""7643.608057417008"",""DAMAGTAG"":null,""EMERGENC"":""False"",""ETN"":""265"",""EXPIRED"":""202606140500"",""FCSTER"":null,""GTYPE"":""P"",""HAILTAG"":""0.75"",""HV_CAUSE"":null,""HV_NWSLI"":null,""HV_REC"":null,""HV_SEV"":null,""INIT_EXP"":""202606140500"",""INIT_ISS"":""202606140412"",""ISSUED"":""202606140412"",""NWS_UGC"":null,""PHENOM"":""SV"",""POLY_BEG"":""202606140412"",""POLY_END"":""202606140426"",""PROD_ID"":""202606140412-KTSA-WUUS54-SVRTSA"",""SIG"":""W"",""STATUS"":""NEW"",""TORNTAG"":null,""UPDATED"":""202606140412"",""VTEC_YR"":""2026"",""WFO"":""TSA"",""WINDTAG"":""60.0""},""iem_significance"":""W"",""iem_tornadotag"":"""",""iem_ugc"":"""",""iem_wfo"":""TSA"",""iem_windtag"":""60.0"",""senderName"":""TSA"",""status"":""NEW""},""type"":""Feature""}",2026-04-27T17:31:58Z,2026-07-09T05:15:02Z,2026-07-09T18:49:04Z
152,iem_watchwarn,iem_watchwarn|SGF|60|TO|W|2026-06-14T04:13:00Z|2026-06-14T04:45:00Z|,Tornado Warning,,2026-06-14T04:13:00Z,2026-06-14T04:45:00Z,SGF,NEW,1,"{""coordinates"":[[[-94.5,37.08],[-94.48,37.17],[-94.06,37.18],[-94.07,36.97],[-94.5,37.08]]],""type"":""Polygon""}","{""_map_py"":{""effective"":""2026-06-14T04:13:00Z"",""event"":""Tornado Warning"",""expires"":""2026-06-14T04:45:00Z"",""has_polygon"":true,""headline"":"""",""sender"":""SGF""},""effective"":""2026-06-14T04:13:00Z"",""event"":""Tornado Warning"",""expires"":""2026-06-14T04:45:00Z"",""headline"":"""",""iem_damagetag"":"""",""iem_emergency"":""False"",""iem_event_id"":""60"",""iem_forecaster"":""Price"",""iem_gtype"":""P"",""iem_hailtag"":""0.0"",""iem_phenomena"":""TO"",""iem_raw_properties"":{""AREA_KM2"":""635.9309758620951"",""DAMAGTAG"":null,""EMERGENC"":""False"",""ETN"":""60"",""EXPIRED"":""202606140445"",""FCSTER"":""Price"",""GTYPE"":""P"",""HAILTAG"":""0.0"",""HV_CAUSE"":null,""HV_NWSLI"":null,""HV_REC"":null,""HV_SEV"":null,""INIT_EXP"":""202606140445"",""INIT_ISS"":""202606140413"",""ISSUED"":""202606140413"",""NWS_UGC"":null,""PHENOM"":""TO"",""POLY_BEG"":""202606140413"",""POLY_END"":""202606140427"",""PROD_ID"":""202606140413-KSGF-WFUS53-TORSGF"",""SIG"":""W"",""STATUS"":""NEW"",""TORNTAG"":""RADAR INDICATED"",""UPDATED"":""202606140413"",""VTEC_YR"":""2026"",""WFO"":""SGF"",""WINDTAG"":null},""iem_significance"":""W"",""iem_tornadotag"":""RADAR INDICATED"",""iem_ugc"":"""",""iem_wfo"":""SGF"",""iem_windtag"":"""",""senderName"":""SGF"",""status"":""NEW""}","{""geometry"":{""coordinates"":[[[-94.5,37.08],[-94.48,37.17],[-94.06,37.18],[-94.07,36.97],[-94.5,37.08]]],""type"":""Polygon""},""properties"":{""_map_py"":{""effective"":""2026-06-14T04:13:00Z"",""event"":""Tornado Warning"",""expires"":""2026-06-14T04:45:00Z"",""has_polygon"":true,""headline"":"""",""sender"":""SGF""},""effective"":""2026-06-14T04:13:00Z"",""event"":""Tornado Warning"",""expires"":""2026-06-14T04:45:00Z"",""headline"":"""",""iem_damagetag"":"""",""iem_emergency"":""False"",""iem_event_id"":""60"",""iem_forecaster"":""Price"",""iem_gtype"":""P"",""iem_hailtag"":""0.0"",""iem_phenomena"":""TO"",""iem_raw_properties"":{""AREA_KM2"":""635.9309758620951"",""DAMAGTAG"":null,""EMERGENC"":""False"",""ETN"":""60"",""EXPIRED"":""202606140445"",""FCSTER"":""Price"",""GTYPE"":""P"",""HAILTAG"":""0.0"",""HV_CAUSE"":null,""HV_NWSLI"":null,""HV_REC"":null,""HV_SEV"":null,""INIT_EXP"":""202606140445"",""INIT_ISS"":""202606140413"",""ISSUED"":""202606140413"",""NWS_UGC"":null,""PHENOM"":""TO"",""POLY_BEG"":""202606140413"",""POLY_END"":""202606140427"",""PROD_ID"":""202606140413-KSGF-WFUS53-TORSGF"",""SIG"":""W"",""STATUS"":""NEW"",""TORNTAG"":""RADAR INDICATED"",""UPDATED"":""202606140413"",""VTEC_YR"":""2026"",""WFO"":""SGF"",""WINDTAG"":null},""iem_significance"":""W"",""iem_tornadotag"":""RADAR INDICATED"",""iem_ugc"":"""",""iem_wfo"":""SGF"",""iem_windtag"":"""",""senderName"":""SGF"",""status"":""NEW""},""type"":""Feature""}",2026-04-27T17:31:58Z,2026-07-09T05:15:02Z,2026-07-09T18:49:04Z
8534,iem_watchwarn,iem_watchwarn|SGF|275|SV|W|2026-06-14T04:15:00Z|2026-06-14T05:00:00Z|,Severe Thunderstorm Warning,,2026-06-14T04:15:00Z,2026-06-14T05:00:00Z,SGF,NEW,1,"{""coordinates"":[[[-94.62,37.35],[-94.41,37.36],[-94.1,37.35],[-94.09,37.34],[-94.08,37.3],[-94.05,37.29],[-94.06,37.05],[-94.57,37.05],[-94.62,37.06],[-94.62,37.35]]],""type"":""Polygon""}","{""_map_py"":{""effective"":""2026-06-14T04:15:00Z"",""event"":""Severe Thunderstorm Warning"",""expires"":""2026-06-14T05:00:00Z"",""has_polygon"":true,""headline"":"""",""sender"":""SGF""},""effective"":""2026-06-14T04:15:00Z"",""event"":""Severe Thunderstorm Warning"",""expires"":""2026-06-14T05:00:00Z"",""headline"":"""",""iem_damagetag"":""CONSIDERABLE"",""iem_emergency"":""False"",""iem_event_id"":""275"",""iem_forecaster"":""Price"",""iem_gtype"":""P"",""iem_hailtag"":""0.75"",""iem_phenomena"":""SV"",""iem_raw_properties"":{""AREA_KM2"":""1674.92541083459"",""DAMAGTAG"":""CONSIDERABLE"",""EMERGENC"":""False"",""ETN"":""275"",""EXPIRED"":""202606140500"",""FCSTER"":""Price"",""GTYPE"":""P"",""HAILTAG"":""0.75"",""HV_CAUSE"":null,""HV_NWSLI"":null,""HV_REC"":null,""HV_SEV"":null,""INIT_EXP"":""202606140500"",""INIT_ISS"":""202606140415"",""ISSUED"":""202606140415"",""NWS_UGC"":null,""PHENOM"":""SV"",""POLY_BEG"":""202606140415"",""POLY_END"":""202606140500"",""PROD_ID"":""202606140415-KSGF-WUUS53-SVRSGF"",""SIG"":""W"",""STATUS"":""NEW"",""TORNTAG"":null,""UPDATED"":""202606140415"",""VTEC_YR"":""2026"",""WFO"":""SGF"",""WINDTAG"":""70.0""},""iem_significance"":""W"",""iem_tornadotag"":"""",""iem_ugc"":"""",""iem_wfo"":""SGF"",""iem_windtag"":""70.0"",""senderName"":""SGF"",""status"":""NEW""}","{""geometry"":{""coordinates"":[[[-94.62,37.35],[-94.41,37.36],[-94.1,37.35],[-94.09,37.34],[-94.08,37.3],[-94.05,37.29],[-94.06,37.05],[-94.57,37.05],[-94.62,37.06],[-94.62,37.35]]],""type"":""Polygon""},""properties"":{""_map_py"":{""effective"":""2026-06-14T04:15:00Z"",""event"":""Severe Thunderstorm Warning"",""expires"":""2026-06-14T05:00:00Z"",""has_polygon"":true,""headline"":"""",""sender"":""SGF""},""effective"":""2026-06-14T04:15:00Z"",""event"":""Severe Thunderstorm Warning"",""expires"":""2026-06-14T05:00:00Z"",""headline"":"""",""iem_damagetag"":""CONSIDERABLE"",""iem_emergency"":""False"",""iem_event_id"":""275"",""iem_forecaster"":""Price"",""iem_gtype"":""P"",""iem_hailtag"":""0.75"",""iem_phenomena"":""SV"",""iem_raw_properties"":{""AREA_KM2"":""1674.92541083459"",""DAMAGTAG"":""CONSIDERABLE"",""EMERGENC"":""False"",""ETN"":""275"",""EXPIRED"":""202606140500"",""FCSTER"":""Price"",""GTYPE"":""P"",""HAILTAG"":""0.75"",""HV_CAUSE"":null,""HV_NWSLI"":null,""HV_REC"":null,""HV_SEV"":null,""INIT_EXP"":""202606140500"",""INIT_ISS"":""202606140415"",""ISSUED"":""202606140415"",""NWS_UGC"":null,""PHENOM"":""SV"",""POLY_BEG"":""202606140415"",""POLY_END"":""202606140500"",""PROD_ID"":""202606140415-KSGF-WUUS53-SVRSGF"",""SIG"":""W"",""STATUS"":""NEW"",""TORNTAG"":null,""UPDATED"":""202606140415"",""VTEC_YR"":""2026"",""WFO"":""SGF"",""WINDTAG"":""70.0""},""iem_significance"":""W"",""iem_tornadotag"":"""",""iem_ugc"":"""",""iem_wfo"":""SGF"",""iem_windtag"":""70.0"",""senderName"":""SGF"",""status"":""NEW""},""type"":""Feature""}",2026-04-27T17:31:58Z,2026-07-09T05:15:02Z,2026-07-09T18:49:04Z
1146,iem_watchwarn,iem_watchwarn|SGF|276|SV|W|2026-06-14T04:17:00Z|2026-06-14T05:15:00Z|,Severe Thunderstorm Warning,,2026-06-14T04:17:00Z,2026-06-14T05:15:00Z,SGF,NEW,1,"{""coordinates"":[[[-94.62,36.5],[-94.62,36.76],[-94.07,36.75],[-94.07,36.5],[-94.62,36.5]]],""type"":""Polygon""}","{""_map_py"":{""effective"":""2026-06-14T04:17:00Z"",""event"":""Severe Thunderstorm Warning"",""expires"":""2026-06-14T05:15:00Z"",""has_polygon"":true,""headline"":"""",""sender"":""SGF""},""effective"":""2026-06-14T04:17:00Z"",""event"":""Severe Thunderstorm Warning"",""expires"":""2026-06-14T05:15:00Z"",""headline"":"""",""iem_damagetag"":""CONSIDERABLE"",""iem_emergency"":""False"",""iem_event_id"":""276"",""iem_forecaster"":""Price"",""iem_gtype"":""P"",""iem_hailtag"":""0.75"",""iem_phenomena"":""SV"",""iem_raw_properties"":{""AREA_KM2"":""1391.638266723681"",""DAMAGTAG"":""CONSIDERABLE"",""EMERGENC"":""False"",""ETN"":""276"",""EXPIRED"":""202606140515"",""FCSTER"":""Price"",""GTYPE"":""P"",""HAILTAG"":""0.75"",""HV_CAUSE"":null,""HV_NWSLI"":null,""HV_REC"":null,""HV_SEV"":null,""INIT_EXP"":""202606140515"",""INIT_ISS"":""202606140417"",""ISSUED"":""202606140417"",""NWS_UGC"":null,""PHENOM"":""SV"",""POLY_BEG"":""202606140417"",""POLY_END"":""202606140515"",""PROD_ID"":""202606140417-KSGF-WUUS53-SVRSGF"",""SIG"":""W"",""STATUS"":""NEW"",""TORNTAG"":null,""UPDATED"":""202606140417"",""VTEC_YR"":""2026"",""WFO"":""SGF"",""WINDTAG"":""70.0""},""iem_significance"":""W"",""iem_tornadotag"":"""",""iem_ugc"":"""",""iem_wfo"":""SGF"",""iem_windtag"":""70.0"",""senderName"":""SGF"",""status"":""NEW""}","{""geometry"":{""coordinates"":[[[-94.62,36.5],[-94.62,36.76],[-94.07,36.75],[-94.07,36.5],[-94.62,36.5]]],""type"":""Polygon""},""properties"":{""_map_py"":{""effective"":""2026-06-14T04:17:00Z"",""event"":""Severe Thunderstorm Warning"",""expires"":""2026-06-14T05:15:00Z"",""has_polygon"":true,""headline"":"""",""sender"":""SGF""},""effective"":""2026-06-14T04:17:00Z"",""event"":""Severe Thunderstorm Warning"",""expires"":""2026-06-14T05:15:00Z"",""headline"":"""",""iem_damagetag"":""CONSIDERABLE"",""iem_emergency"":""False"",""iem_event_id"":""276"",""iem_forecaster"":""Price"",""iem_gtype"":""P"",""iem_hailtag"":""0.75"",""iem_phenomena"":""SV"",""iem_raw_properties"":{""AREA_KM2"":""1391.638266723681"",""DAMAGTAG"":""CONSIDERABLE"",""EMERGENC"":""False"",""ETN"":""276"",""EXPIRED"":""202606140515"",""FCSTER"":""Price"",""GTYPE"":""P"",""HAILTAG"":""0.75"",""HV_CAUSE"":null,""HV_NWSLI"":null,""HV_REC"":null,""HV_SEV"":null,""INIT_EXP"":""202606140515"",""INIT_ISS"":""202606140417"",""ISSUED"":""202606140417"",""NWS_UGC"":null,""PHENOM"":""SV"",""POLY_BEG"":""202606140417"",""POLY_END"":""202606140515"",""PROD_ID"":""202606140417-KSGF-WUUS53-SVRSGF"",""SIG"":""W"",""STATUS"":""NEW"",""TORNTAG"":null,""UPDATED"":""202606140417"",""VTEC_YR"":""2026"",""WFO"":""SGF"",""WINDTAG"":""70.0""},""iem_significance"":""W"",""iem_tornadotag"":"""",""iem_ugc"":"""",""iem_wfo"":""SGF"",""iem_windtag"":""70.0"",""senderName"":""SGF"",""status"":""NEW""},""type"":""Feature""}",2026-04-27T17:31:58Z,2026-07-09T05:15:02Z,2026-07-09T18:49:04Z
11282,iem_watchwarn,iem_watchwarn|LSX|182|SV|W|2026-06-14T04:21:00Z|2026-06-14T05:01:00Z|,Severe Thunderstorm Warning,,2026-06-14T04:21:00Z,2026-06-14T05:01:00Z,LSX,NEW,1,"{""coordinates"":[[[-92.41,38.76],[-92.38,38.79],[-92.38,38.82],[-92.44,38.83],[-92.48,38.88],[-92.48,38.91],[-92.57,38.98],[-92.5,39.12],[-92.11,39.12],[-92.17,38.9],[-92.15,38.88],[-92.16,38.87],[-92.15,38.87],[-92.15,38.82],[-92.14,38.82],[-92.16,38.77],[-92.23,38.7],[-92.22,38.64],[-92.36,38.69],[-92.34,38.71],[-92.41,38.76]]],""type"":""Polygon""}","{""_map_py"":{""effective"":""2026-06-14T04:21:00Z"",""event"":""Severe Thunderstorm Warning"",""expires"":""2026-06-14T05:01:00Z"",""has_polygon"":true,""headline"":"""",""sender"":""LSX""},""effective"":""2026-06-14T04:21:00Z"",""event"":""Severe Thunderstorm Warning"",""expires"":""2026-06-14T05:01:00Z"",""headline"":"""",""iem_damagetag"":"""",""iem_emergency"":""False"",""iem_event_id"":""182"",""iem_forecaster"":""Brown"",""iem_gtype"":""P"",""iem_hailtag"":""1.0"",""iem_phenomena"":""SV"",""iem_raw_properties"":{""AREA_KM2"":""1336.7354371830208"",""DAMAGTAG"":null,""EMERGENC"":""False"",""ETN"":""182"",""EXPIRED"":""202606140501"",""FCSTER"":""Brown"",""GTYPE"":""P"",""HAILTAG"":""1.0"",""HV_CAUSE"":null,""HV_NWSLI"":null,""HV_REC"":null,""HV_SEV"":null,""INIT_EXP"":""202606140515"",""INIT_ISS"":""202606140421"",""ISSUED"":""202606140421"",""NWS_UGC"":null,""PHENOM"":""SV"",""POLY_BEG"":""202606140421"",""POLY_END"":""202606140446"",""PROD_ID"":""202606140421-KLSX-WUUS53-SVRLSX"",""SIG"":""W"",""STATUS"":""NEW"",""TORNTAG"":null,""UPDATED"":""202606140421"",""VTEC_YR"":""2026"",""WFO"":""LSX"",""WINDTAG"":""60.0""},""iem_significance"":""W"",""iem_tornadotag"":"""",""iem_ugc"":"""",""iem_wfo"":""LSX"",""iem_windtag"":""60.0"",""senderName"":""LSX"",""status"":""NEW""}","{""geometry"":{""coordinates"":[[[-92.41,38.76],[-92.38,38.79],[-92.38,38.82],[-92.44,38.83],[-92.48,38.88],[-92.48,38.91],[-92.57,38.98],[-92.5,39.12],[-92.11,39.12],[-92.17,38.9],[-92.15,38.88],[-92.16,38.87],[-92.15,38.87],[-92.15,38.82],[-92.14,38.82],[-92.16,38.77],[-92.23,38.7],[-92.22,38.64],[-92.36,38.69],[-92.34,38.71],[-92.41,38.76]]],""type"":""Polygon""},""properties"":{""_map_py"":{""effective"":""2026-06-14T04:21:00Z"",""event"":""Severe Thunderstorm Warning"",""expires"":""2026-06-14T05:01:00Z"",""has_polygon"":true,""headline"":"""",""sender"":""LSX""},""effective"":""2026-06-14T04:21:00Z"",""event"":""Severe Thunderstorm Warning"",""expires"":""2026-06-14T05:01:00Z"",""headline"":"""",""iem_damagetag"":"""",""iem_emergency"":""False"",""iem_event_id"":""182"",""iem_forecaster"":""Brown"",""iem_gtype"":""P"",""iem_hailtag"":""1.0"",""iem_phenomena"":""SV"",""iem_raw_properties"":{""AREA_KM2"":""1336.7354371830208"",""DAMAGTAG"":null,""EMERGENC"":""False"",""ETN"":""182"",""EXPIRED"":""202606140501"",""FCSTER"":""Brown"",""GTYPE"":""P"",""HAILTAG"":""1.0"",""HV_CAUSE"":null,""HV_NWSLI"":null,""HV_REC"":null,""HV_SEV"":null,""INIT_EXP"":""202606140515"",""INIT_ISS"":""202606140421"",""ISSUED"":""202606140421"",""NWS_UGC"":null,""PHENOM"":""SV"",""POLY_BEG"":""202606140421"",""POLY_END"":""202606140446"",""PROD_ID"":""202606140421-KLSX-WUUS53-SVRLSX"",""SIG"":""W"",""STATUS"":""NEW"",""TORNTAG"":null,""UPDATED"":""202606140421"",""VTEC_YR"":""2026"",""WFO"":""LSX"",""WINDTAG"":""60.0""},""iem_significance"":""W"",""iem_tornadotag"":"""",""iem_ugc"":"""",""iem_wfo"":""LSX"",""iem_windtag"":""60.0"",""senderName"":""LSX"",""status"":""NEW""},""type"":""Feature""}",2026-04-27T17:31:58Z,2026-07-09T05:15:02Z,2026-07-09T18:49:04Z
8900,iem_watchwarn,iem_watchwarn|SGF|277|SV|W|2026-06-14T04:26:00Z|2026-06-14T05:30:00Z|,Severe Thunderstorm Warning,,2026-06-14T04:26:00Z,2026-06-14T05:30:00Z,SGF,NEW,1,"{""coordinates"":[[[-94.07,36.51],[-94.05,37.29],[-94.08,37.3],[-94.08,37.36],[-93.62,37.37],[-93.63,37.28],[-93.62,37.28],[-93.61,36.83],[-93.57,36.8],[-93.59,36.5],[-94.07,36.51]]],""type"":""Polygon""}","{""_map_py"":{""effective"":""2026-06-14T04:26:00Z"",""event"":""Severe Thunderstorm Warning"",""expires"":""2026-06-14T05:30:00Z"",""has_polygon"":true,""headline"":"""",""sender"":""SGF""},""effective"":""2026-06-14T04:26:00Z"",""event"":""Severe Thunderstorm Warning"",""expires"":""2026-06-14T05:30:00Z"",""headline"":"""",""iem_damagetag"":""CONSIDERABLE"",""iem_emergency"":""False"",""iem_event_id"":""277"",""iem_forecaster"":""Price"",""iem_gtype"":""P"",""iem_hailtag"":""0.75"",""iem_phenomena"":""SV"",""iem_raw_properties"":{""AREA_KM2"":""3898.2941393755254"",""DAMAGTAG"":""CONSIDERABLE"",""EMERGENC"":""False"",""ETN"":""277"",""EXPIRED"":""202606140530"",""FCSTER"":""Price"",""GTYPE"":""P"",""HAILTAG"":""0.75"",""HV_CAUSE"":null,""HV_NWSLI"":null,""HV_REC"":null,""HV_SEV"":null,""INIT_EXP"":""202606140530"",""INIT_ISS"":""202606140426"",""ISSUED"":""202606140426"",""NWS_UGC"":null,""PHENOM"":""SV"",""POLY_BEG"":""202606140426"",""POLY_END"":""202606140530"",""PROD_ID"":""202606140426-KSGF-WUUS53-SVRSGF"",""SIG"":""W"",""STATUS"":""NEW"",""TORNTAG"":null,""UPDATED"":""202606140426"",""VTEC_YR"":""2026"",""WFO"":""SGF"",""WINDTAG"":""70.0""},""iem_significance"":""W"",""iem_tornadotag"":"""",""iem_ugc"":"""",""iem_wfo"":""SGF"",""iem_windtag"":""70.0"",""senderName"":""SGF"",""status"":""NEW""}","{""geometry"":{""coordinates"":[[[-94.07,36.51],[-94.05,37.29],[-94.08,37.3],[-94.08,37.36],[-93.62,37.37],[-93.63,37.28],[-93.62,37.28],[-93.61,36.83],[-93.57,36.8],[-93.59,36.5],[-94.07,36.51]]],""type"":""Polygon""},""properties"":{""_map_py"":{""effective"":""2026-06-14T04:26:00Z"",""event"":""Severe Thunderstorm Warning"",""expires"":""2026-06-14T05:30:00Z"",""has_polygon"":true,""headline"":"""",""sender"":""SGF""},""effective"":""2026-06-14T04:26:00Z"",""event"":""Severe Thunderstorm Warning"",""expires"":""2026-06-14T05:30:00Z"",""headline"":"""",""iem_damagetag"":""CONSIDERABLE"",""iem_emergency"":""False"",""iem_event_id"":""277"",""iem_forecaster"":""Price"",""iem_gtype"":""P"",""iem_hailtag"":""0.75"",""iem_phenomena"":""SV"",""iem_raw_properties"":{""AREA_KM2"":""3898.2941393755254"",""DAMAGTAG"":""CONSIDERABLE"",""EMERGENC"":""False"",""ETN"":""277"",""EXPIRED"":""202606140530"",""FCSTER"":""Price"",""GTYPE"":""P"",""HAILTAG"":""0.75"",""HV_CAUSE"":null,""HV_NWSLI"":null,""HV_REC"":null,""HV_SEV"":null,""INIT_EXP"":""202606140530"",""INIT_ISS"":""202606140426"",""ISSUED"":""202606140426"",""NWS_UGC"":null,""PHENOM"":""SV"",""POLY_BEG"":""202606140426"",""POLY_END"":""202606140530"",""PROD_ID"":""202606140426-KSGF-WUUS53-SVRSGF"",""SIG"":""W"",""STATUS"":""NEW"",""TORNTAG"":null,""UPDATED"":""202606140426"",""VTEC_YR"":""2026"",""WFO"":""SGF"",""WINDTAG"":""70.0""},""iem_significance"":""W"",""iem_tornadotag"":"""",""iem_ugc"":"""",""iem_wfo"":""SGF"",""iem_windtag"":""70.0"",""senderName"":""SGF"",""status"":""NEW""},""type"":""Feature""}",2026-04-27T17:31:58Z,2026-07-09T05:15:02Z,2026-07-09T18:49:04Z
9665,iem_watchwarn,iem_watchwarn|OUN|576|SV|W|2026-06-14T04:30:00Z|2026-06-14T05:15:00Z|,Severe Thunderstorm Warning,,2026-06-14T04:30:00Z,2026-06-14T05:15:00Z,OUN,NEW,1,"{""coordinates"":[[[-97.03,36.44],[-97.03,36.33],[-96.92,36.33],[-96.92,36.25],[-96.82,36.24],[-96.82,36.16],[-96.66,36.16],[-96.62,36.13],[-96.62,36.08],[-97.8,36.08],[-97.96,36.41],[-97.11,36.5],[-97.03,36.44]]],""type"":""Polygon""}","{""_map_py"":{""effective"":""2026-06-14T04:30:00Z"",""event"":""Severe Thunderstorm Warning"",""expires"":""2026-06-14T05:15:00Z"",""has_polygon"":true,""headline"":"""",""sender"":""OUN""},""effective"":""2026-06-14T04:30:00Z"",""event"":""Severe Thunderstorm Warning"",""expires"":""2026-06-14T05:15:00Z"",""headline"":"""",""iem_damagetag"":"""",""iem_emergency"":""False"",""iem_event_id"":""576"",""iem_forecaster"":""Meister"",""iem_gtype"":""P"",""iem_hailtag"":""0.75"",""iem_phenomena"":""SV"",""iem_raw_properties"":{""AREA_KM2"":""3809.4556302507167"",""DAMAGTAG"":null,""EMERGENC"":""False"",""ETN"":""576"",""EXPIRED"":""202606140515"",""FCSTER"":""Meister"",""GTYPE"":""P"",""HAILTAG"":""0.75"",""HV_CAUSE"":null,""HV_NWSLI"":null,""HV_REC"":null,""HV_SEV"":null,""INIT_EXP"":""202606140515"",""INIT_ISS"":""202606140430"",""ISSUED"":""202606140430"",""NWS_UGC"":null,""PHENOM"":""SV"",""POLY_BEG"":""202606140430"",""POLY_END"":""202606140449"",""PROD_ID"":""202606140430-KOUN-WUUS54-SVROUN"",""SIG"":""W"",""STATUS"":""NEW"",""TORNTAG"":null,""UPDATED"":""202606140430"",""VTEC_YR"":""2026"",""WFO"":""OUN"",""WINDTAG"":""60.0""},""iem_significance"":""W"",""iem_tornadotag"":"""",""iem_ugc"":"""",""iem_wfo"":""OUN"",""iem_windtag"":""60.0"",""senderName"":""OUN"",""status"":""NEW""}","{""geometry"":{""coordinates"":[[[-97.03,36.44],[-97.03,36.33],[-96.92,36.33],[-96.92,36.25],[-96.82,36.24],[-96.82,36.16],[-96.66,36.16],[-96.62,36.13],[-96.62,36.08],[-97.8,36.08],[-97.96,36.41],[-97.11,36.5],[-97.03,36.44]]],""type"":""Polygon""},""properties"":{""_map_py"":{""effective"":""2026-06-14T04:30:00Z"",""event"":""Severe Thunderstorm Warning"",""expires"":""2026-06-14T05:15:00Z"",""has_polygon"":true,""headline"":"""",""sender"":""OUN""},""effective"":""2026-06-14T04:30:00Z"",""event"":""Severe Thunderstorm Warning"",""expires"":""2026-06-14T05:15:00Z"",""headline"":"""",""iem_damagetag"":"""",""iem_emergency"":""False"",""iem_event_id"":""576"",""iem_forecaster"":""Meister"",""iem_gtype"":""P"",""iem_hailtag"":""0.75"",""iem_phenomena"":""SV"",""iem_raw_properties"":{""AREA_KM2"":""3809.4556302507167"",""DAMAGTAG"":null,""EMERGENC"":""False"",""ETN"":""576"",""EXPIRED"":""202606140515"",""FCSTER"":""Meister"",""GTYPE"":""P"",""HAILTAG"":""0.75"",""HV_CAUSE"":null,""HV_NWSLI"":null,""HV_REC"":null,""HV_SEV"":null,""INIT_EXP"":""202606140515"",""INIT_ISS"":""202606140430"",""ISSUED"":""202606140430"",""NWS_UGC"":null,""PHENOM"":""SV"",""POLY_BEG"":""202606140430"",""POLY_END"":""202606140449"",""PROD_ID"":""202606140430-KOUN-WUUS54-SVROUN"",""SIG"":""W"",""STATUS"":""NEW"",""TORNTAG"":null,""UPDATED"":""202606140430"",""VTEC_YR"":""2026"",""WFO"":""OUN"",""WINDTAG"":""60.0""},""iem_significance"":""W"",""iem_tornadotag"":"""",""iem_ugc"":"""",""iem_wfo"":""OUN"",""iem_windtag"":""60.0"",""senderName"":""OUN"",""status"":""NEW""},""type"":""Feature""}",2026-04-27T17:31:58Z,2026-07-09T05:15:02Z,2026-07-09T18:49:04Z
3496,iem_watchwarn,iem_watchwarn|SGF|61|TO|W|2026-06-14T04:39:00Z|2026-06-14T05:30:00Z|,Tornado Warning,,2026-06-14T04:39:00Z,2026-06-14T05:30:00Z,SGF,NEW,1,"{""coordinates"":[[[-93.75,36.92],[-94.27,36.97],[-94.28,37.14],[-93.61,37.2],[-93.61,36.92],[-93.75,36.92]]],""type"":""Polygon""}","{""_map_py"":{""effective"":""2026-06-14T04:39:00Z"",""event"":""Tornado Warning"",""expires"":""2026-06-14T05:30:00Z"",""has_polygon"":true,""headline"":"""",""sender"":""SGF""},""effective"":""2026-06-14T04:39:00Z"",""event"":""Tornado Warning"",""expires"":""2026-06-14T05:30:00Z"",""headline"":"""",""iem_damagetag"":"""",""iem_emergency"":""False"",""iem_event_id"":""61"",""iem_forecaster"":""Price"",""iem_gtype"":""P"",""iem_hailtag"":""0.75"",""iem_phenomena"":""TO"",""iem_raw_properties"":{""AREA_KM2"":""1512.4267567380505"",""DAMAGTAG"":null,""EMERGENC"":""False"",""ETN"":""61"",""EXPIRED"":""202606140530"",""FCSTER"":""Price"",""GTYPE"":""P"",""HAILTAG"":""0.75"",""HV_CAUSE"":null,""HV_NWSLI"":null,""HV_REC"":null,""HV_SEV"":null,""INIT_EXP"":""202606140530"",""INIT_ISS"":""202606140439"",""ISSUED"":""202606140439"",""NWS_UGC"":null,""PHENOM"":""TO"",""POLY_BEG"":""202606140439"",""POLY_END"":""202606140502"",""PROD_ID"":""202606140439-KSGF-WFUS53-TORSGF"",""SIG"":""W"",""STATUS"":""NEW"",""TORNTAG"":""RADAR INDICATED"",""UPDATED"":""202606140439"",""VTEC_YR"":""2026"",""WFO"":""SGF"",""WINDTAG"":null},""iem_significance"":""W"",""iem_tornadotag"":""RADAR INDICATED"",""iem_ugc"":"""",""iem_wfo"":""SGF"",""iem_windtag"":"""",""senderName"":""SGF"",""status"":""NEW""}","{""geometry"":{""coordinates"":[[[-93.75,36.92],[-94.27,36.97],[-94.28,37.14],[-93.61,37.2],[-93.61,36.92],[-93.75,36.92]]],""type"":""Polygon""},""properties"":{""_map_py"":{""effective"":""2026-06-14T04:39:00Z"",""event"":""Tornado Warning"",""expires"":""2026-06-14T05:30:00Z"",""has_polygon"":true,""headline"":"""",""sender"":""SGF""},""effective"":""2026-06-14T04:39:00Z"",""event"":""Tornado Warning"",""expires"":""2026-06-14T05:30:00Z"",""headline"":"""",""iem_damagetag"":"""",""iem_emergency"":""False"",""iem_event_id"":""61"",""iem_forecaster"":""Price"",""iem_gtype"":""P"",""iem_hailtag"":""0.75"",""iem_phenomena"":""TO"",""iem_raw_properties"":{""AREA_KM2"":""1512.4267567380505"",""DAMAGTAG"":null,""EMERGENC"":""False"",""ETN"":""61"",""EXPIRED"":""202606140530"",""FCSTER"":""Price"",""GTYPE"":""P"",""HAILTAG"":""0.75"",""HV_CAUSE"":null,""HV_NWSLI"":null,""HV_REC"":null,""HV_SEV"":null,""INIT_EXP"":""202606140530"",""INIT_ISS"":""202606140439"",""ISSUED"":""202606140439"",""NWS_UGC"":null,""PHENOM"":""TO"",""POLY_BEG"":""202606140439"",""POLY_END"":""202606140502"",""PROD_ID"":""202606140439-KSGF-WFUS53-TORSGF"",""SIG"":""W"",""STATUS"":""NEW"",""TORNTAG"":""RADAR INDICATED"",""UPDATED"":""202606140439"",""VTEC_YR"":""2026"",""WFO"":""SGF"",""WINDTAG"":null},""iem_significance"":""W"",""iem_tornadotag"":""RADAR INDICATED"",""iem_ugc"":"""",""iem_wfo"":""SGF"",""iem_windtag"":"""",""senderName"":""SGF"",""status"":""NEW""},""type"":""Feature""}",2026-04-27T17:31:58Z,2026-07-09T05:15:02Z,2026-07-09T18:49:04Z
6217,iem_watchwarn,iem_watchwarn|SGF|62|TO|W|2026-06-14T04:47:00Z|2026-06-14T05:15:00Z|,Tornado Warning,,2026-06-14T04:47:00Z,2026-06-14T05:15:00Z,SGF,NEW,1,"{""coordinates"":[[[-94.06,36.78],[-94.07,36.93],[-93.61,36.96],[-93.61,36.83],[-93.58,36.81],[-93.58,36.75],[-94.06,36.78]]],""type"":""Polygon""}","{""_map_py"":{""effective"":""2026-06-14T04:47:00Z"",""event"":""Tornado Warning"",""expires"":""2026-06-14T05:15:00Z"",""has_polygon"":true,""headline"":"""",""sender"":""SGF""},""effective"":""2026-06-14T04:47:00Z"",""event"":""Tornado Warning"",""expires"":""2026-06-14T05:15:00Z"",""headline"":"""",""iem_damagetag"":"""",""iem_emergency"":""False"",""iem_event_id"":""62"",""iem_forecaster"":""Price"",""iem_gtype"":""P"",""iem_hailtag"":""0.75"",""iem_phenomena"":""TO"",""iem_raw_properties"":{""AREA_KM2"":""826.4860791633391"",""DAMAGTAG"":null,""EMERGENC"":""False"",""ETN"":""62"",""EXPIRED"":""202606140515"",""FCSTER"":""Price"",""GTYPE"":""P"",""HAILTAG"":""0.75"",""HV_CAUSE"":null,""HV_NWSLI"":null,""HV_REC"":null,""HV_SEV"":null,""INIT_EXP"":""202606140515"",""INIT_ISS"":""202606140447"",""ISSUED"":""202606140447"",""NWS_UGC"":null,""PHENOM"":""TO"",""POLY_BEG"":""202606140447"",""POLY_END"":""202606140505"",""PROD_ID"":""202606140447-KSGF-WFUS53-TORSGF"",""SIG"":""W"",""STATUS"":""NEW"",""TORNTAG"":""RADAR INDICATED"",""UPDATED"":""202606140447"",""VTEC_YR"":""2026"",""WFO"":""SGF"",""WINDTAG"":null},""iem_significance"":""W"",""iem_tornadotag"":""RADAR INDICATED"",""iem_ugc"":"""",""iem_wfo"":""SGF"",""iem_windtag"":"""",""senderName"":""SGF"",""status"":""NEW""}","{""geometry"":{""coordinates"":[[[-94.06,36.78],[-94.07,36.93],[-93.61,36.96],[-93.61,36.83],[-93.58,36.81],[-93.58,36.75],[-94.06,36.78]]],""type"":""Polygon""},""properties"":{""_map_py"":{""effective"":""2026-06-14T04:47:00Z"",""event"":""Tornado Warning"",""expires"":""2026-06-14T05:15:00Z"",""has_polygon"":true,""headline"":"""",""sender"":""SGF""},""effective"":""2026-06-14T04:47:00Z"",""event"":""Tornado Warning"",""expires"":""2026-06-14T05:15:00Z"",""headline"":"""",""iem_damagetag"":"""",""iem_emergency"":""False"",""iem_event_id"":""62"",""iem_forecaster"":""Price"",""iem_gtype"":""P"",""iem_hailtag"":""0.75"",""iem_phenomena"":""TO"",""iem_raw_properties"":{""AREA_KM2"":""826.4860791633391"",""DAMAGTAG"":null,""EMERGENC"":""False"",""ETN"":""62"",""EXPIRED"":""202606140515"",""FCSTER"":""Price"",""GTYPE"":""P"",""HAILTAG"":""0.75"",""HV_CAUSE"":null,""HV_NWSLI"":null,""HV_REC"":null,""HV_SEV"":null,""INIT_EXP"":""202606140515"",""INIT_ISS"":""202606140447"",""ISSUED"":""202606140447"",""NWS_UGC"":null,""PHENOM"":""TO"",""POLY_BEG"":""202606140447"",""POLY_END"":""202606140505"",""PROD_ID"":""202606140447-KSGF-WFUS53-TORSGF"",""SIG"":""W"",""STATUS"":""NEW"",""TORNTAG"":""RADAR INDICATED"",""UPDATED"":""202606140447"",""VTEC_YR"":""2026"",""WFO"":""SGF"",""WINDTAG"":null},""iem_significance"":""W"",""iem_tornadotag"":""RADAR INDICATED"",""iem_ugc"":"""",""iem_wfo"":""SGF"",""iem_windtag"":"""",""senderName"":""SGF"",""status"":""NEW""},""type"":""Feature""}",2026-04-27T17:31:58Z,2026-07-09T05:15:02Z,2026-07-09T18:49:04Z
10372,iem_watchwarn,iem_watchwarn|SGF|278|SV|W|2026-06-14T04:47:00Z|2026-06-14T05:45:00Z|,Severe Thunderstorm Warning,,2026-06-14T04:47:00Z,2026-06-14T05:45:00Z,SGF,NEW,1,"{""coordinates"":[[[-93.61,37.1],[-93.61,37.28],[-93.63,37.28],[-93.62,37.37],[-93.87,37.37],[-93.69,37.48],[-93.65,37.57],[-93.62,37.58],[-93.61,37.65],[-93.19,37.57],[-93.08,37.5],[-93.08,37.27],[-93.06,37.27],[-93.07,37.09],[-93.61,37.1]]],""type"":""Polygon""}","{""_map_py"":{""effective"":""2026-06-14T04:47:00Z"",""event"":""Severe Thunderstorm Warning"",""expires"":""2026-06-14T05:45:00Z"",""has_polygon"":true,""headline"":"""",""sender"":""SGF""},""effective"":""2026-06-14T04:47:00Z"",""event"":""Severe Thunderstorm Warning"",""expires"":""2026-06-14T05:45:00Z"",""headline"":"""",""iem_damagetag"":"""",""iem_emergency"":""False"",""iem_event_id"":""278"",""iem_forecaster"":""Perez"",""iem_gtype"":""P"",""iem_hailtag"":""0.75"",""iem_phenomena"":""SV"",""iem_raw_properties"":{""AREA_KM2"":""2883.03628387325"",""DAMAGTAG"":null,""EMERGENC"":""False"",""ETN"":""278"",""EXPIRED"":""202606140545"",""FCSTER"":""Perez"",""GTYPE"":""P"",""HAILTAG"":""0.75"",""HV_CAUSE"":null,""HV_NWSLI"":null,""HV_REC"":null,""HV_SEV"":null,""INIT_EXP"":""202606140545"",""INIT_ISS"":""202606140447"",""ISSUED"":""202606140447"",""NWS_UGC"":null,""PHENOM"":""SV"",""POLY_BEG"":""202606140447"",""POLY_END"":""202606140514"",""PROD_ID"":""202606140447-KSGF-WUUS53-SVRSGF"",""SIG"":""W"",""STATUS"":""NEW"",""TORNTAG"":null,""UPDATED"":""202606140447"",""VTEC_YR"":""2026"",""WFO"":""SGF"",""WINDTAG"":""60.0""},""iem_significance"":""W"",""iem_tornadotag"":"""",""iem_ugc"":"""",""iem_wfo"":""SGF"",""iem_windtag"":""60.0"",""senderName"":""SGF"",""status"":""NEW""}","{""geometry"":{""coordinates"":[[[-93.61,37.1],[-93.61,37.28],[-93.63,37.28],[-93.62,37.37],[-93.87,37.37],[-93.69,37.48],[-93.65,37.57],[-93.62,37.58],[-93.61,37.65],[-93.19,37.57],[-93.08,37.5],[-93.08,37.27],[-93.06,37.27],[-93.07,37.09],[-93.61,37.1]]],""type"":""Polygon""},""properties"":{""_map_py"":{""effective"":""2026-06-14T04:47:00Z"",""event"":""Severe Thunderstorm Warning"",""expires"":""2026-06-14T05:45:00Z"",""has_polygon"":true,""headline"":"""",""sender"":""SGF""},""effective"":""2026-06-14T04:47:00Z"",""event"":""Severe Thunderstorm Warning"",""expires"":""2026-06-14T05:45:00Z"",""headline"":"""",""iem_damagetag"":"""",""iem_emergency"":""False"",""iem_event_id"":""278"",""iem_forecaster"":""Perez"",""iem_gtype"":""P"",""iem_hailtag"":""0.75"",""iem_phenomena"":""SV"",""iem_raw_properties"":{""AREA_KM2"":""2883.03628387325"",""DAMAGTAG"":null,""EMERGENC"":""False"",""ETN"":""278"",""EXPIRED"":""202606140545"",""FCSTER"":""Perez"",""GTYPE"":""P"",""HAILTAG"":""0.75"",""HV_CAUSE"":null,""HV_NWSLI"":null,""HV_REC"":null,""HV_SEV"":null,""INIT_EXP"":""202606140545"",""INIT_ISS"":""202606140447"",""ISSUED"":""202606140447"",""NWS_UGC"":null,""PHENOM"":""SV"",""POLY_BEG"":""202606140447"",""POLY_END"":""202606140514"",""PROD_ID"":""202606140447-KSGF-WUUS53-SVRSGF"",""SIG"":""W"",""STATUS"":""NEW"",""TORNTAG"":null,""UPDATED"":""202606140447"",""VTEC_YR"":""2026"",""WFO"":""SGF"",""WINDTAG"":""60.0""},""iem_significance"":""W"",""iem_tornadotag"":"""",""iem_ugc"":"""",""iem_wfo"":""SGF"",""iem_windtag"":""60.0"",""senderName"":""SGF"",""status"":""NEW""},""type"":""Feature""}",2026-04-27T17:31:58Z,2026-07-09T05:15:02Z,2026-07-09T18:49:04Z
9656,iem_watchwarn,iem_watchwarn|TSA|266|SV|W|2026-06-14T04:52:00Z|2026-06-14T05:30:00Z|,Severe Thunderstorm Warning,,2026-06-14T04:52:00Z,2026-06-14T05:30:00Z,TSA,NEW,1,"{""coordinates"":[[[-93.62,36.13],[-94.38,35.76],[-95.48,35.88],[-95.81,36.72],[-94.78,36.65],[-94.62,36.67],[-94.62,36.5],[-93.94,36.5],[-93.86,36.41],[-93.89,36.38],[-93.87,36.34],[-93.77,36.3],[-93.62,36.13]]],""type"":""Polygon""}","{""_map_py"":{""effective"":""2026-06-14T04:52:00Z"",""event"":""Severe Thunderstorm Warning"",""expires"":""2026-06-14T05:30:00Z"",""has_polygon"":true,""headline"":"""",""sender"":""TSA""},""effective"":""2026-06-14T04:52:00Z"",""event"":""Severe Thunderstorm Warning"",""expires"":""2026-06-14T05:30:00Z"",""headline"":"""",""iem_damagetag"":"""",""iem_emergency"":""False"",""iem_event_id"":""266"",""iem_forecaster"":""Mejia"",""iem_gtype"":""P"",""iem_hailtag"":""0.75"",""iem_phenomena"":""SV"",""iem_raw_properties"":{""AREA_KM2"":""13830.53653002598"",""DAMAGTAG"":null,""EMERGENC"":""False"",""ETN"":""266"",""EXPIRED"":""202606140530"",""FCSTER"":""Mejia"",""GTYPE"":""P"",""HAILTAG"":""0.75"",""HV_CAUSE"":null,""HV_NWSLI"":null,""HV_REC"":null,""HV_SEV"":null,""INIT_EXP"":""202606140530"",""INIT_ISS"":""202606140452"",""ISSUED"":""202606140452"",""NWS_UGC"":null,""PHENOM"":""SV"",""POLY_BEG"":""202606140452"",""POLY_END"":""202606140514"",""PROD_ID"":""202606140452-KTSA-WUUS54-SVRTSA"",""SIG"":""W"",""STATUS"":""NEW"",""TORNTAG"":null,""UPDATED"":""202606140452"",""VTEC_YR"":""2026"",""WFO"":""TSA"",""WINDTAG"":""60.0""},""iem_significance"":""W"",""iem_tornadotag"":"""",""iem_ugc"":"""",""iem_wfo"":""TSA"",""iem_windtag"":""60.0"",""senderName"":""TSA"",""status"":""NEW""}","{""geometry"":{""coordinates"":[[[-93.62,36.13],[-94.38,35.76],[-95.48,35.88],[-95.81,36.72],[-94.78,36.65],[-94.62,36.67],[-94.62,36.5],[-93.94,36.5],[-93.86,36.41],[-93.89,36.38],[-93.87,36.34],[-93.77,36.3],[-93.62,36.13]]],""type"":""Polygon""},""properties"":{""_map_py"":{""effective"":""2026-06-14T04:52:00Z"",""event"":""Severe Thunderstorm Warning"",""expires"":""2026-06-14T05:30:00Z"",""has_polygon"":true,""headline"":"""",""sender"":""TSA""},""effective"":""2026-06-14T04:52:00Z"",""event"":""Severe Thunderstorm Warning"",""expires"":""2026-06-14T05:30:00Z"",""headline"":"""",""iem_damagetag"":"""",""iem_emergency"":""False"",""iem_event_id"":""266"",""iem_forecaster"":""Mejia"",""iem_gtype"":""P"",""iem_hailtag"":""0.75"",""iem_phenomena"":""SV"",""iem_raw_properties"":{""AREA_KM2"":""13830.53653002598"",""DAMAGTAG"":null,""EMERGENC"":""False"",""ETN"":""266"",""EXPIRED"":""202606140530"",""FCSTER"":""Mejia"",""GTYPE"":""P"",""HAILTAG"":""0.75"",""HV_CAUSE"":null,""HV_NWSLI"":null,""HV_REC"":null,""HV_SEV"":null,""INIT_EXP"":""202606140530"",""INIT_ISS"":""202606140452"",""ISSUED"":""202606140452"",""NWS_UGC"":null,""PHENOM"":""SV"",""POLY_BEG"":""202606140452"",""POLY_END"":""202606140514"",""PROD_ID"":""202606140452-KTSA-WUUS54-SVRTSA"",""SIG"":""W"",""STATUS"":""NEW"",""TORNTAG"":null,""UPDATED"":""202606140452"",""VTEC_YR"":""2026"",""WFO"":""TSA"",""WINDTAG"":""60.0""},""iem_significance"":""W"",""iem_tornadotag"":"""",""iem_ugc"":"""",""iem_wfo"":""TSA"",""iem_windtag"":""60.0"",""senderName"":""TSA"",""status"":""NEW""},""type"":""Feature""}",2026-04-27T17:31:58Z,2026-07-09T05:15:02Z,2026-07-09T18:49:04Z
4938,iem_watchwarn,iem_watchwarn|SGF|63|TO|W|2026-06-14T04:54:00Z|2026-06-14T05:30:00Z|,Tornado Warning,,2026-06-14T04:54:00Z,2026-06-14T05:30:00Z,SGF,NEW,1,"{""coordinates"":[[[-94.04,36.59],[-93.97,36.78],[-93.58,36.77],[-93.58,36.66],[-93.59,36.58],[-94.04,36.59]]],""type"":""Polygon""}","{""_map_py"":{""effective"":""2026-06-14T04:54:00Z"",""event"":""Tornado Warning"",""expires"":""2026-06-14T05:30:00Z"",""has_polygon"":true,""headline"":"""",""sender"":""SGF""},""effective"":""2026-06-14T04:54:00Z"",""event"":""Tornado Warning"",""expires"":""2026-06-14T05:30:00Z"",""headline"":"""",""iem_damagetag"":"""",""iem_emergency"":""False"",""iem_event_id"":""63"",""iem_forecaster"":""Price"",""iem_gtype"":""P"",""iem_hailtag"":""0.75"",""iem_phenomena"":""TO"",""iem_raw_properties"":{""AREA_KM2"":""800.5390662059478"",""DAMAGTAG"":null,""EMERGENC"":""False"",""ETN"":""63"",""EXPIRED"":""202606140530"",""FCSTER"":""Price"",""GTYPE"":""P"",""HAILTAG"":""0.75"",""HV_CAUSE"":null,""HV_NWSLI"":null,""HV_REC"":null,""HV_SEV"":null,""INIT_EXP"":""202606140530"",""INIT_ISS"":""202606140454"",""ISSUED"":""202606140454"",""NWS_UGC"":null,""PHENOM"":""TO"",""POLY_BEG"":""202606140454"",""POLY_END"":""202606140506"",""PROD_ID"":""202606140454-KSGF-WFUS53-TORSGF"",""SIG"":""W"",""STATUS"":""NEW"",""TORNTAG"":""RADAR INDICATED"",""UPDATED"":""202606140454"",""VTEC_YR"":""2026"",""WFO"":""SGF"",""WINDTAG"":null},""iem_significance"":""W"",""iem_tornadotag"":""RADAR INDICATED"",""iem_ugc"":"""",""iem_wfo"":""SGF"",""iem_windtag"":"""",""senderName"":""SGF"",""status"":""NEW""}","{""geometry"":{""coordinates"":[[[-94.04,36.59],[-93.97,36.78],[-93.58,36.77],[-93.58,36.66],[-93.59,36.58],[-94.04,36.59]]],""type"":""Polygon""},""properties"":{""_map_py"":{""effective"":""2026-06-14T04:54:00Z"",""event"":""Tornado Warning"",""expires"":""2026-06-14T05:30:00Z"",""has_polygon"":true,""headline"":"""",""sender"":""SGF""},""effective"":""2026-06-14T04:54:00Z"",""event"":""Tornado Warning"",""expires"":""2026-06-14T05:30:00Z"",""headline"":"""",""iem_damagetag"":"""",""iem_emergency"":""False"",""iem_event_id"":""63"",""iem_forecaster"":""Price"",""iem_gtype"":""P"",""iem_hailtag"":""0.75"",""iem_phenomena"":""TO"",""iem_raw_properties"":{""AREA_KM2"":""800.5390662059478"",""DAMAGTAG"":null,""EMERGENC"":""False"",""ETN"":""63"",""EXPIRED"":""202606140530"",""FCSTER"":""Price"",""GTYPE"":""P"",""HAILTAG"":""0.75"",""HV_CAUSE"":null,""HV_NWSLI"":null,""HV_REC"":null,""HV_SEV"":null,""INIT_EXP"":""202606140530"",""INIT_ISS"":""202606140454"",""ISSUED"":""202606140454"",""NWS_UGC"":null,""PHENOM"":""TO"",""POLY_BEG"":""202606140454"",""POLY_END"":""202606140506"",""PROD_ID"":""202606140454-KSGF-WFUS53-TORSGF"",""SIG"":""W"",""STATUS"":""NEW"",""TORNTAG"":""RADAR INDICATED"",""UPDATED"":""202606140454"",""VTEC_YR"":""2026"",""WFO"":""SGF"",""WINDTAG"":null},""iem_significance"":""W"",""iem_tornadotag"":""RADAR INDICATED"",""iem_ugc"":"""",""iem_wfo"":""SGF"",""iem_windtag"":"""",""senderName"":""SGF"",""status"":""NEW""},""type"":""Feature""}",2026-04-27T17:31:58Z,2026-07-09T05:15:02Z,2026-07-09T18:49:04Z
4229,iem_watchwarn,iem_watchwarn|SGF|279|SV|W|2026-06-14T04:58:00Z|2026-06-14T06:00:00Z|,Severe Thunderstorm Warning,,2026-06-14T04:58:00Z,2026-06-14T06:00:00Z,SGF,NEW,1,"{""coordinates"":[[[-94.44,36.51],[-94.17,36.86],[-94.25,37.12],[-92.9,37.08],[-92.91,36.5],[-94.44,36.51]]],""type"":""Polygon""}","{""_map_py"":{""effective"":""2026-06-14T04:58:00Z"",""event"":""Severe Thunderstorm Warning"",""expires"":""2026-06-14T06:00:00Z"",""has_polygon"":true,""headline"":"""",""sender"":""SGF""},""effective"":""2026-06-14T04:58:00Z"",""event"":""Severe Thunderstorm Warning"",""expires"":""2026-06-14T06:00:00Z"",""headline"":"""",""iem_damagetag"":""CONSIDERABLE"",""iem_emergency"":""False"",""iem_event_id"":""279"",""iem_forecaster"":""Price"",""iem_gtype"":""P"",""iem_hailtag"":""0.75"",""iem_phenomena"":""SV"",""iem_raw_properties"":{""AREA_KM2"":""8013.168744604348"",""DAMAGTAG"":""CONSIDERABLE"",""EMERGENC"":""False"",""ETN"":""279"",""EXPIRED"":""202606140600"",""FCSTER"":""Price"",""GTYPE"":""P"",""HAILTAG"":""0.75"",""HV_CAUSE"":null,""HV_NWSLI"":null,""HV_REC"":null,""HV_SEV"":null,""INIT_EXP"":""202606140600"",""INIT_ISS"":""202606140458"",""ISSUED"":""202606140458"",""NWS_UGC"":null,""PHENOM"":""SV"",""POLY_BEG"":""202606140458"",""POLY_END"":""202606140510"",""PROD_ID"":""202606140458-KSGF-WUUS53-SVRSGF"",""SIG"":""W"",""STATUS"":""NEW"",""TORNTAG"":null,""UPDATED"":""202606140458"",""VTEC_YR"":""2026"",""WFO"":""SGF"",""WINDTAG"":""70.0""},""iem_significance"":""W"",""iem_tornadotag"":"""",""iem_ugc"":"""",""iem_wfo"":""SGF"",""iem_windtag"":""70.0"",""senderName"":""SGF"",""status"":""NEW""}","{""geometry"":{""coordinates"":[[[-94.44,36.51],[-94.17,36.86],[-94.25,37.12],[-92.9,37.08],[-92.91,36.5],[-94.44,36.51]]],""type"":""Polygon""},""properties"":{""_map_py"":{""effective"":""2026-06-14T04:58:00Z"",""event"":""Severe Thunderstorm Warning"",""expires"":""2026-06-14T06:00:00Z"",""has_polygon"":true,""headline"":"""",""sender"":""SGF""},""effective"":""2026-06-14T04:58:00Z"",""event"":""Severe Thunderstorm Warning"",""expires"":""2026-06-14T06:00:00Z"",""headline"":"""",""iem_damagetag"":""CONSIDERABLE"",""iem_emergency"":""False"",""iem_event_id"":""279"",""iem_forecaster"":""Price"",""iem_gtype"":""P"",""iem_hailtag"":""0.75"",""iem_phenomena"":""SV"",""iem_raw_properties"":{""AREA_KM2"":""8013.168744604348"",""DAMAGTAG"":""CONSIDERABLE"",""EMERGENC"":""False"",""ETN"":""279"",""EXPIRED"":""202606140600"",""FCSTER"":""Price"",""GTYPE"":""P"",""HAILTAG"":""0.75"",""HV_CAUSE"":null,""HV_NWSLI"":null,""HV_REC"":null,""HV_SEV"":null,""INIT_EXP"":""202606140600"",""INIT_ISS"":""202606140458"",""ISSUED"":""202606140458"",""NWS_UGC"":null,""PHENOM"":""SV"",""POLY_BEG"":""202606140458"",""POLY_END"":""202606140510"",""PROD_ID"":""202606140458-KSGF-WUUS53-SVRSGF"",""SIG"":""W"",""STATUS"":""NEW"",""TORNTAG"":null,""UPDATED"":""202606140458"",""VTEC_YR"":""2026"",""WFO"":""SGF"",""WINDTAG"":""70.0""},""iem_significance"":""W"",""iem_tornadotag"":"""",""iem_ugc"":"""",""iem_wfo"":""SGF"",""iem_windtag"":""70.0"",""senderName"":""SGF"",""status"":""NEW""},""type"":""Feature""}",2026-04-27T17:31:58Z,2026-07-09T05:15:02Z,2026-07-09T18:49:04Z
5097,iem_watchwarn,iem_watchwarn|TSA|267|SV|W|2026-06-14T05:04:00Z|2026-06-14T05:30:00Z|,Severe Thunderstorm Warning,,2026-06-14T05:04:00Z,2026-06-14T05:30:00Z,TSA,NEW,1,"{""coordinates"":[[[-93.61,36.09],[-93.88,36.32],[-94.01,36.5],[-93.3,36.5],[-93.3,36.24],[-93.61,36.09]]],""type"":""Polygon""}","{""_map_py"":{""effective"":""2026-06-14T05:04:00Z"",""event"":""Severe Thunderstorm Warning"",""expires"":""2026-06-14T05:30:00Z"",""has_polygon"":true,""headline"":"""",""sender"":""TSA""},""effective"":""2026-06-14T05:04:00Z"",""event"":""Severe Thunderstorm Warning"",""expires"":""2026-06-14T05:30:00Z"",""headline"":"""",""iem_damagetag"":"""",""iem_emergency"":""False"",""iem_event_id"":""267"",""iem_forecaster"":""Mejia"",""iem_gtype"":""P"",""iem_hailtag"":""0.75"",""iem_phenomena"":""SV"",""iem_raw_properties"":{""AREA_KM2"":""1945.8836252273506"",""DAMAGTAG"":null,""EMERGENC"":""False"",""ETN"":""267"",""EXPIRED"":""202606140530"",""FCSTER"":""Mejia"",""GTYPE"":""P"",""HAILTAG"":""0.75"",""HV_CAUSE"":null,""HV_NWSLI"":null,""HV_REC"":null,""HV_SEV"":null,""INIT_EXP"":""202606140530"",""INIT_ISS"":""202606140504"",""ISSUED"":""202606140504"",""NWS_UGC"":null,""PHENOM"":""SV"",""POLY_BEG"":""202606140504"",""POLY_END"":""202606140530"",""PROD_ID"":""202606140504-KTSA-WUUS54-SVRTSA"",""SIG"":""W"",""STATUS"":""NEW"",""TORNTAG"":null,""UPDATED"":""202606140504"",""VTEC_YR"":""2026"",""WFO"":""TSA"",""WINDTAG"":""60.0""},""iem_significance"":""W"",""iem_tornadotag"":"""",""iem_ugc"":"""",""iem_wfo"":""TSA"",""iem_windtag"":""60.0"",""senderName"":""TSA"",""status"":""NEW""}","{""geometry"":{""coordinates"":[[[-93.61,36.09],[-93.88,36.32],[-94.01,36.5],[-93.3,36.5],[-93.3,36.24],[-93.61,36.09]]],""type"":""Polygon""},""properties"":{""_map_py"":{""effective"":""2026-06-14T05:04:00Z"",""event"":""Severe Thunderstorm Warning"",""expires"":""2026-06-14T05:30:00Z"",""has_polygon"":true,""headline"":"""",""sender"":""TSA""},""effective"":""2026-06-14T05:04:00Z"",""event"":""Severe Thunderstorm Warning"",""expires"":""2026-06-14T05:30:00Z"",""headline"":"""",""iem_damagetag"":"""",""iem_emergency"":""False"",""iem_event_id"":""267"",""iem_forecaster"":""Mejia"",""iem_gtype"":""P"",""iem_hailtag"":""0.75"",""iem_phenomena"":""SV"",""iem_raw_properties"":{""AREA_KM2"":""1945.8836252273506"",""DAMAGTAG"":null,""EMERGENC"":""False"",""ETN"":""267"",""EXPIRED"":""202606140530"",""FCSTER"":""Mejia"",""GTYPE"":""P"",""HAILTAG"":""0.75"",""HV_CAUSE"":null,""HV_NWSLI"":null,""HV_REC"":null,""HV_SEV"":null,""INIT_EXP"":""202606140530"",""INIT_ISS"":""202606140504"",""ISSUED"":""202606140504"",""NWS_UGC"":null,""PHENOM"":""SV"",""POLY_BEG"":""202606140504"",""POLY_END"":""202606140530"",""PROD_ID"":""202606140504-KTSA-WUUS54-SVRTSA"",""SIG"":""W"",""STATUS"":""NEW"",""TORNTAG"":null,""UPDATED"":""202606140504"",""VTEC_YR"":""2026"",""WFO"":""TSA"",""WINDTAG"":""60.0""},""iem_significance"":""W"",""iem_tornadotag"":"""",""iem_ugc"":"""",""iem_wfo"":""TSA"",""iem_windtag"":""60.0"",""senderName"":""TSA"",""status"":""NEW""},""type"":""Feature""}",2026-04-27T17:31:58Z,2026-07-09T05:15:02Z,2026-07-09T18:49:04Z
4027,iem_watchwarn,iem_watchwarn|OUN|577|SV|W|2026-06-14T05:07:00Z|2026-06-14T05:44:00Z|,Severe Thunderstorm Warning,,2026-06-14T05:07:00Z,2026-06-14T05:44:00Z,OUN,NEW,1,"{""coordinates"":[[[-96.62,35.81],[-97.14,35.76],[-97.13,36.1],[-96.87,36.16],[-96.63,36.16],[-96.62,35.81]]],""type"":""Polygon""}","{""_map_py"":{""effective"":""2026-06-14T05:07:00Z"",""event"":""Severe Thunderstorm Warning"",""expires"":""2026-06-14T05:44:00Z"",""has_polygon"":true,""headline"":"""",""sender"":""OUN""},""effective"":""2026-06-14T05:07:00Z"",""event"":""Severe Thunderstorm Warning"",""expires"":""2026-06-14T05:44:00Z"",""headline"":"""",""iem_damagetag"":"""",""iem_emergency"":""False"",""iem_event_id"":""577"",""iem_forecaster"":""Mahale"",""iem_gtype"":""P"",""iem_hailtag"":""0.75"",""iem_phenomena"":""SV"",""iem_raw_properties"":{""AREA_KM2"":""1832.0096197374426"",""DAMAGTAG"":null,""EMERGENC"":""False"",""ETN"":""577"",""EXPIRED"":""202606140544"",""FCSTER"":""Mahale"",""GTYPE"":""P"",""HAILTAG"":""0.75"",""HV_CAUSE"":null,""HV_NWSLI"":null,""HV_REC"":null,""HV_SEV"":null,""INIT_EXP"":""202606140600"",""INIT_ISS"":""202606140507"",""ISSUED"":""202606140507"",""NWS_UGC"":null,""PHENOM"":""SV"",""POLY_BEG"":""202606140507"",""POLY_END"":""202606140544"",""PROD_ID"":""202606140507-KOUN-WUUS54-SVROUN"",""SIG"":""W"",""STATUS"":""NEW"",""TORNTAG"":null,""UPDATED"":""202606140507"",""VTEC_YR"":""2026"",""WFO"":""OUN"",""WINDTAG"":""60.0""},""iem_significance"":""W"",""iem_tornadotag"":"""",""iem_ugc"":"""",""iem_wfo"":""OUN"",""iem_windtag"":""60.0"",""senderName"":""OUN"",""status"":""NEW""}","{""geometry"":{""coordinates"":[[[-96.62,35.81],[-97.14,35.76],[-97.13,36.1],[-96.87,36.16],[-96.63,36.16],[-96.62,35.81]]],""type"":""Polygon""},""properties"":{""_map_py"":{""effective"":""2026-06-14T05:07:00Z"",""event"":""Severe Thunderstorm Warning"",""expires"":""2026-06-14T05:44:00Z"",""has_polygon"":true,""headline"":"""",""sender"":""OUN""},""effective"":""2026-06-14T05:07:00Z"",""event"":""Severe Thunderstorm Warning"",""expires"":""2026-06-14T05:44:00Z"",""headline"":"""",""iem_damagetag"":"""",""iem_emergency"":""False"",""iem_event_id"":""577"",""iem_forecaster"":""Mahale"",""iem_gtype"":""P"",""iem_hailtag"":""0.75"",""iem_phenomena"":""SV"",""iem_raw_properties"":{""AREA_KM2"":""1832.0096197374426"",""DAMAGTAG"":null,""EMERGENC"":""False"",""ETN"":""577"",""EXPIRED"":""202606140544"",""FCSTER"":""Mahale"",""GTYPE"":""P"",""HAILTAG"":""0.75"",""HV_CAUSE"":null,""HV_NWSLI"":null,""HV_REC"":null,""HV_SEV"":null,""INIT_EXP"":""202606140600"",""INIT_ISS"":""202606140507"",""ISSUED"":""202606140507"",""NWS_UGC"":null,""PHENOM"":""SV"",""POLY_BEG"":""202606140507"",""POLY_END"":""202606140544"",""PROD_ID"":""202606140507-KOUN-WUUS54-SVROUN"",""SIG"":""W"",""STATUS"":""NEW"",""TORNTAG"":null,""UPDATED"":""202606140507"",""VTEC_YR"":""2026"",""WFO"":""OUN"",""WINDTAG"":""60.0""},""iem_significance"":""W"",""iem_tornadotag"":"""",""iem_ugc"":"""",""iem_wfo"":""OUN"",""iem_windtag"":""60.0"",""senderName"":""OUN"",""status"":""NEW""},""type"":""Feature""}",2026-04-27T17:31:58Z,2026-07-09T05:15:02Z,2026-07-09T18:49:04Z
1458,iem_watchwarn,iem_watchwarn|LOT|144|SV|W|2026-06-14T05:17:00Z|2026-06-14T06:00:00Z|,Severe Thunderstorm Warning,,2026-06-14T05:17:00Z,2026-06-14T06:00:00Z,LOT,NEW,1,"{""coordinates"":[[[-87.44,41.41],[-87.67,41.57],[-87.59,41.65],[-87.28,41.59],[-87.44,41.41]]],""type"":""Polygon""}","{""_map_py"":{""effective"":""2026-06-14T05:17:00Z"",""event"":""Severe Thunderstorm Warning"",""expires"":""2026-06-14T06:00:00Z"",""has_polygon"":true,""headline"":"""",""sender"":""LOT""},""effective"":""2026-06-14T05:17:00Z"",""event"":""Severe Thunderstorm Warning"",""expires"":""2026-06-14T06:00:00Z"",""headline"":"""",""iem_damagetag"":"""",""iem_emergency"":""False"",""iem_event_id"":""144"",""iem_forecaster"":""Izzi"",""iem_gtype"":""P"",""iem_hailtag"":""0.75"",""iem_phenomena"":""SV"",""iem_raw_properties"":{""AREA_KM2"":""446.7934385490946"",""DAMAGTAG"":null,""EMERGENC"":""False"",""ETN"":""144"",""EXPIRED"":""202606140600"",""FCSTER"":""Izzi"",""GTYPE"":""P"",""HAILTAG"":""0.75"",""HV_CAUSE"":null,""HV_NWSLI"":null,""HV_REC"":null,""HV_SEV"":null,""INIT_EXP"":""202606140600"",""INIT_ISS"":""202606140517"",""ISSUED"":""202606140517"",""NWS_UGC"":null,""PHENOM"":""SV"",""POLY_BEG"":""202606140517"",""POLY_END"":""202606140530"",""PROD_ID"":""202606140517-KLOT-WUUS53-SVRLOT"",""SIG"":""W"",""STATUS"":""NEW"",""TORNTAG"":null,""UPDATED"":""202606140517"",""VTEC_YR"":""2026"",""WFO"":""LOT"",""WINDTAG"":""60.0""},""iem_significance"":""W"",""iem_tornadotag"":"""",""iem_ugc"":"""",""iem_wfo"":""LOT"",""iem_windtag"":""60.0"",""senderName"":""LOT"",""status"":""NEW""}","{""geometry"":{""coordinates"":[[[-87.44,41.41],[-87.67,41.57],[-87.59,41.65],[-87.28,41.59],[-87.44,41.41]]],""type"":""Polygon""},""properties"":{""_map_py"":{""effective"":""2026-06-14T05:17:00Z"",""event"":""Severe Thunderstorm Warning"",""expires"":""2026-06-14T06:00:00Z"",""has_polygon"":true,""headline"":"""",""sender"":""LOT""},""effective"":""2026-06-14T05:17:00Z"",""event"":""Severe Thunderstorm Warning"",""expires"":""2026-06-14T06:00:00Z"",""headline"":"""",""iem_damagetag"":"""",""iem_emergency"":""False"",""iem_event_id"":""144"",""iem_forecaster"":""Izzi"",""iem_gtype"":""P"",""iem_hailtag"":""0.75"",""iem_phenomena"":""SV"",""iem_raw_properties"":{""AREA_KM2"":""446.7934385490946"",""DAMAGTAG"":null,""EMERGENC"":""False"",""ETN"":""144"",""EXPIRED"":""202606140600"",""FCSTER"":""Izzi"",""GTYPE"":""P"",""HAILTAG"":""0.75"",""HV_CAUSE"":null,""HV_NWSLI"":null,""HV_REC"":null,""HV_SEV"":null,""INIT_EXP"":""202606140600"",""INIT_ISS"":""202606140517"",""ISSUED"":""202606140517"",""NWS_UGC"":null,""PHENOM"":""SV"",""POLY_BEG"":""202606140517"",""POLY_END"":""202606140530"",""PROD_ID"":""202606140517-KLOT-WUUS53-SVRLOT"",""SIG"":""W"",""STATUS"":""NEW"",""TORNTAG"":null,""UPDATED"":""202606140517"",""VTEC_YR"":""2026"",""WFO"":""LOT"",""WINDTAG"":""60.0""},""iem_significance"":""W"",""iem_tornadotag"":"""",""iem_ugc"":"""",""iem_wfo"":""LOT"",""iem_windtag"":""60.0"",""senderName"":""LOT"",""status"":""NEW""},""type"":""Feature""}",2026-04-27T17:31:58Z,2026-07-09T05:15:02Z,2026-07-09T18:49:04Z
11471,iem_watchwarn,iem_watchwarn|TSA|268|SV|W|2026-06-14T05:21:00Z|2026-06-14T06:00:00Z|,Severe Thunderstorm Warning,,2026-06-14T05:21:00Z,2026-06-14T06:00:00Z,TSA,NEW,1,"{""coordinates"":[[[-93.49,35.95],[-93.49,35.93],[-93.51,35.92],[-93.51,35.88],[-93.52,35.88],[-93.52,35.85],[-93.78,35.77],[-93.91,35.77],[-93.91,35.76],[-93.89,35.76],[-93.91,35.73],[-93.96,35.73],[-93.97,35.72],[-94.29,35.62],[-95.51,35.82],[-95.78,36.51],[-94.68,36.42],[-94.08,36.5],[-93.91,36.5],[-93.47,35.95],[-93.49,35.95]]],""type"":""Polygon""}","{""_map_py"":{""effective"":""2026-06-14T05:21:00Z"",""event"":""Severe Thunderstorm Warning"",""expires"":""2026-06-14T06:00:00Z"",""has_polygon"":true,""headline"":"""",""sender"":""TSA""},""effective"":""2026-06-14T05:21:00Z"",""event"":""Severe Thunderstorm Warning"",""expires"":""2026-06-14T06:00:00Z"",""headline"":"""",""iem_damagetag"":"""",""iem_emergency"":""False"",""iem_event_id"":""268"",""iem_forecaster"":""Mejia"",""iem_gtype"":""P"",""iem_hailtag"":""0.75"",""iem_phenomena"":""SV"",""iem_raw_properties"":{""AREA_KM2"":""14721.137305913715"",""DAMAGTAG"":null,""EMERGENC"":""False"",""ETN"":""268"",""EXPIRED"":""202606140600"",""FCSTER"":""Mejia"",""GTYPE"":""P"",""HAILTAG"":""0.75"",""HV_CAUSE"":null,""HV_NWSLI"":null,""HV_REC"":null,""HV_SEV"":null,""INIT_EXP"":""202606140600"",""INIT_ISS"":""202606140521"",""ISSUED"":""202606140521"",""NWS_UGC"":null,""PHENOM"":""SV"",""POLY_BEG"":""202606140521"",""POLY_END"":""202606140535"",""PROD_ID"":""202606140521-KTSA-WUUS54-SVRTSA"",""SIG"":""W"",""STATUS"":""NEW"",""TORNTAG"":null,""UPDATED"":""202606140521"",""VTEC_YR"":""2026"",""WFO"":""TSA"",""WINDTAG"":""60.0""},""iem_significance"":""W"",""iem_tornadotag"":"""",""iem_ugc"":"""",""iem_wfo"":""TSA"",""iem_windtag"":""60.0"",""senderName"":""TSA"",""status"":""NEW""}","{""geometry"":{""coordinates"":[[[-93.49,35.95],[-93.49,35.93],[-93.51,35.92],[-93.51,35.88],[-93.52,35.88],[-93.52,35.85],[-93.78,35.77],[-93.91,35.77],[-93.91,35.76],[-93.89,35.76],[-93.91,35.73],[-93.96,35.73],[-93.97,35.72],[-94.29,35.62],[-95.51,35.82],[-95.78,36.51],[-94.68,36.42],[-94.08,36.5],[-93.91,36.5],[-93.47,35.95],[-93.49,35.95]]],""type"":""Polygon""},""properties"":{""_map_py"":{""effective"":""2026-06-14T05:21:00Z"",""event"":""Severe Thunderstorm Warning"",""expires"":""2026-06-14T06:00:00Z"",""has_polygon"":true,""headline"":"""",""sender"":""TSA""},""effective"":""2026-06-14T05:21:00Z"",""event"":""Severe Thunderstorm Warning"",""expires"":""2026-06-14T06:00:00Z"",""headline"":"""",""iem_damagetag"":"""",""iem_emergency"":""False"",""iem_event_id"":""268"",""iem_forecaster"":""Mejia"",""iem_gtype"":""P"",""iem_hailtag"":""0.75"",""iem_phenomena"":""SV"",""iem_raw_properties"":{""AREA_KM2"":""14721.137305913715"",""DAMAGTAG"":null,""EMERGENC"":""False"",""ETN"":""268"",""EXPIRED"":""202606140600"",""FCSTER"":""Mejia"",""GTYPE"":""P"",""HAILTAG"":""0.75"",""HV_CAUSE"":null,""HV_NWSLI"":null,""HV_REC"":null,""HV_SEV"":null,""INIT_EXP"":""202606140600"",""INIT_ISS"":""202606140521"",""ISSUED"":""202606140521"",""NWS_UGC"":null,""PHENOM"":""SV"",""POLY_BEG"":""202606140521"",""POLY_END"":""202606140535"",""PROD_ID"":""202606140521-KTSA-WUUS54-SVRTSA"",""SIG"":""W"",""STATUS"":""NEW"",""TORNTAG"":null,""UPDATED"":""202606140521"",""VTEC_YR"":""2026"",""WFO"":""TSA"",""WINDTAG"":""60.0""},""iem_significance"":""W"",""iem_tornadotag"":"""",""iem_ugc"":"""",""iem_wfo"":""TSA"",""iem_windtag"":""60.0"",""senderName"":""TSA"",""status"":""NEW""},""type"":""Feature""}",2026-04-27T17:31:58Z,2026-07-09T05:15:02Z,2026-07-09T18:49:04Z
8433,iem_watchwarn,iem_watchwarn|TSA|55|TO|W|2026-06-14T05:24:00Z|2026-06-14T06:00:00Z|,Tornado Warning,,2026-06-14T05:24:00Z,2026-06-14T06:00:00Z,TSA,NEW,1,"{""coordinates"":[[[-93.48,36.12],[-93.49,36.13],[-93.87,36.29],[-93.87,36.31],[-93.82,36.31],[-93.87,36.34],[-93.8,36.45],[-93.3,36.32],[-93.3,36.12],[-93.48,36.12]]],""type"":""Polygon""}","{""_map_py"":{""effective"":""2026-06-14T05:24:00Z"",""event"":""Tornado Warning"",""expires"":""2026-06-14T06:00:00Z"",""has_polygon"":true,""headline"":"""",""sender"":""TSA""},""effective"":""2026-06-14T05:24:00Z"",""event"":""Tornado Warning"",""expires"":""2026-06-14T06:00:00Z"",""headline"":"""",""iem_damagetag"":"""",""iem_emergency"":""False"",""iem_event_id"":""55"",""iem_forecaster"":""Mejia"",""iem_gtype"":""P"",""iem_hailtag"":""0.0"",""iem_phenomena"":""TO"",""iem_raw_properties"":{""AREA_KM2"":""1164.183765865269"",""DAMAGTAG"":null,""EMERGENC"":""False"",""ETN"":""55"",""EXPIRED"":""202606140600"",""FCSTER"":""Mejia"",""GTYPE"":""P"",""HAILTAG"":""0.0"",""HV_CAUSE"":null,""HV_NWSLI"":null,""HV_REC"":null,""HV_SEV"":null,""INIT_EXP"":""202606140600"",""INIT_ISS"":""202606140524"",""ISSUED"":""202606140524"",""NWS_UGC"":null,""PHENOM"":""TO"",""POLY_BEG"":""202606140524"",""POLY_END"":""202606140532"",""PROD_ID"":""202606140524-KTSA-WFUS54-TORTSA"",""SIG"":""W"",""STATUS"":""NEW"",""TORNTAG"":""RADAR INDICATED"",""UPDATED"":""202606140524"",""VTEC_YR"":""2026"",""WFO"":""TSA"",""WINDTAG"":null},""iem_significance"":""W"",""iem_tornadotag"":""RADAR INDICATED"",""iem_ugc"":"""",""iem_wfo"":""TSA"",""iem_windtag"":"""",""senderName"":""TSA"",""status"":""NEW""}","{""geometry"":{""coordinates"":[[[-93.48,36.12],[-93.49,36.13],[-93.87,36.29],[-93.87,36.31],[-93.82,36.31],[-93.87,36.34],[-93.8,36.45],[-93.3,36.32],[-93.3,36.12],[-93.48,36.12]]],""type"":""Polygon""},""properties"":{""_map_py"":{""effective"":""2026-06-14T05:24:00Z"",""event"":""Tornado Warning"",""expires"":""2026-06-14T06:00:00Z"",""has_polygon"":true,""headline"":"""",""sender"":""TSA""},""effective"":""2026-06-14T05:24:00Z"",""event"":""Tornado Warning"",""expires"":""2026-06-14T06:00:00Z"",""headline"":"""",""iem_damagetag"":"""",""iem_emergency"":""False"",""iem_event_id"":""55"",""iem_forecaster"":""Mejia"",""iem_gtype"":""P"",""iem_hailtag"":""0.0"",""iem_phenomena"":""TO"",""iem_raw_properties"":{""AREA_KM2"":""1164.183765865269"",""DAMAGTAG"":null,""EMERGENC"":""False"",""ETN"":""55"",""EXPIRED"":""202606140600"",""FCSTER"":""Mejia"",""GTYPE"":""P"",""HAILTAG"":""0.0"",""HV_CAUSE"":null,""HV_NWSLI"":null,""HV_REC"":null,""HV_SEV"":null,""INIT_EXP"":""202606140600"",""INIT_ISS"":""202606140524"",""ISSUED"":""202606140524"",""NWS_UGC"":null,""PHENOM"":""TO"",""POLY_BEG"":""202606140524"",""POLY_END"":""202606140532"",""PROD_ID"":""202606140524-KTSA-WFUS54-TORTSA"",""SIG"":""W"",""STATUS"":""NEW"",""TORNTAG"":""RADAR INDICATED"",""UPDATED"":""202606140524"",""VTEC_YR"":""2026"",""WFO"":""TSA"",""WINDTAG"":null},""iem_significance"":""W"",""iem_tornadotag"":""RADAR INDICATED"",""iem_ugc"":"""",""iem_wfo"":""TSA"",""iem_windtag"":"""",""senderName"":""TSA"",""status"":""NEW""},""type"":""Feature""}",2026-04-27T17:31:58Z,2026-07-09T05:15:02Z,2026-07-09T18:49:04Z
8432,iem_watchwarn,iem_watchwarn|TSA|269|SV|W|2026-06-14T05:26:00Z|2026-06-14T06:15:00Z|,Severe Thunderstorm Warning,,2026-06-14T05:26:00Z,2026-06-14T06:15:00Z,TSA,NEW,1,"{""coordinates"":[[[-93.48,36.12],[-93.48,36.08],[-93.45,36.08],[-93.45,35.97],[-93.49,35.95],[-93.49,35.93],[-94.02,36.5],[-93.3,36.5],[-93.3,36.12],[-93.48,36.12]]],""type"":""Polygon""}","{""_map_py"":{""effective"":""2026-06-14T05:26:00Z"",""event"":""Severe Thunderstorm Warning"",""expires"":""2026-06-14T06:15:00Z"",""has_polygon"":true,""headline"":"""",""sender"":""TSA""},""effective"":""2026-06-14T05:26:00Z"",""event"":""Severe Thunderstorm Warning"",""expires"":""2026-06-14T06:15:00Z"",""headline"":"""",""iem_damagetag"":"""",""iem_emergency"":""False"",""iem_event_id"":""269"",""iem_forecaster"":""Mejia"",""iem_gtype"":""P"",""iem_hailtag"":""0.75"",""iem_phenomena"":""SV"",""iem_raw_properties"":{""AREA_KM2"":""2274.3324513633215"",""DAMAGTAG"":null,""EMERGENC"":""False"",""ETN"":""269"",""EXPIRED"":""202606140615"",""FCSTER"":""Mejia"",""GTYPE"":""P"",""HAILTAG"":""0.75"",""HV_CAUSE"":null,""HV_NWSLI"":null,""HV_REC"":null,""HV_SEV"":null,""INIT_EXP"":""202606140615"",""INIT_ISS"":""202606140526"",""ISSUED"":""202606140526"",""NWS_UGC"":null,""PHENOM"":""SV"",""POLY_BEG"":""202606140526"",""POLY_END"":""202606140557"",""PROD_ID"":""202606140526-KTSA-WUUS54-SVRTSA"",""SIG"":""W"",""STATUS"":""NEW"",""TORNTAG"":null,""UPDATED"":""202606140526"",""VTEC_YR"":""2026"",""WFO"":""TSA"",""WINDTAG"":""60.0""},""iem_significance"":""W"",""iem_tornadotag"":"""",""iem_ugc"":"""",""iem_wfo"":""TSA"",""iem_windtag"":""60.0"",""senderName"":""TSA"",""status"":""NEW""}","{""geometry"":{""coordinates"":[[[-93.48,36.12],[-93.48,36.08],[-93.45,36.08],[-93.45,35.97],[-93.49,35.95],[-93.49,35.93],[-94.02,36.5],[-93.3,36.5],[-93.3,36.12],[-93.48,36.12]]],""type"":""Polygon""},""properties"":{""_map_py"":{""effective"":""2026-06-14T05:26:00Z"",""event"":""Severe Thunderstorm Warning"",""expires"":""2026-06-14T06:15:00Z"",""has_polygon"":true,""headline"":"""",""sender"":""TSA""},""effective"":""2026-06-14T05:26:00Z"",""event"":""Severe Thunderstorm Warning"",""expires"":""2026-06-14T06:15:00Z"",""headline"":"""",""iem_damagetag"":"""",""iem_emergency"":""False"",""iem_event_id"":""269"",""iem_forecaster"":""Mejia"",""iem_gtype"":""P"",""iem_hailtag"":""0.75"",""iem_phenomena"":""SV"",""iem_raw_properties"":{""AREA_KM2"":""2274.3324513633215"",""DAMAGTAG"":null,""EMERGENC"":""False"",""ETN"":""269"",""EXPIRED"":""202606140615"",""FCSTER"":""Mejia"",""GTYPE"":""P"",""HAILTAG"":""0.75"",""HV_CAUSE"":null,""HV_NWSLI"":null,""HV_REC"":null,""HV_SEV"":null,""INIT_EXP"":""202606140615"",""INIT_ISS"":""202606140526"",""ISSUED"":""202606140526"",""NWS_UGC"":null,""PHENOM"":""SV"",""POLY_BEG"":""202606140526"",""POLY_END"":""202606140557"",""PROD_ID"":""202606140526-KTSA-WUUS54-SVRTSA"",""SIG"":""W"",""STATUS"":""NEW"",""TORNTAG"":null,""UPDATED"":""202606140526"",""VTEC_YR"":""2026"",""WFO"":""TSA"",""WINDTAG"":""60.0""},""iem_significance"":""W"",""iem_tornadotag"":"""",""iem_ugc"":"""",""iem_wfo"":""TSA"",""iem_windtag"":""60.0"",""senderName"":""TSA"",""status"":""NEW""},""type"":""Feature""}",2026-04-27T17:31:58Z,2026-07-09T05:15:02Z,2026-07-09T18:49:04Z
9817,iem_watchwarn,iem_watchwarn|TSA|270|SV|W|2026-06-14T05:53:00Z|2026-06-14T06:30:00Z|,Severe Thunderstorm Warning,,2026-06-14T05:53:00Z,2026-06-14T06:30:00Z,TSA,NEW,1,"{""coordinates"":[[[-93.7,35.77],[-93.7,35.73],[-94.23,35.55],[-95.56,35.78],[-95.48,36.07],[-95.44,36.08],[-95.43,36.36],[-93.86,36.33],[-93.52,35.92],[-93.56,35.9],[-93.52,35.82],[-93.52,35.76],[-93.7,35.77]]],""type"":""Polygon""}","{""_map_py"":{""effective"":""2026-06-14T05:53:00Z"",""event"":""Severe Thunderstorm Warning"",""expires"":""2026-06-14T06:30:00Z"",""has_polygon"":true,""headline"":"""",""sender"":""TSA""},""effective"":""2026-06-14T05:53:00Z"",""event"":""Severe Thunderstorm Warning"",""expires"":""2026-06-14T06:30:00Z"",""headline"":"""",""iem_damagetag"":""CONSIDERABLE"",""iem_emergency"":""False"",""iem_event_id"":""270"",""iem_forecaster"":""Mejia"",""iem_gtype"":""P"",""iem_hailtag"":""0.75"",""iem_phenomena"":""SV"",""iem_raw_properties"":{""AREA_KM2"":""12616.288516539871"",""DAMAGTAG"":""CONSIDERABLE"",""EMERGENC"":""False"",""ETN"":""270"",""EXPIRED"":""202606140630"",""FCSTER"":""Mejia"",""GTYPE"":""P"",""HAILTAG"":""0.75"",""HV_CAUSE"":null,""HV_NWSLI"":null,""HV_REC"":null,""HV_SEV"":null,""INIT_EXP"":""202606140630"",""INIT_ISS"":""202606140553"",""ISSUED"":""202606140553"",""NWS_UGC"":null,""PHENOM"":""SV"",""POLY_BEG"":""202606140553"",""POLY_END"":""202606140612"",""PROD_ID"":""202606140553-KTSA-WUUS54-SVRTSA"",""SIG"":""W"",""STATUS"":""NEW"",""TORNTAG"":null,""UPDATED"":""202606140553"",""VTEC_YR"":""2026"",""WFO"":""TSA"",""WINDTAG"":""70.0""},""iem_significance"":""W"",""iem_tornadotag"":"""",""iem_ugc"":"""",""iem_wfo"":""TSA"",""iem_windtag"":""70.0"",""senderName"":""TSA"",""status"":""NEW""}","{""geometry"":{""coordinates"":[[[-93.7,35.77],[-93.7,35.73],[-94.23,35.55],[-95.56,35.78],[-95.48,36.07],[-95.44,36.08],[-95.43,36.36],[-93.86,36.33],[-93.52,35.92],[-93.56,35.9],[-93.52,35.82],[-93.52,35.76],[-93.7,35.77]]],""type"":""Polygon""},""properties"":{""_map_py"":{""effective"":""2026-06-14T05:53:00Z"",""event"":""Severe Thunderstorm Warning"",""expires"":""2026-06-14T06:30:00Z"",""has_polygon"":true,""headline"":"""",""sender"":""TSA""},""effective"":""2026-06-14T05:53:00Z"",""event"":""Severe Thunderstorm Warning"",""expires"":""2026-06-14T06:30:00Z"",""headline"":"""",""iem_damagetag"":""CONSIDERABLE"",""iem_emergency"":""False"",""iem_event_id"":""270"",""iem_forecaster"":""Mejia"",""iem_gtype"":""P"",""iem_hailtag"":""0.75"",""iem_phenomena"":""SV"",""iem_raw_properties"":{""AREA_KM2"":""12616.288516539871"",""DAMAGTAG"":""CONSIDERABLE"",""EMERGENC"":""False"",""ETN"":""270"",""EXPIRED"":""202606140630"",""FCSTER"":""Mejia"",""GTYPE"":""P"",""HAILTAG"":""0.75"",""HV_CAUSE"":null,""HV_NWSLI"":null,""HV_REC"":null,""HV_SEV"":null,""INIT_EXP"":""202606140630"",""INIT_ISS"":""202606140553"",""ISSUED"":""202606140553"",""NWS_UGC"":null,""PHENOM"":""SV"",""POLY_BEG"":""202606140553"",""POLY_END"":""202606140612"",""PROD_ID"":""202606140553-KTSA-WUUS54-SVRTSA"",""SIG"":""W"",""STATUS"":""NEW"",""TORNTAG"":null,""UPDATED"":""202606140553"",""VTEC_YR"":""2026"",""WFO"":""TSA"",""WINDTAG"":""70.0""},""iem_significance"":""W"",""iem_tornadotag"":"""",""iem_ugc"":"""",""iem_wfo"":""TSA"",""iem_windtag"":""70.0"",""senderName"":""TSA"",""status"":""NEW""},""type"":""Feature""}",2026-04-27T17:31:58Z,2026-07-09T05:15:02Z,2026-07-09T18:49:04Z
5156,iem_watchwarn,iem_watchwarn|SGF|280|SV|W|2026-06-14T05:55:00Z|2026-06-14T06:35:00Z|,Severe Thunderstorm Warning,,2026-06-14T05:55:00Z,2026-06-14T06:35:00Z,SGF,NEW,1,"{""coordinates"":[[[-93.77,36.5],[-93.81,36.84],[-93.62,37.04],[-92.9,37.08],[-92.91,36.5],[-93.77,36.5]]],""type"":""Polygon""}","{""_map_py"":{""effective"":""2026-06-14T05:55:00Z"",""event"":""Severe Thunderstorm Warning"",""expires"":""2026-06-14T06:35:00Z"",""has_polygon"":true,""headline"":"""",""sender"":""SGF""},""effective"":""2026-06-14T05:55:00Z"",""event"":""Severe Thunderstorm Warning"",""expires"":""2026-06-14T06:35:00Z"",""headline"":"""",""iem_damagetag"":"""",""iem_emergency"":""False"",""iem_event_id"":""280"",""iem_forecaster"":""Price"",""iem_gtype"":""P"",""iem_hailtag"":""0.75"",""iem_phenomena"":""SV"",""iem_raw_properties"":{""AREA_KM2"":""4722.876109344319"",""DAMAGTAG"":null,""EMERGENC"":""False"",""ETN"":""280"",""EXPIRED"":""202606140635"",""FCSTER"":""Price"",""GTYPE"":""P"",""HAILTAG"":""0.75"",""HV_CAUSE"":null,""HV_NWSLI"":null,""HV_REC"":null,""HV_SEV"":null,""INIT_EXP"":""202606140645"",""INIT_ISS"":""202606140555"",""ISSUED"":""202606140555"",""NWS_UGC"":null,""PHENOM"":""SV"",""POLY_BEG"":""202606140555"",""POLY_END"":""202606140635"",""PROD_ID"":""202606140555-KSGF-WUUS53-SVRSGF"",""SIG"":""W"",""STATUS"":""NEW"",""TORNTAG"":null,""UPDATED"":""202606140555"",""VTEC_YR"":""2026"",""WFO"":""SGF"",""WINDTAG"":""60.0""},""iem_significance"":""W"",""iem_tornadotag"":"""",""iem_ugc"":"""",""iem_wfo"":""SGF"",""iem_windtag"":""60.0"",""senderName"":""SGF"",""status"":""NEW""}","{""geometry"":{""coordinates"":[[[-93.77,36.5],[-93.81,36.84],[-93.62,37.04],[-92.9,37.08],[-92.91,36.5],[-93.77,36.5]]],""type"":""Polygon""},""properties"":{""_map_py"":{""effective"":""2026-06-14T05:55:00Z"",""event"":""Severe Thunderstorm Warning"",""expires"":""2026-06-14T06:35:00Z"",""has_polygon"":true,""headline"":"""",""sender"":""SGF""},""effective"":""2026-06-14T05:55:00Z"",""event"":""Severe Thunderstorm Warning"",""expires"":""2026-06-14T06:35:00Z"",""headline"":"""",""iem_damagetag"":"""",""iem_emergency"":""False"",""iem_event_id"":""280"",""iem_forecaster"":""Price"",""iem_gtype"":""P"",""iem_hailtag"":""0.75"",""iem_phenomena"":""SV"",""iem_raw_properties"":{""AREA_KM2"":""4722.876109344319"",""DAMAGTAG"":null,""EMERGENC"":""False"",""ETN"":""280"",""EXPIRED"":""202606140635"",""FCSTER"":""Price"",""GTYPE"":""P"",""HAILTAG"":""0.75"",""HV_CAUSE"":null,""HV_NWSLI"":null,""HV_REC"":null,""HV_SEV"":null,""INIT_EXP"":""202606140645"",""INIT_ISS"":""202606140555"",""ISSUED"":""202606140555"",""NWS_UGC"":null,""PHENOM"":""SV"",""POLY_BEG"":""202606140555"",""POLY_END"":""202606140635"",""PROD_ID"":""202606140555-KSGF-WUUS53-SVRSGF"",""SIG"":""W"",""STATUS"":""NEW"",""TORNTAG"":null,""UPDATED"":""202606140555"",""VTEC_YR"":""2026"",""WFO"":""SGF"",""WINDTAG"":""60.0""},""iem_significance"":""W"",""iem_tornadotag"":"""",""iem_ugc"":"""",""iem_wfo"":""SGF"",""iem_windtag"":""60.0"",""senderName"":""SGF"",""status"":""NEW""},""type"":""Feature""}",2026-04-27T17:31:58Z,2026-07-09T05:15:02Z,2026-07-09T18:49:04Z
10195,iem_watchwarn,iem_watchwarn|TSA|271|SV|W|2026-06-14T06:09:00Z|2026-06-14T06:45:00Z|,Severe Thunderstorm Warning,,2026-06-14T06:09:00Z,2026-06-14T06:45:00Z,TSA,NEW,1,"{""coordinates"":[[[-93.48,36.12],[-93.48,36.08],[-93.45,36.08],[-93.45,35.97],[-93.49,35.95],[-93.51,35.88],[-93.52,35.88],[-93.52,35.76],[-93.68,35.77],[-93.86,36.1],[-93.48,36.25],[-93.4,36.5],[-93.3,36.5],[-93.3,36.12],[-93.48,36.12]]],""type"":""Polygon""}","{""_map_py"":{""effective"":""2026-06-14T06:09:00Z"",""event"":""Severe Thunderstorm Warning"",""expires"":""2026-06-14T06:45:00Z"",""has_polygon"":true,""headline"":"""",""sender"":""TSA""},""effective"":""2026-06-14T06:09:00Z"",""event"":""Severe Thunderstorm Warning"",""expires"":""2026-06-14T06:45:00Z"",""headline"":"""",""iem_damagetag"":"""",""iem_emergency"":""False"",""iem_event_id"":""271"",""iem_forecaster"":""Mejia"",""iem_gtype"":""P"",""iem_hailtag"":""0.75"",""iem_phenomena"":""SV"",""iem_raw_properties"":{""AREA_KM2"":""1809.481058066846"",""DAMAGTAG"":null,""EMERGENC"":""False"",""ETN"":""271"",""EXPIRED"":""202606140645"",""FCSTER"":""Mejia"",""GTYPE"":""P"",""HAILTAG"":""0.75"",""HV_CAUSE"":null,""HV_NWSLI"":null,""HV_REC"":null,""HV_SEV"":null,""INIT_EXP"":""202606140645"",""INIT_ISS"":""202606140609"",""ISSUED"":""202606140609"",""NWS_UGC"":null,""PHENOM"":""SV"",""POLY_BEG"":""202606140609"",""POLY_END"":""202606140621"",""PROD_ID"":""202606140609-KTSA-WUUS54-SVRTSA"",""SIG"":""W"",""STATUS"":""NEW"",""TORNTAG"":null,""UPDATED"":""202606140609"",""VTEC_YR"":""2026"",""WFO"":""TSA"",""WINDTAG"":""60.0""},""iem_significance"":""W"",""iem_tornadotag"":"""",""iem_ugc"":"""",""iem_wfo"":""TSA"",""iem_windtag"":""60.0"",""senderName"":""TSA"",""status"":""NEW""}","{""geometry"":{""coordinates"":[[[-93.48,36.12],[-93.48,36.08],[-93.45,36.08],[-93.45,35.97],[-93.49,35.95],[-93.51,35.88],[-93.52,35.88],[-93.52,35.76],[-93.68,35.77],[-93.86,36.1],[-93.48,36.25],[-93.4,36.5],[-93.3,36.5],[-93.3,36.12],[-93.48,36.12]]],""type"":""Polygon""},""properties"":{""_map_py"":{""effective"":""2026-06-14T06:09:00Z"",""event"":""Severe Thunderstorm Warning"",""expires"":""2026-06-14T06:45:00Z"",""has_polygon"":true,""headline"":"""",""sender"":""TSA""},""effective"":""2026-06-14T06:09:00Z"",""event"":""Severe Thunderstorm Warning"",""expires"":""2026-06-14T06:45:00Z"",""headline"":"""",""iem_damagetag"":"""",""iem_emergency"":""False"",""iem_event_id"":""271"",""iem_forecaster"":""Mejia"",""iem_gtype"":""P"",""iem_hailtag"":""0.75"",""iem_phenomena"":""SV"",""iem_raw_properties"":{""AREA_KM2"":""1809.481058066846"",""DAMAGTAG"":null,""EMERGENC"":""False"",""ETN"":""271"",""EXPIRED"":""202606140645"",""FCSTER"":""Mejia"",""GTYPE"":""P"",""HAILTAG"":""0.75"",""HV_CAUSE"":null,""HV_NWSLI"":null,""HV_REC"":null,""HV_SEV"":null,""INIT_EXP"":""202606140645"",""INIT_ISS"":""202606140609"",""ISSUED"":""202606140609"",""NWS_UGC"":null,""PHENOM"":""SV"",""POLY_BEG"":""202606140609"",""POLY_END"":""202606140621"",""PROD_ID"":""202606140609-KTSA-WUUS54-SVRTSA"",""SIG"":""W"",""STATUS"":""NEW"",""TORNTAG"":null,""UPDATED"":""202606140609"",""VTEC_YR"":""2026"",""WFO"":""TSA"",""WINDTAG"":""60.0""},""iem_significance"":""W"",""iem_tornadotag"":"""",""iem_ugc"":"""",""iem_wfo"":""TSA"",""iem_windtag"":""60.0"",""senderName"":""TSA"",""status"":""NEW""},""type"":""Feature""}",2026-04-27T17:31:58Z,2026-07-09T05:15:02Z,2026-07-09T18:49:04Z
10456,iem_watchwarn,iem_watchwarn|LZK|212|SV|W|2026-06-14T06:15:00Z|2026-06-14T06:40:00Z|,Severe Thunderstorm Warning,,2026-06-14T06:15:00Z,2026-06-14T06:40:00Z,LZK,NEW,1,"{""coordinates"":[[[-93.3,36.12],[-92.96,35.78],[-93.03,35.73],[-93.51,35.74],[-93.52,35.76],[-93.53,35.87],[-93.52,35.88],[-93.5,35.88],[-93.51,35.92],[-93.49,35.93],[-93.47,35.97],[-93.45,35.97],[-93.45,36.08],[-93.48,36.08],[-93.48,36.12],[-93.3,36.12]]],""type"":""Polygon""}","{""_map_py"":{""effective"":""2026-06-14T06:15:00Z"",""event"":""Severe Thunderstorm Warning"",""expires"":""2026-06-14T06:40:00Z"",""has_polygon"":true,""headline"":"""",""sender"":""LZK""},""effective"":""2026-06-14T06:15:00Z"",""event"":""Severe Thunderstorm Warning"",""expires"":""2026-06-14T06:40:00Z"",""headline"":"""",""iem_damagetag"":"""",""iem_emergency"":""False"",""iem_event_id"":""212"",""iem_forecaster"":""56"",""iem_gtype"":""P"",""iem_hailtag"":""0.75"",""iem_phenomena"":""SV"",""iem_raw_properties"":{""AREA_KM2"":""1454.2114362503771"",""DAMAGTAG"":null,""EMERGENC"":""False"",""ETN"":""212"",""EXPIRED"":""202606140640"",""FCSTER"":""56"",""GTYPE"":""P"",""HAILTAG"":""0.75"",""HV_CAUSE"":null,""HV_NWSLI"":null,""HV_REC"":null,""HV_SEV"":null,""INIT_EXP"":""202606140700"",""INIT_ISS"":""202606140615"",""ISSUED"":""202606140615"",""NWS_UGC"":null,""PHENOM"":""SV"",""POLY_BEG"":""202606140615"",""POLY_END"":""202606140633"",""PROD_ID"":""202606140615-KLZK-WUUS54-SVRLZK"",""SIG"":""W"",""STATUS"":""NEW"",""TORNTAG"":null,""UPDATED"":""202606140615"",""VTEC_YR"":""2026"",""WFO"":""LZK"",""WINDTAG"":""60.0""},""iem_significance"":""W"",""iem_tornadotag"":"""",""iem_ugc"":"""",""iem_wfo"":""LZK"",""iem_windtag"":""60.0"",""senderName"":""LZK"",""status"":""NEW""}","{""geometry"":{""coordinates"":[[[-93.3,36.12],[-92.96,35.78],[-93.03,35.73],[-93.51,35.74],[-93.52,35.76],[-93.53,35.87],[-93.52,35.88],[-93.5,35.88],[-93.51,35.92],[-93.49,35.93],[-93.47,35.97],[-93.45,35.97],[-93.45,36.08],[-93.48,36.08],[-93.48,36.12],[-93.3,36.12]]],""type"":""Polygon""},""properties"":{""_map_py"":{""effective"":""2026-06-14T06:15:00Z"",""event"":""Severe Thunderstorm Warning"",""expires"":""2026-06-14T06:40:00Z"",""has_polygon"":true,""headline"":"""",""sender"":""LZK""},""effective"":""2026-06-14T06:15:00Z"",""event"":""Severe Thunderstorm Warning"",""expires"":""2026-06-14T06:40:00Z"",""headline"":"""",""iem_damagetag"":"""",""iem_emergency"":""False"",""iem_event_id"":""212"",""iem_forecaster"":""56"",""iem_gtype"":""P"",""iem_hailtag"":""0.75"",""iem_phenomena"":""SV"",""iem_raw_properties"":{""AREA_KM2"":""1454.2114362503771"",""DAMAGTAG"":null,""EMERGENC"":""False"",""ETN"":""212"",""EXPIRED"":""202606140640"",""FCSTER"":""56"",""GTYPE"":""P"",""HAILTAG"":""0.75"",""HV_CAUSE"":null,""HV_NWSLI"":null,""HV_REC"":null,""HV_SEV"":null,""INIT_EXP"":""202606140700"",""INIT_ISS"":""202606140615"",""ISSUED"":""202606140615"",""NWS_UGC"":null,""PHENOM"":""SV"",""POLY_BEG"":""202606140615"",""POLY_END"":""202606140633"",""PROD_ID"":""202606140615-KLZK-WUUS54-SVRLZK"",""SIG"":""W"",""STATUS"":""NEW"",""TORNTAG"":null,""UPDATED"":""202606140615"",""VTEC_YR"":""2026"",""WFO"":""LZK"",""WINDTAG"":""60.0""},""iem_significance"":""W"",""iem_tornadotag"":"""",""iem_ugc"":"""",""iem_wfo"":""LZK"",""iem_windtag"":""60.0"",""senderName"":""LZK"",""status"":""NEW""},""type"":""Feature""}",2026-04-27T17:31:58Z,2026-07-09T05:15:02Z,2026-07-09T18:49:04Z
