id,source,source_feature_id,event,headline,effective,expires,sender_name,status,has_polygon,geometry_json,properties_json,raw_feature_json,window_start,window_end,loaded_at
7725,iem_watchwarn,iem_watchwarn|GYX|18|SV|W|2026-06-21T17:35:00Z|2026-06-21T18:15:00Z|,Severe Thunderstorm Warning,,2026-06-21T17:35:00Z,2026-06-21T18:15:00Z,GYX,NEW,1,"{""coordinates"":[[[-68.82,44.35],[-68.83,44.32],[-69.07,44.2],[-69.25,44.48],[-69.07,44.58],[-68.81,44.43],[-68.84,44.41],[-68.81,44.36],[-68.82,44.35]]],""type"":""Polygon""}","{""_map_py"":{""effective"":""2026-06-21T17:35:00Z"",""event"":""Severe Thunderstorm Warning"",""expires"":""2026-06-21T18:15:00Z"",""has_polygon"":true,""headline"":"""",""sender"":""GYX""},""effective"":""2026-06-21T17:35:00Z"",""event"":""Severe Thunderstorm Warning"",""expires"":""2026-06-21T18:15:00Z"",""headline"":"""",""iem_damagetag"":"""",""iem_emergency"":""False"",""iem_event_id"":""18"",""iem_forecaster"":""Palmer"",""iem_gtype"":""P"",""iem_hailtag"":""1.0"",""iem_phenomena"":""SV"",""iem_raw_properties"":{""AREA_KM2"":""840.3980547730919"",""DAMAGTAG"":null,""EMERGENC"":""False"",""ETN"":""18"",""EXPIRED"":""202606211815"",""FCSTER"":""Palmer"",""GTYPE"":""P"",""HAILTAG"":""1.0"",""HV_CAUSE"":null,""HV_NWSLI"":null,""HV_REC"":null,""HV_SEV"":null,""INIT_EXP"":""202606211815"",""INIT_ISS"":""202606211735"",""ISSUED"":""202606211735"",""NWS_UGC"":null,""PHENOM"":""SV"",""POLY_BEG"":""202606211735"",""POLY_END"":""202606211806"",""PROD_ID"":""202606211735-KGYX-WUUS51-SVRGYX"",""SIG"":""W"",""STATUS"":""NEW"",""TORNTAG"":null,""UPDATED"":""202606211735"",""VTEC_YR"":""2026"",""WFO"":""GYX"",""WINDTAG"":""60.0""},""iem_significance"":""W"",""iem_tornadotag"":"""",""iem_ugc"":"""",""iem_wfo"":""GYX"",""iem_windtag"":""60.0"",""senderName"":""GYX"",""status"":""NEW""}","{""geometry"":{""coordinates"":[[[-68.82,44.35],[-68.83,44.32],[-69.07,44.2],[-69.25,44.48],[-69.07,44.58],[-68.81,44.43],[-68.84,44.41],[-68.81,44.36],[-68.82,44.35]]],""type"":""Polygon""},""properties"":{""_map_py"":{""effective"":""2026-06-21T17:35:00Z"",""event"":""Severe Thunderstorm Warning"",""expires"":""2026-06-21T18:15:00Z"",""has_polygon"":true,""headline"":"""",""sender"":""GYX""},""effective"":""2026-06-21T17:35:00Z"",""event"":""Severe Thunderstorm Warning"",""expires"":""2026-06-21T18:15:00Z"",""headline"":"""",""iem_damagetag"":"""",""iem_emergency"":""False"",""iem_event_id"":""18"",""iem_forecaster"":""Palmer"",""iem_gtype"":""P"",""iem_hailtag"":""1.0"",""iem_phenomena"":""SV"",""iem_raw_properties"":{""AREA_KM2"":""840.3980547730919"",""DAMAGTAG"":null,""EMERGENC"":""False"",""ETN"":""18"",""EXPIRED"":""202606211815"",""FCSTER"":""Palmer"",""GTYPE"":""P"",""HAILTAG"":""1.0"",""HV_CAUSE"":null,""HV_NWSLI"":null,""HV_REC"":null,""HV_SEV"":null,""INIT_EXP"":""202606211815"",""INIT_ISS"":""202606211735"",""ISSUED"":""202606211735"",""NWS_UGC"":null,""PHENOM"":""SV"",""POLY_BEG"":""202606211735"",""POLY_END"":""202606211806"",""PROD_ID"":""202606211735-KGYX-WUUS51-SVRGYX"",""SIG"":""W"",""STATUS"":""NEW"",""TORNTAG"":null,""UPDATED"":""202606211735"",""VTEC_YR"":""2026"",""WFO"":""GYX"",""WINDTAG"":""60.0""},""iem_significance"":""W"",""iem_tornadotag"":"""",""iem_ugc"":"""",""iem_wfo"":""GYX"",""iem_windtag"":""60.0"",""senderName"":""GYX"",""status"":""NEW""},""type"":""Feature""}",2026-04-27T17:31:58Z,2026-07-09T05:15:02Z,2026-07-09T18:49:04Z
1443,iem_watchwarn,iem_watchwarn|LSX|191|SV|W|2026-06-21T17:53:00Z|2026-06-21T18:14:00Z|,Severe Thunderstorm Warning,,2026-06-21T17:53:00Z,2026-06-21T18:14:00Z,LSX,NEW,1,"{""coordinates"":[[[-90.94,38.32],[-90.96,38.4],[-90.75,38.53],[-90.75,38.34],[-90.94,38.32]]],""type"":""Polygon""}","{""_map_py"":{""effective"":""2026-06-21T17:53:00Z"",""event"":""Severe Thunderstorm Warning"",""expires"":""2026-06-21T18:14:00Z"",""has_polygon"":true,""headline"":"""",""sender"":""LSX""},""effective"":""2026-06-21T17:53:00Z"",""event"":""Severe Thunderstorm Warning"",""expires"":""2026-06-21T18:14:00Z"",""headline"":"""",""iem_damagetag"":"""",""iem_emergency"":""False"",""iem_event_id"":""191"",""iem_forecaster"":""Carney"",""iem_gtype"":""P"",""iem_hailtag"":""0.0"",""iem_phenomena"":""SV"",""iem_raw_properties"":{""AREA_KM2"":""268.9699162640662"",""DAMAGTAG"":null,""EMERGENC"":""False"",""ETN"":""191"",""EXPIRED"":""202606211814"",""FCSTER"":""Carney"",""GTYPE"":""P"",""HAILTAG"":""0.0"",""HV_CAUSE"":null,""HV_NWSLI"":null,""HV_REC"":null,""HV_SEV"":null,""INIT_EXP"":""202606211830"",""INIT_ISS"":""202606211753"",""ISSUED"":""202606211753"",""NWS_UGC"":null,""PHENOM"":""SV"",""POLY_BEG"":""202606211753"",""POLY_END"":""202606211801"",""PROD_ID"":""202606211753-KLSX-WUUS53-SVRLSX"",""SIG"":""W"",""STATUS"":""NEW"",""TORNTAG"":""POSSIBLE"",""UPDATED"":""202606211753"",""VTEC_YR"":""2026"",""WFO"":""LSX"",""WINDTAG"":""60.0""},""iem_significance"":""W"",""iem_tornadotag"":""POSSIBLE"",""iem_ugc"":"""",""iem_wfo"":""LSX"",""iem_windtag"":""60.0"",""senderName"":""LSX"",""status"":""NEW""}","{""geometry"":{""coordinates"":[[[-90.94,38.32],[-90.96,38.4],[-90.75,38.53],[-90.75,38.34],[-90.94,38.32]]],""type"":""Polygon""},""properties"":{""_map_py"":{""effective"":""2026-06-21T17:53:00Z"",""event"":""Severe Thunderstorm Warning"",""expires"":""2026-06-21T18:14:00Z"",""has_polygon"":true,""headline"":"""",""sender"":""LSX""},""effective"":""2026-06-21T17:53:00Z"",""event"":""Severe Thunderstorm Warning"",""expires"":""2026-06-21T18:14:00Z"",""headline"":"""",""iem_damagetag"":"""",""iem_emergency"":""False"",""iem_event_id"":""191"",""iem_forecaster"":""Carney"",""iem_gtype"":""P"",""iem_hailtag"":""0.0"",""iem_phenomena"":""SV"",""iem_raw_properties"":{""AREA_KM2"":""268.9699162640662"",""DAMAGTAG"":null,""EMERGENC"":""False"",""ETN"":""191"",""EXPIRED"":""202606211814"",""FCSTER"":""Carney"",""GTYPE"":""P"",""HAILTAG"":""0.0"",""HV_CAUSE"":null,""HV_NWSLI"":null,""HV_REC"":null,""HV_SEV"":null,""INIT_EXP"":""202606211830"",""INIT_ISS"":""202606211753"",""ISSUED"":""202606211753"",""NWS_UGC"":null,""PHENOM"":""SV"",""POLY_BEG"":""202606211753"",""POLY_END"":""202606211801"",""PROD_ID"":""202606211753-KLSX-WUUS53-SVRLSX"",""SIG"":""W"",""STATUS"":""NEW"",""TORNTAG"":""POSSIBLE"",""UPDATED"":""202606211753"",""VTEC_YR"":""2026"",""WFO"":""LSX"",""WINDTAG"":""60.0""},""iem_significance"":""W"",""iem_tornadotag"":""POSSIBLE"",""iem_ugc"":"""",""iem_wfo"":""LSX"",""iem_windtag"":""60.0"",""senderName"":""LSX"",""status"":""NEW""},""type"":""Feature""}",2026-04-27T17:31:58Z,2026-07-09T05:15:02Z,2026-07-09T18:49:04Z
910,iem_watchwarn,iem_watchwarn|CAR|10|SV|W|2026-06-21T18:15:00Z|2026-06-21T19:00:00Z|,Severe Thunderstorm Warning,,2026-06-21T18:15:00Z,2026-06-21T19:00:00Z,CAR,NEW,1,"{""coordinates"":[[[-68.71,44.45],[-68.61,44.6],[-68.32,44.52],[-68.51,44.34],[-68.71,44.45]]],""type"":""Polygon""}","{""_map_py"":{""effective"":""2026-06-21T18:15:00Z"",""event"":""Severe Thunderstorm Warning"",""expires"":""2026-06-21T19:00:00Z"",""has_polygon"":true,""headline"":"""",""sender"":""CAR""},""effective"":""2026-06-21T18:15:00Z"",""event"":""Severe Thunderstorm Warning"",""expires"":""2026-06-21T19:00:00Z"",""headline"":"""",""iem_damagetag"":"""",""iem_emergency"":""False"",""iem_event_id"":""10"",""iem_forecaster"":""SM"",""iem_gtype"":""P"",""iem_hailtag"":""1.0"",""iem_phenomena"":""SV"",""iem_raw_properties"":{""AREA_KM2"":""478.0760403533746"",""DAMAGTAG"":null,""EMERGENC"":""False"",""ETN"":""10"",""EXPIRED"":""202606211900"",""FCSTER"":""SM"",""GTYPE"":""P"",""HAILTAG"":""1.0"",""HV_CAUSE"":null,""HV_NWSLI"":null,""HV_REC"":null,""HV_SEV"":null,""INIT_EXP"":""202606211900"",""INIT_ISS"":""202606211815"",""ISSUED"":""202606211815"",""NWS_UGC"":null,""PHENOM"":""SV"",""POLY_BEG"":""202606211815"",""POLY_END"":""202606211847"",""PROD_ID"":""202606211815-KCAR-WUUS51-SVRCAR"",""SIG"":""W"",""STATUS"":""NEW"",""TORNTAG"":null,""UPDATED"":""202606211815"",""VTEC_YR"":""2026"",""WFO"":""CAR"",""WINDTAG"":""60.0""},""iem_significance"":""W"",""iem_tornadotag"":"""",""iem_ugc"":"""",""iem_wfo"":""CAR"",""iem_windtag"":""60.0"",""senderName"":""CAR"",""status"":""NEW""}","{""geometry"":{""coordinates"":[[[-68.71,44.45],[-68.61,44.6],[-68.32,44.52],[-68.51,44.34],[-68.71,44.45]]],""type"":""Polygon""},""properties"":{""_map_py"":{""effective"":""2026-06-21T18:15:00Z"",""event"":""Severe Thunderstorm Warning"",""expires"":""2026-06-21T19:00:00Z"",""has_polygon"":true,""headline"":"""",""sender"":""CAR""},""effective"":""2026-06-21T18:15:00Z"",""event"":""Severe Thunderstorm Warning"",""expires"":""2026-06-21T19:00:00Z"",""headline"":"""",""iem_damagetag"":"""",""iem_emergency"":""False"",""iem_event_id"":""10"",""iem_forecaster"":""SM"",""iem_gtype"":""P"",""iem_hailtag"":""1.0"",""iem_phenomena"":""SV"",""iem_raw_properties"":{""AREA_KM2"":""478.0760403533746"",""DAMAGTAG"":null,""EMERGENC"":""False"",""ETN"":""10"",""EXPIRED"":""202606211900"",""FCSTER"":""SM"",""GTYPE"":""P"",""HAILTAG"":""1.0"",""HV_CAUSE"":null,""HV_NWSLI"":null,""HV_REC"":null,""HV_SEV"":null,""INIT_EXP"":""202606211900"",""INIT_ISS"":""202606211815"",""ISSUED"":""202606211815"",""NWS_UGC"":null,""PHENOM"":""SV"",""POLY_BEG"":""202606211815"",""POLY_END"":""202606211847"",""PROD_ID"":""202606211815-KCAR-WUUS51-SVRCAR"",""SIG"":""W"",""STATUS"":""NEW"",""TORNTAG"":null,""UPDATED"":""202606211815"",""VTEC_YR"":""2026"",""WFO"":""CAR"",""WINDTAG"":""60.0""},""iem_significance"":""W"",""iem_tornadotag"":"""",""iem_ugc"":"""",""iem_wfo"":""CAR"",""iem_windtag"":""60.0"",""senderName"":""CAR"",""status"":""NEW""},""type"":""Feature""}",2026-04-27T17:31:58Z,2026-07-09T05:15:02Z,2026-07-09T18:49:04Z
6379,iem_watchwarn,iem_watchwarn|PAH|173|SV|W|2026-06-21T18:27:00Z|2026-06-21T19:00:00Z|,Severe Thunderstorm Warning,,2026-06-21T18:27:00Z,2026-06-21T19:00:00Z,PAH,NEW,1,"{""coordinates"":[[[-89.04,37.59],[-89.04,37.45],[-89.3,37.41],[-89.35,37.47],[-89.25,37.6],[-89.15,37.6],[-89.04,37.59]]],""type"":""Polygon""}","{""_map_py"":{""effective"":""2026-06-21T18:27:00Z"",""event"":""Severe Thunderstorm Warning"",""expires"":""2026-06-21T19:00:00Z"",""has_polygon"":true,""headline"":"""",""sender"":""PAH""},""effective"":""2026-06-21T18:27:00Z"",""event"":""Severe Thunderstorm Warning"",""expires"":""2026-06-21T19:00:00Z"",""headline"":"""",""iem_damagetag"":"""",""iem_emergency"":""False"",""iem_event_id"":""173"",""iem_forecaster"":""ATL"",""iem_gtype"":""P"",""iem_hailtag"":""1.0"",""iem_phenomena"":""SV"",""iem_raw_properties"":{""AREA_KM2"":""442.74275275052634"",""DAMAGTAG"":null,""EMERGENC"":""False"",""ETN"":""173"",""EXPIRED"":""202606211900"",""FCSTER"":""ATL"",""GTYPE"":""P"",""HAILTAG"":""1.0"",""HV_CAUSE"":null,""HV_NWSLI"":null,""HV_REC"":null,""HV_SEV"":null,""INIT_EXP"":""202606211900"",""INIT_ISS"":""202606211827"",""ISSUED"":""202606211827"",""NWS_UGC"":null,""PHENOM"":""SV"",""POLY_BEG"":""202606211827"",""POLY_END"":""202606211832"",""PROD_ID"":""202606211827-KPAH-WUUS53-SVRPAH"",""SIG"":""W"",""STATUS"":""NEW"",""TORNTAG"":""POSSIBLE"",""UPDATED"":""202606211827"",""VTEC_YR"":""2026"",""WFO"":""PAH"",""WINDTAG"":""60.0""},""iem_significance"":""W"",""iem_tornadotag"":""POSSIBLE"",""iem_ugc"":"""",""iem_wfo"":""PAH"",""iem_windtag"":""60.0"",""senderName"":""PAH"",""status"":""NEW""}","{""geometry"":{""coordinates"":[[[-89.04,37.59],[-89.04,37.45],[-89.3,37.41],[-89.35,37.47],[-89.25,37.6],[-89.15,37.6],[-89.04,37.59]]],""type"":""Polygon""},""properties"":{""_map_py"":{""effective"":""2026-06-21T18:27:00Z"",""event"":""Severe Thunderstorm Warning"",""expires"":""2026-06-21T19:00:00Z"",""has_polygon"":true,""headline"":"""",""sender"":""PAH""},""effective"":""2026-06-21T18:27:00Z"",""event"":""Severe Thunderstorm Warning"",""expires"":""2026-06-21T19:00:00Z"",""headline"":"""",""iem_damagetag"":"""",""iem_emergency"":""False"",""iem_event_id"":""173"",""iem_forecaster"":""ATL"",""iem_gtype"":""P"",""iem_hailtag"":""1.0"",""iem_phenomena"":""SV"",""iem_raw_properties"":{""AREA_KM2"":""442.74275275052634"",""DAMAGTAG"":null,""EMERGENC"":""False"",""ETN"":""173"",""EXPIRED"":""202606211900"",""FCSTER"":""ATL"",""GTYPE"":""P"",""HAILTAG"":""1.0"",""HV_CAUSE"":null,""HV_NWSLI"":null,""HV_REC"":null,""HV_SEV"":null,""INIT_EXP"":""202606211900"",""INIT_ISS"":""202606211827"",""ISSUED"":""202606211827"",""NWS_UGC"":null,""PHENOM"":""SV"",""POLY_BEG"":""202606211827"",""POLY_END"":""202606211832"",""PROD_ID"":""202606211827-KPAH-WUUS53-SVRPAH"",""SIG"":""W"",""STATUS"":""NEW"",""TORNTAG"":""POSSIBLE"",""UPDATED"":""202606211827"",""VTEC_YR"":""2026"",""WFO"":""PAH"",""WINDTAG"":""60.0""},""iem_significance"":""W"",""iem_tornadotag"":""POSSIBLE"",""iem_ugc"":"""",""iem_wfo"":""PAH"",""iem_windtag"":""60.0"",""senderName"":""PAH"",""status"":""NEW""},""type"":""Feature""}",2026-04-27T17:31:58Z,2026-07-09T05:15:02Z,2026-07-09T18:49:04Z
5582,iem_watchwarn,iem_watchwarn|CYS|105|SV|W|2026-06-21T18:49:00Z|2026-06-21T19:09:00Z|,Severe Thunderstorm Warning,,2026-06-21T18:49:00Z,2026-06-21T19:09:00Z,CYS,NEW,1,"{""coordinates"":[[[-102.89,41.63],[-102.84,41.81],[-102.68,41.81],[-102.67,41.76],[-102.64,41.74],[-102.64,41.56],[-102.89,41.63]]],""type"":""Polygon""}","{""_map_py"":{""effective"":""2026-06-21T18:49:00Z"",""event"":""Severe Thunderstorm Warning"",""expires"":""2026-06-21T19:09:00Z"",""has_polygon"":true,""headline"":"""",""sender"":""CYS""},""effective"":""2026-06-21T18:49:00Z"",""event"":""Severe Thunderstorm Warning"",""expires"":""2026-06-21T19:09:00Z"",""headline"":"""",""iem_damagetag"":"""",""iem_emergency"":""False"",""iem_event_id"":""105"",""iem_forecaster"":""Natoli"",""iem_gtype"":""P"",""iem_hailtag"":""1.25"",""iem_phenomena"":""SV"",""iem_raw_properties"":{""AREA_KM2"":""435.6972065581373"",""DAMAGTAG"":null,""EMERGENC"":""False"",""ETN"":""105"",""EXPIRED"":""202606211909"",""FCSTER"":""Natoli"",""GTYPE"":""P"",""HAILTAG"":""1.25"",""HV_CAUSE"":null,""HV_NWSLI"":null,""HV_REC"":null,""HV_SEV"":null,""INIT_EXP"":""202606211930"",""INIT_ISS"":""202606211849"",""ISSUED"":""202606211849"",""NWS_UGC"":null,""PHENOM"":""SV"",""POLY_BEG"":""202606211849"",""POLY_END"":""202606211909"",""PROD_ID"":""202606211849-KCYS-WUUS55-SVRCYS"",""SIG"":""W"",""STATUS"":""NEW"",""TORNTAG"":null,""UPDATED"":""202606211849"",""VTEC_YR"":""2026"",""WFO"":""CYS"",""WINDTAG"":""60.0""},""iem_significance"":""W"",""iem_tornadotag"":"""",""iem_ugc"":"""",""iem_wfo"":""CYS"",""iem_windtag"":""60.0"",""senderName"":""CYS"",""status"":""NEW""}","{""geometry"":{""coordinates"":[[[-102.89,41.63],[-102.84,41.81],[-102.68,41.81],[-102.67,41.76],[-102.64,41.74],[-102.64,41.56],[-102.89,41.63]]],""type"":""Polygon""},""properties"":{""_map_py"":{""effective"":""2026-06-21T18:49:00Z"",""event"":""Severe Thunderstorm Warning"",""expires"":""2026-06-21T19:09:00Z"",""has_polygon"":true,""headline"":"""",""sender"":""CYS""},""effective"":""2026-06-21T18:49:00Z"",""event"":""Severe Thunderstorm Warning"",""expires"":""2026-06-21T19:09:00Z"",""headline"":"""",""iem_damagetag"":"""",""iem_emergency"":""False"",""iem_event_id"":""105"",""iem_forecaster"":""Natoli"",""iem_gtype"":""P"",""iem_hailtag"":""1.25"",""iem_phenomena"":""SV"",""iem_raw_properties"":{""AREA_KM2"":""435.6972065581373"",""DAMAGTAG"":null,""EMERGENC"":""False"",""ETN"":""105"",""EXPIRED"":""202606211909"",""FCSTER"":""Natoli"",""GTYPE"":""P"",""HAILTAG"":""1.25"",""HV_CAUSE"":null,""HV_NWSLI"":null,""HV_REC"":null,""HV_SEV"":null,""INIT_EXP"":""202606211930"",""INIT_ISS"":""202606211849"",""ISSUED"":""202606211849"",""NWS_UGC"":null,""PHENOM"":""SV"",""POLY_BEG"":""202606211849"",""POLY_END"":""202606211909"",""PROD_ID"":""202606211849-KCYS-WUUS55-SVRCYS"",""SIG"":""W"",""STATUS"":""NEW"",""TORNTAG"":null,""UPDATED"":""202606211849"",""VTEC_YR"":""2026"",""WFO"":""CYS"",""WINDTAG"":""60.0""},""iem_significance"":""W"",""iem_tornadotag"":"""",""iem_ugc"":"""",""iem_wfo"":""CYS"",""iem_windtag"":""60.0"",""senderName"":""CYS"",""status"":""NEW""},""type"":""Feature""}",2026-04-27T17:31:58Z,2026-07-09T05:15:02Z,2026-07-09T18:49:04Z
8944,iem_watchwarn,iem_watchwarn|CAR|11|SV|W|2026-06-21T18:50:00Z|2026-06-21T19:30:00Z|,Severe Thunderstorm Warning,,2026-06-21T18:50:00Z,2026-06-21T19:30:00Z,CAR,NEW,1,"{""coordinates"":[[[-69.05,44.7],[-68.97,44.78],[-68.76,44.72],[-68.79,44.69],[-68.81,44.68],[-68.83,44.69],[-68.84,44.69],[-68.84,44.7],[-68.88,44.69],[-69.01,44.67],[-69.05,44.7]]],""type"":""Polygon""}","{""_map_py"":{""effective"":""2026-06-21T18:50:00Z"",""event"":""Severe Thunderstorm Warning"",""expires"":""2026-06-21T19:30:00Z"",""has_polygon"":true,""headline"":"""",""sender"":""CAR""},""effective"":""2026-06-21T18:50:00Z"",""event"":""Severe Thunderstorm Warning"",""expires"":""2026-06-21T19:30:00Z"",""headline"":"""",""iem_damagetag"":"""",""iem_emergency"":""False"",""iem_event_id"":""11"",""iem_forecaster"":""SM"",""iem_gtype"":""P"",""iem_hailtag"":""1.0"",""iem_phenomena"":""SV"",""iem_raw_properties"":{""AREA_KM2"":""155.1369618518291"",""DAMAGTAG"":null,""EMERGENC"":""False"",""ETN"":""11"",""EXPIRED"":""202606211930"",""FCSTER"":""SM"",""GTYPE"":""P"",""HAILTAG"":""1.0"",""HV_CAUSE"":null,""HV_NWSLI"":null,""HV_REC"":null,""HV_SEV"":null,""INIT_EXP"":""202606211930"",""INIT_ISS"":""202606211850"",""ISSUED"":""202606211850"",""NWS_UGC"":null,""PHENOM"":""SV"",""POLY_BEG"":""202606211850"",""POLY_END"":""202606211921"",""PROD_ID"":""202606211850-KCAR-WUUS51-SVRCAR"",""SIG"":""W"",""STATUS"":""NEW"",""TORNTAG"":null,""UPDATED"":""202606211850"",""VTEC_YR"":""2026"",""WFO"":""CAR"",""WINDTAG"":""60.0""},""iem_significance"":""W"",""iem_tornadotag"":"""",""iem_ugc"":"""",""iem_wfo"":""CAR"",""iem_windtag"":""60.0"",""senderName"":""CAR"",""status"":""NEW""}","{""geometry"":{""coordinates"":[[[-69.05,44.7],[-68.97,44.78],[-68.76,44.72],[-68.79,44.69],[-68.81,44.68],[-68.83,44.69],[-68.84,44.69],[-68.84,44.7],[-68.88,44.69],[-69.01,44.67],[-69.05,44.7]]],""type"":""Polygon""},""properties"":{""_map_py"":{""effective"":""2026-06-21T18:50:00Z"",""event"":""Severe Thunderstorm Warning"",""expires"":""2026-06-21T19:30:00Z"",""has_polygon"":true,""headline"":"""",""sender"":""CAR""},""effective"":""2026-06-21T18:50:00Z"",""event"":""Severe Thunderstorm Warning"",""expires"":""2026-06-21T19:30:00Z"",""headline"":"""",""iem_damagetag"":"""",""iem_emergency"":""False"",""iem_event_id"":""11"",""iem_forecaster"":""SM"",""iem_gtype"":""P"",""iem_hailtag"":""1.0"",""iem_phenomena"":""SV"",""iem_raw_properties"":{""AREA_KM2"":""155.1369618518291"",""DAMAGTAG"":null,""EMERGENC"":""False"",""ETN"":""11"",""EXPIRED"":""202606211930"",""FCSTER"":""SM"",""GTYPE"":""P"",""HAILTAG"":""1.0"",""HV_CAUSE"":null,""HV_NWSLI"":null,""HV_REC"":null,""HV_SEV"":null,""INIT_EXP"":""202606211930"",""INIT_ISS"":""202606211850"",""ISSUED"":""202606211850"",""NWS_UGC"":null,""PHENOM"":""SV"",""POLY_BEG"":""202606211850"",""POLY_END"":""202606211921"",""PROD_ID"":""202606211850-KCAR-WUUS51-SVRCAR"",""SIG"":""W"",""STATUS"":""NEW"",""TORNTAG"":null,""UPDATED"":""202606211850"",""VTEC_YR"":""2026"",""WFO"":""CAR"",""WINDTAG"":""60.0""},""iem_significance"":""W"",""iem_tornadotag"":"""",""iem_ugc"":"""",""iem_wfo"":""CAR"",""iem_windtag"":""60.0"",""senderName"":""CAR"",""status"":""NEW""},""type"":""Feature""}",2026-04-27T17:31:58Z,2026-07-09T05:15:02Z,2026-07-09T18:49:04Z
4874,iem_watchwarn,iem_watchwarn|LBF|103|SV|W|2026-06-21T18:55:00Z|2026-06-21T19:45:00Z|,Severe Thunderstorm Warning,,2026-06-21T18:55:00Z,2026-06-21T19:45:00Z,LBF,NEW,1,"{""coordinates"":[[[-102.63,41.54],[-102.64,41.73],[-102.24,41.58],[-102.45,41.4],[-102.64,41.52],[-102.63,41.54]]],""type"":""Polygon""}","{""_map_py"":{""effective"":""2026-06-21T18:55:00Z"",""event"":""Severe Thunderstorm Warning"",""expires"":""2026-06-21T19:45:00Z"",""has_polygon"":true,""headline"":"""",""sender"":""LBF""},""effective"":""2026-06-21T18:55:00Z"",""event"":""Severe Thunderstorm Warning"",""expires"":""2026-06-21T19:45:00Z"",""headline"":"""",""iem_damagetag"":"""",""iem_emergency"":""False"",""iem_event_id"":""103"",""iem_forecaster"":""Brown"",""iem_gtype"":""P"",""iem_hailtag"":""1.25"",""iem_phenomena"":""SV"",""iem_raw_properties"":{""AREA_KM2"":""653.898353331424"",""DAMAGTAG"":null,""EMERGENC"":""False"",""ETN"":""103"",""EXPIRED"":""202606211945"",""FCSTER"":""Brown"",""GTYPE"":""P"",""HAILTAG"":""1.25"",""HV_CAUSE"":null,""HV_NWSLI"":null,""HV_REC"":null,""HV_SEV"":null,""INIT_EXP"":""202606211945"",""INIT_ISS"":""202606211855"",""ISSUED"":""202606211855"",""NWS_UGC"":null,""PHENOM"":""SV"",""POLY_BEG"":""202606211855"",""POLY_END"":""202606211911"",""PROD_ID"":""202606211855-KLBF-WUUS53-SVRLBF"",""SIG"":""W"",""STATUS"":""NEW"",""TORNTAG"":null,""UPDATED"":""202606211855"",""VTEC_YR"":""2026"",""WFO"":""LBF"",""WINDTAG"":""60.0""},""iem_significance"":""W"",""iem_tornadotag"":"""",""iem_ugc"":"""",""iem_wfo"":""LBF"",""iem_windtag"":""60.0"",""senderName"":""LBF"",""status"":""NEW""}","{""geometry"":{""coordinates"":[[[-102.63,41.54],[-102.64,41.73],[-102.24,41.58],[-102.45,41.4],[-102.64,41.52],[-102.63,41.54]]],""type"":""Polygon""},""properties"":{""_map_py"":{""effective"":""2026-06-21T18:55:00Z"",""event"":""Severe Thunderstorm Warning"",""expires"":""2026-06-21T19:45:00Z"",""has_polygon"":true,""headline"":"""",""sender"":""LBF""},""effective"":""2026-06-21T18:55:00Z"",""event"":""Severe Thunderstorm Warning"",""expires"":""2026-06-21T19:45:00Z"",""headline"":"""",""iem_damagetag"":"""",""iem_emergency"":""False"",""iem_event_id"":""103"",""iem_forecaster"":""Brown"",""iem_gtype"":""P"",""iem_hailtag"":""1.25"",""iem_phenomena"":""SV"",""iem_raw_properties"":{""AREA_KM2"":""653.898353331424"",""DAMAGTAG"":null,""EMERGENC"":""False"",""ETN"":""103"",""EXPIRED"":""202606211945"",""FCSTER"":""Brown"",""GTYPE"":""P"",""HAILTAG"":""1.25"",""HV_CAUSE"":null,""HV_NWSLI"":null,""HV_REC"":null,""HV_SEV"":null,""INIT_EXP"":""202606211945"",""INIT_ISS"":""202606211855"",""ISSUED"":""202606211855"",""NWS_UGC"":null,""PHENOM"":""SV"",""POLY_BEG"":""202606211855"",""POLY_END"":""202606211911"",""PROD_ID"":""202606211855-KLBF-WUUS53-SVRLBF"",""SIG"":""W"",""STATUS"":""NEW"",""TORNTAG"":null,""UPDATED"":""202606211855"",""VTEC_YR"":""2026"",""WFO"":""LBF"",""WINDTAG"":""60.0""},""iem_significance"":""W"",""iem_tornadotag"":"""",""iem_ugc"":"""",""iem_wfo"":""LBF"",""iem_windtag"":""60.0"",""senderName"":""LBF"",""status"":""NEW""},""type"":""Feature""}",2026-04-27T17:31:58Z,2026-07-09T05:15:02Z,2026-07-09T18:49:04Z
8225,iem_watchwarn,iem_watchwarn|LBF|104|SV|W|2026-06-21T19:28:00Z|2026-06-21T20:09:00Z|,Severe Thunderstorm Warning,,2026-06-21T19:28:00Z,2026-06-21T20:09:00Z,LBF,NEW,1,"{""coordinates"":[[[-102.45,41.4],[-102.25,41.57],[-101.99,41.43],[-101.98,41.4],[-102.06,41.39],[-102.05,41.23],[-102.06,41.22],[-102.19,41.22],[-102.45,41.4]]],""type"":""Polygon""}","{""_map_py"":{""effective"":""2026-06-21T19:28:00Z"",""event"":""Severe Thunderstorm Warning"",""expires"":""2026-06-21T20:09:00Z"",""has_polygon"":true,""headline"":"""",""sender"":""LBF""},""effective"":""2026-06-21T19:28:00Z"",""event"":""Severe Thunderstorm Warning"",""expires"":""2026-06-21T20:09:00Z"",""headline"":"""",""iem_damagetag"":""CONSIDERABLE"",""iem_emergency"":""False"",""iem_event_id"":""104"",""iem_forecaster"":""Brown"",""iem_gtype"":""P"",""iem_hailtag"":""1.75"",""iem_phenomena"":""SV"",""iem_raw_properties"":{""AREA_KM2"":""846.0844904040551"",""DAMAGTAG"":""CONSIDERABLE"",""EMERGENC"":""False"",""ETN"":""104"",""EXPIRED"":""202606212009"",""FCSTER"":""Brown"",""GTYPE"":""P"",""HAILTAG"":""1.75"",""HV_CAUSE"":null,""HV_NWSLI"":null,""HV_REC"":null,""HV_SEV"":null,""INIT_EXP"":""202606212030"",""INIT_ISS"":""202606211928"",""ISSUED"":""202606211928"",""NWS_UGC"":null,""PHENOM"":""SV"",""POLY_BEG"":""202606211928"",""POLY_END"":""202606211945"",""PROD_ID"":""202606211928-KLBF-WUUS53-SVRLBF"",""SIG"":""W"",""STATUS"":""NEW"",""TORNTAG"":null,""UPDATED"":""202606211928"",""VTEC_YR"":""2026"",""WFO"":""LBF"",""WINDTAG"":""60.0""},""iem_significance"":""W"",""iem_tornadotag"":"""",""iem_ugc"":"""",""iem_wfo"":""LBF"",""iem_windtag"":""60.0"",""senderName"":""LBF"",""status"":""NEW""}","{""geometry"":{""coordinates"":[[[-102.45,41.4],[-102.25,41.57],[-101.99,41.43],[-101.98,41.4],[-102.06,41.39],[-102.05,41.23],[-102.06,41.22],[-102.19,41.22],[-102.45,41.4]]],""type"":""Polygon""},""properties"":{""_map_py"":{""effective"":""2026-06-21T19:28:00Z"",""event"":""Severe Thunderstorm Warning"",""expires"":""2026-06-21T20:09:00Z"",""has_polygon"":true,""headline"":"""",""sender"":""LBF""},""effective"":""2026-06-21T19:28:00Z"",""event"":""Severe Thunderstorm Warning"",""expires"":""2026-06-21T20:09:00Z"",""headline"":"""",""iem_damagetag"":""CONSIDERABLE"",""iem_emergency"":""False"",""iem_event_id"":""104"",""iem_forecaster"":""Brown"",""iem_gtype"":""P"",""iem_hailtag"":""1.75"",""iem_phenomena"":""SV"",""iem_raw_properties"":{""AREA_KM2"":""846.0844904040551"",""DAMAGTAG"":""CONSIDERABLE"",""EMERGENC"":""False"",""ETN"":""104"",""EXPIRED"":""202606212009"",""FCSTER"":""Brown"",""GTYPE"":""P"",""HAILTAG"":""1.75"",""HV_CAUSE"":null,""HV_NWSLI"":null,""HV_REC"":null,""HV_SEV"":null,""INIT_EXP"":""202606212030"",""INIT_ISS"":""202606211928"",""ISSUED"":""202606211928"",""NWS_UGC"":null,""PHENOM"":""SV"",""POLY_BEG"":""202606211928"",""POLY_END"":""202606211945"",""PROD_ID"":""202606211928-KLBF-WUUS53-SVRLBF"",""SIG"":""W"",""STATUS"":""NEW"",""TORNTAG"":null,""UPDATED"":""202606211928"",""VTEC_YR"":""2026"",""WFO"":""LBF"",""WINDTAG"":""60.0""},""iem_significance"":""W"",""iem_tornadotag"":"""",""iem_ugc"":"""",""iem_wfo"":""LBF"",""iem_windtag"":""60.0"",""senderName"":""LBF"",""status"":""NEW""},""type"":""Feature""}",2026-04-27T17:31:58Z,2026-07-09T05:15:02Z,2026-07-09T18:49:04Z
2310,iem_watchwarn,iem_watchwarn|LBF|105|SV|W|2026-06-21T19:42:00Z|2026-06-21T20:30:00Z|,Severe Thunderstorm Warning,,2026-06-21T19:42:00Z,2026-06-21T20:30:00Z,LBF,NEW,1,"{""coordinates"":[[[-101.81,40.63],[-101.73,40.7],[-101.35,40.7],[-101.35,40.51],[-101.81,40.63]]],""type"":""Polygon""}","{""_map_py"":{""effective"":""2026-06-21T19:42:00Z"",""event"":""Severe Thunderstorm Warning"",""expires"":""2026-06-21T20:30:00Z"",""has_polygon"":true,""headline"":"""",""sender"":""LBF""},""effective"":""2026-06-21T19:42:00Z"",""event"":""Severe Thunderstorm Warning"",""expires"":""2026-06-21T20:30:00Z"",""headline"":"""",""iem_damagetag"":"""",""iem_emergency"":""False"",""iem_event_id"":""105"",""iem_forecaster"":""Brown"",""iem_gtype"":""P"",""iem_hailtag"":""1.25"",""iem_phenomena"":""SV"",""iem_raw_properties"":{""AREA_KM2"":""534.4141645453266"",""DAMAGTAG"":null,""EMERGENC"":""False"",""ETN"":""105"",""EXPIRED"":""202606212030"",""FCSTER"":""Brown"",""GTYPE"":""P"",""HAILTAG"":""1.25"",""HV_CAUSE"":null,""HV_NWSLI"":null,""HV_REC"":null,""HV_SEV"":null,""INIT_EXP"":""202606212030"",""INIT_ISS"":""202606211942"",""ISSUED"":""202606211942"",""NWS_UGC"":null,""PHENOM"":""SV"",""POLY_BEG"":""202606211942"",""POLY_END"":""202606212010"",""PROD_ID"":""202606211942-KLBF-WUUS53-SVRLBF"",""SIG"":""W"",""STATUS"":""NEW"",""TORNTAG"":null,""UPDATED"":""202606211942"",""VTEC_YR"":""2026"",""WFO"":""LBF"",""WINDTAG"":""60.0""},""iem_significance"":""W"",""iem_tornadotag"":"""",""iem_ugc"":"""",""iem_wfo"":""LBF"",""iem_windtag"":""60.0"",""senderName"":""LBF"",""status"":""NEW""}","{""geometry"":{""coordinates"":[[[-101.81,40.63],[-101.73,40.7],[-101.35,40.7],[-101.35,40.51],[-101.81,40.63]]],""type"":""Polygon""},""properties"":{""_map_py"":{""effective"":""2026-06-21T19:42:00Z"",""event"":""Severe Thunderstorm Warning"",""expires"":""2026-06-21T20:30:00Z"",""has_polygon"":true,""headline"":"""",""sender"":""LBF""},""effective"":""2026-06-21T19:42:00Z"",""event"":""Severe Thunderstorm Warning"",""expires"":""2026-06-21T20:30:00Z"",""headline"":"""",""iem_damagetag"":"""",""iem_emergency"":""False"",""iem_event_id"":""105"",""iem_forecaster"":""Brown"",""iem_gtype"":""P"",""iem_hailtag"":""1.25"",""iem_phenomena"":""SV"",""iem_raw_properties"":{""AREA_KM2"":""534.4141645453266"",""DAMAGTAG"":null,""EMERGENC"":""False"",""ETN"":""105"",""EXPIRED"":""202606212030"",""FCSTER"":""Brown"",""GTYPE"":""P"",""HAILTAG"":""1.25"",""HV_CAUSE"":null,""HV_NWSLI"":null,""HV_REC"":null,""HV_SEV"":null,""INIT_EXP"":""202606212030"",""INIT_ISS"":""202606211942"",""ISSUED"":""202606211942"",""NWS_UGC"":null,""PHENOM"":""SV"",""POLY_BEG"":""202606211942"",""POLY_END"":""202606212010"",""PROD_ID"":""202606211942-KLBF-WUUS53-SVRLBF"",""SIG"":""W"",""STATUS"":""NEW"",""TORNTAG"":null,""UPDATED"":""202606211942"",""VTEC_YR"":""2026"",""WFO"":""LBF"",""WINDTAG"":""60.0""},""iem_significance"":""W"",""iem_tornadotag"":"""",""iem_ugc"":"""",""iem_wfo"":""LBF"",""iem_windtag"":""60.0"",""senderName"":""LBF"",""status"":""NEW""},""type"":""Feature""}",2026-04-27T17:31:58Z,2026-07-09T05:15:02Z,2026-07-09T18:49:04Z
4640,iem_watchwarn,iem_watchwarn|LSX|192|SV|W|2026-06-21T19:47:00Z|2026-06-21T20:30:00Z|,Severe Thunderstorm Warning,,2026-06-21T19:47:00Z,2026-06-21T20:30:00Z,LSX,NEW,1,"{""coordinates"":[[[-89.15,38.93],[-89.22,39.06],[-88.96,39.22],[-88.81,39.22],[-88.81,38.97],[-89.15,38.93]]],""type"":""Polygon""}","{""_map_py"":{""effective"":""2026-06-21T19:47:00Z"",""event"":""Severe Thunderstorm Warning"",""expires"":""2026-06-21T20:30:00Z"",""has_polygon"":true,""headline"":"""",""sender"":""LSX""},""effective"":""2026-06-21T19:47:00Z"",""event"":""Severe Thunderstorm Warning"",""expires"":""2026-06-21T20:30:00Z"",""headline"":"""",""iem_damagetag"":"""",""iem_emergency"":""False"",""iem_event_id"":""192"",""iem_forecaster"":""Carney"",""iem_gtype"":""P"",""iem_hailtag"":""0.0"",""iem_phenomena"":""SV"",""iem_raw_properties"":{""AREA_KM2"":""832.7087574105475"",""DAMAGTAG"":null,""EMERGENC"":""False"",""ETN"":""192"",""EXPIRED"":""202606212030"",""FCSTER"":""Carney"",""GTYPE"":""P"",""HAILTAG"":""0.0"",""HV_CAUSE"":null,""HV_NWSLI"":null,""HV_REC"":null,""HV_SEV"":null,""INIT_EXP"":""202606212030"",""INIT_ISS"":""202606211947"",""ISSUED"":""202606211947"",""NWS_UGC"":null,""PHENOM"":""SV"",""POLY_BEG"":""202606211947"",""POLY_END"":""202606212015"",""PROD_ID"":""202606211947-KLSX-WUUS53-SVRLSX"",""SIG"":""W"",""STATUS"":""NEW"",""TORNTAG"":""POSSIBLE"",""UPDATED"":""202606211947"",""VTEC_YR"":""2026"",""WFO"":""LSX"",""WINDTAG"":""60.0""},""iem_significance"":""W"",""iem_tornadotag"":""POSSIBLE"",""iem_ugc"":"""",""iem_wfo"":""LSX"",""iem_windtag"":""60.0"",""senderName"":""LSX"",""status"":""NEW""}","{""geometry"":{""coordinates"":[[[-89.15,38.93],[-89.22,39.06],[-88.96,39.22],[-88.81,39.22],[-88.81,38.97],[-89.15,38.93]]],""type"":""Polygon""},""properties"":{""_map_py"":{""effective"":""2026-06-21T19:47:00Z"",""event"":""Severe Thunderstorm Warning"",""expires"":""2026-06-21T20:30:00Z"",""has_polygon"":true,""headline"":"""",""sender"":""LSX""},""effective"":""2026-06-21T19:47:00Z"",""event"":""Severe Thunderstorm Warning"",""expires"":""2026-06-21T20:30:00Z"",""headline"":"""",""iem_damagetag"":"""",""iem_emergency"":""False"",""iem_event_id"":""192"",""iem_forecaster"":""Carney"",""iem_gtype"":""P"",""iem_hailtag"":""0.0"",""iem_phenomena"":""SV"",""iem_raw_properties"":{""AREA_KM2"":""832.7087574105475"",""DAMAGTAG"":null,""EMERGENC"":""False"",""ETN"":""192"",""EXPIRED"":""202606212030"",""FCSTER"":""Carney"",""GTYPE"":""P"",""HAILTAG"":""0.0"",""HV_CAUSE"":null,""HV_NWSLI"":null,""HV_REC"":null,""HV_SEV"":null,""INIT_EXP"":""202606212030"",""INIT_ISS"":""202606211947"",""ISSUED"":""202606211947"",""NWS_UGC"":null,""PHENOM"":""SV"",""POLY_BEG"":""202606211947"",""POLY_END"":""202606212015"",""PROD_ID"":""202606211947-KLSX-WUUS53-SVRLSX"",""SIG"":""W"",""STATUS"":""NEW"",""TORNTAG"":""POSSIBLE"",""UPDATED"":""202606211947"",""VTEC_YR"":""2026"",""WFO"":""LSX"",""WINDTAG"":""60.0""},""iem_significance"":""W"",""iem_tornadotag"":""POSSIBLE"",""iem_ugc"":"""",""iem_wfo"":""LSX"",""iem_windtag"":""60.0"",""senderName"":""LSX"",""status"":""NEW""},""type"":""Feature""}",2026-04-27T17:31:58Z,2026-07-09T05:15:02Z,2026-07-09T18:49:04Z
3253,iem_watchwarn,iem_watchwarn|LBF|106|SV|W|2026-06-21T19:48:00Z|2026-06-21T20:30:00Z|,Severe Thunderstorm Warning,,2026-06-21T19:48:00Z,2026-06-21T20:30:00Z,LBF,NEW,1,"{""coordinates"":[[[-101.93,41.62],[-101.67,41.66],[-101.4,41.4],[-101.77,41.4],[-101.93,41.62]]],""type"":""Polygon""}","{""_map_py"":{""effective"":""2026-06-21T19:48:00Z"",""event"":""Severe Thunderstorm Warning"",""expires"":""2026-06-21T20:30:00Z"",""has_polygon"":true,""headline"":"""",""sender"":""LBF""},""effective"":""2026-06-21T19:48:00Z"",""event"":""Severe Thunderstorm Warning"",""expires"":""2026-06-21T20:30:00Z"",""headline"":"""",""iem_damagetag"":"""",""iem_emergency"":""False"",""iem_event_id"":""106"",""iem_forecaster"":""Brown"",""iem_gtype"":""P"",""iem_hailtag"":""1.5"",""iem_phenomena"":""SV"",""iem_raw_properties"":{""AREA_KM2"":""739.8454388292699"",""DAMAGTAG"":null,""EMERGENC"":""False"",""ETN"":""106"",""EXPIRED"":""202606212030"",""FCSTER"":""Brown"",""GTYPE"":""P"",""HAILTAG"":""1.5"",""HV_CAUSE"":null,""HV_NWSLI"":null,""HV_REC"":null,""HV_SEV"":null,""INIT_EXP"":""202606212030"",""INIT_ISS"":""202606211948"",""ISSUED"":""202606211948"",""NWS_UGC"":null,""PHENOM"":""SV"",""POLY_BEG"":""202606211948"",""POLY_END"":""202606212008"",""PROD_ID"":""202606211948-KLBF-WUUS53-SVRLBF"",""SIG"":""W"",""STATUS"":""NEW"",""TORNTAG"":null,""UPDATED"":""202606211948"",""VTEC_YR"":""2026"",""WFO"":""LBF"",""WINDTAG"":""60.0""},""iem_significance"":""W"",""iem_tornadotag"":"""",""iem_ugc"":"""",""iem_wfo"":""LBF"",""iem_windtag"":""60.0"",""senderName"":""LBF"",""status"":""NEW""}","{""geometry"":{""coordinates"":[[[-101.93,41.62],[-101.67,41.66],[-101.4,41.4],[-101.77,41.4],[-101.93,41.62]]],""type"":""Polygon""},""properties"":{""_map_py"":{""effective"":""2026-06-21T19:48:00Z"",""event"":""Severe Thunderstorm Warning"",""expires"":""2026-06-21T20:30:00Z"",""has_polygon"":true,""headline"":"""",""sender"":""LBF""},""effective"":""2026-06-21T19:48:00Z"",""event"":""Severe Thunderstorm Warning"",""expires"":""2026-06-21T20:30:00Z"",""headline"":"""",""iem_damagetag"":"""",""iem_emergency"":""False"",""iem_event_id"":""106"",""iem_forecaster"":""Brown"",""iem_gtype"":""P"",""iem_hailtag"":""1.5"",""iem_phenomena"":""SV"",""iem_raw_properties"":{""AREA_KM2"":""739.8454388292699"",""DAMAGTAG"":null,""EMERGENC"":""False"",""ETN"":""106"",""EXPIRED"":""202606212030"",""FCSTER"":""Brown"",""GTYPE"":""P"",""HAILTAG"":""1.5"",""HV_CAUSE"":null,""HV_NWSLI"":null,""HV_REC"":null,""HV_SEV"":null,""INIT_EXP"":""202606212030"",""INIT_ISS"":""202606211948"",""ISSUED"":""202606211948"",""NWS_UGC"":null,""PHENOM"":""SV"",""POLY_BEG"":""202606211948"",""POLY_END"":""202606212008"",""PROD_ID"":""202606211948-KLBF-WUUS53-SVRLBF"",""SIG"":""W"",""STATUS"":""NEW"",""TORNTAG"":null,""UPDATED"":""202606211948"",""VTEC_YR"":""2026"",""WFO"":""LBF"",""WINDTAG"":""60.0""},""iem_significance"":""W"",""iem_tornadotag"":"""",""iem_ugc"":"""",""iem_wfo"":""LBF"",""iem_windtag"":""60.0"",""senderName"":""LBF"",""status"":""NEW""},""type"":""Feature""}",2026-04-27T17:31:58Z,2026-07-09T05:15:02Z,2026-07-09T18:49:04Z
5615,iem_watchwarn,iem_watchwarn|ILX|300|SV|W|2026-06-21T19:52:00Z|2026-06-21T20:56:00Z|,Severe Thunderstorm Warning,,2026-06-21T19:52:00Z,2026-06-21T20:56:00Z,ILX,NEW,1,"{""coordinates"":[[[-88.8,39.22],[-88.97,39.22],[-88.58,39.45],[-88.47,39.45],[-88.47,39.04],[-88.8,38.98],[-88.8,39.22]]],""type"":""Polygon""}","{""_map_py"":{""effective"":""2026-06-21T19:52:00Z"",""event"":""Severe Thunderstorm Warning"",""expires"":""2026-06-21T20:56:00Z"",""has_polygon"":true,""headline"":"""",""sender"":""ILX""},""effective"":""2026-06-21T19:52:00Z"",""event"":""Severe Thunderstorm Warning"",""expires"":""2026-06-21T20:56:00Z"",""headline"":"""",""iem_damagetag"":"""",""iem_emergency"":""False"",""iem_event_id"":""300"",""iem_forecaster"":""Erwin"",""iem_gtype"":""P"",""iem_hailtag"":""0.75"",""iem_phenomena"":""SV"",""iem_raw_properties"":{""AREA_KM2"":""1336.4448544114032"",""DAMAGTAG"":null,""EMERGENC"":""False"",""ETN"":""300"",""EXPIRED"":""202606212056"",""FCSTER"":""Erwin"",""GTYPE"":""P"",""HAILTAG"":""0.75"",""HV_CAUSE"":null,""HV_NWSLI"":null,""HV_REC"":null,""HV_SEV"":null,""INIT_EXP"":""202606212115"",""INIT_ISS"":""202606211952"",""ISSUED"":""202606211952"",""NWS_UGC"":null,""PHENOM"":""SV"",""POLY_BEG"":""202606211952"",""POLY_END"":""202606212044"",""PROD_ID"":""202606211952-KILX-WUUS53-SVRILX"",""SIG"":""W"",""STATUS"":""NEW"",""TORNTAG"":""POSSIBLE"",""UPDATED"":""202606211952"",""VTEC_YR"":""2026"",""WFO"":""ILX"",""WINDTAG"":""60.0""},""iem_significance"":""W"",""iem_tornadotag"":""POSSIBLE"",""iem_ugc"":"""",""iem_wfo"":""ILX"",""iem_windtag"":""60.0"",""senderName"":""ILX"",""status"":""NEW""}","{""geometry"":{""coordinates"":[[[-88.8,39.22],[-88.97,39.22],[-88.58,39.45],[-88.47,39.45],[-88.47,39.04],[-88.8,38.98],[-88.8,39.22]]],""type"":""Polygon""},""properties"":{""_map_py"":{""effective"":""2026-06-21T19:52:00Z"",""event"":""Severe Thunderstorm Warning"",""expires"":""2026-06-21T20:56:00Z"",""has_polygon"":true,""headline"":"""",""sender"":""ILX""},""effective"":""2026-06-21T19:52:00Z"",""event"":""Severe Thunderstorm Warning"",""expires"":""2026-06-21T20:56:00Z"",""headline"":"""",""iem_damagetag"":"""",""iem_emergency"":""False"",""iem_event_id"":""300"",""iem_forecaster"":""Erwin"",""iem_gtype"":""P"",""iem_hailtag"":""0.75"",""iem_phenomena"":""SV"",""iem_raw_properties"":{""AREA_KM2"":""1336.4448544114032"",""DAMAGTAG"":null,""EMERGENC"":""False"",""ETN"":""300"",""EXPIRED"":""202606212056"",""FCSTER"":""Erwin"",""GTYPE"":""P"",""HAILTAG"":""0.75"",""HV_CAUSE"":null,""HV_NWSLI"":null,""HV_REC"":null,""HV_SEV"":null,""INIT_EXP"":""202606212115"",""INIT_ISS"":""202606211952"",""ISSUED"":""202606211952"",""NWS_UGC"":null,""PHENOM"":""SV"",""POLY_BEG"":""202606211952"",""POLY_END"":""202606212044"",""PROD_ID"":""202606211952-KILX-WUUS53-SVRILX"",""SIG"":""W"",""STATUS"":""NEW"",""TORNTAG"":""POSSIBLE"",""UPDATED"":""202606211952"",""VTEC_YR"":""2026"",""WFO"":""ILX"",""WINDTAG"":""60.0""},""iem_significance"":""W"",""iem_tornadotag"":""POSSIBLE"",""iem_ugc"":"""",""iem_wfo"":""ILX"",""iem_windtag"":""60.0"",""senderName"":""ILX"",""status"":""NEW""},""type"":""Feature""}",2026-04-27T17:31:58Z,2026-07-09T05:15:02Z,2026-07-09T18:49:04Z
1607,iem_watchwarn,iem_watchwarn|BOU|105|SV|W|2026-06-21T19:53:00Z|2026-06-21T20:30:00Z|,Severe Thunderstorm Warning,,2026-06-21T19:53:00Z,2026-06-21T20:30:00Z,BOU,NEW,1,"{""coordinates"":[[[-103.35,39.7],[-103.4,39.98],[-103.03,40.0],[-102.98,39.72],[-103.35,39.7]]],""type"":""Polygon""}","{""_map_py"":{""effective"":""2026-06-21T19:53:00Z"",""event"":""Severe Thunderstorm Warning"",""expires"":""2026-06-21T20:30:00Z"",""has_polygon"":true,""headline"":"""",""sender"":""BOU""},""effective"":""2026-06-21T19:53:00Z"",""event"":""Severe Thunderstorm Warning"",""expires"":""2026-06-21T20:30:00Z"",""headline"":"""",""iem_damagetag"":"""",""iem_emergency"":""False"",""iem_event_id"":""105"",""iem_forecaster"":""63"",""iem_gtype"":""P"",""iem_hailtag"":""1.0"",""iem_phenomena"":""SV"",""iem_raw_properties"":{""AREA_KM2"":""992.8792864943442"",""DAMAGTAG"":null,""EMERGENC"":""False"",""ETN"":""105"",""EXPIRED"":""202606212030"",""FCSTER"":""63"",""GTYPE"":""P"",""HAILTAG"":""1.0"",""HV_CAUSE"":null,""HV_NWSLI"":null,""HV_REC"":null,""HV_SEV"":null,""INIT_EXP"":""202606212030"",""INIT_ISS"":""202606211953"",""ISSUED"":""202606211953"",""NWS_UGC"":null,""PHENOM"":""SV"",""POLY_BEG"":""202606211953"",""POLY_END"":""202606212005"",""PROD_ID"":""202606211953-KBOU-WUUS55-SVRBOU"",""SIG"":""W"",""STATUS"":""NEW"",""TORNTAG"":""POSSIBLE"",""UPDATED"":""202606211953"",""VTEC_YR"":""2026"",""WFO"":""BOU"",""WINDTAG"":""60.0""},""iem_significance"":""W"",""iem_tornadotag"":""POSSIBLE"",""iem_ugc"":"""",""iem_wfo"":""BOU"",""iem_windtag"":""60.0"",""senderName"":""BOU"",""status"":""NEW""}","{""geometry"":{""coordinates"":[[[-103.35,39.7],[-103.4,39.98],[-103.03,40.0],[-102.98,39.72],[-103.35,39.7]]],""type"":""Polygon""},""properties"":{""_map_py"":{""effective"":""2026-06-21T19:53:00Z"",""event"":""Severe Thunderstorm Warning"",""expires"":""2026-06-21T20:30:00Z"",""has_polygon"":true,""headline"":"""",""sender"":""BOU""},""effective"":""2026-06-21T19:53:00Z"",""event"":""Severe Thunderstorm Warning"",""expires"":""2026-06-21T20:30:00Z"",""headline"":"""",""iem_damagetag"":"""",""iem_emergency"":""False"",""iem_event_id"":""105"",""iem_forecaster"":""63"",""iem_gtype"":""P"",""iem_hailtag"":""1.0"",""iem_phenomena"":""SV"",""iem_raw_properties"":{""AREA_KM2"":""992.8792864943442"",""DAMAGTAG"":null,""EMERGENC"":""False"",""ETN"":""105"",""EXPIRED"":""202606212030"",""FCSTER"":""63"",""GTYPE"":""P"",""HAILTAG"":""1.0"",""HV_CAUSE"":null,""HV_NWSLI"":null,""HV_REC"":null,""HV_SEV"":null,""INIT_EXP"":""202606212030"",""INIT_ISS"":""202606211953"",""ISSUED"":""202606211953"",""NWS_UGC"":null,""PHENOM"":""SV"",""POLY_BEG"":""202606211953"",""POLY_END"":""202606212005"",""PROD_ID"":""202606211953-KBOU-WUUS55-SVRBOU"",""SIG"":""W"",""STATUS"":""NEW"",""TORNTAG"":""POSSIBLE"",""UPDATED"":""202606211953"",""VTEC_YR"":""2026"",""WFO"":""BOU"",""WINDTAG"":""60.0""},""iem_significance"":""W"",""iem_tornadotag"":""POSSIBLE"",""iem_ugc"":"""",""iem_wfo"":""BOU"",""iem_windtag"":""60.0"",""senderName"":""BOU"",""status"":""NEW""},""type"":""Feature""}",2026-04-27T17:31:58Z,2026-07-09T05:15:02Z,2026-07-09T18:49:04Z
4429,iem_watchwarn,iem_watchwarn|LSX|65|TO|W|2026-06-21T19:54:00Z|2026-06-21T20:30:00Z|,Tornado Warning,,2026-06-21T19:54:00Z,2026-06-21T20:30:00Z,LSX,NEW,1,"{""coordinates"":[[[-89.67,38.74],[-89.69,38.84],[-89.26,38.9],[-89.26,38.82],[-89.25,38.74],[-89.67,38.74]]],""type"":""Polygon""}","{""_map_py"":{""effective"":""2026-06-21T19:54:00Z"",""event"":""Tornado Warning"",""expires"":""2026-06-21T20:30:00Z"",""has_polygon"":true,""headline"":"""",""sender"":""LSX""},""effective"":""2026-06-21T19:54:00Z"",""event"":""Tornado Warning"",""expires"":""2026-06-21T20:30:00Z"",""headline"":"""",""iem_damagetag"":"""",""iem_emergency"":""False"",""iem_event_id"":""65"",""iem_forecaster"":""Carney"",""iem_gtype"":""P"",""iem_hailtag"":""0.0"",""iem_phenomena"":""TO"",""iem_raw_properties"":{""AREA_KM2"":""532.8942772236819"",""DAMAGTAG"":null,""EMERGENC"":""False"",""ETN"":""65"",""EXPIRED"":""202606212030"",""FCSTER"":""Carney"",""GTYPE"":""P"",""HAILTAG"":""0.0"",""HV_CAUSE"":null,""HV_NWSLI"":null,""HV_REC"":null,""HV_SEV"":null,""INIT_EXP"":""202606212030"",""INIT_ISS"":""202606211954"",""ISSUED"":""202606211954"",""NWS_UGC"":null,""PHENOM"":""TO"",""POLY_BEG"":""202606211954"",""POLY_END"":""202606212004"",""PROD_ID"":""202606211954-KLSX-WFUS53-TORLSX"",""SIG"":""W"",""STATUS"":""NEW"",""TORNTAG"":""RADAR INDICATED"",""UPDATED"":""202606211954"",""VTEC_YR"":""2026"",""WFO"":""LSX"",""WINDTAG"":null},""iem_significance"":""W"",""iem_tornadotag"":""RADAR INDICATED"",""iem_ugc"":"""",""iem_wfo"":""LSX"",""iem_windtag"":"""",""senderName"":""LSX"",""status"":""NEW""}","{""geometry"":{""coordinates"":[[[-89.67,38.74],[-89.69,38.84],[-89.26,38.9],[-89.26,38.82],[-89.25,38.74],[-89.67,38.74]]],""type"":""Polygon""},""properties"":{""_map_py"":{""effective"":""2026-06-21T19:54:00Z"",""event"":""Tornado Warning"",""expires"":""2026-06-21T20:30:00Z"",""has_polygon"":true,""headline"":"""",""sender"":""LSX""},""effective"":""2026-06-21T19:54:00Z"",""event"":""Tornado Warning"",""expires"":""2026-06-21T20:30:00Z"",""headline"":"""",""iem_damagetag"":"""",""iem_emergency"":""False"",""iem_event_id"":""65"",""iem_forecaster"":""Carney"",""iem_gtype"":""P"",""iem_hailtag"":""0.0"",""iem_phenomena"":""TO"",""iem_raw_properties"":{""AREA_KM2"":""532.8942772236819"",""DAMAGTAG"":null,""EMERGENC"":""False"",""ETN"":""65"",""EXPIRED"":""202606212030"",""FCSTER"":""Carney"",""GTYPE"":""P"",""HAILTAG"":""0.0"",""HV_CAUSE"":null,""HV_NWSLI"":null,""HV_REC"":null,""HV_SEV"":null,""INIT_EXP"":""202606212030"",""INIT_ISS"":""202606211954"",""ISSUED"":""202606211954"",""NWS_UGC"":null,""PHENOM"":""TO"",""POLY_BEG"":""202606211954"",""POLY_END"":""202606212004"",""PROD_ID"":""202606211954-KLSX-WFUS53-TORLSX"",""SIG"":""W"",""STATUS"":""NEW"",""TORNTAG"":""RADAR INDICATED"",""UPDATED"":""202606211954"",""VTEC_YR"":""2026"",""WFO"":""LSX"",""WINDTAG"":null},""iem_significance"":""W"",""iem_tornadotag"":""RADAR INDICATED"",""iem_ugc"":"""",""iem_wfo"":""LSX"",""iem_windtag"":"""",""senderName"":""LSX"",""status"":""NEW""},""type"":""Feature""}",2026-04-27T17:31:58Z,2026-07-09T05:15:02Z,2026-07-09T18:49:04Z
4295,iem_watchwarn,iem_watchwarn|LBF|107|SV|W|2026-06-21T19:56:00Z|2026-06-21T21:00:00Z|,Severe Thunderstorm Warning,,2026-06-21T19:56:00Z,2026-06-21T21:00:00Z,LBF,NEW,1,"{""coordinates"":[[[-101.85,40.35],[-102.02,40.53],[-101.74,40.62],[-101.35,40.51],[-101.34,40.35],[-101.85,40.35]]],""type"":""Polygon""}","{""_map_py"":{""effective"":""2026-06-21T19:56:00Z"",""event"":""Severe Thunderstorm Warning"",""expires"":""2026-06-21T21:00:00Z"",""has_polygon"":true,""headline"":"""",""sender"":""LBF""},""effective"":""2026-06-21T19:56:00Z"",""event"":""Severe Thunderstorm Warning"",""expires"":""2026-06-21T21:00:00Z"",""headline"":"""",""iem_damagetag"":"""",""iem_emergency"":""False"",""iem_event_id"":""107"",""iem_forecaster"":""Brown"",""iem_gtype"":""P"",""iem_hailtag"":""1.25"",""iem_phenomena"":""SV"",""iem_raw_properties"":{""AREA_KM2"":""1244.551245646352"",""DAMAGTAG"":null,""EMERGENC"":""False"",""ETN"":""107"",""EXPIRED"":""202606212100"",""FCSTER"":""Brown"",""GTYPE"":""P"",""HAILTAG"":""1.25"",""HV_CAUSE"":null,""HV_NWSLI"":null,""HV_REC"":null,""HV_SEV"":null,""INIT_EXP"":""202606212100"",""INIT_ISS"":""202606211956"",""ISSUED"":""202606211956"",""NWS_UGC"":null,""PHENOM"":""SV"",""POLY_BEG"":""202606211956"",""POLY_END"":""202606212012"",""PROD_ID"":""202606211956-KLBF-WUUS53-SVRLBF"",""SIG"":""W"",""STATUS"":""NEW"",""TORNTAG"":null,""UPDATED"":""202606211956"",""VTEC_YR"":""2026"",""WFO"":""LBF"",""WINDTAG"":""60.0""},""iem_significance"":""W"",""iem_tornadotag"":"""",""iem_ugc"":"""",""iem_wfo"":""LBF"",""iem_windtag"":""60.0"",""senderName"":""LBF"",""status"":""NEW""}","{""geometry"":{""coordinates"":[[[-101.85,40.35],[-102.02,40.53],[-101.74,40.62],[-101.35,40.51],[-101.34,40.35],[-101.85,40.35]]],""type"":""Polygon""},""properties"":{""_map_py"":{""effective"":""2026-06-21T19:56:00Z"",""event"":""Severe Thunderstorm Warning"",""expires"":""2026-06-21T21:00:00Z"",""has_polygon"":true,""headline"":"""",""sender"":""LBF""},""effective"":""2026-06-21T19:56:00Z"",""event"":""Severe Thunderstorm Warning"",""expires"":""2026-06-21T21:00:00Z"",""headline"":"""",""iem_damagetag"":"""",""iem_emergency"":""False"",""iem_event_id"":""107"",""iem_forecaster"":""Brown"",""iem_gtype"":""P"",""iem_hailtag"":""1.25"",""iem_phenomena"":""SV"",""iem_raw_properties"":{""AREA_KM2"":""1244.551245646352"",""DAMAGTAG"":null,""EMERGENC"":""False"",""ETN"":""107"",""EXPIRED"":""202606212100"",""FCSTER"":""Brown"",""GTYPE"":""P"",""HAILTAG"":""1.25"",""HV_CAUSE"":null,""HV_NWSLI"":null,""HV_REC"":null,""HV_SEV"":null,""INIT_EXP"":""202606212100"",""INIT_ISS"":""202606211956"",""ISSUED"":""202606211956"",""NWS_UGC"":null,""PHENOM"":""SV"",""POLY_BEG"":""202606211956"",""POLY_END"":""202606212012"",""PROD_ID"":""202606211956-KLBF-WUUS53-SVRLBF"",""SIG"":""W"",""STATUS"":""NEW"",""TORNTAG"":null,""UPDATED"":""202606211956"",""VTEC_YR"":""2026"",""WFO"":""LBF"",""WINDTAG"":""60.0""},""iem_significance"":""W"",""iem_tornadotag"":"""",""iem_ugc"":"""",""iem_wfo"":""LBF"",""iem_windtag"":""60.0"",""senderName"":""LBF"",""status"":""NEW""},""type"":""Feature""}",2026-04-27T17:31:58Z,2026-07-09T05:15:02Z,2026-07-09T18:49:04Z
1506,iem_watchwarn,iem_watchwarn|LSX|66|TO|W|2026-06-21T20:03:00Z|2026-06-21T20:18:00Z|,Tornado Warning,,2026-06-21T20:03:00Z,2026-06-21T20:18:00Z,LSX,NEW,1,"{""coordinates"":[[[-88.85,39.06],[-88.89,39.2],[-88.81,39.22],[-88.81,39.06],[-88.85,39.06]]],""type"":""Polygon""}","{""_map_py"":{""effective"":""2026-06-21T20:03:00Z"",""event"":""Tornado Warning"",""expires"":""2026-06-21T20:18:00Z"",""has_polygon"":true,""headline"":"""",""sender"":""LSX""},""effective"":""2026-06-21T20:03:00Z"",""event"":""Tornado Warning"",""expires"":""2026-06-21T20:18:00Z"",""headline"":"""",""iem_damagetag"":"""",""iem_emergency"":""False"",""iem_event_id"":""66"",""iem_forecaster"":""Carney"",""iem_gtype"":""P"",""iem_hailtag"":""0.0"",""iem_phenomena"":""TO"",""iem_raw_properties"":{""AREA_KM2"":""88.20281564191329"",""DAMAGTAG"":null,""EMERGENC"":""False"",""ETN"":""66"",""EXPIRED"":""202606212018"",""FCSTER"":""Carney"",""GTYPE"":""P"",""HAILTAG"":""0.0"",""HV_CAUSE"":null,""HV_NWSLI"":null,""HV_REC"":null,""HV_SEV"":null,""INIT_EXP"":""202606212030"",""INIT_ISS"":""202606212003"",""ISSUED"":""202606212003"",""NWS_UGC"":null,""PHENOM"":""TO"",""POLY_BEG"":""202606212003"",""POLY_END"":""202606212018"",""PROD_ID"":""202606212003-KLSX-WFUS53-TORLSX"",""SIG"":""W"",""STATUS"":""NEW"",""TORNTAG"":""RADAR INDICATED"",""UPDATED"":""202606212003"",""VTEC_YR"":""2026"",""WFO"":""LSX"",""WINDTAG"":null},""iem_significance"":""W"",""iem_tornadotag"":""RADAR INDICATED"",""iem_ugc"":"""",""iem_wfo"":""LSX"",""iem_windtag"":"""",""senderName"":""LSX"",""status"":""NEW""}","{""geometry"":{""coordinates"":[[[-88.85,39.06],[-88.89,39.2],[-88.81,39.22],[-88.81,39.06],[-88.85,39.06]]],""type"":""Polygon""},""properties"":{""_map_py"":{""effective"":""2026-06-21T20:03:00Z"",""event"":""Tornado Warning"",""expires"":""2026-06-21T20:18:00Z"",""has_polygon"":true,""headline"":"""",""sender"":""LSX""},""effective"":""2026-06-21T20:03:00Z"",""event"":""Tornado Warning"",""expires"":""2026-06-21T20:18:00Z"",""headline"":"""",""iem_damagetag"":"""",""iem_emergency"":""False"",""iem_event_id"":""66"",""iem_forecaster"":""Carney"",""iem_gtype"":""P"",""iem_hailtag"":""0.0"",""iem_phenomena"":""TO"",""iem_raw_properties"":{""AREA_KM2"":""88.20281564191329"",""DAMAGTAG"":null,""EMERGENC"":""False"",""ETN"":""66"",""EXPIRED"":""202606212018"",""FCSTER"":""Carney"",""GTYPE"":""P"",""HAILTAG"":""0.0"",""HV_CAUSE"":null,""HV_NWSLI"":null,""HV_REC"":null,""HV_SEV"":null,""INIT_EXP"":""202606212030"",""INIT_ISS"":""202606212003"",""ISSUED"":""202606212003"",""NWS_UGC"":null,""PHENOM"":""TO"",""POLY_BEG"":""202606212003"",""POLY_END"":""202606212018"",""PROD_ID"":""202606212003-KLSX-WFUS53-TORLSX"",""SIG"":""W"",""STATUS"":""NEW"",""TORNTAG"":""RADAR INDICATED"",""UPDATED"":""202606212003"",""VTEC_YR"":""2026"",""WFO"":""LSX"",""WINDTAG"":null},""iem_significance"":""W"",""iem_tornadotag"":""RADAR INDICATED"",""iem_ugc"":"""",""iem_wfo"":""LSX"",""iem_windtag"":"""",""senderName"":""LSX"",""status"":""NEW""},""type"":""Feature""}",2026-04-27T17:31:58Z,2026-07-09T05:15:02Z,2026-07-09T18:49:04Z
3880,iem_watchwarn,iem_watchwarn|ILX|116|TO|W|2026-06-21T20:04:00Z|2026-06-21T20:45:00Z|,Tornado Warning,,2026-06-21T20:04:00Z,2026-06-21T20:45:00Z,ILX,NEW,1,"{""coordinates"":[[[-88.8,39.22],[-88.87,39.22],[-88.64,39.4],[-88.47,39.21],[-88.8,39.12],[-88.8,39.22]]],""type"":""Polygon""}","{""_map_py"":{""effective"":""2026-06-21T20:04:00Z"",""event"":""Tornado Warning"",""expires"":""2026-06-21T20:45:00Z"",""has_polygon"":true,""headline"":"""",""sender"":""ILX""},""effective"":""2026-06-21T20:04:00Z"",""event"":""Tornado Warning"",""expires"":""2026-06-21T20:45:00Z"",""headline"":"""",""iem_damagetag"":"""",""iem_emergency"":""False"",""iem_event_id"":""116"",""iem_forecaster"":""Erwin"",""iem_gtype"":""P"",""iem_hailtag"":""0.75"",""iem_phenomena"":""TO"",""iem_raw_properties"":{""AREA_KM2"":""510.4495099011039"",""DAMAGTAG"":null,""EMERGENC"":""False"",""ETN"":""116"",""EXPIRED"":""202606212045"",""FCSTER"":""Erwin"",""GTYPE"":""P"",""HAILTAG"":""0.75"",""HV_CAUSE"":null,""HV_NWSLI"":null,""HV_REC"":null,""HV_SEV"":null,""INIT_EXP"":""202606212045"",""INIT_ISS"":""202606212004"",""ISSUED"":""202606212004"",""NWS_UGC"":null,""PHENOM"":""TO"",""POLY_BEG"":""202606212004"",""POLY_END"":""202606212020"",""PROD_ID"":""202606212004-KILX-WFUS53-TORILX"",""SIG"":""W"",""STATUS"":""NEW"",""TORNTAG"":""RADAR INDICATED"",""UPDATED"":""202606212004"",""VTEC_YR"":""2026"",""WFO"":""ILX"",""WINDTAG"":null},""iem_significance"":""W"",""iem_tornadotag"":""RADAR INDICATED"",""iem_ugc"":"""",""iem_wfo"":""ILX"",""iem_windtag"":"""",""senderName"":""ILX"",""status"":""NEW""}","{""geometry"":{""coordinates"":[[[-88.8,39.22],[-88.87,39.22],[-88.64,39.4],[-88.47,39.21],[-88.8,39.12],[-88.8,39.22]]],""type"":""Polygon""},""properties"":{""_map_py"":{""effective"":""2026-06-21T20:04:00Z"",""event"":""Tornado Warning"",""expires"":""2026-06-21T20:45:00Z"",""has_polygon"":true,""headline"":"""",""sender"":""ILX""},""effective"":""2026-06-21T20:04:00Z"",""event"":""Tornado Warning"",""expires"":""2026-06-21T20:45:00Z"",""headline"":"""",""iem_damagetag"":"""",""iem_emergency"":""False"",""iem_event_id"":""116"",""iem_forecaster"":""Erwin"",""iem_gtype"":""P"",""iem_hailtag"":""0.75"",""iem_phenomena"":""TO"",""iem_raw_properties"":{""AREA_KM2"":""510.4495099011039"",""DAMAGTAG"":null,""EMERGENC"":""False"",""ETN"":""116"",""EXPIRED"":""202606212045"",""FCSTER"":""Erwin"",""GTYPE"":""P"",""HAILTAG"":""0.75"",""HV_CAUSE"":null,""HV_NWSLI"":null,""HV_REC"":null,""HV_SEV"":null,""INIT_EXP"":""202606212045"",""INIT_ISS"":""202606212004"",""ISSUED"":""202606212004"",""NWS_UGC"":null,""PHENOM"":""TO"",""POLY_BEG"":""202606212004"",""POLY_END"":""202606212020"",""PROD_ID"":""202606212004-KILX-WFUS53-TORILX"",""SIG"":""W"",""STATUS"":""NEW"",""TORNTAG"":""RADAR INDICATED"",""UPDATED"":""202606212004"",""VTEC_YR"":""2026"",""WFO"":""ILX"",""WINDTAG"":null},""iem_significance"":""W"",""iem_tornadotag"":""RADAR INDICATED"",""iem_ugc"":"""",""iem_wfo"":""ILX"",""iem_windtag"":"""",""senderName"":""ILX"",""status"":""NEW""},""type"":""Feature""}",2026-04-27T17:31:58Z,2026-07-09T05:15:02Z,2026-07-09T18:49:04Z
6830,iem_watchwarn,iem_watchwarn|GLD|147|SV|W|2026-06-21T20:08:00Z|2026-06-21T21:15:00Z|,Severe Thunderstorm Warning,,2026-06-21T20:08:00Z,2026-06-21T21:15:00Z,GLD,NEW,1,"{""coordinates"":[[[-102.23,40.44],[-102.12,40.43],[-102.29,40.03],[-102.8,40.26],[-102.79,40.35],[-102.78,40.35],[-102.78,40.44],[-102.23,40.44]]],""type"":""Polygon""}","{""_map_py"":{""effective"":""2026-06-21T20:08:00Z"",""event"":""Severe Thunderstorm Warning"",""expires"":""2026-06-21T21:15:00Z"",""has_polygon"":true,""headline"":"""",""sender"":""GLD""},""effective"":""2026-06-21T20:08:00Z"",""event"":""Severe Thunderstorm Warning"",""expires"":""2026-06-21T21:15:00Z"",""headline"":"""",""iem_damagetag"":"""",""iem_emergency"":""False"",""iem_event_id"":""147"",""iem_forecaster"":""JRM"",""iem_gtype"":""P"",""iem_hailtag"":""1.0"",""iem_phenomena"":""SV"",""iem_raw_properties"":{""AREA_KM2"":""1728.1753651868682"",""DAMAGTAG"":null,""EMERGENC"":""False"",""ETN"":""147"",""EXPIRED"":""202606212115"",""FCSTER"":""JRM"",""GTYPE"":""P"",""HAILTAG"":""1.0"",""HV_CAUSE"":null,""HV_NWSLI"":null,""HV_REC"":null,""HV_SEV"":null,""INIT_EXP"":""202606212115"",""INIT_ISS"":""202606212008"",""ISSUED"":""202606212008"",""NWS_UGC"":null,""PHENOM"":""SV"",""POLY_BEG"":""202606212008"",""POLY_END"":""202606212016"",""PROD_ID"":""202606212008-KGLD-WUUS53-SVRGLD"",""SIG"":""W"",""STATUS"":""NEW"",""TORNTAG"":null,""UPDATED"":""202606212008"",""VTEC_YR"":""2026"",""WFO"":""GLD"",""WINDTAG"":""60.0""},""iem_significance"":""W"",""iem_tornadotag"":"""",""iem_ugc"":"""",""iem_wfo"":""GLD"",""iem_windtag"":""60.0"",""senderName"":""GLD"",""status"":""NEW""}","{""geometry"":{""coordinates"":[[[-102.23,40.44],[-102.12,40.43],[-102.29,40.03],[-102.8,40.26],[-102.79,40.35],[-102.78,40.35],[-102.78,40.44],[-102.23,40.44]]],""type"":""Polygon""},""properties"":{""_map_py"":{""effective"":""2026-06-21T20:08:00Z"",""event"":""Severe Thunderstorm Warning"",""expires"":""2026-06-21T21:15:00Z"",""has_polygon"":true,""headline"":"""",""sender"":""GLD""},""effective"":""2026-06-21T20:08:00Z"",""event"":""Severe Thunderstorm Warning"",""expires"":""2026-06-21T21:15:00Z"",""headline"":"""",""iem_damagetag"":"""",""iem_emergency"":""False"",""iem_event_id"":""147"",""iem_forecaster"":""JRM"",""iem_gtype"":""P"",""iem_hailtag"":""1.0"",""iem_phenomena"":""SV"",""iem_raw_properties"":{""AREA_KM2"":""1728.1753651868682"",""DAMAGTAG"":null,""EMERGENC"":""False"",""ETN"":""147"",""EXPIRED"":""202606212115"",""FCSTER"":""JRM"",""GTYPE"":""P"",""HAILTAG"":""1.0"",""HV_CAUSE"":null,""HV_NWSLI"":null,""HV_REC"":null,""HV_SEV"":null,""INIT_EXP"":""202606212115"",""INIT_ISS"":""202606212008"",""ISSUED"":""202606212008"",""NWS_UGC"":null,""PHENOM"":""SV"",""POLY_BEG"":""202606212008"",""POLY_END"":""202606212016"",""PROD_ID"":""202606212008-KGLD-WUUS53-SVRGLD"",""SIG"":""W"",""STATUS"":""NEW"",""TORNTAG"":null,""UPDATED"":""202606212008"",""VTEC_YR"":""2026"",""WFO"":""GLD"",""WINDTAG"":""60.0""},""iem_significance"":""W"",""iem_tornadotag"":"""",""iem_ugc"":"""",""iem_wfo"":""GLD"",""iem_windtag"":""60.0"",""senderName"":""GLD"",""status"":""NEW""},""type"":""Feature""}",2026-04-27T17:31:58Z,2026-07-09T05:15:02Z,2026-07-09T18:49:04Z
5008,iem_watchwarn,iem_watchwarn|ILX|301|SV|W|2026-06-21T20:14:00Z|2026-06-21T21:15:00Z|,Severe Thunderstorm Warning,,2026-06-21T20:14:00Z,2026-06-21T21:15:00Z,ILX,NEW,1,"{""coordinates"":[[[-88.7,38.71],[-88.32,39.01],[-88.08,38.69],[-88.61,38.6],[-88.7,38.61],[-88.7,38.71]]],""type"":""Polygon""}","{""_map_py"":{""effective"":""2026-06-21T20:14:00Z"",""event"":""Severe Thunderstorm Warning"",""expires"":""2026-06-21T21:15:00Z"",""has_polygon"":true,""headline"":"""",""sender"":""ILX""},""effective"":""2026-06-21T20:14:00Z"",""event"":""Severe Thunderstorm Warning"",""expires"":""2026-06-21T21:15:00Z"",""headline"":"""",""iem_damagetag"":"""",""iem_emergency"":""False"",""iem_event_id"":""301"",""iem_forecaster"":""Erwin"",""iem_gtype"":""P"",""iem_hailtag"":""0.75"",""iem_phenomena"":""SV"",""iem_raw_properties"":{""AREA_KM2"":""1297.3286437539512"",""DAMAGTAG"":null,""EMERGENC"":""False"",""ETN"":""301"",""EXPIRED"":""202606212115"",""FCSTER"":""Erwin"",""GTYPE"":""P"",""HAILTAG"":""0.75"",""HV_CAUSE"":null,""HV_NWSLI"":null,""HV_REC"":null,""HV_SEV"":null,""INIT_EXP"":""202606212115"",""INIT_ISS"":""202606212014"",""ISSUED"":""202606212014"",""NWS_UGC"":null,""PHENOM"":""SV"",""POLY_BEG"":""202606212014"",""POLY_END"":""202606212047"",""PROD_ID"":""202606212014-KILX-WUUS53-SVRILX"",""SIG"":""W"",""STATUS"":""NEW"",""TORNTAG"":""POSSIBLE"",""UPDATED"":""202606212014"",""VTEC_YR"":""2026"",""WFO"":""ILX"",""WINDTAG"":""60.0""},""iem_significance"":""W"",""iem_tornadotag"":""POSSIBLE"",""iem_ugc"":"""",""iem_wfo"":""ILX"",""iem_windtag"":""60.0"",""senderName"":""ILX"",""status"":""NEW""}","{""geometry"":{""coordinates"":[[[-88.7,38.71],[-88.32,39.01],[-88.08,38.69],[-88.61,38.6],[-88.7,38.61],[-88.7,38.71]]],""type"":""Polygon""},""properties"":{""_map_py"":{""effective"":""2026-06-21T20:14:00Z"",""event"":""Severe Thunderstorm Warning"",""expires"":""2026-06-21T21:15:00Z"",""has_polygon"":true,""headline"":"""",""sender"":""ILX""},""effective"":""2026-06-21T20:14:00Z"",""event"":""Severe Thunderstorm Warning"",""expires"":""2026-06-21T21:15:00Z"",""headline"":"""",""iem_damagetag"":"""",""iem_emergency"":""False"",""iem_event_id"":""301"",""iem_forecaster"":""Erwin"",""iem_gtype"":""P"",""iem_hailtag"":""0.75"",""iem_phenomena"":""SV"",""iem_raw_properties"":{""AREA_KM2"":""1297.3286437539512"",""DAMAGTAG"":null,""EMERGENC"":""False"",""ETN"":""301"",""EXPIRED"":""202606212115"",""FCSTER"":""Erwin"",""GTYPE"":""P"",""HAILTAG"":""0.75"",""HV_CAUSE"":null,""HV_NWSLI"":null,""HV_REC"":null,""HV_SEV"":null,""INIT_EXP"":""202606212115"",""INIT_ISS"":""202606212014"",""ISSUED"":""202606212014"",""NWS_UGC"":null,""PHENOM"":""SV"",""POLY_BEG"":""202606212014"",""POLY_END"":""202606212047"",""PROD_ID"":""202606212014-KILX-WUUS53-SVRILX"",""SIG"":""W"",""STATUS"":""NEW"",""TORNTAG"":""POSSIBLE"",""UPDATED"":""202606212014"",""VTEC_YR"":""2026"",""WFO"":""ILX"",""WINDTAG"":""60.0""},""iem_significance"":""W"",""iem_tornadotag"":""POSSIBLE"",""iem_ugc"":"""",""iem_wfo"":""ILX"",""iem_windtag"":""60.0"",""senderName"":""ILX"",""status"":""NEW""},""type"":""Feature""}",2026-04-27T17:31:58Z,2026-07-09T05:15:02Z,2026-07-09T18:49:04Z
7188,iem_watchwarn,iem_watchwarn|LBF|108|SV|W|2026-06-21T20:22:00Z|2026-06-21T21:00:00Z|,Severe Thunderstorm Warning,,2026-06-21T20:22:00Z,2026-06-21T21:00:00Z,LBF,NEW,1,"{""coordinates"":[[[-101.67,41.45],[-101.47,41.47],[-101.41,41.4],[-101.34,41.39],[-101.27,41.29],[-101.27,41.15],[-101.6,41.15],[-101.67,41.45]]],""type"":""Polygon""}","{""_map_py"":{""effective"":""2026-06-21T20:22:00Z"",""event"":""Severe Thunderstorm Warning"",""expires"":""2026-06-21T21:00:00Z"",""has_polygon"":true,""headline"":"""",""sender"":""LBF""},""effective"":""2026-06-21T20:22:00Z"",""event"":""Severe Thunderstorm Warning"",""expires"":""2026-06-21T21:00:00Z"",""headline"":"""",""iem_damagetag"":""CONSIDERABLE"",""iem_emergency"":""False"",""iem_event_id"":""108"",""iem_forecaster"":""Brown"",""iem_gtype"":""P"",""iem_hailtag"":""1.75"",""iem_phenomena"":""SV"",""iem_raw_properties"":{""AREA_KM2"":""919.7747651289861"",""DAMAGTAG"":""CONSIDERABLE"",""EMERGENC"":""False"",""ETN"":""108"",""EXPIRED"":""202606212100"",""FCSTER"":""Brown"",""GTYPE"":""P"",""HAILTAG"":""1.75"",""HV_CAUSE"":null,""HV_NWSLI"":null,""HV_REC"":null,""HV_SEV"":null,""INIT_EXP"":""202606212100"",""INIT_ISS"":""202606212022"",""ISSUED"":""202606212022"",""NWS_UGC"":null,""PHENOM"":""SV"",""POLY_BEG"":""202606212022"",""POLY_END"":""202606212047"",""PROD_ID"":""202606212022-KLBF-WUUS53-SVRLBF"",""SIG"":""W"",""STATUS"":""NEW"",""TORNTAG"":null,""UPDATED"":""202606212022"",""VTEC_YR"":""2026"",""WFO"":""LBF"",""WINDTAG"":""60.0""},""iem_significance"":""W"",""iem_tornadotag"":"""",""iem_ugc"":"""",""iem_wfo"":""LBF"",""iem_windtag"":""60.0"",""senderName"":""LBF"",""status"":""NEW""}","{""geometry"":{""coordinates"":[[[-101.67,41.45],[-101.47,41.47],[-101.41,41.4],[-101.34,41.39],[-101.27,41.29],[-101.27,41.15],[-101.6,41.15],[-101.67,41.45]]],""type"":""Polygon""},""properties"":{""_map_py"":{""effective"":""2026-06-21T20:22:00Z"",""event"":""Severe Thunderstorm Warning"",""expires"":""2026-06-21T21:00:00Z"",""has_polygon"":true,""headline"":"""",""sender"":""LBF""},""effective"":""2026-06-21T20:22:00Z"",""event"":""Severe Thunderstorm Warning"",""expires"":""2026-06-21T21:00:00Z"",""headline"":"""",""iem_damagetag"":""CONSIDERABLE"",""iem_emergency"":""False"",""iem_event_id"":""108"",""iem_forecaster"":""Brown"",""iem_gtype"":""P"",""iem_hailtag"":""1.75"",""iem_phenomena"":""SV"",""iem_raw_properties"":{""AREA_KM2"":""919.7747651289861"",""DAMAGTAG"":""CONSIDERABLE"",""EMERGENC"":""False"",""ETN"":""108"",""EXPIRED"":""202606212100"",""FCSTER"":""Brown"",""GTYPE"":""P"",""HAILTAG"":""1.75"",""HV_CAUSE"":null,""HV_NWSLI"":null,""HV_REC"":null,""HV_SEV"":null,""INIT_EXP"":""202606212100"",""INIT_ISS"":""202606212022"",""ISSUED"":""202606212022"",""NWS_UGC"":null,""PHENOM"":""SV"",""POLY_BEG"":""202606212022"",""POLY_END"":""202606212047"",""PROD_ID"":""202606212022-KLBF-WUUS53-SVRLBF"",""SIG"":""W"",""STATUS"":""NEW"",""TORNTAG"":null,""UPDATED"":""202606212022"",""VTEC_YR"":""2026"",""WFO"":""LBF"",""WINDTAG"":""60.0""},""iem_significance"":""W"",""iem_tornadotag"":"""",""iem_ugc"":"""",""iem_wfo"":""LBF"",""iem_windtag"":""60.0"",""senderName"":""LBF"",""status"":""NEW""},""type"":""Feature""}",2026-04-27T17:31:58Z,2026-07-09T05:15:02Z,2026-07-09T18:49:04Z
2523,iem_watchwarn,iem_watchwarn|ILX|117|TO|W|2026-06-21T20:22:00Z|2026-06-21T21:00:00Z|,Tornado Warning,,2026-06-21T20:22:00Z,2026-06-21T21:00:00Z,ILX,NEW,1,"{""coordinates"":[[[-88.63,38.66],[-88.67,38.73],[-88.32,39.01],[-88.14,38.77],[-88.63,38.66]]],""type"":""Polygon""}","{""_map_py"":{""effective"":""2026-06-21T20:22:00Z"",""event"":""Tornado Warning"",""expires"":""2026-06-21T21:00:00Z"",""has_polygon"":true,""headline"":"""",""sender"":""ILX""},""effective"":""2026-06-21T20:22:00Z"",""event"":""Tornado Warning"",""expires"":""2026-06-21T21:00:00Z"",""headline"":"""",""iem_damagetag"":"""",""iem_emergency"":""False"",""iem_event_id"":""117"",""iem_forecaster"":""Erwin"",""iem_gtype"":""P"",""iem_hailtag"":""0.75"",""iem_phenomena"":""TO"",""iem_raw_properties"":{""AREA_KM2"":""834.0942308566619"",""DAMAGTAG"":null,""EMERGENC"":""False"",""ETN"":""117"",""EXPIRED"":""202606212100"",""FCSTER"":""Erwin"",""GTYPE"":""P"",""HAILTAG"":""0.75"",""HV_CAUSE"":null,""HV_NWSLI"":null,""HV_REC"":null,""HV_SEV"":null,""INIT_EXP"":""202606212100"",""INIT_ISS"":""202606212022"",""ISSUED"":""202606212022"",""NWS_UGC"":null,""PHENOM"":""TO"",""POLY_BEG"":""202606212022"",""POLY_END"":""202606212034"",""PROD_ID"":""202606212022-KILX-WFUS53-TORILX"",""SIG"":""W"",""STATUS"":""NEW"",""TORNTAG"":""RADAR INDICATED"",""UPDATED"":""202606212022"",""VTEC_YR"":""2026"",""WFO"":""ILX"",""WINDTAG"":null},""iem_significance"":""W"",""iem_tornadotag"":""RADAR INDICATED"",""iem_ugc"":"""",""iem_wfo"":""ILX"",""iem_windtag"":"""",""senderName"":""ILX"",""status"":""NEW""}","{""geometry"":{""coordinates"":[[[-88.63,38.66],[-88.67,38.73],[-88.32,39.01],[-88.14,38.77],[-88.63,38.66]]],""type"":""Polygon""},""properties"":{""_map_py"":{""effective"":""2026-06-21T20:22:00Z"",""event"":""Tornado Warning"",""expires"":""2026-06-21T21:00:00Z"",""has_polygon"":true,""headline"":"""",""sender"":""ILX""},""effective"":""2026-06-21T20:22:00Z"",""event"":""Tornado Warning"",""expires"":""2026-06-21T21:00:00Z"",""headline"":"""",""iem_damagetag"":"""",""iem_emergency"":""False"",""iem_event_id"":""117"",""iem_forecaster"":""Erwin"",""iem_gtype"":""P"",""iem_hailtag"":""0.75"",""iem_phenomena"":""TO"",""iem_raw_properties"":{""AREA_KM2"":""834.0942308566619"",""DAMAGTAG"":null,""EMERGENC"":""False"",""ETN"":""117"",""EXPIRED"":""202606212100"",""FCSTER"":""Erwin"",""GTYPE"":""P"",""HAILTAG"":""0.75"",""HV_CAUSE"":null,""HV_NWSLI"":null,""HV_REC"":null,""HV_SEV"":null,""INIT_EXP"":""202606212100"",""INIT_ISS"":""202606212022"",""ISSUED"":""202606212022"",""NWS_UGC"":null,""PHENOM"":""TO"",""POLY_BEG"":""202606212022"",""POLY_END"":""202606212034"",""PROD_ID"":""202606212022-KILX-WFUS53-TORILX"",""SIG"":""W"",""STATUS"":""NEW"",""TORNTAG"":""RADAR INDICATED"",""UPDATED"":""202606212022"",""VTEC_YR"":""2026"",""WFO"":""ILX"",""WINDTAG"":null},""iem_significance"":""W"",""iem_tornadotag"":""RADAR INDICATED"",""iem_ugc"":"""",""iem_wfo"":""ILX"",""iem_windtag"":"""",""senderName"":""ILX"",""status"":""NEW""},""type"":""Feature""}",2026-04-27T17:31:58Z,2026-07-09T05:15:02Z,2026-07-09T18:49:04Z
5895,iem_watchwarn,iem_watchwarn|LSX|67|TO|W|2026-06-21T20:23:00Z|2026-06-21T21:15:00Z|,Tornado Warning,,2026-06-21T20:23:00Z,2026-06-21T21:15:00Z,LSX,NEW,1,"{""coordinates"":[[[-89.35,38.79],[-89.38,38.88],[-89.01,39.02],[-88.97,38.82],[-89.14,38.82],[-89.14,38.81],[-89.35,38.79]]],""type"":""Polygon""}","{""_map_py"":{""effective"":""2026-06-21T20:23:00Z"",""event"":""Tornado Warning"",""expires"":""2026-06-21T21:15:00Z"",""has_polygon"":true,""headline"":"""",""sender"":""LSX""},""effective"":""2026-06-21T20:23:00Z"",""event"":""Tornado Warning"",""expires"":""2026-06-21T21:15:00Z"",""headline"":"""",""iem_damagetag"":"""",""iem_emergency"":""False"",""iem_event_id"":""67"",""iem_forecaster"":""BSH"",""iem_gtype"":""P"",""iem_hailtag"":""1.0"",""iem_phenomena"":""TO"",""iem_raw_properties"":{""AREA_KM2"":""538.0058097521227"",""DAMAGTAG"":null,""EMERGENC"":""False"",""ETN"":""67"",""EXPIRED"":""202606212115"",""FCSTER"":""BSH"",""GTYPE"":""P"",""HAILTAG"":""1.0"",""HV_CAUSE"":null,""HV_NWSLI"":null,""HV_REC"":null,""HV_SEV"":null,""INIT_EXP"":""202606212115"",""INIT_ISS"":""202606212023"",""ISSUED"":""202606212023"",""NWS_UGC"":null,""PHENOM"":""TO"",""POLY_BEG"":""202606212023"",""POLY_END"":""202606212036"",""PROD_ID"":""202606212023-KLSX-WFUS53-TORLSX"",""SIG"":""W"",""STATUS"":""NEW"",""TORNTAG"":""RADAR INDICATED"",""UPDATED"":""202606212023"",""VTEC_YR"":""2026"",""WFO"":""LSX"",""WINDTAG"":null},""iem_significance"":""W"",""iem_tornadotag"":""RADAR INDICATED"",""iem_ugc"":"""",""iem_wfo"":""LSX"",""iem_windtag"":"""",""senderName"":""LSX"",""status"":""NEW""}","{""geometry"":{""coordinates"":[[[-89.35,38.79],[-89.38,38.88],[-89.01,39.02],[-88.97,38.82],[-89.14,38.82],[-89.14,38.81],[-89.35,38.79]]],""type"":""Polygon""},""properties"":{""_map_py"":{""effective"":""2026-06-21T20:23:00Z"",""event"":""Tornado Warning"",""expires"":""2026-06-21T21:15:00Z"",""has_polygon"":true,""headline"":"""",""sender"":""LSX""},""effective"":""2026-06-21T20:23:00Z"",""event"":""Tornado Warning"",""expires"":""2026-06-21T21:15:00Z"",""headline"":"""",""iem_damagetag"":"""",""iem_emergency"":""False"",""iem_event_id"":""67"",""iem_forecaster"":""BSH"",""iem_gtype"":""P"",""iem_hailtag"":""1.0"",""iem_phenomena"":""TO"",""iem_raw_properties"":{""AREA_KM2"":""538.0058097521227"",""DAMAGTAG"":null,""EMERGENC"":""False"",""ETN"":""67"",""EXPIRED"":""202606212115"",""FCSTER"":""BSH"",""GTYPE"":""P"",""HAILTAG"":""1.0"",""HV_CAUSE"":null,""HV_NWSLI"":null,""HV_REC"":null,""HV_SEV"":null,""INIT_EXP"":""202606212115"",""INIT_ISS"":""202606212023"",""ISSUED"":""202606212023"",""NWS_UGC"":null,""PHENOM"":""TO"",""POLY_BEG"":""202606212023"",""POLY_END"":""202606212036"",""PROD_ID"":""202606212023-KLSX-WFUS53-TORLSX"",""SIG"":""W"",""STATUS"":""NEW"",""TORNTAG"":""RADAR INDICATED"",""UPDATED"":""202606212023"",""VTEC_YR"":""2026"",""WFO"":""LSX"",""WINDTAG"":null},""iem_significance"":""W"",""iem_tornadotag"":""RADAR INDICATED"",""iem_ugc"":"""",""iem_wfo"":""LSX"",""iem_windtag"":"""",""senderName"":""LSX"",""status"":""NEW""},""type"":""Feature""}",2026-04-27T17:31:58Z,2026-07-09T05:15:02Z,2026-07-09T18:49:04Z
5533,iem_watchwarn,iem_watchwarn|BOU|106|SV|W|2026-06-21T20:25:00Z|2026-06-21T21:00:00Z|,Severe Thunderstorm Warning,,2026-06-21T20:25:00Z,2026-06-21T21:00:00Z,BOU,NEW,1,"{""coordinates"":[[[-102.98,39.72],[-103.03,40.0],[-102.79,40.01],[-102.79,40.0],[-102.8,40.0],[-102.8,39.72],[-102.98,39.72]]],""type"":""Polygon""}","{""_map_py"":{""effective"":""2026-06-21T20:25:00Z"",""event"":""Severe Thunderstorm Warning"",""expires"":""2026-06-21T21:00:00Z"",""has_polygon"":true,""headline"":"""",""sender"":""BOU""},""effective"":""2026-06-21T20:25:00Z"",""event"":""Severe Thunderstorm Warning"",""expires"":""2026-06-21T21:00:00Z"",""headline"":"""",""iem_damagetag"":"""",""iem_emergency"":""False"",""iem_event_id"":""106"",""iem_forecaster"":""63"",""iem_gtype"":""P"",""iem_hailtag"":""1.25"",""iem_phenomena"":""SV"",""iem_raw_properties"":{""AREA_KM2"":""556.0550272217837"",""DAMAGTAG"":null,""EMERGENC"":""False"",""ETN"":""106"",""EXPIRED"":""202606212100"",""FCSTER"":""63"",""GTYPE"":""P"",""HAILTAG"":""1.25"",""HV_CAUSE"":null,""HV_NWSLI"":null,""HV_REC"":null,""HV_SEV"":null,""INIT_EXP"":""202606212100"",""INIT_ISS"":""202606212025"",""ISSUED"":""202606212025"",""NWS_UGC"":null,""PHENOM"":""SV"",""POLY_BEG"":""202606212025"",""POLY_END"":""202606212036"",""PROD_ID"":""202606212025-KBOU-WUUS55-SVRBOU"",""SIG"":""W"",""STATUS"":""NEW"",""TORNTAG"":""POSSIBLE"",""UPDATED"":""202606212025"",""VTEC_YR"":""2026"",""WFO"":""BOU"",""WINDTAG"":""60.0""},""iem_significance"":""W"",""iem_tornadotag"":""POSSIBLE"",""iem_ugc"":"""",""iem_wfo"":""BOU"",""iem_windtag"":""60.0"",""senderName"":""BOU"",""status"":""NEW""}","{""geometry"":{""coordinates"":[[[-102.98,39.72],[-103.03,40.0],[-102.79,40.01],[-102.79,40.0],[-102.8,40.0],[-102.8,39.72],[-102.98,39.72]]],""type"":""Polygon""},""properties"":{""_map_py"":{""effective"":""2026-06-21T20:25:00Z"",""event"":""Severe Thunderstorm Warning"",""expires"":""2026-06-21T21:00:00Z"",""has_polygon"":true,""headline"":"""",""sender"":""BOU""},""effective"":""2026-06-21T20:25:00Z"",""event"":""Severe Thunderstorm Warning"",""expires"":""2026-06-21T21:00:00Z"",""headline"":"""",""iem_damagetag"":"""",""iem_emergency"":""False"",""iem_event_id"":""106"",""iem_forecaster"":""63"",""iem_gtype"":""P"",""iem_hailtag"":""1.25"",""iem_phenomena"":""SV"",""iem_raw_properties"":{""AREA_KM2"":""556.0550272217837"",""DAMAGTAG"":null,""EMERGENC"":""False"",""ETN"":""106"",""EXPIRED"":""202606212100"",""FCSTER"":""63"",""GTYPE"":""P"",""HAILTAG"":""1.25"",""HV_CAUSE"":null,""HV_NWSLI"":null,""HV_REC"":null,""HV_SEV"":null,""INIT_EXP"":""202606212100"",""INIT_ISS"":""202606212025"",""ISSUED"":""202606212025"",""NWS_UGC"":null,""PHENOM"":""SV"",""POLY_BEG"":""202606212025"",""POLY_END"":""202606212036"",""PROD_ID"":""202606212025-KBOU-WUUS55-SVRBOU"",""SIG"":""W"",""STATUS"":""NEW"",""TORNTAG"":""POSSIBLE"",""UPDATED"":""202606212025"",""VTEC_YR"":""2026"",""WFO"":""BOU"",""WINDTAG"":""60.0""},""iem_significance"":""W"",""iem_tornadotag"":""POSSIBLE"",""iem_ugc"":"""",""iem_wfo"":""BOU"",""iem_windtag"":""60.0"",""senderName"":""BOU"",""status"":""NEW""},""type"":""Feature""}",2026-04-27T17:31:58Z,2026-07-09T05:15:02Z,2026-07-09T18:49:04Z
6406,iem_watchwarn,iem_watchwarn|CYS|106|SV|W|2026-06-21T20:26:00Z|2026-06-21T21:00:00Z|,Severe Thunderstorm Warning,,2026-06-21T20:26:00Z,2026-06-21T21:00:00Z,CYS,NEW,1,"{""coordinates"":[[[-103.04,42.66],[-103.37,42.94],[-103.23,43.01],[-102.97,43.0],[-102.79,42.92],[-102.8,42.86],[-103.04,42.66]]],""type"":""Polygon""}","{""_map_py"":{""effective"":""2026-06-21T20:26:00Z"",""event"":""Severe Thunderstorm Warning"",""expires"":""2026-06-21T21:00:00Z"",""has_polygon"":true,""headline"":"""",""sender"":""CYS""},""effective"":""2026-06-21T20:26:00Z"",""event"":""Severe Thunderstorm Warning"",""expires"":""2026-06-21T21:00:00Z"",""headline"":"""",""iem_damagetag"":"""",""iem_emergency"":""False"",""iem_event_id"":""106"",""iem_forecaster"":""Vasquez"",""iem_gtype"":""P"",""iem_hailtag"":""1.0"",""iem_phenomena"":""SV"",""iem_raw_properties"":{""AREA_KM2"":""1043.7559007346138"",""DAMAGTAG"":null,""EMERGENC"":""False"",""ETN"":""106"",""EXPIRED"":""202606212100"",""FCSTER"":""Vasquez"",""GTYPE"":""P"",""HAILTAG"":""1.0"",""HV_CAUSE"":null,""HV_NWSLI"":null,""HV_REC"":null,""HV_SEV"":null,""INIT_EXP"":""202606212100"",""INIT_ISS"":""202606212026"",""ISSUED"":""202606212026"",""NWS_UGC"":null,""PHENOM"":""SV"",""POLY_BEG"":""202606212026"",""POLY_END"":""202606212105"",""PROD_ID"":""202606212026-KCYS-WUUS55-SVRCYS"",""SIG"":""W"",""STATUS"":""NEW"",""TORNTAG"":null,""UPDATED"":""202606212026"",""VTEC_YR"":""2026"",""WFO"":""CYS"",""WINDTAG"":""60.0""},""iem_significance"":""W"",""iem_tornadotag"":"""",""iem_ugc"":"""",""iem_wfo"":""CYS"",""iem_windtag"":""60.0"",""senderName"":""CYS"",""status"":""NEW""}","{""geometry"":{""coordinates"":[[[-103.04,42.66],[-103.37,42.94],[-103.23,43.01],[-102.97,43.0],[-102.79,42.92],[-102.8,42.86],[-103.04,42.66]]],""type"":""Polygon""},""properties"":{""_map_py"":{""effective"":""2026-06-21T20:26:00Z"",""event"":""Severe Thunderstorm Warning"",""expires"":""2026-06-21T21:00:00Z"",""has_polygon"":true,""headline"":"""",""sender"":""CYS""},""effective"":""2026-06-21T20:26:00Z"",""event"":""Severe Thunderstorm Warning"",""expires"":""2026-06-21T21:00:00Z"",""headline"":"""",""iem_damagetag"":"""",""iem_emergency"":""False"",""iem_event_id"":""106"",""iem_forecaster"":""Vasquez"",""iem_gtype"":""P"",""iem_hailtag"":""1.0"",""iem_phenomena"":""SV"",""iem_raw_properties"":{""AREA_KM2"":""1043.7559007346138"",""DAMAGTAG"":null,""EMERGENC"":""False"",""ETN"":""106"",""EXPIRED"":""202606212100"",""FCSTER"":""Vasquez"",""GTYPE"":""P"",""HAILTAG"":""1.0"",""HV_CAUSE"":null,""HV_NWSLI"":null,""HV_REC"":null,""HV_SEV"":null,""INIT_EXP"":""202606212100"",""INIT_ISS"":""202606212026"",""ISSUED"":""202606212026"",""NWS_UGC"":null,""PHENOM"":""SV"",""POLY_BEG"":""202606212026"",""POLY_END"":""202606212105"",""PROD_ID"":""202606212026-KCYS-WUUS55-SVRCYS"",""SIG"":""W"",""STATUS"":""NEW"",""TORNTAG"":null,""UPDATED"":""202606212026"",""VTEC_YR"":""2026"",""WFO"":""CYS"",""WINDTAG"":""60.0""},""iem_significance"":""W"",""iem_tornadotag"":"""",""iem_ugc"":"""",""iem_wfo"":""CYS"",""iem_windtag"":""60.0"",""senderName"":""CYS"",""status"":""NEW""},""type"":""Feature""}",2026-04-27T17:31:58Z,2026-07-09T05:15:02Z,2026-07-09T18:49:04Z
1162,iem_watchwarn,iem_watchwarn|BOU|107|SV|W|2026-06-21T20:28:00Z|2026-06-21T21:00:00Z|,Severe Thunderstorm Warning,,2026-06-21T20:28:00Z,2026-06-21T21:00:00Z,BOU,NEW,1,"{""coordinates"":[[[-103.37,39.19],[-103.34,39.53],[-103.15,39.51],[-103.15,39.18],[-103.37,39.19]]],""type"":""Polygon""}","{""_map_py"":{""effective"":""2026-06-21T20:28:00Z"",""event"":""Severe Thunderstorm Warning"",""expires"":""2026-06-21T21:00:00Z"",""has_polygon"":true,""headline"":"""",""sender"":""BOU""},""effective"":""2026-06-21T20:28:00Z"",""event"":""Severe Thunderstorm Warning"",""expires"":""2026-06-21T21:00:00Z"",""headline"":"""",""iem_damagetag"":"""",""iem_emergency"":""False"",""iem_event_id"":""107"",""iem_forecaster"":""63"",""iem_gtype"":""P"",""iem_hailtag"":""1.0"",""iem_phenomena"":""SV"",""iem_raw_properties"":{""AREA_KM2"":""658.8173997076964"",""DAMAGTAG"":null,""EMERGENC"":""False"",""ETN"":""107"",""EXPIRED"":""202606212100"",""FCSTER"":""63"",""GTYPE"":""P"",""HAILTAG"":""1.0"",""HV_CAUSE"":null,""HV_NWSLI"":null,""HV_REC"":null,""HV_SEV"":null,""INIT_EXP"":""202606212100"",""INIT_ISS"":""202606212028"",""ISSUED"":""202606212028"",""NWS_UGC"":null,""PHENOM"":""SV"",""POLY_BEG"":""202606212028"",""POLY_END"":""202606212038"",""PROD_ID"":""202606212028-KBOU-WUUS55-SVRBOU"",""SIG"":""W"",""STATUS"":""NEW"",""TORNTAG"":""POSSIBLE"",""UPDATED"":""202606212028"",""VTEC_YR"":""2026"",""WFO"":""BOU"",""WINDTAG"":""60.0""},""iem_significance"":""W"",""iem_tornadotag"":""POSSIBLE"",""iem_ugc"":"""",""iem_wfo"":""BOU"",""iem_windtag"":""60.0"",""senderName"":""BOU"",""status"":""NEW""}","{""geometry"":{""coordinates"":[[[-103.37,39.19],[-103.34,39.53],[-103.15,39.51],[-103.15,39.18],[-103.37,39.19]]],""type"":""Polygon""},""properties"":{""_map_py"":{""effective"":""2026-06-21T20:28:00Z"",""event"":""Severe Thunderstorm Warning"",""expires"":""2026-06-21T21:00:00Z"",""has_polygon"":true,""headline"":"""",""sender"":""BOU""},""effective"":""2026-06-21T20:28:00Z"",""event"":""Severe Thunderstorm Warning"",""expires"":""2026-06-21T21:00:00Z"",""headline"":"""",""iem_damagetag"":"""",""iem_emergency"":""False"",""iem_event_id"":""107"",""iem_forecaster"":""63"",""iem_gtype"":""P"",""iem_hailtag"":""1.0"",""iem_phenomena"":""SV"",""iem_raw_properties"":{""AREA_KM2"":""658.8173997076964"",""DAMAGTAG"":null,""EMERGENC"":""False"",""ETN"":""107"",""EXPIRED"":""202606212100"",""FCSTER"":""63"",""GTYPE"":""P"",""HAILTAG"":""1.0"",""HV_CAUSE"":null,""HV_NWSLI"":null,""HV_REC"":null,""HV_SEV"":null,""INIT_EXP"":""202606212100"",""INIT_ISS"":""202606212028"",""ISSUED"":""202606212028"",""NWS_UGC"":null,""PHENOM"":""SV"",""POLY_BEG"":""202606212028"",""POLY_END"":""202606212038"",""PROD_ID"":""202606212028-KBOU-WUUS55-SVRBOU"",""SIG"":""W"",""STATUS"":""NEW"",""TORNTAG"":""POSSIBLE"",""UPDATED"":""202606212028"",""VTEC_YR"":""2026"",""WFO"":""BOU"",""WINDTAG"":""60.0""},""iem_significance"":""W"",""iem_tornadotag"":""POSSIBLE"",""iem_ugc"":"""",""iem_wfo"":""BOU"",""iem_windtag"":""60.0"",""senderName"":""BOU"",""status"":""NEW""},""type"":""Feature""}",2026-04-27T17:31:58Z,2026-07-09T05:15:02Z,2026-07-09T18:49:04Z
3640,iem_watchwarn,iem_watchwarn|GLD|148|SV|W|2026-06-21T20:30:00Z|2026-06-21T21:30:00Z|,Severe Thunderstorm Warning,,2026-06-21T20:30:00Z,2026-06-21T21:30:00Z,GLD,NEW,1,"{""coordinates"":[[[-101.32,40.08],[-101.49,40.12],[-101.74,40.34],[-101.73,40.35],[-101.07,40.35],[-101.32,40.08]]],""type"":""Polygon""}","{""_map_py"":{""effective"":""2026-06-21T20:30:00Z"",""event"":""Severe Thunderstorm Warning"",""expires"":""2026-06-21T21:30:00Z"",""has_polygon"":true,""headline"":"""",""sender"":""GLD""},""effective"":""2026-06-21T20:30:00Z"",""event"":""Severe Thunderstorm Warning"",""expires"":""2026-06-21T21:30:00Z"",""headline"":"""",""iem_damagetag"":""CONSIDERABLE"",""iem_emergency"":""False"",""iem_event_id"":""148"",""iem_forecaster"":""JRM"",""iem_gtype"":""P"",""iem_hailtag"":""1.5"",""iem_phenomena"":""SV"",""iem_raw_properties"":{""AREA_KM2"":""1003.2620221841212"",""DAMAGTAG"":""CONSIDERABLE"",""EMERGENC"":""False"",""ETN"":""148"",""EXPIRED"":""202606212130"",""FCSTER"":""JRM"",""GTYPE"":""P"",""HAILTAG"":""1.5"",""HV_CAUSE"":null,""HV_NWSLI"":null,""HV_REC"":null,""HV_SEV"":null,""INIT_EXP"":""202606212130"",""INIT_ISS"":""202606212030"",""ISSUED"":""202606212030"",""NWS_UGC"":null,""PHENOM"":""SV"",""POLY_BEG"":""202606212030"",""POLY_END"":""202606212036"",""PROD_ID"":""202606212030-KGLD-WUUS53-SVRGLD"",""SIG"":""W"",""STATUS"":""NEW"",""TORNTAG"":null,""UPDATED"":""202606212030"",""VTEC_YR"":""2026"",""WFO"":""GLD"",""WINDTAG"":""70.0""},""iem_significance"":""W"",""iem_tornadotag"":"""",""iem_ugc"":"""",""iem_wfo"":""GLD"",""iem_windtag"":""70.0"",""senderName"":""GLD"",""status"":""NEW""}","{""geometry"":{""coordinates"":[[[-101.32,40.08],[-101.49,40.12],[-101.74,40.34],[-101.73,40.35],[-101.07,40.35],[-101.32,40.08]]],""type"":""Polygon""},""properties"":{""_map_py"":{""effective"":""2026-06-21T20:30:00Z"",""event"":""Severe Thunderstorm Warning"",""expires"":""2026-06-21T21:30:00Z"",""has_polygon"":true,""headline"":"""",""sender"":""GLD""},""effective"":""2026-06-21T20:30:00Z"",""event"":""Severe Thunderstorm Warning"",""expires"":""2026-06-21T21:30:00Z"",""headline"":"""",""iem_damagetag"":""CONSIDERABLE"",""iem_emergency"":""False"",""iem_event_id"":""148"",""iem_forecaster"":""JRM"",""iem_gtype"":""P"",""iem_hailtag"":""1.5"",""iem_phenomena"":""SV"",""iem_raw_properties"":{""AREA_KM2"":""1003.2620221841212"",""DAMAGTAG"":""CONSIDERABLE"",""EMERGENC"":""False"",""ETN"":""148"",""EXPIRED"":""202606212130"",""FCSTER"":""JRM"",""GTYPE"":""P"",""HAILTAG"":""1.5"",""HV_CAUSE"":null,""HV_NWSLI"":null,""HV_REC"":null,""HV_SEV"":null,""INIT_EXP"":""202606212130"",""INIT_ISS"":""202606212030"",""ISSUED"":""202606212030"",""NWS_UGC"":null,""PHENOM"":""SV"",""POLY_BEG"":""202606212030"",""POLY_END"":""202606212036"",""PROD_ID"":""202606212030-KGLD-WUUS53-SVRGLD"",""SIG"":""W"",""STATUS"":""NEW"",""TORNTAG"":null,""UPDATED"":""202606212030"",""VTEC_YR"":""2026"",""WFO"":""GLD"",""WINDTAG"":""70.0""},""iem_significance"":""W"",""iem_tornadotag"":"""",""iem_ugc"":"""",""iem_wfo"":""GLD"",""iem_windtag"":""70.0"",""senderName"":""GLD"",""status"":""NEW""},""type"":""Feature""}",2026-04-27T17:31:58Z,2026-07-09T05:15:02Z,2026-07-09T18:49:04Z
2212,iem_watchwarn,iem_watchwarn|GLD|149|SV|W|2026-06-21T20:31:00Z|2026-06-21T21:30:00Z|,Severe Thunderstorm Warning,,2026-06-21T20:31:00Z,2026-06-21T21:30:00Z,GLD,NEW,1,"{""coordinates"":[[[-103.15,39.51],[-102.57,39.26],[-102.69,39.04],[-103.16,39.04],[-103.15,39.51]]],""type"":""Polygon""}","{""_map_py"":{""effective"":""2026-06-21T20:31:00Z"",""event"":""Severe Thunderstorm Warning"",""expires"":""2026-06-21T21:30:00Z"",""has_polygon"":true,""headline"":"""",""sender"":""GLD""},""effective"":""2026-06-21T20:31:00Z"",""event"":""Severe Thunderstorm Warning"",""expires"":""2026-06-21T21:30:00Z"",""headline"":"""",""iem_damagetag"":"""",""iem_emergency"":""False"",""iem_event_id"":""149"",""iem_forecaster"":""Alexander"",""iem_gtype"":""P"",""iem_hailtag"":""1.0"",""iem_phenomena"":""SV"",""iem_raw_properties"":{""AREA_KM2"":""1814.010146934623"",""DAMAGTAG"":null,""EMERGENC"":""False"",""ETN"":""149"",""EXPIRED"":""202606212130"",""FCSTER"":""Alexander"",""GTYPE"":""P"",""HAILTAG"":""1.0"",""HV_CAUSE"":null,""HV_NWSLI"":null,""HV_REC"":null,""HV_SEV"":null,""INIT_EXP"":""202606212130"",""INIT_ISS"":""202606212031"",""ISSUED"":""202606212031"",""NWS_UGC"":null,""PHENOM"":""SV"",""POLY_BEG"":""202606212031"",""POLY_END"":""202606212105"",""PROD_ID"":""202606212031-KGLD-WUUS53-SVRGLD"",""SIG"":""W"",""STATUS"":""NEW"",""TORNTAG"":null,""UPDATED"":""202606212031"",""VTEC_YR"":""2026"",""WFO"":""GLD"",""WINDTAG"":""60.0""},""iem_significance"":""W"",""iem_tornadotag"":"""",""iem_ugc"":"""",""iem_wfo"":""GLD"",""iem_windtag"":""60.0"",""senderName"":""GLD"",""status"":""NEW""}","{""geometry"":{""coordinates"":[[[-103.15,39.51],[-102.57,39.26],[-102.69,39.04],[-103.16,39.04],[-103.15,39.51]]],""type"":""Polygon""},""properties"":{""_map_py"":{""effective"":""2026-06-21T20:31:00Z"",""event"":""Severe Thunderstorm Warning"",""expires"":""2026-06-21T21:30:00Z"",""has_polygon"":true,""headline"":"""",""sender"":""GLD""},""effective"":""2026-06-21T20:31:00Z"",""event"":""Severe Thunderstorm Warning"",""expires"":""2026-06-21T21:30:00Z"",""headline"":"""",""iem_damagetag"":"""",""iem_emergency"":""False"",""iem_event_id"":""149"",""iem_forecaster"":""Alexander"",""iem_gtype"":""P"",""iem_hailtag"":""1.0"",""iem_phenomena"":""SV"",""iem_raw_properties"":{""AREA_KM2"":""1814.010146934623"",""DAMAGTAG"":null,""EMERGENC"":""False"",""ETN"":""149"",""EXPIRED"":""202606212130"",""FCSTER"":""Alexander"",""GTYPE"":""P"",""HAILTAG"":""1.0"",""HV_CAUSE"":null,""HV_NWSLI"":null,""HV_REC"":null,""HV_SEV"":null,""INIT_EXP"":""202606212130"",""INIT_ISS"":""202606212031"",""ISSUED"":""202606212031"",""NWS_UGC"":null,""PHENOM"":""SV"",""POLY_BEG"":""202606212031"",""POLY_END"":""202606212105"",""PROD_ID"":""202606212031-KGLD-WUUS53-SVRGLD"",""SIG"":""W"",""STATUS"":""NEW"",""TORNTAG"":null,""UPDATED"":""202606212031"",""VTEC_YR"":""2026"",""WFO"":""GLD"",""WINDTAG"":""60.0""},""iem_significance"":""W"",""iem_tornadotag"":"""",""iem_ugc"":"""",""iem_wfo"":""GLD"",""iem_windtag"":""60.0"",""senderName"":""GLD"",""status"":""NEW""},""type"":""Feature""}",2026-04-27T17:31:58Z,2026-07-09T05:15:02Z,2026-07-09T18:49:04Z
6405,iem_watchwarn,iem_watchwarn|CYS|107|SV|W|2026-06-21T20:33:00Z|2026-06-21T21:00:00Z|,Severe Thunderstorm Warning,,2026-06-21T20:33:00Z,2026-06-21T21:00:00Z,CYS,NEW,1,"{""coordinates"":[[[-103.04,42.66],[-103.32,42.88],[-103.18,43.0],[-102.97,43.0],[-102.79,42.92],[-102.8,42.86],[-103.04,42.66]]],""type"":""Polygon""}","{""_map_py"":{""effective"":""2026-06-21T20:33:00Z"",""event"":""Severe Thunderstorm Warning"",""expires"":""2026-06-21T21:00:00Z"",""has_polygon"":true,""headline"":"""",""sender"":""CYS""},""effective"":""2026-06-21T20:33:00Z"",""event"":""Severe Thunderstorm Warning"",""expires"":""2026-06-21T21:00:00Z"",""headline"":"""",""iem_damagetag"":"""",""iem_emergency"":""False"",""iem_event_id"":""107"",""iem_forecaster"":""Vasquez"",""iem_gtype"":""P"",""iem_hailtag"":""1.5"",""iem_phenomena"":""SV"",""iem_raw_properties"":{""AREA_KM2"":""973.6154942756108"",""DAMAGTAG"":null,""EMERGENC"":""False"",""ETN"":""107"",""EXPIRED"":""202606212100"",""FCSTER"":""Vasquez"",""GTYPE"":""P"",""HAILTAG"":""1.5"",""HV_CAUSE"":null,""HV_NWSLI"":null,""HV_REC"":null,""HV_SEV"":null,""INIT_EXP"":""202606212100"",""INIT_ISS"":""202606212033"",""ISSUED"":""202606212033"",""NWS_UGC"":null,""PHENOM"":""SV"",""POLY_BEG"":""202606212033"",""POLY_END"":""202606212049"",""PROD_ID"":""202606212033-KCYS-WUUS55-SVRCYS"",""SIG"":""W"",""STATUS"":""NEW"",""TORNTAG"":null,""UPDATED"":""202606212033"",""VTEC_YR"":""2026"",""WFO"":""CYS"",""WINDTAG"":""60.0""},""iem_significance"":""W"",""iem_tornadotag"":"""",""iem_ugc"":"""",""iem_wfo"":""CYS"",""iem_windtag"":""60.0"",""senderName"":""CYS"",""status"":""NEW""}","{""geometry"":{""coordinates"":[[[-103.04,42.66],[-103.32,42.88],[-103.18,43.0],[-102.97,43.0],[-102.79,42.92],[-102.8,42.86],[-103.04,42.66]]],""type"":""Polygon""},""properties"":{""_map_py"":{""effective"":""2026-06-21T20:33:00Z"",""event"":""Severe Thunderstorm Warning"",""expires"":""2026-06-21T21:00:00Z"",""has_polygon"":true,""headline"":"""",""sender"":""CYS""},""effective"":""2026-06-21T20:33:00Z"",""event"":""Severe Thunderstorm Warning"",""expires"":""2026-06-21T21:00:00Z"",""headline"":"""",""iem_damagetag"":"""",""iem_emergency"":""False"",""iem_event_id"":""107"",""iem_forecaster"":""Vasquez"",""iem_gtype"":""P"",""iem_hailtag"":""1.5"",""iem_phenomena"":""SV"",""iem_raw_properties"":{""AREA_KM2"":""973.6154942756108"",""DAMAGTAG"":null,""EMERGENC"":""False"",""ETN"":""107"",""EXPIRED"":""202606212100"",""FCSTER"":""Vasquez"",""GTYPE"":""P"",""HAILTAG"":""1.5"",""HV_CAUSE"":null,""HV_NWSLI"":null,""HV_REC"":null,""HV_SEV"":null,""INIT_EXP"":""202606212100"",""INIT_ISS"":""202606212033"",""ISSUED"":""202606212033"",""NWS_UGC"":null,""PHENOM"":""SV"",""POLY_BEG"":""202606212033"",""POLY_END"":""202606212049"",""PROD_ID"":""202606212033-KCYS-WUUS55-SVRCYS"",""SIG"":""W"",""STATUS"":""NEW"",""TORNTAG"":null,""UPDATED"":""202606212033"",""VTEC_YR"":""2026"",""WFO"":""CYS"",""WINDTAG"":""60.0""},""iem_significance"":""W"",""iem_tornadotag"":"""",""iem_ugc"":"""",""iem_wfo"":""CYS"",""iem_windtag"":""60.0"",""senderName"":""CYS"",""status"":""NEW""},""type"":""Feature""}",2026-04-27T17:31:58Z,2026-07-09T05:15:02Z,2026-07-09T18:49:04Z
42,iem_watchwarn,iem_watchwarn|ILX|302|SV|W|2026-06-21T20:38:00Z|2026-06-21T21:45:00Z|,Severe Thunderstorm Warning,,2026-06-21T20:38:00Z,2026-06-21T21:45:00Z,ILX,NEW,1,"{""coordinates"":[[[-88.0,39.12],[-88.52,39.03],[-88.5,39.45],[-88.02,39.63],[-88.0,39.12]]],""type"":""Polygon""}","{""_map_py"":{""effective"":""2026-06-21T20:38:00Z"",""event"":""Severe Thunderstorm Warning"",""expires"":""2026-06-21T21:45:00Z"",""has_polygon"":true,""headline"":"""",""sender"":""ILX""},""effective"":""2026-06-21T20:38:00Z"",""event"":""Severe Thunderstorm Warning"",""expires"":""2026-06-21T21:45:00Z"",""headline"":"""",""iem_damagetag"":"""",""iem_emergency"":""False"",""iem_event_id"":""302"",""iem_forecaster"":""Erwin"",""iem_gtype"":""P"",""iem_hailtag"":""0.75"",""iem_phenomena"":""SV"",""iem_raw_properties"":{""AREA_KM2"":""2224.4443535528876"",""DAMAGTAG"":null,""EMERGENC"":""False"",""ETN"":""302"",""EXPIRED"":""202606212145"",""FCSTER"":""Erwin"",""GTYPE"":""P"",""HAILTAG"":""0.75"",""HV_CAUSE"":null,""HV_NWSLI"":null,""HV_REC"":null,""HV_SEV"":null,""INIT_EXP"":""202606212145"",""INIT_ISS"":""202606212038"",""ISSUED"":""202606212038"",""NWS_UGC"":null,""PHENOM"":""SV"",""POLY_BEG"":""202606212038"",""POLY_END"":""202606212101"",""PROD_ID"":""202606212038-KILX-WUUS53-SVRILX"",""SIG"":""W"",""STATUS"":""NEW"",""TORNTAG"":""POSSIBLE"",""UPDATED"":""202606212038"",""VTEC_YR"":""2026"",""WFO"":""ILX"",""WINDTAG"":""60.0""},""iem_significance"":""W"",""iem_tornadotag"":""POSSIBLE"",""iem_ugc"":"""",""iem_wfo"":""ILX"",""iem_windtag"":""60.0"",""senderName"":""ILX"",""status"":""NEW""}","{""geometry"":{""coordinates"":[[[-88.0,39.12],[-88.52,39.03],[-88.5,39.45],[-88.02,39.63],[-88.0,39.12]]],""type"":""Polygon""},""properties"":{""_map_py"":{""effective"":""2026-06-21T20:38:00Z"",""event"":""Severe Thunderstorm Warning"",""expires"":""2026-06-21T21:45:00Z"",""has_polygon"":true,""headline"":"""",""sender"":""ILX""},""effective"":""2026-06-21T20:38:00Z"",""event"":""Severe Thunderstorm Warning"",""expires"":""2026-06-21T21:45:00Z"",""headline"":"""",""iem_damagetag"":"""",""iem_emergency"":""False"",""iem_event_id"":""302"",""iem_forecaster"":""Erwin"",""iem_gtype"":""P"",""iem_hailtag"":""0.75"",""iem_phenomena"":""SV"",""iem_raw_properties"":{""AREA_KM2"":""2224.4443535528876"",""DAMAGTAG"":null,""EMERGENC"":""False"",""ETN"":""302"",""EXPIRED"":""202606212145"",""FCSTER"":""Erwin"",""GTYPE"":""P"",""HAILTAG"":""0.75"",""HV_CAUSE"":null,""HV_NWSLI"":null,""HV_REC"":null,""HV_SEV"":null,""INIT_EXP"":""202606212145"",""INIT_ISS"":""202606212038"",""ISSUED"":""202606212038"",""NWS_UGC"":null,""PHENOM"":""SV"",""POLY_BEG"":""202606212038"",""POLY_END"":""202606212101"",""PROD_ID"":""202606212038-KILX-WUUS53-SVRILX"",""SIG"":""W"",""STATUS"":""NEW"",""TORNTAG"":""POSSIBLE"",""UPDATED"":""202606212038"",""VTEC_YR"":""2026"",""WFO"":""ILX"",""WINDTAG"":""60.0""},""iem_significance"":""W"",""iem_tornadotag"":""POSSIBLE"",""iem_ugc"":"""",""iem_wfo"":""ILX"",""iem_windtag"":""60.0"",""senderName"":""ILX"",""status"":""NEW""},""type"":""Feature""}",2026-04-27T17:31:58Z,2026-07-09T05:15:02Z,2026-07-09T18:49:04Z
856,iem_watchwarn,iem_watchwarn|GLD|150|SV|W|2026-06-21T20:41:00Z|2026-06-21T21:30:00Z|,Severe Thunderstorm Warning,,2026-06-21T20:41:00Z,2026-06-21T21:30:00Z,GLD,NEW,1,"{""coordinates"":[[[-102.8,39.98],[-102.41,40.1],[-102.32,39.57],[-102.8,39.57],[-102.8,39.98]]],""type"":""Polygon""}","{""_map_py"":{""effective"":""2026-06-21T20:41:00Z"",""event"":""Severe Thunderstorm Warning"",""expires"":""2026-06-21T21:30:00Z"",""has_polygon"":true,""headline"":"""",""sender"":""GLD""},""effective"":""2026-06-21T20:41:00Z"",""event"":""Severe Thunderstorm Warning"",""expires"":""2026-06-21T21:30:00Z"",""headline"":"""",""iem_damagetag"":"""",""iem_emergency"":""False"",""iem_event_id"":""150"",""iem_forecaster"":""Alexander"",""iem_gtype"":""P"",""iem_hailtag"":""1.0"",""iem_phenomena"":""SV"",""iem_raw_properties"":{""AREA_KM2"":""1968.1363692332375"",""DAMAGTAG"":null,""EMERGENC"":""False"",""ETN"":""150"",""EXPIRED"":""202606212130"",""FCSTER"":""Alexander"",""GTYPE"":""P"",""HAILTAG"":""1.0"",""HV_CAUSE"":null,""HV_NWSLI"":null,""HV_REC"":null,""HV_SEV"":null,""INIT_EXP"":""202606212130"",""INIT_ISS"":""202606212041"",""ISSUED"":""202606212041"",""NWS_UGC"":null,""PHENOM"":""SV"",""POLY_BEG"":""202606212041"",""POLY_END"":""202606212051"",""PROD_ID"":""202606212041-KGLD-WUUS53-SVRGLD"",""SIG"":""W"",""STATUS"":""NEW"",""TORNTAG"":null,""UPDATED"":""202606212041"",""VTEC_YR"":""2026"",""WFO"":""GLD"",""WINDTAG"":""60.0""},""iem_significance"":""W"",""iem_tornadotag"":"""",""iem_ugc"":"""",""iem_wfo"":""GLD"",""iem_windtag"":""60.0"",""senderName"":""GLD"",""status"":""NEW""}","{""geometry"":{""coordinates"":[[[-102.8,39.98],[-102.41,40.1],[-102.32,39.57],[-102.8,39.57],[-102.8,39.98]]],""type"":""Polygon""},""properties"":{""_map_py"":{""effective"":""2026-06-21T20:41:00Z"",""event"":""Severe Thunderstorm Warning"",""expires"":""2026-06-21T21:30:00Z"",""has_polygon"":true,""headline"":"""",""sender"":""GLD""},""effective"":""2026-06-21T20:41:00Z"",""event"":""Severe Thunderstorm Warning"",""expires"":""2026-06-21T21:30:00Z"",""headline"":"""",""iem_damagetag"":"""",""iem_emergency"":""False"",""iem_event_id"":""150"",""iem_forecaster"":""Alexander"",""iem_gtype"":""P"",""iem_hailtag"":""1.0"",""iem_phenomena"":""SV"",""iem_raw_properties"":{""AREA_KM2"":""1968.1363692332375"",""DAMAGTAG"":null,""EMERGENC"":""False"",""ETN"":""150"",""EXPIRED"":""202606212130"",""FCSTER"":""Alexander"",""GTYPE"":""P"",""HAILTAG"":""1.0"",""HV_CAUSE"":null,""HV_NWSLI"":null,""HV_REC"":null,""HV_SEV"":null,""INIT_EXP"":""202606212130"",""INIT_ISS"":""202606212041"",""ISSUED"":""202606212041"",""NWS_UGC"":null,""PHENOM"":""SV"",""POLY_BEG"":""202606212041"",""POLY_END"":""202606212051"",""PROD_ID"":""202606212041-KGLD-WUUS53-SVRGLD"",""SIG"":""W"",""STATUS"":""NEW"",""TORNTAG"":null,""UPDATED"":""202606212041"",""VTEC_YR"":""2026"",""WFO"":""GLD"",""WINDTAG"":""60.0""},""iem_significance"":""W"",""iem_tornadotag"":"""",""iem_ugc"":"""",""iem_wfo"":""GLD"",""iem_windtag"":""60.0"",""senderName"":""GLD"",""status"":""NEW""},""type"":""Feature""}",2026-04-27T17:31:58Z,2026-07-09T05:15:02Z,2026-07-09T18:49:04Z
40,iem_watchwarn,iem_watchwarn|LBF|109|SV|W|2026-06-21T20:44:00Z|2026-06-21T21:00:00Z|,Severe Thunderstorm Warning,,2026-06-21T20:44:00Z,2026-06-21T21:00:00Z,LBF,NEW,1,"{""coordinates"":[[[-101.34,40.45],[-101.12,40.35],[-101.34,40.35],[-101.34,40.45]]],""type"":""Polygon""}","{""_map_py"":{""effective"":""2026-06-21T20:44:00Z"",""event"":""Severe Thunderstorm Warning"",""expires"":""2026-06-21T21:00:00Z"",""has_polygon"":true,""headline"":"""",""sender"":""LBF""},""effective"":""2026-06-21T20:44:00Z"",""event"":""Severe Thunderstorm Warning"",""expires"":""2026-06-21T21:00:00Z"",""headline"":"""",""iem_damagetag"":""CONSIDERABLE"",""iem_emergency"":""False"",""iem_event_id"":""109"",""iem_forecaster"":""Brown"",""iem_gtype"":""P"",""iem_hailtag"":""2.0"",""iem_phenomena"":""SV"",""iem_raw_properties"":{""AREA_KM2"":""103.65185559411745"",""DAMAGTAG"":""CONSIDERABLE"",""EMERGENC"":""False"",""ETN"":""109"",""EXPIRED"":""202606212100"",""FCSTER"":""Brown"",""GTYPE"":""P"",""HAILTAG"":""2.0"",""HV_CAUSE"":null,""HV_NWSLI"":null,""HV_REC"":null,""HV_SEV"":null,""INIT_EXP"":""202606212100"",""INIT_ISS"":""202606212044"",""ISSUED"":""202606212044"",""NWS_UGC"":null,""PHENOM"":""SV"",""POLY_BEG"":""202606212044"",""POLY_END"":""202606212055"",""PROD_ID"":""202606212044-KLBF-WUUS53-SVRLBF"",""SIG"":""W"",""STATUS"":""NEW"",""TORNTAG"":null,""UPDATED"":""202606212044"",""VTEC_YR"":""2026"",""WFO"":""LBF"",""WINDTAG"":""70.0""},""iem_significance"":""W"",""iem_tornadotag"":"""",""iem_ugc"":"""",""iem_wfo"":""LBF"",""iem_windtag"":""70.0"",""senderName"":""LBF"",""status"":""NEW""}","{""geometry"":{""coordinates"":[[[-101.34,40.45],[-101.12,40.35],[-101.34,40.35],[-101.34,40.45]]],""type"":""Polygon""},""properties"":{""_map_py"":{""effective"":""2026-06-21T20:44:00Z"",""event"":""Severe Thunderstorm Warning"",""expires"":""2026-06-21T21:00:00Z"",""has_polygon"":true,""headline"":"""",""sender"":""LBF""},""effective"":""2026-06-21T20:44:00Z"",""event"":""Severe Thunderstorm Warning"",""expires"":""2026-06-21T21:00:00Z"",""headline"":"""",""iem_damagetag"":""CONSIDERABLE"",""iem_emergency"":""False"",""iem_event_id"":""109"",""iem_forecaster"":""Brown"",""iem_gtype"":""P"",""iem_hailtag"":""2.0"",""iem_phenomena"":""SV"",""iem_raw_properties"":{""AREA_KM2"":""103.65185559411745"",""DAMAGTAG"":""CONSIDERABLE"",""EMERGENC"":""False"",""ETN"":""109"",""EXPIRED"":""202606212100"",""FCSTER"":""Brown"",""GTYPE"":""P"",""HAILTAG"":""2.0"",""HV_CAUSE"":null,""HV_NWSLI"":null,""HV_REC"":null,""HV_SEV"":null,""INIT_EXP"":""202606212100"",""INIT_ISS"":""202606212044"",""ISSUED"":""202606212044"",""NWS_UGC"":null,""PHENOM"":""SV"",""POLY_BEG"":""202606212044"",""POLY_END"":""202606212055"",""PROD_ID"":""202606212044-KLBF-WUUS53-SVRLBF"",""SIG"":""W"",""STATUS"":""NEW"",""TORNTAG"":null,""UPDATED"":""202606212044"",""VTEC_YR"":""2026"",""WFO"":""LBF"",""WINDTAG"":""70.0""},""iem_significance"":""W"",""iem_tornadotag"":"""",""iem_ugc"":"""",""iem_wfo"":""LBF"",""iem_windtag"":""70.0"",""senderName"":""LBF"",""status"":""NEW""},""type"":""Feature""}",2026-04-27T17:31:58Z,2026-07-09T05:15:02Z,2026-07-09T18:49:04Z
812,iem_watchwarn,iem_watchwarn|GLD|151|SV|W|2026-06-21T20:44:00Z|2026-06-21T21:15:00Z|,Severe Thunderstorm Warning,,2026-06-21T20:44:00Z,2026-06-21T21:15:00Z,GLD,NEW,1,"{""coordinates"":[[[-102.05,40.33],[-102.05,39.91],[-102.29,40.03],[-102.16,40.34],[-102.05,40.33]]],""type"":""Polygon""}","{""_map_py"":{""effective"":""2026-06-21T20:44:00Z"",""event"":""Severe Thunderstorm Warning"",""expires"":""2026-06-21T21:15:00Z"",""has_polygon"":true,""headline"":"""",""sender"":""GLD""},""effective"":""2026-06-21T20:44:00Z"",""event"":""Severe Thunderstorm Warning"",""expires"":""2026-06-21T21:15:00Z"",""headline"":"""",""iem_damagetag"":"""",""iem_emergency"":""False"",""iem_event_id"":""151"",""iem_forecaster"":""Alexander"",""iem_gtype"":""P"",""iem_hailtag"":""1.5"",""iem_phenomena"":""SV"",""iem_raw_properties"":{""AREA_KM2"":""643.9524880511868"",""DAMAGTAG"":null,""EMERGENC"":""False"",""ETN"":""151"",""EXPIRED"":""202606212115"",""FCSTER"":""Alexander"",""GTYPE"":""P"",""HAILTAG"":""1.5"",""HV_CAUSE"":null,""HV_NWSLI"":null,""HV_REC"":null,""HV_SEV"":null,""INIT_EXP"":""202606212115"",""INIT_ISS"":""202606212044"",""ISSUED"":""202606212044"",""NWS_UGC"":null,""PHENOM"":""SV"",""POLY_BEG"":""202606212044"",""POLY_END"":""202606212054"",""PROD_ID"":""202606212044-KGLD-WUUS53-SVRGLD"",""SIG"":""W"",""STATUS"":""NEW"",""TORNTAG"":null,""UPDATED"":""202606212044"",""VTEC_YR"":""2026"",""WFO"":""GLD"",""WINDTAG"":""60.0""},""iem_significance"":""W"",""iem_tornadotag"":"""",""iem_ugc"":"""",""iem_wfo"":""GLD"",""iem_windtag"":""60.0"",""senderName"":""GLD"",""status"":""NEW""}","{""geometry"":{""coordinates"":[[[-102.05,40.33],[-102.05,39.91],[-102.29,40.03],[-102.16,40.34],[-102.05,40.33]]],""type"":""Polygon""},""properties"":{""_map_py"":{""effective"":""2026-06-21T20:44:00Z"",""event"":""Severe Thunderstorm Warning"",""expires"":""2026-06-21T21:15:00Z"",""has_polygon"":true,""headline"":"""",""sender"":""GLD""},""effective"":""2026-06-21T20:44:00Z"",""event"":""Severe Thunderstorm Warning"",""expires"":""2026-06-21T21:15:00Z"",""headline"":"""",""iem_damagetag"":"""",""iem_emergency"":""False"",""iem_event_id"":""151"",""iem_forecaster"":""Alexander"",""iem_gtype"":""P"",""iem_hailtag"":""1.5"",""iem_phenomena"":""SV"",""iem_raw_properties"":{""AREA_KM2"":""643.9524880511868"",""DAMAGTAG"":null,""EMERGENC"":""False"",""ETN"":""151"",""EXPIRED"":""202606212115"",""FCSTER"":""Alexander"",""GTYPE"":""P"",""HAILTAG"":""1.5"",""HV_CAUSE"":null,""HV_NWSLI"":null,""HV_REC"":null,""HV_SEV"":null,""INIT_EXP"":""202606212115"",""INIT_ISS"":""202606212044"",""ISSUED"":""202606212044"",""NWS_UGC"":null,""PHENOM"":""SV"",""POLY_BEG"":""202606212044"",""POLY_END"":""202606212054"",""PROD_ID"":""202606212044-KGLD-WUUS53-SVRGLD"",""SIG"":""W"",""STATUS"":""NEW"",""TORNTAG"":null,""UPDATED"":""202606212044"",""VTEC_YR"":""2026"",""WFO"":""GLD"",""WINDTAG"":""60.0""},""iem_significance"":""W"",""iem_tornadotag"":"""",""iem_ugc"":"""",""iem_wfo"":""GLD"",""iem_windtag"":""60.0"",""senderName"":""GLD"",""status"":""NEW""},""type"":""Feature""}",2026-04-27T17:31:58Z,2026-07-09T05:15:02Z,2026-07-09T18:49:04Z
8719,iem_watchwarn,iem_watchwarn|LSX|68|TO|W|2026-06-21T20:45:00Z|2026-06-21T21:45:00Z|,Tornado Warning,,2026-06-21T20:45:00Z,2026-06-21T21:45:00Z,LSX,NEW,1,"{""coordinates"":[[[-89.22,38.78],[-89.19,38.83],[-88.97,38.83],[-88.99,38.92],[-88.81,38.96],[-88.81,38.91],[-88.69,38.91],[-88.7,38.8],[-88.7,38.72],[-89.22,38.78]]],""type"":""Polygon""}","{""_map_py"":{""effective"":""2026-06-21T20:45:00Z"",""event"":""Tornado Warning"",""expires"":""2026-06-21T21:45:00Z"",""has_polygon"":true,""headline"":"""",""sender"":""LSX""},""effective"":""2026-06-21T20:45:00Z"",""event"":""Tornado Warning"",""expires"":""2026-06-21T21:45:00Z"",""headline"":"""",""iem_damagetag"":"""",""iem_emergency"":""False"",""iem_event_id"":""68"",""iem_forecaster"":""BSH"",""iem_gtype"":""P"",""iem_hailtag"":""1.0"",""iem_phenomena"":""TO"",""iem_raw_properties"":{""AREA_KM2"":""664.6357895259055"",""DAMAGTAG"":null,""EMERGENC"":""False"",""ETN"":""68"",""EXPIRED"":""202606212145"",""FCSTER"":""BSH"",""GTYPE"":""P"",""HAILTAG"":""1.0"",""HV_CAUSE"":null,""HV_NWSLI"":null,""HV_REC"":null,""HV_SEV"":null,""INIT_EXP"":""202606212145"",""INIT_ISS"":""202606212045"",""ISSUED"":""202606212045"",""NWS_UGC"":null,""PHENOM"":""TO"",""POLY_BEG"":""202606212045"",""POLY_END"":""202606212052"",""PROD_ID"":""202606212045-KLSX-WFUS53-TORLSX"",""SIG"":""W"",""STATUS"":""NEW"",""TORNTAG"":""RADAR INDICATED"",""UPDATED"":""202606212045"",""VTEC_YR"":""2026"",""WFO"":""LSX"",""WINDTAG"":null},""iem_significance"":""W"",""iem_tornadotag"":""RADAR INDICATED"",""iem_ugc"":"""",""iem_wfo"":""LSX"",""iem_windtag"":"""",""senderName"":""LSX"",""status"":""NEW""}","{""geometry"":{""coordinates"":[[[-89.22,38.78],[-89.19,38.83],[-88.97,38.83],[-88.99,38.92],[-88.81,38.96],[-88.81,38.91],[-88.69,38.91],[-88.7,38.8],[-88.7,38.72],[-89.22,38.78]]],""type"":""Polygon""},""properties"":{""_map_py"":{""effective"":""2026-06-21T20:45:00Z"",""event"":""Tornado Warning"",""expires"":""2026-06-21T21:45:00Z"",""has_polygon"":true,""headline"":"""",""sender"":""LSX""},""effective"":""2026-06-21T20:45:00Z"",""event"":""Tornado Warning"",""expires"":""2026-06-21T21:45:00Z"",""headline"":"""",""iem_damagetag"":"""",""iem_emergency"":""False"",""iem_event_id"":""68"",""iem_forecaster"":""BSH"",""iem_gtype"":""P"",""iem_hailtag"":""1.0"",""iem_phenomena"":""TO"",""iem_raw_properties"":{""AREA_KM2"":""664.6357895259055"",""DAMAGTAG"":null,""EMERGENC"":""False"",""ETN"":""68"",""EXPIRED"":""202606212145"",""FCSTER"":""BSH"",""GTYPE"":""P"",""HAILTAG"":""1.0"",""HV_CAUSE"":null,""HV_NWSLI"":null,""HV_REC"":null,""HV_SEV"":null,""INIT_EXP"":""202606212145"",""INIT_ISS"":""202606212045"",""ISSUED"":""202606212045"",""NWS_UGC"":null,""PHENOM"":""TO"",""POLY_BEG"":""202606212045"",""POLY_END"":""202606212052"",""PROD_ID"":""202606212045-KLSX-WFUS53-TORLSX"",""SIG"":""W"",""STATUS"":""NEW"",""TORNTAG"":""RADAR INDICATED"",""UPDATED"":""202606212045"",""VTEC_YR"":""2026"",""WFO"":""LSX"",""WINDTAG"":null},""iem_significance"":""W"",""iem_tornadotag"":""RADAR INDICATED"",""iem_ugc"":"""",""iem_wfo"":""LSX"",""iem_windtag"":"""",""senderName"":""LSX"",""status"":""NEW""},""type"":""Feature""}",2026-04-27T17:31:58Z,2026-07-09T05:15:02Z,2026-07-09T18:49:04Z
5074,iem_watchwarn,iem_watchwarn|ILX|118|TO|W|2026-06-21T20:51:00Z|2026-06-21T21:30:00Z|,Tornado Warning,,2026-06-21T20:51:00Z,2026-06-21T21:30:00Z,ILX,NEW,1,"{""coordinates"":[[[-88.36,38.85],[-88.36,38.92],[-88.0,39.17],[-87.87,38.89],[-88.19,38.84],[-88.36,38.85]]],""type"":""Polygon""}","{""_map_py"":{""effective"":""2026-06-21T20:51:00Z"",""event"":""Tornado Warning"",""expires"":""2026-06-21T21:30:00Z"",""has_polygon"":true,""headline"":"""",""sender"":""ILX""},""effective"":""2026-06-21T20:51:00Z"",""event"":""Tornado Warning"",""expires"":""2026-06-21T21:30:00Z"",""headline"":"""",""iem_damagetag"":"""",""iem_emergency"":""False"",""iem_event_id"":""118"",""iem_forecaster"":""Erwin"",""iem_gtype"":""P"",""iem_hailtag"":""0.75"",""iem_phenomena"":""TO"",""iem_raw_properties"":{""AREA_KM2"":""862.7117054874768"",""DAMAGTAG"":null,""EMERGENC"":""False"",""ETN"":""118"",""EXPIRED"":""202606212130"",""FCSTER"":""Erwin"",""GTYPE"":""P"",""HAILTAG"":""0.75"",""HV_CAUSE"":null,""HV_NWSLI"":null,""HV_REC"":null,""HV_SEV"":null,""INIT_EXP"":""202606212130"",""INIT_ISS"":""202606212051"",""ISSUED"":""202606212051"",""NWS_UGC"":null,""PHENOM"":""TO"",""POLY_BEG"":""202606212051"",""POLY_END"":""202606212104"",""PROD_ID"":""202606212051-KILX-WFUS53-TORILX"",""SIG"":""W"",""STATUS"":""NEW"",""TORNTAG"":""OBSERVED"",""UPDATED"":""202606212051"",""VTEC_YR"":""2026"",""WFO"":""ILX"",""WINDTAG"":null},""iem_significance"":""W"",""iem_tornadotag"":""OBSERVED"",""iem_ugc"":"""",""iem_wfo"":""ILX"",""iem_windtag"":"""",""senderName"":""ILX"",""status"":""NEW""}","{""geometry"":{""coordinates"":[[[-88.36,38.85],[-88.36,38.92],[-88.0,39.17],[-87.87,38.89],[-88.19,38.84],[-88.36,38.85]]],""type"":""Polygon""},""properties"":{""_map_py"":{""effective"":""2026-06-21T20:51:00Z"",""event"":""Tornado Warning"",""expires"":""2026-06-21T21:30:00Z"",""has_polygon"":true,""headline"":"""",""sender"":""ILX""},""effective"":""2026-06-21T20:51:00Z"",""event"":""Tornado Warning"",""expires"":""2026-06-21T21:30:00Z"",""headline"":"""",""iem_damagetag"":"""",""iem_emergency"":""False"",""iem_event_id"":""118"",""iem_forecaster"":""Erwin"",""iem_gtype"":""P"",""iem_hailtag"":""0.75"",""iem_phenomena"":""TO"",""iem_raw_properties"":{""AREA_KM2"":""862.7117054874768"",""DAMAGTAG"":null,""EMERGENC"":""False"",""ETN"":""118"",""EXPIRED"":""202606212130"",""FCSTER"":""Erwin"",""GTYPE"":""P"",""HAILTAG"":""0.75"",""HV_CAUSE"":null,""HV_NWSLI"":null,""HV_REC"":null,""HV_SEV"":null,""INIT_EXP"":""202606212130"",""INIT_ISS"":""202606212051"",""ISSUED"":""202606212051"",""NWS_UGC"":null,""PHENOM"":""TO"",""POLY_BEG"":""202606212051"",""POLY_END"":""202606212104"",""PROD_ID"":""202606212051-KILX-WFUS53-TORILX"",""SIG"":""W"",""STATUS"":""NEW"",""TORNTAG"":""OBSERVED"",""UPDATED"":""202606212051"",""VTEC_YR"":""2026"",""WFO"":""ILX"",""WINDTAG"":null},""iem_significance"":""W"",""iem_tornadotag"":""OBSERVED"",""iem_ugc"":"""",""iem_wfo"":""ILX"",""iem_windtag"":"""",""senderName"":""ILX"",""status"":""NEW""},""type"":""Feature""}",2026-04-27T17:31:58Z,2026-07-09T05:15:02Z,2026-07-09T18:49:04Z
2821,iem_watchwarn,iem_watchwarn|ILX|119|TO|W|2026-06-21T20:55:00Z|2026-06-21T21:27:00Z|,Tornado Warning,,2026-06-21T20:55:00Z,2026-06-21T21:27:00Z,ILX,NEW,1,"{""coordinates"":[[[-88.7,38.88],[-88.36,38.95],[-88.36,38.8],[-88.7,38.8],[-88.7,38.88]]],""type"":""Polygon""}","{""_map_py"":{""effective"":""2026-06-21T20:55:00Z"",""event"":""Tornado Warning"",""expires"":""2026-06-21T21:27:00Z"",""has_polygon"":true,""headline"":"""",""sender"":""ILX""},""effective"":""2026-06-21T20:55:00Z"",""event"":""Tornado Warning"",""expires"":""2026-06-21T21:27:00Z"",""headline"":"""",""iem_damagetag"":"""",""iem_emergency"":""False"",""iem_event_id"":""119"",""iem_forecaster"":""Erwin"",""iem_gtype"":""P"",""iem_hailtag"":""0.75"",""iem_phenomena"":""TO"",""iem_raw_properties"":{""AREA_KM2"":""376.48937512952995"",""DAMAGTAG"":null,""EMERGENC"":""False"",""ETN"":""119"",""EXPIRED"":""202606212127"",""FCSTER"":""Erwin"",""GTYPE"":""P"",""HAILTAG"":""0.75"",""HV_CAUSE"":null,""HV_NWSLI"":null,""HV_REC"":null,""HV_SEV"":null,""INIT_EXP"":""202606212145"",""INIT_ISS"":""202606212055"",""ISSUED"":""202606212055"",""NWS_UGC"":null,""PHENOM"":""TO"",""POLY_BEG"":""202606212055"",""POLY_END"":""202606212127"",""PROD_ID"":""202606212055-KILX-WFUS53-TORILX"",""SIG"":""W"",""STATUS"":""NEW"",""TORNTAG"":""RADAR INDICATED"",""UPDATED"":""202606212055"",""VTEC_YR"":""2026"",""WFO"":""ILX"",""WINDTAG"":null},""iem_significance"":""W"",""iem_tornadotag"":""RADAR INDICATED"",""iem_ugc"":"""",""iem_wfo"":""ILX"",""iem_windtag"":"""",""senderName"":""ILX"",""status"":""NEW""}","{""geometry"":{""coordinates"":[[[-88.7,38.88],[-88.36,38.95],[-88.36,38.8],[-88.7,38.8],[-88.7,38.88]]],""type"":""Polygon""},""properties"":{""_map_py"":{""effective"":""2026-06-21T20:55:00Z"",""event"":""Tornado Warning"",""expires"":""2026-06-21T21:27:00Z"",""has_polygon"":true,""headline"":"""",""sender"":""ILX""},""effective"":""2026-06-21T20:55:00Z"",""event"":""Tornado Warning"",""expires"":""2026-06-21T21:27:00Z"",""headline"":"""",""iem_damagetag"":"""",""iem_emergency"":""False"",""iem_event_id"":""119"",""iem_forecaster"":""Erwin"",""iem_gtype"":""P"",""iem_hailtag"":""0.75"",""iem_phenomena"":""TO"",""iem_raw_properties"":{""AREA_KM2"":""376.48937512952995"",""DAMAGTAG"":null,""EMERGENC"":""False"",""ETN"":""119"",""EXPIRED"":""202606212127"",""FCSTER"":""Erwin"",""GTYPE"":""P"",""HAILTAG"":""0.75"",""HV_CAUSE"":null,""HV_NWSLI"":null,""HV_REC"":null,""HV_SEV"":null,""INIT_EXP"":""202606212145"",""INIT_ISS"":""202606212055"",""ISSUED"":""202606212055"",""NWS_UGC"":null,""PHENOM"":""TO"",""POLY_BEG"":""202606212055"",""POLY_END"":""202606212127"",""PROD_ID"":""202606212055-KILX-WFUS53-TORILX"",""SIG"":""W"",""STATUS"":""NEW"",""TORNTAG"":""RADAR INDICATED"",""UPDATED"":""202606212055"",""VTEC_YR"":""2026"",""WFO"":""ILX"",""WINDTAG"":null},""iem_significance"":""W"",""iem_tornadotag"":""RADAR INDICATED"",""iem_ugc"":"""",""iem_wfo"":""ILX"",""iem_windtag"":"""",""senderName"":""ILX"",""status"":""NEW""},""type"":""Feature""}",2026-04-27T17:31:58Z,2026-07-09T05:15:02Z,2026-07-09T18:49:04Z
5813,iem_watchwarn,iem_watchwarn|CYS|108|SV|W|2026-06-21T20:58:00Z|2026-06-21T21:30:00Z|,Severe Thunderstorm Warning,,2026-06-21T20:58:00Z,2026-06-21T21:30:00Z,CYS,NEW,1,"{""coordinates"":[[[-102.78,42.54],[-103.09,42.73],[-102.94,42.93],[-102.79,42.93],[-102.79,42.79],[-102.77,42.78],[-102.78,42.54]]],""type"":""Polygon""}","{""_map_py"":{""effective"":""2026-06-21T20:58:00Z"",""event"":""Severe Thunderstorm Warning"",""expires"":""2026-06-21T21:30:00Z"",""has_polygon"":true,""headline"":"""",""sender"":""CYS""},""effective"":""2026-06-21T20:58:00Z"",""event"":""Severe Thunderstorm Warning"",""expires"":""2026-06-21T21:30:00Z"",""headline"":"""",""iem_damagetag"":"""",""iem_emergency"":""False"",""iem_event_id"":""108"",""iem_forecaster"":""Vasquez"",""iem_gtype"":""P"",""iem_hailtag"":""1.0"",""iem_phenomena"":""SV"",""iem_raw_properties"":{""AREA_KM2"":""691.8917657752282"",""DAMAGTAG"":null,""EMERGENC"":""False"",""ETN"":""108"",""EXPIRED"":""202606212130"",""FCSTER"":""Vasquez"",""GTYPE"":""P"",""HAILTAG"":""1.0"",""HV_CAUSE"":null,""HV_NWSLI"":null,""HV_REC"":null,""HV_SEV"":null,""INIT_EXP"":""202606212130"",""INIT_ISS"":""202606212058"",""ISSUED"":""202606212058"",""NWS_UGC"":null,""PHENOM"":""SV"",""POLY_BEG"":""202606212058"",""POLY_END"":""202606212110"",""PROD_ID"":""202606212058-KCYS-WUUS55-SVRCYS"",""SIG"":""W"",""STATUS"":""NEW"",""TORNTAG"":null,""UPDATED"":""202606212058"",""VTEC_YR"":""2026"",""WFO"":""CYS"",""WINDTAG"":""60.0""},""iem_significance"":""W"",""iem_tornadotag"":"""",""iem_ugc"":"""",""iem_wfo"":""CYS"",""iem_windtag"":""60.0"",""senderName"":""CYS"",""status"":""NEW""}","{""geometry"":{""coordinates"":[[[-102.78,42.54],[-103.09,42.73],[-102.94,42.93],[-102.79,42.93],[-102.79,42.79],[-102.77,42.78],[-102.78,42.54]]],""type"":""Polygon""},""properties"":{""_map_py"":{""effective"":""2026-06-21T20:58:00Z"",""event"":""Severe Thunderstorm Warning"",""expires"":""2026-06-21T21:30:00Z"",""has_polygon"":true,""headline"":"""",""sender"":""CYS""},""effective"":""2026-06-21T20:58:00Z"",""event"":""Severe Thunderstorm Warning"",""expires"":""2026-06-21T21:30:00Z"",""headline"":"""",""iem_damagetag"":"""",""iem_emergency"":""False"",""iem_event_id"":""108"",""iem_forecaster"":""Vasquez"",""iem_gtype"":""P"",""iem_hailtag"":""1.0"",""iem_phenomena"":""SV"",""iem_raw_properties"":{""AREA_KM2"":""691.8917657752282"",""DAMAGTAG"":null,""EMERGENC"":""False"",""ETN"":""108"",""EXPIRED"":""202606212130"",""FCSTER"":""Vasquez"",""GTYPE"":""P"",""HAILTAG"":""1.0"",""HV_CAUSE"":null,""HV_NWSLI"":null,""HV_REC"":null,""HV_SEV"":null,""INIT_EXP"":""202606212130"",""INIT_ISS"":""202606212058"",""ISSUED"":""202606212058"",""NWS_UGC"":null,""PHENOM"":""SV"",""POLY_BEG"":""202606212058"",""POLY_END"":""202606212110"",""PROD_ID"":""202606212058-KCYS-WUUS55-SVRCYS"",""SIG"":""W"",""STATUS"":""NEW"",""TORNTAG"":null,""UPDATED"":""202606212058"",""VTEC_YR"":""2026"",""WFO"":""CYS"",""WINDTAG"":""60.0""},""iem_significance"":""W"",""iem_tornadotag"":"""",""iem_ugc"":"""",""iem_wfo"":""CYS"",""iem_windtag"":""60.0"",""senderName"":""CYS"",""status"":""NEW""},""type"":""Feature""}",2026-04-27T17:31:58Z,2026-07-09T05:15:02Z,2026-07-09T18:49:04Z
320,iem_watchwarn,iem_watchwarn|ILX|120|TO|W|2026-06-21T20:59:00Z|2026-06-21T21:45:00Z|,Tornado Warning,,2026-06-21T20:59:00Z,2026-06-21T21:45:00Z,ILX,NEW,1,"{""coordinates"":[[[-88.32,39.28],[-88.33,39.33],[-87.96,39.53],[-87.96,39.34],[-88.32,39.28]]],""type"":""Polygon""}","{""_map_py"":{""effective"":""2026-06-21T20:59:00Z"",""event"":""Tornado Warning"",""expires"":""2026-06-21T21:45:00Z"",""has_polygon"":true,""headline"":"""",""sender"":""ILX""},""effective"":""2026-06-21T20:59:00Z"",""event"":""Tornado Warning"",""expires"":""2026-06-21T21:45:00Z"",""headline"":"""",""iem_damagetag"":"""",""iem_emergency"":""False"",""iem_event_id"":""120"",""iem_forecaster"":""Erwin"",""iem_gtype"":""P"",""iem_hailtag"":""0.75"",""iem_phenomena"":""TO"",""iem_raw_properties"":{""AREA_KM2"":""425.1639569799961"",""DAMAGTAG"":null,""EMERGENC"":""False"",""ETN"":""120"",""EXPIRED"":""202606212145"",""FCSTER"":""Erwin"",""GTYPE"":""P"",""HAILTAG"":""0.75"",""HV_CAUSE"":null,""HV_NWSLI"":null,""HV_REC"":null,""HV_SEV"":null,""INIT_EXP"":""202606212145"",""INIT_ISS"":""202606212059"",""ISSUED"":""202606212059"",""NWS_UGC"":null,""PHENOM"":""TO"",""POLY_BEG"":""202606212059"",""POLY_END"":""202606212115"",""PROD_ID"":""202606212059-KILX-WFUS53-TORILX"",""SIG"":""W"",""STATUS"":""NEW"",""TORNTAG"":""RADAR INDICATED"",""UPDATED"":""202606212059"",""VTEC_YR"":""2026"",""WFO"":""ILX"",""WINDTAG"":null},""iem_significance"":""W"",""iem_tornadotag"":""RADAR INDICATED"",""iem_ugc"":"""",""iem_wfo"":""ILX"",""iem_windtag"":"""",""senderName"":""ILX"",""status"":""NEW""}","{""geometry"":{""coordinates"":[[[-88.32,39.28],[-88.33,39.33],[-87.96,39.53],[-87.96,39.34],[-88.32,39.28]]],""type"":""Polygon""},""properties"":{""_map_py"":{""effective"":""2026-06-21T20:59:00Z"",""event"":""Tornado Warning"",""expires"":""2026-06-21T21:45:00Z"",""has_polygon"":true,""headline"":"""",""sender"":""ILX""},""effective"":""2026-06-21T20:59:00Z"",""event"":""Tornado Warning"",""expires"":""2026-06-21T21:45:00Z"",""headline"":"""",""iem_damagetag"":"""",""iem_emergency"":""False"",""iem_event_id"":""120"",""iem_forecaster"":""Erwin"",""iem_gtype"":""P"",""iem_hailtag"":""0.75"",""iem_phenomena"":""TO"",""iem_raw_properties"":{""AREA_KM2"":""425.1639569799961"",""DAMAGTAG"":null,""EMERGENC"":""False"",""ETN"":""120"",""EXPIRED"":""202606212145"",""FCSTER"":""Erwin"",""GTYPE"":""P"",""HAILTAG"":""0.75"",""HV_CAUSE"":null,""HV_NWSLI"":null,""HV_REC"":null,""HV_SEV"":null,""INIT_EXP"":""202606212145"",""INIT_ISS"":""202606212059"",""ISSUED"":""202606212059"",""NWS_UGC"":null,""PHENOM"":""TO"",""POLY_BEG"":""202606212059"",""POLY_END"":""202606212115"",""PROD_ID"":""202606212059-KILX-WFUS53-TORILX"",""SIG"":""W"",""STATUS"":""NEW"",""TORNTAG"":""RADAR INDICATED"",""UPDATED"":""202606212059"",""VTEC_YR"":""2026"",""WFO"":""ILX"",""WINDTAG"":null},""iem_significance"":""W"",""iem_tornadotag"":""RADAR INDICATED"",""iem_ugc"":"""",""iem_wfo"":""ILX"",""iem_windtag"":"""",""senderName"":""ILX"",""status"":""NEW""},""type"":""Feature""}",2026-04-27T17:31:58Z,2026-07-09T05:15:02Z,2026-07-09T18:49:04Z
5955,iem_watchwarn,iem_watchwarn|LBF|110|SV|W|2026-06-21T21:02:00Z|2026-06-21T21:45:00Z|,Severe Thunderstorm Warning,,2026-06-21T21:02:00Z,2026-06-21T21:45:00Z,LBF,NEW,1,"{""coordinates"":[[[-102.26,42.66],[-102.59,42.34],[-102.78,42.51],[-102.77,42.78],[-102.79,42.79],[-102.79,42.88],[-102.26,42.66]]],""type"":""Polygon""}","{""_map_py"":{""effective"":""2026-06-21T21:02:00Z"",""event"":""Severe Thunderstorm Warning"",""expires"":""2026-06-21T21:45:00Z"",""has_polygon"":true,""headline"":"""",""sender"":""LBF""},""effective"":""2026-06-21T21:02:00Z"",""event"":""Severe Thunderstorm Warning"",""expires"":""2026-06-21T21:45:00Z"",""headline"":"""",""iem_damagetag"":"""",""iem_emergency"":""False"",""iem_event_id"":""110"",""iem_forecaster"":""Gomez"",""iem_gtype"":""P"",""iem_hailtag"":""1.0"",""iem_phenomena"":""SV"",""iem_raw_properties"":{""AREA_KM2"":""1393.4755878010396"",""DAMAGTAG"":null,""EMERGENC"":""False"",""ETN"":""110"",""EXPIRED"":""202606212145"",""FCSTER"":""Gomez"",""GTYPE"":""P"",""HAILTAG"":""1.0"",""HV_CAUSE"":null,""HV_NWSLI"":null,""HV_REC"":null,""HV_SEV"":null,""INIT_EXP"":""202606212145"",""INIT_ISS"":""202606212102"",""ISSUED"":""202606212102"",""NWS_UGC"":null,""PHENOM"":""SV"",""POLY_BEG"":""202606212102"",""POLY_END"":""202606212130"",""PROD_ID"":""202606212102-KLBF-WUUS53-SVRLBF"",""SIG"":""W"",""STATUS"":""NEW"",""TORNTAG"":null,""UPDATED"":""202606212102"",""VTEC_YR"":""2026"",""WFO"":""LBF"",""WINDTAG"":""60.0""},""iem_significance"":""W"",""iem_tornadotag"":"""",""iem_ugc"":"""",""iem_wfo"":""LBF"",""iem_windtag"":""60.0"",""senderName"":""LBF"",""status"":""NEW""}","{""geometry"":{""coordinates"":[[[-102.26,42.66],[-102.59,42.34],[-102.78,42.51],[-102.77,42.78],[-102.79,42.79],[-102.79,42.88],[-102.26,42.66]]],""type"":""Polygon""},""properties"":{""_map_py"":{""effective"":""2026-06-21T21:02:00Z"",""event"":""Severe Thunderstorm Warning"",""expires"":""2026-06-21T21:45:00Z"",""has_polygon"":true,""headline"":"""",""sender"":""LBF""},""effective"":""2026-06-21T21:02:00Z"",""event"":""Severe Thunderstorm Warning"",""expires"":""2026-06-21T21:45:00Z"",""headline"":"""",""iem_damagetag"":"""",""iem_emergency"":""False"",""iem_event_id"":""110"",""iem_forecaster"":""Gomez"",""iem_gtype"":""P"",""iem_hailtag"":""1.0"",""iem_phenomena"":""SV"",""iem_raw_properties"":{""AREA_KM2"":""1393.4755878010396"",""DAMAGTAG"":null,""EMERGENC"":""False"",""ETN"":""110"",""EXPIRED"":""202606212145"",""FCSTER"":""Gomez"",""GTYPE"":""P"",""HAILTAG"":""1.0"",""HV_CAUSE"":null,""HV_NWSLI"":null,""HV_REC"":null,""HV_SEV"":null,""INIT_EXP"":""202606212145"",""INIT_ISS"":""202606212102"",""ISSUED"":""202606212102"",""NWS_UGC"":null,""PHENOM"":""SV"",""POLY_BEG"":""202606212102"",""POLY_END"":""202606212130"",""PROD_ID"":""202606212102-KLBF-WUUS53-SVRLBF"",""SIG"":""W"",""STATUS"":""NEW"",""TORNTAG"":null,""UPDATED"":""202606212102"",""VTEC_YR"":""2026"",""WFO"":""LBF"",""WINDTAG"":""60.0""},""iem_significance"":""W"",""iem_tornadotag"":"""",""iem_ugc"":"""",""iem_wfo"":""LBF"",""iem_windtag"":""60.0"",""senderName"":""LBF"",""status"":""NEW""},""type"":""Feature""}",2026-04-27T17:31:58Z,2026-07-09T05:15:02Z,2026-07-09T18:49:04Z
8062,iem_watchwarn,iem_watchwarn|GLD|152|SV|W|2026-06-21T21:03:00Z|2026-06-21T21:45:00Z|,Severe Thunderstorm Warning,,2026-06-21T21:03:00Z,2026-06-21T21:45:00Z,GLD,NEW,1,"{""coordinates"":[[[-101.33,40.09],[-101.39,40.0],[-101.41,40.0],[-101.41,39.98],[-101.53,39.81],[-102.23,39.61],[-102.37,39.96],[-102.0,40.29],[-101.33,40.09]]],""type"":""Polygon""}","{""_map_py"":{""effective"":""2026-06-21T21:03:00Z"",""event"":""Severe Thunderstorm Warning"",""expires"":""2026-06-21T21:45:00Z"",""has_polygon"":true,""headline"":"""",""sender"":""GLD""},""effective"":""2026-06-21T21:03:00Z"",""event"":""Severe Thunderstorm Warning"",""expires"":""2026-06-21T21:45:00Z"",""headline"":"""",""iem_damagetag"":""CONSIDERABLE"",""iem_emergency"":""False"",""iem_event_id"":""152"",""iem_forecaster"":""Alexander"",""iem_gtype"":""P"",""iem_hailtag"":""1.75"",""iem_phenomena"":""SV"",""iem_raw_properties"":{""AREA_KM2"":""3948.1901202356153"",""DAMAGTAG"":""CONSIDERABLE"",""EMERGENC"":""False"",""ETN"":""152"",""EXPIRED"":""202606212145"",""FCSTER"":""Alexander"",""GTYPE"":""P"",""HAILTAG"":""1.75"",""HV_CAUSE"":null,""HV_NWSLI"":null,""HV_REC"":null,""HV_SEV"":null,""INIT_EXP"":""202606212145"",""INIT_ISS"":""202606212103"",""ISSUED"":""202606212103"",""NWS_UGC"":null,""PHENOM"":""SV"",""POLY_BEG"":""202606212103"",""POLY_END"":""202606212130"",""PROD_ID"":""202606212103-KGLD-WUUS53-SVRGLD"",""SIG"":""W"",""STATUS"":""NEW"",""TORNTAG"":null,""UPDATED"":""202606212103"",""VTEC_YR"":""2026"",""WFO"":""GLD"",""WINDTAG"":""70.0""},""iem_significance"":""W"",""iem_tornadotag"":"""",""iem_ugc"":"""",""iem_wfo"":""GLD"",""iem_windtag"":""70.0"",""senderName"":""GLD"",""status"":""NEW""}","{""geometry"":{""coordinates"":[[[-101.33,40.09],[-101.39,40.0],[-101.41,40.0],[-101.41,39.98],[-101.53,39.81],[-102.23,39.61],[-102.37,39.96],[-102.0,40.29],[-101.33,40.09]]],""type"":""Polygon""},""properties"":{""_map_py"":{""effective"":""2026-06-21T21:03:00Z"",""event"":""Severe Thunderstorm Warning"",""expires"":""2026-06-21T21:45:00Z"",""has_polygon"":true,""headline"":"""",""sender"":""GLD""},""effective"":""2026-06-21T21:03:00Z"",""event"":""Severe Thunderstorm Warning"",""expires"":""2026-06-21T21:45:00Z"",""headline"":"""",""iem_damagetag"":""CONSIDERABLE"",""iem_emergency"":""False"",""iem_event_id"":""152"",""iem_forecaster"":""Alexander"",""iem_gtype"":""P"",""iem_hailtag"":""1.75"",""iem_phenomena"":""SV"",""iem_raw_properties"":{""AREA_KM2"":""3948.1901202356153"",""DAMAGTAG"":""CONSIDERABLE"",""EMERGENC"":""False"",""ETN"":""152"",""EXPIRED"":""202606212145"",""FCSTER"":""Alexander"",""GTYPE"":""P"",""HAILTAG"":""1.75"",""HV_CAUSE"":null,""HV_NWSLI"":null,""HV_REC"":null,""HV_SEV"":null,""INIT_EXP"":""202606212145"",""INIT_ISS"":""202606212103"",""ISSUED"":""202606212103"",""NWS_UGC"":null,""PHENOM"":""SV"",""POLY_BEG"":""202606212103"",""POLY_END"":""202606212130"",""PROD_ID"":""202606212103-KGLD-WUUS53-SVRGLD"",""SIG"":""W"",""STATUS"":""NEW"",""TORNTAG"":null,""UPDATED"":""202606212103"",""VTEC_YR"":""2026"",""WFO"":""GLD"",""WINDTAG"":""70.0""},""iem_significance"":""W"",""iem_tornadotag"":"""",""iem_ugc"":"""",""iem_wfo"":""GLD"",""iem_windtag"":""70.0"",""senderName"":""GLD"",""status"":""NEW""},""type"":""Feature""}",2026-04-27T17:31:58Z,2026-07-09T05:15:02Z,2026-07-09T18:49:04Z
2828,iem_watchwarn,iem_watchwarn|LBF|111|SV|W|2026-06-21T21:08:00Z|2026-06-21T22:00:00Z|,Severe Thunderstorm Warning,,2026-06-21T21:08:00Z,2026-06-21T22:00:00Z,LBF,NEW,1,"{""coordinates"":[[[-100.7,40.9],[-101.49,40.84],[-101.61,41.18],[-101.14,41.24],[-100.7,40.9]]],""type"":""Polygon""}","{""_map_py"":{""effective"":""2026-06-21T21:08:00Z"",""event"":""Severe Thunderstorm Warning"",""expires"":""2026-06-21T22:00:00Z"",""has_polygon"":true,""headline"":"""",""sender"":""LBF""},""effective"":""2026-06-21T21:08:00Z"",""event"":""Severe Thunderstorm Warning"",""expires"":""2026-06-21T22:00:00Z"",""headline"":"""",""iem_damagetag"":"""",""iem_emergency"":""False"",""iem_event_id"":""111"",""iem_forecaster"":""Brown"",""iem_gtype"":""P"",""iem_hailtag"":""1.0"",""iem_phenomena"":""SV"",""iem_raw_properties"":{""AREA_KM2"":""2153.309727807351"",""DAMAGTAG"":null,""EMERGENC"":""False"",""ETN"":""111"",""EXPIRED"":""202606212200"",""FCSTER"":""Brown"",""GTYPE"":""P"",""HAILTAG"":""1.0"",""HV_CAUSE"":null,""HV_NWSLI"":null,""HV_REC"":null,""HV_SEV"":null,""INIT_EXP"":""202606212200"",""INIT_ISS"":""202606212108"",""ISSUED"":""202606212108"",""NWS_UGC"":null,""PHENOM"":""SV"",""POLY_BEG"":""202606212108"",""POLY_END"":""202606212118"",""PROD_ID"":""202606212108-KLBF-WUUS53-SVRLBF"",""SIG"":""W"",""STATUS"":""NEW"",""TORNTAG"":null,""UPDATED"":""202606212108"",""VTEC_YR"":""2026"",""WFO"":""LBF"",""WINDTAG"":""60.0""},""iem_significance"":""W"",""iem_tornadotag"":"""",""iem_ugc"":"""",""iem_wfo"":""LBF"",""iem_windtag"":""60.0"",""senderName"":""LBF"",""status"":""NEW""}","{""geometry"":{""coordinates"":[[[-100.7,40.9],[-101.49,40.84],[-101.61,41.18],[-101.14,41.24],[-100.7,40.9]]],""type"":""Polygon""},""properties"":{""_map_py"":{""effective"":""2026-06-21T21:08:00Z"",""event"":""Severe Thunderstorm Warning"",""expires"":""2026-06-21T22:00:00Z"",""has_polygon"":true,""headline"":"""",""sender"":""LBF""},""effective"":""2026-06-21T21:08:00Z"",""event"":""Severe Thunderstorm Warning"",""expires"":""2026-06-21T22:00:00Z"",""headline"":"""",""iem_damagetag"":"""",""iem_emergency"":""False"",""iem_event_id"":""111"",""iem_forecaster"":""Brown"",""iem_gtype"":""P"",""iem_hailtag"":""1.0"",""iem_phenomena"":""SV"",""iem_raw_properties"":{""AREA_KM2"":""2153.309727807351"",""DAMAGTAG"":null,""EMERGENC"":""False"",""ETN"":""111"",""EXPIRED"":""202606212200"",""FCSTER"":""Brown"",""GTYPE"":""P"",""HAILTAG"":""1.0"",""HV_CAUSE"":null,""HV_NWSLI"":null,""HV_REC"":null,""HV_SEV"":null,""INIT_EXP"":""202606212200"",""INIT_ISS"":""202606212108"",""ISSUED"":""202606212108"",""NWS_UGC"":null,""PHENOM"":""SV"",""POLY_BEG"":""202606212108"",""POLY_END"":""202606212118"",""PROD_ID"":""202606212108-KLBF-WUUS53-SVRLBF"",""SIG"":""W"",""STATUS"":""NEW"",""TORNTAG"":null,""UPDATED"":""202606212108"",""VTEC_YR"":""2026"",""WFO"":""LBF"",""WINDTAG"":""60.0""},""iem_significance"":""W"",""iem_tornadotag"":"""",""iem_ugc"":"""",""iem_wfo"":""LBF"",""iem_windtag"":""60.0"",""senderName"":""LBF"",""status"":""NEW""},""type"":""Feature""}",2026-04-27T17:31:58Z,2026-07-09T05:15:02Z,2026-07-09T18:49:04Z
5215,iem_watchwarn,iem_watchwarn|GLD|153|SV|W|2026-06-21T21:09:00Z|2026-06-21T21:41:00Z|,Severe Thunderstorm Warning,,2026-06-21T21:09:00Z,2026-06-21T21:41:00Z,GLD,NEW,1,"{""coordinates"":[[[-101.43,40.11],[-101.17,40.24],[-101.14,40.2],[-100.9,39.92],[-101.37,39.83],[-101.43,40.11]]],""type"":""Polygon""}","{""_map_py"":{""effective"":""2026-06-21T21:09:00Z"",""event"":""Severe Thunderstorm Warning"",""expires"":""2026-06-21T21:41:00Z"",""has_polygon"":true,""headline"":"""",""sender"":""GLD""},""effective"":""2026-06-21T21:09:00Z"",""event"":""Severe Thunderstorm Warning"",""expires"":""2026-06-21T21:41:00Z"",""headline"":"""",""iem_damagetag"":""DESTRUCTIVE"",""iem_emergency"":""False"",""iem_event_id"":""153"",""iem_forecaster"":""JRM"",""iem_gtype"":""P"",""iem_hailtag"":""2.75"",""iem_phenomena"":""SV"",""iem_raw_properties"":{""AREA_KM2"":""1202.8789724645349"",""DAMAGTAG"":""DESTRUCTIVE"",""EMERGENC"":""False"",""ETN"":""153"",""EXPIRED"":""202606212141"",""FCSTER"":""JRM"",""GTYPE"":""P"",""HAILTAG"":""2.75"",""HV_CAUSE"":null,""HV_NWSLI"":null,""HV_REC"":null,""HV_SEV"":null,""INIT_EXP"":""202606212200"",""INIT_ISS"":""202606212109"",""ISSUED"":""202606212109"",""NWS_UGC"":null,""PHENOM"":""SV"",""POLY_BEG"":""202606212109"",""POLY_END"":""202606212122"",""PROD_ID"":""202606212109-KGLD-WUUS53-SVRGLD"",""SIG"":""W"",""STATUS"":""NEW"",""TORNTAG"":null,""UPDATED"":""202606212109"",""VTEC_YR"":""2026"",""WFO"":""GLD"",""WINDTAG"":""80.0""},""iem_significance"":""W"",""iem_tornadotag"":"""",""iem_ugc"":"""",""iem_wfo"":""GLD"",""iem_windtag"":""80.0"",""senderName"":""GLD"",""status"":""NEW""}","{""geometry"":{""coordinates"":[[[-101.43,40.11],[-101.17,40.24],[-101.14,40.2],[-100.9,39.92],[-101.37,39.83],[-101.43,40.11]]],""type"":""Polygon""},""properties"":{""_map_py"":{""effective"":""2026-06-21T21:09:00Z"",""event"":""Severe Thunderstorm Warning"",""expires"":""2026-06-21T21:41:00Z"",""has_polygon"":true,""headline"":"""",""sender"":""GLD""},""effective"":""2026-06-21T21:09:00Z"",""event"":""Severe Thunderstorm Warning"",""expires"":""2026-06-21T21:41:00Z"",""headline"":"""",""iem_damagetag"":""DESTRUCTIVE"",""iem_emergency"":""False"",""iem_event_id"":""153"",""iem_forecaster"":""JRM"",""iem_gtype"":""P"",""iem_hailtag"":""2.75"",""iem_phenomena"":""SV"",""iem_raw_properties"":{""AREA_KM2"":""1202.8789724645349"",""DAMAGTAG"":""DESTRUCTIVE"",""EMERGENC"":""False"",""ETN"":""153"",""EXPIRED"":""202606212141"",""FCSTER"":""JRM"",""GTYPE"":""P"",""HAILTAG"":""2.75"",""HV_CAUSE"":null,""HV_NWSLI"":null,""HV_REC"":null,""HV_SEV"":null,""INIT_EXP"":""202606212200"",""INIT_ISS"":""202606212109"",""ISSUED"":""202606212109"",""NWS_UGC"":null,""PHENOM"":""SV"",""POLY_BEG"":""202606212109"",""POLY_END"":""202606212122"",""PROD_ID"":""202606212109-KGLD-WUUS53-SVRGLD"",""SIG"":""W"",""STATUS"":""NEW"",""TORNTAG"":null,""UPDATED"":""202606212109"",""VTEC_YR"":""2026"",""WFO"":""GLD"",""WINDTAG"":""80.0""},""iem_significance"":""W"",""iem_tornadotag"":"""",""iem_ugc"":"""",""iem_wfo"":""GLD"",""iem_windtag"":""80.0"",""senderName"":""GLD"",""status"":""NEW""},""type"":""Feature""}",2026-04-27T17:31:58Z,2026-07-09T05:15:02Z,2026-07-09T18:49:04Z
4701,iem_watchwarn,iem_watchwarn|ILX|121|TO|W|2026-06-21T21:10:00Z|2026-06-21T21:27:00Z|,Tornado Warning,,2026-06-21T21:10:00Z,2026-06-21T21:27:00Z,ILX,NEW,1,"{""coordinates"":[[[-88.56,38.92],[-88.37,39.03],[-88.36,39.02],[-88.36,38.89],[-88.55,38.89],[-88.56,38.92]]],""type"":""Polygon""}","{""_map_py"":{""effective"":""2026-06-21T21:10:00Z"",""event"":""Tornado Warning"",""expires"":""2026-06-21T21:27:00Z"",""has_polygon"":true,""headline"":"""",""sender"":""ILX""},""effective"":""2026-06-21T21:10:00Z"",""event"":""Tornado Warning"",""expires"":""2026-06-21T21:27:00Z"",""headline"":"""",""iem_damagetag"":"""",""iem_emergency"":""False"",""iem_event_id"":""121"",""iem_forecaster"":""Erwin"",""iem_gtype"":""P"",""iem_hailtag"":""0.75"",""iem_phenomena"":""TO"",""iem_raw_properties"":{""AREA_KM2"":""166.9089896264895"",""DAMAGTAG"":null,""EMERGENC"":""False"",""ETN"":""121"",""EXPIRED"":""202606212127"",""FCSTER"":""Erwin"",""GTYPE"":""P"",""HAILTAG"":""0.75"",""HV_CAUSE"":null,""HV_NWSLI"":null,""HV_REC"":null,""HV_SEV"":null,""INIT_EXP"":""202606212145"",""INIT_ISS"":""202606212110"",""ISSUED"":""202606212110"",""NWS_UGC"":null,""PHENOM"":""TO"",""POLY_BEG"":""202606212110"",""POLY_END"":""202606212127"",""PROD_ID"":""202606212110-KILX-WFUS53-TORILX"",""SIG"":""W"",""STATUS"":""NEW"",""TORNTAG"":""RADAR INDICATED"",""UPDATED"":""202606212110"",""VTEC_YR"":""2026"",""WFO"":""ILX"",""WINDTAG"":null},""iem_significance"":""W"",""iem_tornadotag"":""RADAR INDICATED"",""iem_ugc"":"""",""iem_wfo"":""ILX"",""iem_windtag"":"""",""senderName"":""ILX"",""status"":""NEW""}","{""geometry"":{""coordinates"":[[[-88.56,38.92],[-88.37,39.03],[-88.36,39.02],[-88.36,38.89],[-88.55,38.89],[-88.56,38.92]]],""type"":""Polygon""},""properties"":{""_map_py"":{""effective"":""2026-06-21T21:10:00Z"",""event"":""Tornado Warning"",""expires"":""2026-06-21T21:27:00Z"",""has_polygon"":true,""headline"":"""",""sender"":""ILX""},""effective"":""2026-06-21T21:10:00Z"",""event"":""Tornado Warning"",""expires"":""2026-06-21T21:27:00Z"",""headline"":"""",""iem_damagetag"":"""",""iem_emergency"":""False"",""iem_event_id"":""121"",""iem_forecaster"":""Erwin"",""iem_gtype"":""P"",""iem_hailtag"":""0.75"",""iem_phenomena"":""TO"",""iem_raw_properties"":{""AREA_KM2"":""166.9089896264895"",""DAMAGTAG"":null,""EMERGENC"":""False"",""ETN"":""121"",""EXPIRED"":""202606212127"",""FCSTER"":""Erwin"",""GTYPE"":""P"",""HAILTAG"":""0.75"",""HV_CAUSE"":null,""HV_NWSLI"":null,""HV_REC"":null,""HV_SEV"":null,""INIT_EXP"":""202606212145"",""INIT_ISS"":""202606212110"",""ISSUED"":""202606212110"",""NWS_UGC"":null,""PHENOM"":""TO"",""POLY_BEG"":""202606212110"",""POLY_END"":""202606212127"",""PROD_ID"":""202606212110-KILX-WFUS53-TORILX"",""SIG"":""W"",""STATUS"":""NEW"",""TORNTAG"":""RADAR INDICATED"",""UPDATED"":""202606212110"",""VTEC_YR"":""2026"",""WFO"":""ILX"",""WINDTAG"":null},""iem_significance"":""W"",""iem_tornadotag"":""RADAR INDICATED"",""iem_ugc"":"""",""iem_wfo"":""ILX"",""iem_windtag"":"""",""senderName"":""ILX"",""status"":""NEW""},""type"":""Feature""}",2026-04-27T17:31:58Z,2026-07-09T05:15:02Z,2026-07-09T18:49:04Z
10708,iem_watchwarn,iem_watchwarn|ILX|122|TO|W|2026-06-21T21:23:00Z|2026-06-21T22:06:00Z|,Tornado Warning,,2026-06-21T21:23:00Z,2026-06-21T22:06:00Z,ILX,NEW,1,"{""coordinates"":[[[-87.58,39.04],[-88.05,38.96],[-88.1,39.07],[-87.58,39.34],[-87.62,39.31],[-87.6,39.3],[-87.61,39.28],[-87.59,39.25],[-87.57,39.25],[-87.57,39.22],[-87.66,39.14],[-87.63,39.12],[-87.65,39.11],[-87.62,39.1],[-87.62,39.09],[-87.57,39.06],[-87.58,39.04]]],""type"":""Polygon""}","{""_map_py"":{""effective"":""2026-06-21T21:23:00Z"",""event"":""Tornado Warning"",""expires"":""2026-06-21T22:06:00Z"",""has_polygon"":true,""headline"":"""",""sender"":""ILX""},""effective"":""2026-06-21T21:23:00Z"",""event"":""Tornado Warning"",""expires"":""2026-06-21T22:06:00Z"",""headline"":"""",""iem_damagetag"":"""",""iem_emergency"":""False"",""iem_event_id"":""122"",""iem_forecaster"":""Erwin"",""iem_gtype"":""P"",""iem_hailtag"":""0.75"",""iem_phenomena"":""TO"",""iem_raw_properties"":{""AREA_KM2"":""942.776879941075"",""DAMAGTAG"":null,""EMERGENC"":""False"",""ETN"":""122"",""EXPIRED"":""202606212206"",""FCSTER"":""Erwin"",""GTYPE"":""P"",""HAILTAG"":""0.75"",""HV_CAUSE"":null,""HV_NWSLI"":null,""HV_REC"":null,""HV_SEV"":null,""INIT_EXP"":""202606212230"",""INIT_ISS"":""202606212123"",""ISSUED"":""202606212123"",""NWS_UGC"":null,""PHENOM"":""TO"",""POLY_BEG"":""202606212123"",""POLY_END"":""202606212134"",""PROD_ID"":""202606212123-KILX-WFUS53-TORILX"",""SIG"":""W"",""STATUS"":""NEW"",""TORNTAG"":""OBSERVED"",""UPDATED"":""202606212123"",""VTEC_YR"":""2026"",""WFO"":""ILX"",""WINDTAG"":null},""iem_significance"":""W"",""iem_tornadotag"":""OBSERVED"",""iem_ugc"":"""",""iem_wfo"":""ILX"",""iem_windtag"":"""",""senderName"":""ILX"",""status"":""NEW""}","{""geometry"":{""coordinates"":[[[-87.58,39.04],[-88.05,38.96],[-88.1,39.07],[-87.58,39.34],[-87.62,39.31],[-87.6,39.3],[-87.61,39.28],[-87.59,39.25],[-87.57,39.25],[-87.57,39.22],[-87.66,39.14],[-87.63,39.12],[-87.65,39.11],[-87.62,39.1],[-87.62,39.09],[-87.57,39.06],[-87.58,39.04]]],""type"":""Polygon""},""properties"":{""_map_py"":{""effective"":""2026-06-21T21:23:00Z"",""event"":""Tornado Warning"",""expires"":""2026-06-21T22:06:00Z"",""has_polygon"":true,""headline"":"""",""sender"":""ILX""},""effective"":""2026-06-21T21:23:00Z"",""event"":""Tornado Warning"",""expires"":""2026-06-21T22:06:00Z"",""headline"":"""",""iem_damagetag"":"""",""iem_emergency"":""False"",""iem_event_id"":""122"",""iem_forecaster"":""Erwin"",""iem_gtype"":""P"",""iem_hailtag"":""0.75"",""iem_phenomena"":""TO"",""iem_raw_properties"":{""AREA_KM2"":""942.776879941075"",""DAMAGTAG"":null,""EMERGENC"":""False"",""ETN"":""122"",""EXPIRED"":""202606212206"",""FCSTER"":""Erwin"",""GTYPE"":""P"",""HAILTAG"":""0.75"",""HV_CAUSE"":null,""HV_NWSLI"":null,""HV_REC"":null,""HV_SEV"":null,""INIT_EXP"":""202606212230"",""INIT_ISS"":""202606212123"",""ISSUED"":""202606212123"",""NWS_UGC"":null,""PHENOM"":""TO"",""POLY_BEG"":""202606212123"",""POLY_END"":""202606212134"",""PROD_ID"":""202606212123-KILX-WFUS53-TORILX"",""SIG"":""W"",""STATUS"":""NEW"",""TORNTAG"":""OBSERVED"",""UPDATED"":""202606212123"",""VTEC_YR"":""2026"",""WFO"":""ILX"",""WINDTAG"":null},""iem_significance"":""W"",""iem_tornadotag"":""OBSERVED"",""iem_ugc"":"""",""iem_wfo"":""ILX"",""iem_windtag"":"""",""senderName"":""ILX"",""status"":""NEW""},""type"":""Feature""}",2026-04-27T17:31:58Z,2026-07-09T05:15:02Z,2026-07-09T18:49:04Z
7292,iem_watchwarn,iem_watchwarn|GLD|154|SV|W|2026-06-21T21:26:00Z|2026-06-21T22:15:00Z|,Severe Thunderstorm Warning,,2026-06-21T21:26:00Z,2026-06-21T22:15:00Z,GLD,NEW,1,"{""coordinates"":[[[-101.4,40.0],[-101.31,39.57],[-101.39,39.57],[-101.39,39.36],[-101.87,39.13],[-102.05,39.13],[-102.32,39.71],[-101.4,40.0]]],""type"":""Polygon""}","{""_map_py"":{""effective"":""2026-06-21T21:26:00Z"",""event"":""Severe Thunderstorm Warning"",""expires"":""2026-06-21T22:15:00Z"",""has_polygon"":true,""headline"":"""",""sender"":""GLD""},""effective"":""2026-06-21T21:26:00Z"",""event"":""Severe Thunderstorm Warning"",""expires"":""2026-06-21T22:15:00Z"",""headline"":"""",""iem_damagetag"":""CONSIDERABLE"",""iem_emergency"":""False"",""iem_event_id"":""154"",""iem_forecaster"":""Alexander"",""iem_gtype"":""P"",""iem_hailtag"":""1.5"",""iem_phenomena"":""SV"",""iem_raw_properties"":{""AREA_KM2"":""5316.100680187713"",""DAMAGTAG"":""CONSIDERABLE"",""EMERGENC"":""False"",""ETN"":""154"",""EXPIRED"":""202606212215"",""FCSTER"":""Alexander"",""GTYPE"":""P"",""HAILTAG"":""1.5"",""HV_CAUSE"":null,""HV_NWSLI"":null,""HV_REC"":null,""HV_SEV"":null,""INIT_EXP"":""202606212215"",""INIT_ISS"":""202606212126"",""ISSUED"":""202606212126"",""NWS_UGC"":null,""PHENOM"":""SV"",""POLY_BEG"":""202606212126"",""POLY_END"":""202606212146"",""PROD_ID"":""202606212126-KGLD-WUUS53-SVRGLD"",""SIG"":""W"",""STATUS"":""NEW"",""TORNTAG"":null,""UPDATED"":""202606212126"",""VTEC_YR"":""2026"",""WFO"":""GLD"",""WINDTAG"":""70.0""},""iem_significance"":""W"",""iem_tornadotag"":"""",""iem_ugc"":"""",""iem_wfo"":""GLD"",""iem_windtag"":""70.0"",""senderName"":""GLD"",""status"":""NEW""}","{""geometry"":{""coordinates"":[[[-101.4,40.0],[-101.31,39.57],[-101.39,39.57],[-101.39,39.36],[-101.87,39.13],[-102.05,39.13],[-102.32,39.71],[-101.4,40.0]]],""type"":""Polygon""},""properties"":{""_map_py"":{""effective"":""2026-06-21T21:26:00Z"",""event"":""Severe Thunderstorm Warning"",""expires"":""2026-06-21T22:15:00Z"",""has_polygon"":true,""headline"":"""",""sender"":""GLD""},""effective"":""2026-06-21T21:26:00Z"",""event"":""Severe Thunderstorm Warning"",""expires"":""2026-06-21T22:15:00Z"",""headline"":"""",""iem_damagetag"":""CONSIDERABLE"",""iem_emergency"":""False"",""iem_event_id"":""154"",""iem_forecaster"":""Alexander"",""iem_gtype"":""P"",""iem_hailtag"":""1.5"",""iem_phenomena"":""SV"",""iem_raw_properties"":{""AREA_KM2"":""5316.100680187713"",""DAMAGTAG"":""CONSIDERABLE"",""EMERGENC"":""False"",""ETN"":""154"",""EXPIRED"":""202606212215"",""FCSTER"":""Alexander"",""GTYPE"":""P"",""HAILTAG"":""1.5"",""HV_CAUSE"":null,""HV_NWSLI"":null,""HV_REC"":null,""HV_SEV"":null,""INIT_EXP"":""202606212215"",""INIT_ISS"":""202606212126"",""ISSUED"":""202606212126"",""NWS_UGC"":null,""PHENOM"":""SV"",""POLY_BEG"":""202606212126"",""POLY_END"":""202606212146"",""PROD_ID"":""202606212126-KGLD-WUUS53-SVRGLD"",""SIG"":""W"",""STATUS"":""NEW"",""TORNTAG"":null,""UPDATED"":""202606212126"",""VTEC_YR"":""2026"",""WFO"":""GLD"",""WINDTAG"":""70.0""},""iem_significance"":""W"",""iem_tornadotag"":"""",""iem_ugc"":"""",""iem_wfo"":""GLD"",""iem_windtag"":""70.0"",""senderName"":""GLD"",""status"":""NEW""},""type"":""Feature""}",2026-04-27T17:31:58Z,2026-07-09T05:15:02Z,2026-07-09T18:49:04Z
2773,iem_watchwarn,iem_watchwarn|GLD|155|SV|W|2026-06-21T21:27:00Z|2026-06-21T22:30:00Z|,Severe Thunderstorm Warning,,2026-06-21T21:27:00Z,2026-06-21T22:30:00Z,GLD,NEW,1,"{""coordinates"":[[[-103.04,39.07],[-102.91,39.25],[-102.3,39.03],[-102.76,38.79],[-103.04,39.07]]],""type"":""Polygon""}","{""_map_py"":{""effective"":""2026-06-21T21:27:00Z"",""event"":""Severe Thunderstorm Warning"",""expires"":""2026-06-21T22:30:00Z"",""has_polygon"":true,""headline"":"""",""sender"":""GLD""},""effective"":""2026-06-21T21:27:00Z"",""event"":""Severe Thunderstorm Warning"",""expires"":""2026-06-21T22:30:00Z"",""headline"":"""",""iem_damagetag"":"""",""iem_emergency"":""False"",""iem_event_id"":""155"",""iem_forecaster"":""Alexander"",""iem_gtype"":""P"",""iem_hailtag"":""1.0"",""iem_phenomena"":""SV"",""iem_raw_properties"":{""AREA_KM2"":""1606.4589313583328"",""DAMAGTAG"":null,""EMERGENC"":""False"",""ETN"":""155"",""EXPIRED"":""202606212230"",""FCSTER"":""Alexander"",""GTYPE"":""P"",""HAILTAG"":""1.0"",""HV_CAUSE"":null,""HV_NWSLI"":null,""HV_REC"":null,""HV_SEV"":null,""INIT_EXP"":""202606212230"",""INIT_ISS"":""202606212127"",""ISSUED"":""202606212127"",""NWS_UGC"":null,""PHENOM"":""SV"",""POLY_BEG"":""202606212127"",""POLY_END"":""202606212146"",""PROD_ID"":""202606212127-KGLD-WUUS53-SVRGLD"",""SIG"":""W"",""STATUS"":""NEW"",""TORNTAG"":null,""UPDATED"":""202606212127"",""VTEC_YR"":""2026"",""WFO"":""GLD"",""WINDTAG"":""60.0""},""iem_significance"":""W"",""iem_tornadotag"":"""",""iem_ugc"":"""",""iem_wfo"":""GLD"",""iem_windtag"":""60.0"",""senderName"":""GLD"",""status"":""NEW""}","{""geometry"":{""coordinates"":[[[-103.04,39.07],[-102.91,39.25],[-102.3,39.03],[-102.76,38.79],[-103.04,39.07]]],""type"":""Polygon""},""properties"":{""_map_py"":{""effective"":""2026-06-21T21:27:00Z"",""event"":""Severe Thunderstorm Warning"",""expires"":""2026-06-21T22:30:00Z"",""has_polygon"":true,""headline"":"""",""sender"":""GLD""},""effective"":""2026-06-21T21:27:00Z"",""event"":""Severe Thunderstorm Warning"",""expires"":""2026-06-21T22:30:00Z"",""headline"":"""",""iem_damagetag"":"""",""iem_emergency"":""False"",""iem_event_id"":""155"",""iem_forecaster"":""Alexander"",""iem_gtype"":""P"",""iem_hailtag"":""1.0"",""iem_phenomena"":""SV"",""iem_raw_properties"":{""AREA_KM2"":""1606.4589313583328"",""DAMAGTAG"":null,""EMERGENC"":""False"",""ETN"":""155"",""EXPIRED"":""202606212230"",""FCSTER"":""Alexander"",""GTYPE"":""P"",""HAILTAG"":""1.0"",""HV_CAUSE"":null,""HV_NWSLI"":null,""HV_REC"":null,""HV_SEV"":null,""INIT_EXP"":""202606212230"",""INIT_ISS"":""202606212127"",""ISSUED"":""202606212127"",""NWS_UGC"":null,""PHENOM"":""SV"",""POLY_BEG"":""202606212127"",""POLY_END"":""202606212146"",""PROD_ID"":""202606212127-KGLD-WUUS53-SVRGLD"",""SIG"":""W"",""STATUS"":""NEW"",""TORNTAG"":null,""UPDATED"":""202606212127"",""VTEC_YR"":""2026"",""WFO"":""GLD"",""WINDTAG"":""60.0""},""iem_significance"":""W"",""iem_tornadotag"":"""",""iem_ugc"":"""",""iem_wfo"":""GLD"",""iem_windtag"":""60.0"",""senderName"":""GLD"",""status"":""NEW""},""type"":""Feature""}",2026-04-27T17:31:58Z,2026-07-09T05:15:02Z,2026-07-09T18:49:04Z
5007,iem_watchwarn,iem_watchwarn|ILX|123|TO|W|2026-06-21T21:29:00Z|2026-06-21T22:15:00Z|,Tornado Warning,,2026-06-21T21:29:00Z,2026-06-21T22:15:00Z,ILX,NEW,1,"{""coordinates"":[[[-88.7,38.72],[-88.7,38.83],[-88.69,38.83],[-88.31,38.85],[-88.28,38.66],[-88.7,38.72]]],""type"":""Polygon""}","{""_map_py"":{""effective"":""2026-06-21T21:29:00Z"",""event"":""Tornado Warning"",""expires"":""2026-06-21T22:15:00Z"",""has_polygon"":true,""headline"":"""",""sender"":""ILX""},""effective"":""2026-06-21T21:29:00Z"",""event"":""Tornado Warning"",""expires"":""2026-06-21T22:15:00Z"",""headline"":"""",""iem_damagetag"":"""",""iem_emergency"":""False"",""iem_event_id"":""123"",""iem_forecaster"":""Copple"",""iem_gtype"":""P"",""iem_hailtag"":""1.0"",""iem_phenomena"":""TO"",""iem_raw_properties"":{""AREA_KM2"":""581.6705125048392"",""DAMAGTAG"":null,""EMERGENC"":""False"",""ETN"":""123"",""EXPIRED"":""202606212215"",""FCSTER"":""Copple"",""GTYPE"":""P"",""HAILTAG"":""1.0"",""HV_CAUSE"":null,""HV_NWSLI"":null,""HV_REC"":null,""HV_SEV"":null,""INIT_EXP"":""202606212215"",""INIT_ISS"":""202606212129"",""ISSUED"":""202606212129"",""NWS_UGC"":null,""PHENOM"":""TO"",""POLY_BEG"":""202606212129"",""POLY_END"":""202606212131"",""PROD_ID"":""202606212129-KILX-WFUS53-TORILX"",""SIG"":""W"",""STATUS"":""NEW"",""TORNTAG"":""RADAR INDICATED"",""UPDATED"":""202606212129"",""VTEC_YR"":""2026"",""WFO"":""ILX"",""WINDTAG"":null},""iem_significance"":""W"",""iem_tornadotag"":""RADAR INDICATED"",""iem_ugc"":"""",""iem_wfo"":""ILX"",""iem_windtag"":"""",""senderName"":""ILX"",""status"":""NEW""}","{""geometry"":{""coordinates"":[[[-88.7,38.72],[-88.7,38.83],[-88.69,38.83],[-88.31,38.85],[-88.28,38.66],[-88.7,38.72]]],""type"":""Polygon""},""properties"":{""_map_py"":{""effective"":""2026-06-21T21:29:00Z"",""event"":""Tornado Warning"",""expires"":""2026-06-21T22:15:00Z"",""has_polygon"":true,""headline"":"""",""sender"":""ILX""},""effective"":""2026-06-21T21:29:00Z"",""event"":""Tornado Warning"",""expires"":""2026-06-21T22:15:00Z"",""headline"":"""",""iem_damagetag"":"""",""iem_emergency"":""False"",""iem_event_id"":""123"",""iem_forecaster"":""Copple"",""iem_gtype"":""P"",""iem_hailtag"":""1.0"",""iem_phenomena"":""TO"",""iem_raw_properties"":{""AREA_KM2"":""581.6705125048392"",""DAMAGTAG"":null,""EMERGENC"":""False"",""ETN"":""123"",""EXPIRED"":""202606212215"",""FCSTER"":""Copple"",""GTYPE"":""P"",""HAILTAG"":""1.0"",""HV_CAUSE"":null,""HV_NWSLI"":null,""HV_REC"":null,""HV_SEV"":null,""INIT_EXP"":""202606212215"",""INIT_ISS"":""202606212129"",""ISSUED"":""202606212129"",""NWS_UGC"":null,""PHENOM"":""TO"",""POLY_BEG"":""202606212129"",""POLY_END"":""202606212131"",""PROD_ID"":""202606212129-KILX-WFUS53-TORILX"",""SIG"":""W"",""STATUS"":""NEW"",""TORNTAG"":""RADAR INDICATED"",""UPDATED"":""202606212129"",""VTEC_YR"":""2026"",""WFO"":""ILX"",""WINDTAG"":null},""iem_significance"":""W"",""iem_tornadotag"":""RADAR INDICATED"",""iem_ugc"":"""",""iem_wfo"":""ILX"",""iem_windtag"":"""",""senderName"":""ILX"",""status"":""NEW""},""type"":""Feature""}",2026-04-27T17:31:58Z,2026-07-09T05:15:02Z,2026-07-09T18:49:04Z
8135,iem_watchwarn,iem_watchwarn|ILX|303|SV|W|2026-06-21T21:30:00Z|2026-06-21T22:30:00Z|,Severe Thunderstorm Warning,,2026-06-21T21:30:00Z,2026-06-21T22:30:00Z,ILX,NEW,1,"{""coordinates"":[[[-87.56,39.34],[-87.58,39.34],[-87.62,39.31],[-87.6,39.3],[-88.0,39.13],[-88.02,39.59],[-87.53,39.79],[-87.53,39.36],[-87.56,39.34]]],""type"":""Polygon""}","{""_map_py"":{""effective"":""2026-06-21T21:30:00Z"",""event"":""Severe Thunderstorm Warning"",""expires"":""2026-06-21T22:30:00Z"",""has_polygon"":true,""headline"":"""",""sender"":""ILX""},""effective"":""2026-06-21T21:30:00Z"",""event"":""Severe Thunderstorm Warning"",""expires"":""2026-06-21T22:30:00Z"",""headline"":"""",""iem_damagetag"":"""",""iem_emergency"":""False"",""iem_event_id"":""303"",""iem_forecaster"":""Erwin"",""iem_gtype"":""P"",""iem_hailtag"":""0.75"",""iem_phenomena"":""SV"",""iem_raw_properties"":{""AREA_KM2"":""2107.2426176773342"",""DAMAGTAG"":null,""EMERGENC"":""False"",""ETN"":""303"",""EXPIRED"":""202606212230"",""FCSTER"":""Erwin"",""GTYPE"":""P"",""HAILTAG"":""0.75"",""HV_CAUSE"":null,""HV_NWSLI"":null,""HV_REC"":null,""HV_SEV"":null,""INIT_EXP"":""202606212230"",""INIT_ISS"":""202606212130"",""ISSUED"":""202606212130"",""NWS_UGC"":null,""PHENOM"":""SV"",""POLY_BEG"":""202606212130"",""POLY_END"":""202606212200"",""PROD_ID"":""202606212130-KILX-WUUS53-SVRILX"",""SIG"":""W"",""STATUS"":""NEW"",""TORNTAG"":""POSSIBLE"",""UPDATED"":""202606212130"",""VTEC_YR"":""2026"",""WFO"":""ILX"",""WINDTAG"":""60.0""},""iem_significance"":""W"",""iem_tornadotag"":""POSSIBLE"",""iem_ugc"":"""",""iem_wfo"":""ILX"",""iem_windtag"":""60.0"",""senderName"":""ILX"",""status"":""NEW""}","{""geometry"":{""coordinates"":[[[-87.56,39.34],[-87.58,39.34],[-87.62,39.31],[-87.6,39.3],[-88.0,39.13],[-88.02,39.59],[-87.53,39.79],[-87.53,39.36],[-87.56,39.34]]],""type"":""Polygon""},""properties"":{""_map_py"":{""effective"":""2026-06-21T21:30:00Z"",""event"":""Severe Thunderstorm Warning"",""expires"":""2026-06-21T22:30:00Z"",""has_polygon"":true,""headline"":"""",""sender"":""ILX""},""effective"":""2026-06-21T21:30:00Z"",""event"":""Severe Thunderstorm Warning"",""expires"":""2026-06-21T22:30:00Z"",""headline"":"""",""iem_damagetag"":"""",""iem_emergency"":""False"",""iem_event_id"":""303"",""iem_forecaster"":""Erwin"",""iem_gtype"":""P"",""iem_hailtag"":""0.75"",""iem_phenomena"":""SV"",""iem_raw_properties"":{""AREA_KM2"":""2107.2426176773342"",""DAMAGTAG"":null,""EMERGENC"":""False"",""ETN"":""303"",""EXPIRED"":""202606212230"",""FCSTER"":""Erwin"",""GTYPE"":""P"",""HAILTAG"":""0.75"",""HV_CAUSE"":null,""HV_NWSLI"":null,""HV_REC"":null,""HV_SEV"":null,""INIT_EXP"":""202606212230"",""INIT_ISS"":""202606212130"",""ISSUED"":""202606212130"",""NWS_UGC"":null,""PHENOM"":""SV"",""POLY_BEG"":""202606212130"",""POLY_END"":""202606212200"",""PROD_ID"":""202606212130-KILX-WUUS53-SVRILX"",""SIG"":""W"",""STATUS"":""NEW"",""TORNTAG"":""POSSIBLE"",""UPDATED"":""202606212130"",""VTEC_YR"":""2026"",""WFO"":""ILX"",""WINDTAG"":""60.0""},""iem_significance"":""W"",""iem_tornadotag"":""POSSIBLE"",""iem_ugc"":"""",""iem_wfo"":""ILX"",""iem_windtag"":""60.0"",""senderName"":""ILX"",""status"":""NEW""},""type"":""Feature""}",2026-04-27T17:31:58Z,2026-07-09T05:15:02Z,2026-07-09T18:49:04Z
10751,iem_watchwarn,iem_watchwarn|ILX|304|SV|W|2026-06-21T21:32:00Z|2026-06-21T22:30:00Z|,Severe Thunderstorm Warning,,2026-06-21T21:32:00Z,2026-06-21T22:30:00Z,ILX,NEW,1,"{""coordinates"":[[[-87.54,38.85],[-88.36,38.85],[-88.35,39.07],[-88.0,39.13],[-87.6,39.3],[-87.61,39.26],[-87.57,39.25],[-87.57,39.22],[-87.66,39.14],[-87.63,39.12],[-87.65,39.11],[-87.57,39.06],[-87.58,39.0],[-87.56,38.99],[-87.58,38.99],[-87.51,38.96],[-87.54,38.85]]],""type"":""Polygon""}","{""_map_py"":{""effective"":""2026-06-21T21:32:00Z"",""event"":""Severe Thunderstorm Warning"",""expires"":""2026-06-21T22:30:00Z"",""has_polygon"":true,""headline"":"""",""sender"":""ILX""},""effective"":""2026-06-21T21:32:00Z"",""event"":""Severe Thunderstorm Warning"",""expires"":""2026-06-21T22:30:00Z"",""headline"":"""",""iem_damagetag"":"""",""iem_emergency"":""False"",""iem_event_id"":""304"",""iem_forecaster"":""Erwin"",""iem_gtype"":""P"",""iem_hailtag"":""0.75"",""iem_phenomena"":""SV"",""iem_raw_properties"":{""AREA_KM2"":""2342.1881774968656"",""DAMAGTAG"":null,""EMERGENC"":""False"",""ETN"":""304"",""EXPIRED"":""202606212230"",""FCSTER"":""Erwin"",""GTYPE"":""P"",""HAILTAG"":""0.75"",""HV_CAUSE"":null,""HV_NWSLI"":null,""HV_REC"":null,""HV_SEV"":null,""INIT_EXP"":""202606212230"",""INIT_ISS"":""202606212132"",""ISSUED"":""202606212132"",""NWS_UGC"":null,""PHENOM"":""SV"",""POLY_BEG"":""202606212132"",""POLY_END"":""202606212203"",""PROD_ID"":""202606212132-KILX-WUUS53-SVRILX"",""SIG"":""W"",""STATUS"":""NEW"",""TORNTAG"":""POSSIBLE"",""UPDATED"":""202606212132"",""VTEC_YR"":""2026"",""WFO"":""ILX"",""WINDTAG"":""60.0""},""iem_significance"":""W"",""iem_tornadotag"":""POSSIBLE"",""iem_ugc"":"""",""iem_wfo"":""ILX"",""iem_windtag"":""60.0"",""senderName"":""ILX"",""status"":""NEW""}","{""geometry"":{""coordinates"":[[[-87.54,38.85],[-88.36,38.85],[-88.35,39.07],[-88.0,39.13],[-87.6,39.3],[-87.61,39.26],[-87.57,39.25],[-87.57,39.22],[-87.66,39.14],[-87.63,39.12],[-87.65,39.11],[-87.57,39.06],[-87.58,39.0],[-87.56,38.99],[-87.58,38.99],[-87.51,38.96],[-87.54,38.85]]],""type"":""Polygon""},""properties"":{""_map_py"":{""effective"":""2026-06-21T21:32:00Z"",""event"":""Severe Thunderstorm Warning"",""expires"":""2026-06-21T22:30:00Z"",""has_polygon"":true,""headline"":"""",""sender"":""ILX""},""effective"":""2026-06-21T21:32:00Z"",""event"":""Severe Thunderstorm Warning"",""expires"":""2026-06-21T22:30:00Z"",""headline"":"""",""iem_damagetag"":"""",""iem_emergency"":""False"",""iem_event_id"":""304"",""iem_forecaster"":""Erwin"",""iem_gtype"":""P"",""iem_hailtag"":""0.75"",""iem_phenomena"":""SV"",""iem_raw_properties"":{""AREA_KM2"":""2342.1881774968656"",""DAMAGTAG"":null,""EMERGENC"":""False"",""ETN"":""304"",""EXPIRED"":""202606212230"",""FCSTER"":""Erwin"",""GTYPE"":""P"",""HAILTAG"":""0.75"",""HV_CAUSE"":null,""HV_NWSLI"":null,""HV_REC"":null,""HV_SEV"":null,""INIT_EXP"":""202606212230"",""INIT_ISS"":""202606212132"",""ISSUED"":""202606212132"",""NWS_UGC"":null,""PHENOM"":""SV"",""POLY_BEG"":""202606212132"",""POLY_END"":""202606212203"",""PROD_ID"":""202606212132-KILX-WUUS53-SVRILX"",""SIG"":""W"",""STATUS"":""NEW"",""TORNTAG"":""POSSIBLE"",""UPDATED"":""202606212132"",""VTEC_YR"":""2026"",""WFO"":""ILX"",""WINDTAG"":""60.0""},""iem_significance"":""W"",""iem_tornadotag"":""POSSIBLE"",""iem_ugc"":"""",""iem_wfo"":""ILX"",""iem_windtag"":""60.0"",""senderName"":""ILX"",""status"":""NEW""},""type"":""Feature""}",2026-04-27T17:31:58Z,2026-07-09T05:15:02Z,2026-07-09T18:49:04Z
3879,iem_watchwarn,iem_watchwarn|PAH|37|TO|W|2026-06-21T21:40:00Z|2026-06-21T22:30:00Z|,Tornado Warning,,2026-06-21T21:40:00Z,2026-06-21T22:30:00Z,PAH,NEW,1,"{""coordinates"":[[[-88.8,38.4],[-89.15,38.36],[-89.14,38.47],[-88.88,38.48],[-88.83,38.48],[-88.8,38.4]]],""type"":""Polygon""}","{""_map_py"":{""effective"":""2026-06-21T21:40:00Z"",""event"":""Tornado Warning"",""expires"":""2026-06-21T22:30:00Z"",""has_polygon"":true,""headline"":"""",""sender"":""PAH""},""effective"":""2026-06-21T21:40:00Z"",""event"":""Tornado Warning"",""expires"":""2026-06-21T22:30:00Z"",""headline"":"""",""iem_damagetag"":"""",""iem_emergency"":""False"",""iem_event_id"":""37"",""iem_forecaster"":""DW"",""iem_gtype"":""P"",""iem_hailtag"":""0.75"",""iem_phenomena"":""TO"",""iem_raw_properties"":{""AREA_KM2"":""308.30149113359056"",""DAMAGTAG"":null,""EMERGENC"":""False"",""ETN"":""37"",""EXPIRED"":""202606212230"",""FCSTER"":""DW"",""GTYPE"":""P"",""HAILTAG"":""0.75"",""HV_CAUSE"":null,""HV_NWSLI"":null,""HV_REC"":null,""HV_SEV"":null,""INIT_EXP"":""202606212230"",""INIT_ISS"":""202606212140"",""ISSUED"":""202606212140"",""NWS_UGC"":null,""PHENOM"":""TO"",""POLY_BEG"":""202606212140"",""POLY_END"":""202606212146"",""PROD_ID"":""202606212140-KPAH-WFUS53-TORPAH"",""SIG"":""W"",""STATUS"":""NEW"",""TORNTAG"":""RADAR INDICATED"",""UPDATED"":""202606212140"",""VTEC_YR"":""2026"",""WFO"":""PAH"",""WINDTAG"":null},""iem_significance"":""W"",""iem_tornadotag"":""RADAR INDICATED"",""iem_ugc"":"""",""iem_wfo"":""PAH"",""iem_windtag"":"""",""senderName"":""PAH"",""status"":""NEW""}","{""geometry"":{""coordinates"":[[[-88.8,38.4],[-89.15,38.36],[-89.14,38.47],[-88.88,38.48],[-88.83,38.48],[-88.8,38.4]]],""type"":""Polygon""},""properties"":{""_map_py"":{""effective"":""2026-06-21T21:40:00Z"",""event"":""Tornado Warning"",""expires"":""2026-06-21T22:30:00Z"",""has_polygon"":true,""headline"":"""",""sender"":""PAH""},""effective"":""2026-06-21T21:40:00Z"",""event"":""Tornado Warning"",""expires"":""2026-06-21T22:30:00Z"",""headline"":"""",""iem_damagetag"":"""",""iem_emergency"":""False"",""iem_event_id"":""37"",""iem_forecaster"":""DW"",""iem_gtype"":""P"",""iem_hailtag"":""0.75"",""iem_phenomena"":""TO"",""iem_raw_properties"":{""AREA_KM2"":""308.30149113359056"",""DAMAGTAG"":null,""EMERGENC"":""False"",""ETN"":""37"",""EXPIRED"":""202606212230"",""FCSTER"":""DW"",""GTYPE"":""P"",""HAILTAG"":""0.75"",""HV_CAUSE"":null,""HV_NWSLI"":null,""HV_REC"":null,""HV_SEV"":null,""INIT_EXP"":""202606212230"",""INIT_ISS"":""202606212140"",""ISSUED"":""202606212140"",""NWS_UGC"":null,""PHENOM"":""TO"",""POLY_BEG"":""202606212140"",""POLY_END"":""202606212146"",""PROD_ID"":""202606212140-KPAH-WFUS53-TORPAH"",""SIG"":""W"",""STATUS"":""NEW"",""TORNTAG"":""RADAR INDICATED"",""UPDATED"":""202606212140"",""VTEC_YR"":""2026"",""WFO"":""PAH"",""WINDTAG"":null},""iem_significance"":""W"",""iem_tornadotag"":""RADAR INDICATED"",""iem_ugc"":"""",""iem_wfo"":""PAH"",""iem_windtag"":"""",""senderName"":""PAH"",""status"":""NEW""},""type"":""Feature""}",2026-04-27T17:31:58Z,2026-07-09T05:15:02Z,2026-07-09T18:49:04Z
2123,iem_watchwarn,iem_watchwarn|LBF|112|SV|W|2026-06-21T21:40:00Z|2026-06-21T22:45:00Z|,Severe Thunderstorm Warning,,2026-06-21T21:40:00Z,2026-06-21T22:45:00Z,LBF,NEW,1,"{""coordinates"":[[[-100.15,40.62],[-100.92,40.49],[-101.38,40.85],[-100.66,40.9],[-100.15,40.62]]],""type"":""Polygon""}","{""_map_py"":{""effective"":""2026-06-21T21:40:00Z"",""event"":""Severe Thunderstorm Warning"",""expires"":""2026-06-21T22:45:00Z"",""has_polygon"":true,""headline"":"""",""sender"":""LBF""},""effective"":""2026-06-21T21:40:00Z"",""event"":""Severe Thunderstorm Warning"",""expires"":""2026-06-21T22:45:00Z"",""headline"":"""",""iem_damagetag"":"""",""iem_emergency"":""False"",""iem_event_id"":""112"",""iem_forecaster"":""Brown"",""iem_gtype"":""P"",""iem_hailtag"":""1.5"",""iem_phenomena"":""SV"",""iem_raw_properties"":{""AREA_KM2"":""2642.361127453025"",""DAMAGTAG"":null,""EMERGENC"":""False"",""ETN"":""112"",""EXPIRED"":""202606212245"",""FCSTER"":""Brown"",""GTYPE"":""P"",""HAILTAG"":""1.5"",""HV_CAUSE"":null,""HV_NWSLI"":null,""HV_REC"":null,""HV_SEV"":null,""INIT_EXP"":""202606212245"",""INIT_ISS"":""202606212140"",""ISSUED"":""202606212140"",""NWS_UGC"":null,""PHENOM"":""SV"",""POLY_BEG"":""202606212140"",""POLY_END"":""202606212202"",""PROD_ID"":""202606212140-KLBF-WUUS53-SVRLBF"",""SIG"":""W"",""STATUS"":""NEW"",""TORNTAG"":null,""UPDATED"":""202606212140"",""VTEC_YR"":""2026"",""WFO"":""LBF"",""WINDTAG"":""60.0""},""iem_significance"":""W"",""iem_tornadotag"":"""",""iem_ugc"":"""",""iem_wfo"":""LBF"",""iem_windtag"":""60.0"",""senderName"":""LBF"",""status"":""NEW""}","{""geometry"":{""coordinates"":[[[-100.15,40.62],[-100.92,40.49],[-101.38,40.85],[-100.66,40.9],[-100.15,40.62]]],""type"":""Polygon""},""properties"":{""_map_py"":{""effective"":""2026-06-21T21:40:00Z"",""event"":""Severe Thunderstorm Warning"",""expires"":""2026-06-21T22:45:00Z"",""has_polygon"":true,""headline"":"""",""sender"":""LBF""},""effective"":""2026-06-21T21:40:00Z"",""event"":""Severe Thunderstorm Warning"",""expires"":""2026-06-21T22:45:00Z"",""headline"":"""",""iem_damagetag"":"""",""iem_emergency"":""False"",""iem_event_id"":""112"",""iem_forecaster"":""Brown"",""iem_gtype"":""P"",""iem_hailtag"":""1.5"",""iem_phenomena"":""SV"",""iem_raw_properties"":{""AREA_KM2"":""2642.361127453025"",""DAMAGTAG"":null,""EMERGENC"":""False"",""ETN"":""112"",""EXPIRED"":""202606212245"",""FCSTER"":""Brown"",""GTYPE"":""P"",""HAILTAG"":""1.5"",""HV_CAUSE"":null,""HV_NWSLI"":null,""HV_REC"":null,""HV_SEV"":null,""INIT_EXP"":""202606212245"",""INIT_ISS"":""202606212140"",""ISSUED"":""202606212140"",""NWS_UGC"":null,""PHENOM"":""SV"",""POLY_BEG"":""202606212140"",""POLY_END"":""202606212202"",""PROD_ID"":""202606212140-KLBF-WUUS53-SVRLBF"",""SIG"":""W"",""STATUS"":""NEW"",""TORNTAG"":null,""UPDATED"":""202606212140"",""VTEC_YR"":""2026"",""WFO"":""LBF"",""WINDTAG"":""60.0""},""iem_significance"":""W"",""iem_tornadotag"":"""",""iem_ugc"":"""",""iem_wfo"":""LBF"",""iem_windtag"":""60.0"",""senderName"":""LBF"",""status"":""NEW""},""type"":""Feature""}",2026-04-27T17:31:58Z,2026-07-09T05:15:02Z,2026-07-09T18:49:04Z
11345,iem_watchwarn,iem_watchwarn|IND|56|TO|W|2026-06-21T21:43:00Z|2026-06-21T22:30:00Z|,Tornado Warning,,2026-06-21T21:43:00Z,2026-06-21T22:30:00Z,IND,NEW,1,"{""coordinates"":[[[-87.64,39.17],[-87.62,39.17],[-87.62,39.18],[-87.59,39.2],[-87.57,39.22],[-87.57,39.25],[-87.59,39.25],[-87.6,39.26],[-87.6,39.3],[-87.32,39.41],[-87.24,39.25],[-87.24,39.12],[-87.57,39.06],[-87.6,39.08],[-87.62,39.09],[-87.62,39.1],[-87.65,39.11],[-87.65,39.12],[-87.63,39.12],[-87.66,39.13],[-87.64,39.17]]],""type"":""Polygon""}","{""_map_py"":{""effective"":""2026-06-21T21:43:00Z"",""event"":""Tornado Warning"",""expires"":""2026-06-21T22:30:00Z"",""has_polygon"":true,""headline"":"""",""sender"":""IND""},""effective"":""2026-06-21T21:43:00Z"",""event"":""Tornado Warning"",""expires"":""2026-06-21T22:30:00Z"",""headline"":"""",""iem_damagetag"":"""",""iem_emergency"":""False"",""iem_event_id"":""56"",""iem_forecaster"":""White"",""iem_gtype"":""P"",""iem_hailtag"":""0.75"",""iem_phenomena"":""TO"",""iem_raw_properties"":{""AREA_KM2"":""924.8513136613655"",""DAMAGTAG"":null,""EMERGENC"":""False"",""ETN"":""56"",""EXPIRED"":""202606212230"",""FCSTER"":""White"",""GTYPE"":""P"",""HAILTAG"":""0.75"",""HV_CAUSE"":null,""HV_NWSLI"":null,""HV_REC"":null,""HV_SEV"":null,""INIT_EXP"":""202606212230"",""INIT_ISS"":""202606212143"",""ISSUED"":""202606212143"",""NWS_UGC"":null,""PHENOM"":""TO"",""POLY_BEG"":""202606212143"",""POLY_END"":""202606212148"",""PROD_ID"":""202606212143-KIND-WFUS53-TORIND"",""SIG"":""W"",""STATUS"":""NEW"",""TORNTAG"":""RADAR INDICATED"",""UPDATED"":""202606212143"",""VTEC_YR"":""2026"",""WFO"":""IND"",""WINDTAG"":null},""iem_significance"":""W"",""iem_tornadotag"":""RADAR INDICATED"",""iem_ugc"":"""",""iem_wfo"":""IND"",""iem_windtag"":"""",""senderName"":""IND"",""status"":""NEW""}","{""geometry"":{""coordinates"":[[[-87.64,39.17],[-87.62,39.17],[-87.62,39.18],[-87.59,39.2],[-87.57,39.22],[-87.57,39.25],[-87.59,39.25],[-87.6,39.26],[-87.6,39.3],[-87.32,39.41],[-87.24,39.25],[-87.24,39.12],[-87.57,39.06],[-87.6,39.08],[-87.62,39.09],[-87.62,39.1],[-87.65,39.11],[-87.65,39.12],[-87.63,39.12],[-87.66,39.13],[-87.64,39.17]]],""type"":""Polygon""},""properties"":{""_map_py"":{""effective"":""2026-06-21T21:43:00Z"",""event"":""Tornado Warning"",""expires"":""2026-06-21T22:30:00Z"",""has_polygon"":true,""headline"":"""",""sender"":""IND""},""effective"":""2026-06-21T21:43:00Z"",""event"":""Tornado Warning"",""expires"":""2026-06-21T22:30:00Z"",""headline"":"""",""iem_damagetag"":"""",""iem_emergency"":""False"",""iem_event_id"":""56"",""iem_forecaster"":""White"",""iem_gtype"":""P"",""iem_hailtag"":""0.75"",""iem_phenomena"":""TO"",""iem_raw_properties"":{""AREA_KM2"":""924.8513136613655"",""DAMAGTAG"":null,""EMERGENC"":""False"",""ETN"":""56"",""EXPIRED"":""202606212230"",""FCSTER"":""White"",""GTYPE"":""P"",""HAILTAG"":""0.75"",""HV_CAUSE"":null,""HV_NWSLI"":null,""HV_REC"":null,""HV_SEV"":null,""INIT_EXP"":""202606212230"",""INIT_ISS"":""202606212143"",""ISSUED"":""202606212143"",""NWS_UGC"":null,""PHENOM"":""TO"",""POLY_BEG"":""202606212143"",""POLY_END"":""202606212148"",""PROD_ID"":""202606212143-KIND-WFUS53-TORIND"",""SIG"":""W"",""STATUS"":""NEW"",""TORNTAG"":""RADAR INDICATED"",""UPDATED"":""202606212143"",""VTEC_YR"":""2026"",""WFO"":""IND"",""WINDTAG"":null},""iem_significance"":""W"",""iem_tornadotag"":""RADAR INDICATED"",""iem_ugc"":"""",""iem_wfo"":""IND"",""iem_windtag"":"""",""senderName"":""IND"",""status"":""NEW""},""type"":""Feature""}",2026-04-27T17:31:58Z,2026-07-09T05:15:02Z,2026-07-09T18:49:04Z
10353,iem_watchwarn,iem_watchwarn|ILX|124|TO|W|2026-06-21T21:46:00Z|2026-06-21T22:11:00Z|,Tornado Warning,,2026-06-21T21:46:00Z,2026-06-21T22:11:00Z,ILX,NEW,1,"{""coordinates"":[[[-87.54,38.89],[-87.53,38.89],[-87.55,38.86],[-87.54,38.85],[-88.12,38.85],[-88.14,38.93],[-87.58,39.04],[-87.58,39.0],[-87.56,38.99],[-87.58,38.99],[-87.53,38.97],[-87.51,38.96],[-87.53,38.91],[-87.52,38.9],[-87.54,38.89]]],""type"":""Polygon""}","{""_map_py"":{""effective"":""2026-06-21T21:46:00Z"",""event"":""Tornado Warning"",""expires"":""2026-06-21T22:11:00Z"",""has_polygon"":true,""headline"":"""",""sender"":""ILX""},""effective"":""2026-06-21T21:46:00Z"",""event"":""Tornado Warning"",""expires"":""2026-06-21T22:11:00Z"",""headline"":"""",""iem_damagetag"":"""",""iem_emergency"":""False"",""iem_event_id"":""124"",""iem_forecaster"":""Erwin"",""iem_gtype"":""P"",""iem_hailtag"":""1.0"",""iem_phenomena"":""TO"",""iem_raw_properties"":{""AREA_KM2"":""784.9867788176152"",""DAMAGTAG"":null,""EMERGENC"":""False"",""ETN"":""124"",""EXPIRED"":""202606212211"",""FCSTER"":""Erwin"",""GTYPE"":""P"",""HAILTAG"":""1.0"",""HV_CAUSE"":null,""HV_NWSLI"":null,""HV_REC"":null,""HV_SEV"":null,""INIT_EXP"":""202606212245"",""INIT_ISS"":""202606212146"",""ISSUED"":""202606212146"",""NWS_UGC"":null,""PHENOM"":""TO"",""POLY_BEG"":""202606212146"",""POLY_END"":""202606212211"",""PROD_ID"":""202606212146-KILX-WFUS53-TORILX"",""SIG"":""W"",""STATUS"":""NEW"",""TORNTAG"":""RADAR INDICATED"",""UPDATED"":""202606212146"",""VTEC_YR"":""2026"",""WFO"":""ILX"",""WINDTAG"":null},""iem_significance"":""W"",""iem_tornadotag"":""RADAR INDICATED"",""iem_ugc"":"""",""iem_wfo"":""ILX"",""iem_windtag"":"""",""senderName"":""ILX"",""status"":""NEW""}","{""geometry"":{""coordinates"":[[[-87.54,38.89],[-87.53,38.89],[-87.55,38.86],[-87.54,38.85],[-88.12,38.85],[-88.14,38.93],[-87.58,39.04],[-87.58,39.0],[-87.56,38.99],[-87.58,38.99],[-87.53,38.97],[-87.51,38.96],[-87.53,38.91],[-87.52,38.9],[-87.54,38.89]]],""type"":""Polygon""},""properties"":{""_map_py"":{""effective"":""2026-06-21T21:46:00Z"",""event"":""Tornado Warning"",""expires"":""2026-06-21T22:11:00Z"",""has_polygon"":true,""headline"":"""",""sender"":""ILX""},""effective"":""2026-06-21T21:46:00Z"",""event"":""Tornado Warning"",""expires"":""2026-06-21T22:11:00Z"",""headline"":"""",""iem_damagetag"":"""",""iem_emergency"":""False"",""iem_event_id"":""124"",""iem_forecaster"":""Erwin"",""iem_gtype"":""P"",""iem_hailtag"":""1.0"",""iem_phenomena"":""TO"",""iem_raw_properties"":{""AREA_KM2"":""784.9867788176152"",""DAMAGTAG"":null,""EMERGENC"":""False"",""ETN"":""124"",""EXPIRED"":""202606212211"",""FCSTER"":""Erwin"",""GTYPE"":""P"",""HAILTAG"":""1.0"",""HV_CAUSE"":null,""HV_NWSLI"":null,""HV_REC"":null,""HV_SEV"":null,""INIT_EXP"":""202606212245"",""INIT_ISS"":""202606212146"",""ISSUED"":""202606212146"",""NWS_UGC"":null,""PHENOM"":""TO"",""POLY_BEG"":""202606212146"",""POLY_END"":""202606212211"",""PROD_ID"":""202606212146-KILX-WFUS53-TORILX"",""SIG"":""W"",""STATUS"":""NEW"",""TORNTAG"":""RADAR INDICATED"",""UPDATED"":""202606212146"",""VTEC_YR"":""2026"",""WFO"":""ILX"",""WINDTAG"":null},""iem_significance"":""W"",""iem_tornadotag"":""RADAR INDICATED"",""iem_ugc"":"""",""iem_wfo"":""ILX"",""iem_windtag"":"""",""senderName"":""ILX"",""status"":""NEW""},""type"":""Feature""}",2026-04-27T17:31:58Z,2026-07-09T05:15:02Z,2026-07-09T18:49:04Z
11112,iem_watchwarn,iem_watchwarn|IND|224|SV|W|2026-06-21T21:46:00Z|2026-06-21T22:45:00Z|,Severe Thunderstorm Warning,,2026-06-21T21:46:00Z,2026-06-21T22:45:00Z,IND,NEW,1,"{""coordinates"":[[[-87.57,39.22],[-87.57,39.25],[-87.59,39.25],[-87.62,39.31],[-87.53,39.35],[-87.53,39.7],[-87.01,39.83],[-87.01,39.48],[-86.98,39.47],[-87.02,39.34],[-87.05,39.34],[-87.05,39.23],[-87.2,38.91],[-87.52,38.9],[-87.51,38.96],[-87.58,38.99],[-87.56,38.99],[-87.57,39.06],[-87.66,39.13],[-87.57,39.22]]],""type"":""Polygon""}","{""_map_py"":{""effective"":""2026-06-21T21:46:00Z"",""event"":""Severe Thunderstorm Warning"",""expires"":""2026-06-21T22:45:00Z"",""has_polygon"":true,""headline"":"""",""sender"":""IND""},""effective"":""2026-06-21T21:46:00Z"",""event"":""Severe Thunderstorm Warning"",""expires"":""2026-06-21T22:45:00Z"",""headline"":"""",""iem_damagetag"":""CONSIDERABLE"",""iem_emergency"":""False"",""iem_event_id"":""224"",""iem_forecaster"":""White"",""iem_gtype"":""P"",""iem_hailtag"":""0.75"",""iem_phenomena"":""SV"",""iem_raw_properties"":{""AREA_KM2"":""4108.115751584708"",""DAMAGTAG"":""CONSIDERABLE"",""EMERGENC"":""False"",""ETN"":""224"",""EXPIRED"":""202606212245"",""FCSTER"":""White"",""GTYPE"":""P"",""HAILTAG"":""0.75"",""HV_CAUSE"":null,""HV_NWSLI"":null,""HV_REC"":null,""HV_SEV"":null,""INIT_EXP"":""202606212245"",""INIT_ISS"":""202606212146"",""ISSUED"":""202606212146"",""NWS_UGC"":null,""PHENOM"":""SV"",""POLY_BEG"":""202606212146"",""POLY_END"":""202606212229"",""PROD_ID"":""202606212146-KIND-WUUS53-SVRIND"",""SIG"":""W"",""STATUS"":""NEW"",""TORNTAG"":""POSSIBLE"",""UPDATED"":""202606212146"",""VTEC_YR"":""2026"",""WFO"":""IND"",""WINDTAG"":""70.0""},""iem_significance"":""W"",""iem_tornadotag"":""POSSIBLE"",""iem_ugc"":"""",""iem_wfo"":""IND"",""iem_windtag"":""70.0"",""senderName"":""IND"",""status"":""NEW""}","{""geometry"":{""coordinates"":[[[-87.57,39.22],[-87.57,39.25],[-87.59,39.25],[-87.62,39.31],[-87.53,39.35],[-87.53,39.7],[-87.01,39.83],[-87.01,39.48],[-86.98,39.47],[-87.02,39.34],[-87.05,39.34],[-87.05,39.23],[-87.2,38.91],[-87.52,38.9],[-87.51,38.96],[-87.58,38.99],[-87.56,38.99],[-87.57,39.06],[-87.66,39.13],[-87.57,39.22]]],""type"":""Polygon""},""properties"":{""_map_py"":{""effective"":""2026-06-21T21:46:00Z"",""event"":""Severe Thunderstorm Warning"",""expires"":""2026-06-21T22:45:00Z"",""has_polygon"":true,""headline"":"""",""sender"":""IND""},""effective"":""2026-06-21T21:46:00Z"",""event"":""Severe Thunderstorm Warning"",""expires"":""2026-06-21T22:45:00Z"",""headline"":"""",""iem_damagetag"":""CONSIDERABLE"",""iem_emergency"":""False"",""iem_event_id"":""224"",""iem_forecaster"":""White"",""iem_gtype"":""P"",""iem_hailtag"":""0.75"",""iem_phenomena"":""SV"",""iem_raw_properties"":{""AREA_KM2"":""4108.115751584708"",""DAMAGTAG"":""CONSIDERABLE"",""EMERGENC"":""False"",""ETN"":""224"",""EXPIRED"":""202606212245"",""FCSTER"":""White"",""GTYPE"":""P"",""HAILTAG"":""0.75"",""HV_CAUSE"":null,""HV_NWSLI"":null,""HV_REC"":null,""HV_SEV"":null,""INIT_EXP"":""202606212245"",""INIT_ISS"":""202606212146"",""ISSUED"":""202606212146"",""NWS_UGC"":null,""PHENOM"":""SV"",""POLY_BEG"":""202606212146"",""POLY_END"":""202606212229"",""PROD_ID"":""202606212146-KIND-WUUS53-SVRIND"",""SIG"":""W"",""STATUS"":""NEW"",""TORNTAG"":""POSSIBLE"",""UPDATED"":""202606212146"",""VTEC_YR"":""2026"",""WFO"":""IND"",""WINDTAG"":""70.0""},""iem_significance"":""W"",""iem_tornadotag"":""POSSIBLE"",""iem_ugc"":"""",""iem_wfo"":""IND"",""iem_windtag"":""70.0"",""senderName"":""IND"",""status"":""NEW""},""type"":""Feature""}",2026-04-27T17:31:58Z,2026-07-09T05:15:02Z,2026-07-09T18:49:04Z
6424,iem_watchwarn,iem_watchwarn|ILX|305|SV|W|2026-06-21T21:52:00Z|2026-06-21T22:45:00Z|,Severe Thunderstorm Warning,,2026-06-21T21:52:00Z,2026-06-21T22:45:00Z,ILX,NEW,1,"{""coordinates"":[[[-88.7,38.91],[-88.8,38.91],[-88.79,39.01],[-88.34,39.01],[-88.34,38.85],[-88.7,38.83],[-88.7,38.91]]],""type"":""Polygon""}","{""_map_py"":{""effective"":""2026-06-21T21:52:00Z"",""event"":""Severe Thunderstorm Warning"",""expires"":""2026-06-21T22:45:00Z"",""has_polygon"":true,""headline"":"""",""sender"":""ILX""},""effective"":""2026-06-21T21:52:00Z"",""event"":""Severe Thunderstorm Warning"",""expires"":""2026-06-21T22:45:00Z"",""headline"":"""",""iem_damagetag"":"""",""iem_emergency"":""False"",""iem_event_id"":""305"",""iem_forecaster"":""Copple"",""iem_gtype"":""P"",""iem_hailtag"":""1.0"",""iem_phenomena"":""SV"",""iem_raw_properties"":{""AREA_KM2"":""680.3286733649376"",""DAMAGTAG"":null,""EMERGENC"":""False"",""ETN"":""305"",""EXPIRED"":""202606212245"",""FCSTER"":""Copple"",""GTYPE"":""P"",""HAILTAG"":""1.0"",""HV_CAUSE"":null,""HV_NWSLI"":null,""HV_REC"":null,""HV_SEV"":null,""INIT_EXP"":""202606212245"",""INIT_ISS"":""202606212152"",""ISSUED"":""202606212152"",""NWS_UGC"":null,""PHENOM"":""SV"",""POLY_BEG"":""202606212152"",""POLY_END"":""202606212204"",""PROD_ID"":""202606212152-KILX-WUUS53-SVRILX"",""SIG"":""W"",""STATUS"":""NEW"",""TORNTAG"":""POSSIBLE"",""UPDATED"":""202606212152"",""VTEC_YR"":""2026"",""WFO"":""ILX"",""WINDTAG"":""60.0""},""iem_significance"":""W"",""iem_tornadotag"":""POSSIBLE"",""iem_ugc"":"""",""iem_wfo"":""ILX"",""iem_windtag"":""60.0"",""senderName"":""ILX"",""status"":""NEW""}","{""geometry"":{""coordinates"":[[[-88.7,38.91],[-88.8,38.91],[-88.79,39.01],[-88.34,39.01],[-88.34,38.85],[-88.7,38.83],[-88.7,38.91]]],""type"":""Polygon""},""properties"":{""_map_py"":{""effective"":""2026-06-21T21:52:00Z"",""event"":""Severe Thunderstorm Warning"",""expires"":""2026-06-21T22:45:00Z"",""has_polygon"":true,""headline"":"""",""sender"":""ILX""},""effective"":""2026-06-21T21:52:00Z"",""event"":""Severe Thunderstorm Warning"",""expires"":""2026-06-21T22:45:00Z"",""headline"":"""",""iem_damagetag"":"""",""iem_emergency"":""False"",""iem_event_id"":""305"",""iem_forecaster"":""Copple"",""iem_gtype"":""P"",""iem_hailtag"":""1.0"",""iem_phenomena"":""SV"",""iem_raw_properties"":{""AREA_KM2"":""680.3286733649376"",""DAMAGTAG"":null,""EMERGENC"":""False"",""ETN"":""305"",""EXPIRED"":""202606212245"",""FCSTER"":""Copple"",""GTYPE"":""P"",""HAILTAG"":""1.0"",""HV_CAUSE"":null,""HV_NWSLI"":null,""HV_REC"":null,""HV_SEV"":null,""INIT_EXP"":""202606212245"",""INIT_ISS"":""202606212152"",""ISSUED"":""202606212152"",""NWS_UGC"":null,""PHENOM"":""SV"",""POLY_BEG"":""202606212152"",""POLY_END"":""202606212204"",""PROD_ID"":""202606212152-KILX-WUUS53-SVRILX"",""SIG"":""W"",""STATUS"":""NEW"",""TORNTAG"":""POSSIBLE"",""UPDATED"":""202606212152"",""VTEC_YR"":""2026"",""WFO"":""ILX"",""WINDTAG"":""60.0""},""iem_significance"":""W"",""iem_tornadotag"":""POSSIBLE"",""iem_ugc"":"""",""iem_wfo"":""ILX"",""iem_windtag"":""60.0"",""senderName"":""ILX"",""status"":""NEW""},""type"":""Feature""}",2026-04-27T17:31:58Z,2026-07-09T05:15:02Z,2026-07-09T18:49:04Z
2120,iem_watchwarn,iem_watchwarn|ICT|326|SV|W|2026-06-21T21:53:00Z|2026-06-21T22:34:00Z|,Severe Thunderstorm Warning,,2026-06-21T21:53:00Z,2026-06-21T22:34:00Z,ICT,NEW,1,"{""coordinates"":[[[-96.15,37.22],[-96.14,37.42],[-95.64,37.52],[-95.7,37.05],[-96.15,37.22]]],""type"":""Polygon""}","{""_map_py"":{""effective"":""2026-06-21T21:53:00Z"",""event"":""Severe Thunderstorm Warning"",""expires"":""2026-06-21T22:34:00Z"",""has_polygon"":true,""headline"":"""",""sender"":""ICT""},""effective"":""2026-06-21T21:53:00Z"",""event"":""Severe Thunderstorm Warning"",""expires"":""2026-06-21T22:34:00Z"",""headline"":"""",""iem_damagetag"":"""",""iem_emergency"":""False"",""iem_event_id"":""326"",""iem_forecaster"":""KLEINSASSER"",""iem_gtype"":""P"",""iem_hailtag"":""1.0"",""iem_phenomena"":""SV"",""iem_raw_properties"":{""AREA_KM2"":""1576.7967556794047"",""DAMAGTAG"":null,""EMERGENC"":""False"",""ETN"":""326"",""EXPIRED"":""202606212234"",""FCSTER"":""KLEINSASSER"",""GTYPE"":""P"",""HAILTAG"":""1.0"",""HV_CAUSE"":null,""HV_NWSLI"":null,""HV_REC"":null,""HV_SEV"":null,""INIT_EXP"":""202606212300"",""INIT_ISS"":""202606212153"",""ISSUED"":""202606212153"",""NWS_UGC"":null,""PHENOM"":""SV"",""POLY_BEG"":""202606212153"",""POLY_END"":""202606212157"",""PROD_ID"":""202606212153-KICT-WUUS53-SVRICT"",""SIG"":""W"",""STATUS"":""NEW"",""TORNTAG"":null,""UPDATED"":""202606212153"",""VTEC_YR"":""2026"",""WFO"":""ICT"",""WINDTAG"":""60.0""},""iem_significance"":""W"",""iem_tornadotag"":"""",""iem_ugc"":"""",""iem_wfo"":""ICT"",""iem_windtag"":""60.0"",""senderName"":""ICT"",""status"":""NEW""}","{""geometry"":{""coordinates"":[[[-96.15,37.22],[-96.14,37.42],[-95.64,37.52],[-95.7,37.05],[-96.15,37.22]]],""type"":""Polygon""},""properties"":{""_map_py"":{""effective"":""2026-06-21T21:53:00Z"",""event"":""Severe Thunderstorm Warning"",""expires"":""2026-06-21T22:34:00Z"",""has_polygon"":true,""headline"":"""",""sender"":""ICT""},""effective"":""2026-06-21T21:53:00Z"",""event"":""Severe Thunderstorm Warning"",""expires"":""2026-06-21T22:34:00Z"",""headline"":"""",""iem_damagetag"":"""",""iem_emergency"":""False"",""iem_event_id"":""326"",""iem_forecaster"":""KLEINSASSER"",""iem_gtype"":""P"",""iem_hailtag"":""1.0"",""iem_phenomena"":""SV"",""iem_raw_properties"":{""AREA_KM2"":""1576.7967556794047"",""DAMAGTAG"":null,""EMERGENC"":""False"",""ETN"":""326"",""EXPIRED"":""202606212234"",""FCSTER"":""KLEINSASSER"",""GTYPE"":""P"",""HAILTAG"":""1.0"",""HV_CAUSE"":null,""HV_NWSLI"":null,""HV_REC"":null,""HV_SEV"":null,""INIT_EXP"":""202606212300"",""INIT_ISS"":""202606212153"",""ISSUED"":""202606212153"",""NWS_UGC"":null,""PHENOM"":""SV"",""POLY_BEG"":""202606212153"",""POLY_END"":""202606212157"",""PROD_ID"":""202606212153-KICT-WUUS53-SVRICT"",""SIG"":""W"",""STATUS"":""NEW"",""TORNTAG"":null,""UPDATED"":""202606212153"",""VTEC_YR"":""2026"",""WFO"":""ICT"",""WINDTAG"":""60.0""},""iem_significance"":""W"",""iem_tornadotag"":"""",""iem_ugc"":"""",""iem_wfo"":""ICT"",""iem_windtag"":""60.0"",""senderName"":""ICT"",""status"":""NEW""},""type"":""Feature""}",2026-04-27T17:31:58Z,2026-07-09T05:15:02Z,2026-07-09T18:49:04Z
8875,iem_watchwarn,iem_watchwarn|ILX|306|SV|W|2026-06-21T21:56:00Z|2026-06-21T23:00:00Z|,Severe Thunderstorm Warning,,2026-06-21T21:56:00Z,2026-06-21T23:00:00Z,ILX,NEW,1,"{""coordinates"":[[[-87.5,38.75],[-88.17,38.78],[-88.17,38.85],[-87.53,38.85],[-87.52,38.83],[-87.53,38.82],[-87.5,38.79],[-87.5,38.78],[-87.51,38.77],[-87.5,38.76],[-87.5,38.75]]],""type"":""Polygon""}","{""_map_py"":{""effective"":""2026-06-21T21:56:00Z"",""event"":""Severe Thunderstorm Warning"",""expires"":""2026-06-21T23:00:00Z"",""has_polygon"":true,""headline"":"""",""sender"":""ILX""},""effective"":""2026-06-21T21:56:00Z"",""event"":""Severe Thunderstorm Warning"",""expires"":""2026-06-21T23:00:00Z"",""headline"":"""",""iem_damagetag"":"""",""iem_emergency"":""False"",""iem_event_id"":""306"",""iem_forecaster"":""Erwin"",""iem_gtype"":""P"",""iem_hailtag"":""1.0"",""iem_phenomena"":""SV"",""iem_raw_properties"":{""AREA_KM2"":""535.8873811844675"",""DAMAGTAG"":null,""EMERGENC"":""False"",""ETN"":""306"",""EXPIRED"":""202606212300"",""FCSTER"":""Erwin"",""GTYPE"":""P"",""HAILTAG"":""1.0"",""HV_CAUSE"":null,""HV_NWSLI"":null,""HV_REC"":null,""HV_SEV"":null,""INIT_EXP"":""202606212300"",""INIT_ISS"":""202606212156"",""ISSUED"":""202606212156"",""NWS_UGC"":null,""PHENOM"":""SV"",""POLY_BEG"":""202606212156"",""POLY_END"":""202606212300"",""PROD_ID"":""202606212156-KILX-WUUS53-SVRILX"",""SIG"":""W"",""STATUS"":""NEW"",""TORNTAG"":null,""UPDATED"":""202606212156"",""VTEC_YR"":""2026"",""WFO"":""ILX"",""WINDTAG"":""60.0""},""iem_significance"":""W"",""iem_tornadotag"":"""",""iem_ugc"":"""",""iem_wfo"":""ILX"",""iem_windtag"":""60.0"",""senderName"":""ILX"",""status"":""NEW""}","{""geometry"":{""coordinates"":[[[-87.5,38.75],[-88.17,38.78],[-88.17,38.85],[-87.53,38.85],[-87.52,38.83],[-87.53,38.82],[-87.5,38.79],[-87.5,38.78],[-87.51,38.77],[-87.5,38.76],[-87.5,38.75]]],""type"":""Polygon""},""properties"":{""_map_py"":{""effective"":""2026-06-21T21:56:00Z"",""event"":""Severe Thunderstorm Warning"",""expires"":""2026-06-21T23:00:00Z"",""has_polygon"":true,""headline"":"""",""sender"":""ILX""},""effective"":""2026-06-21T21:56:00Z"",""event"":""Severe Thunderstorm Warning"",""expires"":""2026-06-21T23:00:00Z"",""headline"":"""",""iem_damagetag"":"""",""iem_emergency"":""False"",""iem_event_id"":""306"",""iem_forecaster"":""Erwin"",""iem_gtype"":""P"",""iem_hailtag"":""1.0"",""iem_phenomena"":""SV"",""iem_raw_properties"":{""AREA_KM2"":""535.8873811844675"",""DAMAGTAG"":null,""EMERGENC"":""False"",""ETN"":""306"",""EXPIRED"":""202606212300"",""FCSTER"":""Erwin"",""GTYPE"":""P"",""HAILTAG"":""1.0"",""HV_CAUSE"":null,""HV_NWSLI"":null,""HV_REC"":null,""HV_SEV"":null,""INIT_EXP"":""202606212300"",""INIT_ISS"":""202606212156"",""ISSUED"":""202606212156"",""NWS_UGC"":null,""PHENOM"":""SV"",""POLY_BEG"":""202606212156"",""POLY_END"":""202606212300"",""PROD_ID"":""202606212156-KILX-WUUS53-SVRILX"",""SIG"":""W"",""STATUS"":""NEW"",""TORNTAG"":null,""UPDATED"":""202606212156"",""VTEC_YR"":""2026"",""WFO"":""ILX"",""WINDTAG"":""60.0""},""iem_significance"":""W"",""iem_tornadotag"":"""",""iem_ugc"":"""",""iem_wfo"":""ILX"",""iem_windtag"":""60.0"",""senderName"":""ILX"",""status"":""NEW""},""type"":""Feature""}",2026-04-27T17:31:58Z,2026-07-09T05:15:02Z,2026-07-09T18:49:04Z
5878,iem_watchwarn,iem_watchwarn|ICT|24|TO|W|2026-06-21T22:01:00Z|2026-06-21T22:24:00Z|,Tornado Warning,,2026-06-21T22:01:00Z,2026-06-21T22:24:00Z,ICT,NEW,1,"{""coordinates"":[[[-96.1,37.24],[-96.06,37.3],[-95.97,37.3],[-95.96,37.31],[-95.82,37.32],[-95.93,37.11],[-96.1,37.24]]],""type"":""Polygon""}","{""_map_py"":{""effective"":""2026-06-21T22:01:00Z"",""event"":""Tornado Warning"",""expires"":""2026-06-21T22:24:00Z"",""has_polygon"":true,""headline"":"""",""sender"":""ICT""},""effective"":""2026-06-21T22:01:00Z"",""event"":""Tornado Warning"",""expires"":""2026-06-21T22:24:00Z"",""headline"":"""",""iem_damagetag"":"""",""iem_emergency"":""False"",""iem_event_id"":""24"",""iem_forecaster"":""KLEINSASSER"",""iem_gtype"":""P"",""iem_hailtag"":""1.0"",""iem_phenomena"":""TO"",""iem_raw_properties"":{""AREA_KM2"":""310.36612423864364"",""DAMAGTAG"":null,""EMERGENC"":""False"",""ETN"":""24"",""EXPIRED"":""202606212224"",""FCSTER"":""KLEINSASSER"",""GTYPE"":""P"",""HAILTAG"":""1.0"",""HV_CAUSE"":null,""HV_NWSLI"":null,""HV_REC"":null,""HV_SEV"":null,""INIT_EXP"":""202606212245"",""INIT_ISS"":""202606212201"",""ISSUED"":""202606212201"",""NWS_UGC"":null,""PHENOM"":""TO"",""POLY_BEG"":""202606212201"",""POLY_END"":""202606212208"",""PROD_ID"":""202606212201-KICT-WFUS53-TORICT"",""SIG"":""W"",""STATUS"":""NEW"",""TORNTAG"":""RADAR INDICATED"",""UPDATED"":""202606212201"",""VTEC_YR"":""2026"",""WFO"":""ICT"",""WINDTAG"":null},""iem_significance"":""W"",""iem_tornadotag"":""RADAR INDICATED"",""iem_ugc"":"""",""iem_wfo"":""ICT"",""iem_windtag"":"""",""senderName"":""ICT"",""status"":""NEW""}","{""geometry"":{""coordinates"":[[[-96.1,37.24],[-96.06,37.3],[-95.97,37.3],[-95.96,37.31],[-95.82,37.32],[-95.93,37.11],[-96.1,37.24]]],""type"":""Polygon""},""properties"":{""_map_py"":{""effective"":""2026-06-21T22:01:00Z"",""event"":""Tornado Warning"",""expires"":""2026-06-21T22:24:00Z"",""has_polygon"":true,""headline"":"""",""sender"":""ICT""},""effective"":""2026-06-21T22:01:00Z"",""event"":""Tornado Warning"",""expires"":""2026-06-21T22:24:00Z"",""headline"":"""",""iem_damagetag"":"""",""iem_emergency"":""False"",""iem_event_id"":""24"",""iem_forecaster"":""KLEINSASSER"",""iem_gtype"":""P"",""iem_hailtag"":""1.0"",""iem_phenomena"":""TO"",""iem_raw_properties"":{""AREA_KM2"":""310.36612423864364"",""DAMAGTAG"":null,""EMERGENC"":""False"",""ETN"":""24"",""EXPIRED"":""202606212224"",""FCSTER"":""KLEINSASSER"",""GTYPE"":""P"",""HAILTAG"":""1.0"",""HV_CAUSE"":null,""HV_NWSLI"":null,""HV_REC"":null,""HV_SEV"":null,""INIT_EXP"":""202606212245"",""INIT_ISS"":""202606212201"",""ISSUED"":""202606212201"",""NWS_UGC"":null,""PHENOM"":""TO"",""POLY_BEG"":""202606212201"",""POLY_END"":""202606212208"",""PROD_ID"":""202606212201-KICT-WFUS53-TORICT"",""SIG"":""W"",""STATUS"":""NEW"",""TORNTAG"":""RADAR INDICATED"",""UPDATED"":""202606212201"",""VTEC_YR"":""2026"",""WFO"":""ICT"",""WINDTAG"":null},""iem_significance"":""W"",""iem_tornadotag"":""RADAR INDICATED"",""iem_ugc"":"""",""iem_wfo"":""ICT"",""iem_windtag"":"""",""senderName"":""ICT"",""status"":""NEW""},""type"":""Feature""}",2026-04-27T17:31:58Z,2026-07-09T05:15:02Z,2026-07-09T18:49:04Z
7438,iem_watchwarn,iem_watchwarn|LSX|69|TO|W|2026-06-21T22:02:00Z|2026-06-21T22:45:00Z|,Tornado Warning,,2026-06-21T22:02:00Z,2026-06-21T22:45:00Z,LSX,NEW,1,"{""coordinates"":[[[-90.04,38.66],[-90.04,38.73],[-89.6,38.76],[-89.6,38.74],[-89.52,38.74],[-89.51,38.53],[-90.04,38.6],[-90.04,38.66]]],""type"":""Polygon""}","{""_map_py"":{""effective"":""2026-06-21T22:02:00Z"",""event"":""Tornado Warning"",""expires"":""2026-06-21T22:45:00Z"",""has_polygon"":true,""headline"":"""",""sender"":""LSX""},""effective"":""2026-06-21T22:02:00Z"",""event"":""Tornado Warning"",""expires"":""2026-06-21T22:45:00Z"",""headline"":"""",""iem_damagetag"":"""",""iem_emergency"":""False"",""iem_event_id"":""69"",""iem_forecaster"":""BSH"",""iem_gtype"":""P"",""iem_hailtag"":""1.0"",""iem_phenomena"":""TO"",""iem_raw_properties"":{""AREA_KM2"":""906.1394133217553"",""DAMAGTAG"":null,""EMERGENC"":""False"",""ETN"":""69"",""EXPIRED"":""202606212245"",""FCSTER"":""BSH"",""GTYPE"":""P"",""HAILTAG"":""1.0"",""HV_CAUSE"":null,""HV_NWSLI"":null,""HV_REC"":null,""HV_SEV"":null,""INIT_EXP"":""202606212245"",""INIT_ISS"":""202606212202"",""ISSUED"":""202606212202"",""NWS_UGC"":null,""PHENOM"":""TO"",""POLY_BEG"":""202606212202"",""POLY_END"":""202606212215"",""PROD_ID"":""202606212202-KLSX-WFUS53-TORLSX"",""SIG"":""W"",""STATUS"":""NEW"",""TORNTAG"":""RADAR INDICATED"",""UPDATED"":""202606212202"",""VTEC_YR"":""2026"",""WFO"":""LSX"",""WINDTAG"":null},""iem_significance"":""W"",""iem_tornadotag"":""RADAR INDICATED"",""iem_ugc"":"""",""iem_wfo"":""LSX"",""iem_windtag"":"""",""senderName"":""LSX"",""status"":""NEW""}","{""geometry"":{""coordinates"":[[[-90.04,38.66],[-90.04,38.73],[-89.6,38.76],[-89.6,38.74],[-89.52,38.74],[-89.51,38.53],[-90.04,38.6],[-90.04,38.66]]],""type"":""Polygon""},""properties"":{""_map_py"":{""effective"":""2026-06-21T22:02:00Z"",""event"":""Tornado Warning"",""expires"":""2026-06-21T22:45:00Z"",""has_polygon"":true,""headline"":"""",""sender"":""LSX""},""effective"":""2026-06-21T22:02:00Z"",""event"":""Tornado Warning"",""expires"":""2026-06-21T22:45:00Z"",""headline"":"""",""iem_damagetag"":"""",""iem_emergency"":""False"",""iem_event_id"":""69"",""iem_forecaster"":""BSH"",""iem_gtype"":""P"",""iem_hailtag"":""1.0"",""iem_phenomena"":""TO"",""iem_raw_properties"":{""AREA_KM2"":""906.1394133217553"",""DAMAGTAG"":null,""EMERGENC"":""False"",""ETN"":""69"",""EXPIRED"":""202606212245"",""FCSTER"":""BSH"",""GTYPE"":""P"",""HAILTAG"":""1.0"",""HV_CAUSE"":null,""HV_NWSLI"":null,""HV_REC"":null,""HV_SEV"":null,""INIT_EXP"":""202606212245"",""INIT_ISS"":""202606212202"",""ISSUED"":""202606212202"",""NWS_UGC"":null,""PHENOM"":""TO"",""POLY_BEG"":""202606212202"",""POLY_END"":""202606212215"",""PROD_ID"":""202606212202-KLSX-WFUS53-TORLSX"",""SIG"":""W"",""STATUS"":""NEW"",""TORNTAG"":""RADAR INDICATED"",""UPDATED"":""202606212202"",""VTEC_YR"":""2026"",""WFO"":""LSX"",""WINDTAG"":null},""iem_significance"":""W"",""iem_tornadotag"":""RADAR INDICATED"",""iem_ugc"":"""",""iem_wfo"":""LSX"",""iem_windtag"":"""",""senderName"":""LSX"",""status"":""NEW""},""type"":""Feature""}",2026-04-27T17:31:58Z,2026-07-09T05:15:02Z,2026-07-09T18:49:04Z
3778,iem_watchwarn,iem_watchwarn|PAH|38|TO|W|2026-06-21T22:07:00Z|2026-06-21T22:37:00Z|,Tornado Warning,,2026-06-21T22:07:00Z,2026-06-21T22:37:00Z,PAH,NEW,1,"{""coordinates"":[[[-88.64,38.47],[-88.58,38.35],[-88.87,38.36],[-88.88,38.48],[-88.7,38.48],[-88.64,38.47]]],""type"":""Polygon""}","{""_map_py"":{""effective"":""2026-06-21T22:07:00Z"",""event"":""Tornado Warning"",""expires"":""2026-06-21T22:37:00Z"",""has_polygon"":true,""headline"":"""",""sender"":""PAH""},""effective"":""2026-06-21T22:07:00Z"",""event"":""Tornado Warning"",""expires"":""2026-06-21T22:37:00Z"",""headline"":"""",""iem_damagetag"":"""",""iem_emergency"":""False"",""iem_event_id"":""38"",""iem_forecaster"":""DW"",""iem_gtype"":""P"",""iem_hailtag"":""1.25"",""iem_phenomena"":""TO"",""iem_raw_properties"":{""AREA_KM2"":""313.2735444231405"",""DAMAGTAG"":null,""EMERGENC"":""False"",""ETN"":""38"",""EXPIRED"":""202606212237"",""FCSTER"":""DW"",""GTYPE"":""P"",""HAILTAG"":""1.25"",""HV_CAUSE"":null,""HV_NWSLI"":null,""HV_REC"":null,""HV_SEV"":null,""INIT_EXP"":""202606212300"",""INIT_ISS"":""202606212207"",""ISSUED"":""202606212207"",""NWS_UGC"":null,""PHENOM"":""TO"",""POLY_BEG"":""202606212207"",""POLY_END"":""202606212212"",""PROD_ID"":""202606212207-KPAH-WFUS53-TORPAH"",""SIG"":""W"",""STATUS"":""NEW"",""TORNTAG"":""RADAR INDICATED"",""UPDATED"":""202606212207"",""VTEC_YR"":""2026"",""WFO"":""PAH"",""WINDTAG"":null},""iem_significance"":""W"",""iem_tornadotag"":""RADAR INDICATED"",""iem_ugc"":"""",""iem_wfo"":""PAH"",""iem_windtag"":"""",""senderName"":""PAH"",""status"":""NEW""}","{""geometry"":{""coordinates"":[[[-88.64,38.47],[-88.58,38.35],[-88.87,38.36],[-88.88,38.48],[-88.7,38.48],[-88.64,38.47]]],""type"":""Polygon""},""properties"":{""_map_py"":{""effective"":""2026-06-21T22:07:00Z"",""event"":""Tornado Warning"",""expires"":""2026-06-21T22:37:00Z"",""has_polygon"":true,""headline"":"""",""sender"":""PAH""},""effective"":""2026-06-21T22:07:00Z"",""event"":""Tornado Warning"",""expires"":""2026-06-21T22:37:00Z"",""headline"":"""",""iem_damagetag"":"""",""iem_emergency"":""False"",""iem_event_id"":""38"",""iem_forecaster"":""DW"",""iem_gtype"":""P"",""iem_hailtag"":""1.25"",""iem_phenomena"":""TO"",""iem_raw_properties"":{""AREA_KM2"":""313.2735444231405"",""DAMAGTAG"":null,""EMERGENC"":""False"",""ETN"":""38"",""EXPIRED"":""202606212237"",""FCSTER"":""DW"",""GTYPE"":""P"",""HAILTAG"":""1.25"",""HV_CAUSE"":null,""HV_NWSLI"":null,""HV_REC"":null,""HV_SEV"":null,""INIT_EXP"":""202606212300"",""INIT_ISS"":""202606212207"",""ISSUED"":""202606212207"",""NWS_UGC"":null,""PHENOM"":""TO"",""POLY_BEG"":""202606212207"",""POLY_END"":""202606212212"",""PROD_ID"":""202606212207-KPAH-WFUS53-TORPAH"",""SIG"":""W"",""STATUS"":""NEW"",""TORNTAG"":""RADAR INDICATED"",""UPDATED"":""202606212207"",""VTEC_YR"":""2026"",""WFO"":""PAH"",""WINDTAG"":null},""iem_significance"":""W"",""iem_tornadotag"":""RADAR INDICATED"",""iem_ugc"":"""",""iem_wfo"":""PAH"",""iem_windtag"":"""",""senderName"":""PAH"",""status"":""NEW""},""type"":""Feature""}",2026-04-27T17:31:58Z,2026-07-09T05:15:02Z,2026-07-09T18:49:04Z
5095,iem_watchwarn,iem_watchwarn|LSX|70|TO|W|2026-06-21T22:07:00Z|2026-06-21T22:45:00Z|,Tornado Warning,,2026-06-21T22:07:00Z,2026-06-21T22:45:00Z,LSX,NEW,1,"{""coordinates"":[[[-89.36,38.9],[-88.9,38.95],[-88.89,38.71],[-89.14,38.74],[-89.35,38.74],[-89.36,38.9]]],""type"":""Polygon""}","{""_map_py"":{""effective"":""2026-06-21T22:07:00Z"",""event"":""Tornado Warning"",""expires"":""2026-06-21T22:45:00Z"",""has_polygon"":true,""headline"":"""",""sender"":""LSX""},""effective"":""2026-06-21T22:07:00Z"",""event"":""Tornado Warning"",""expires"":""2026-06-21T22:45:00Z"",""headline"":"""",""iem_damagetag"":"""",""iem_emergency"":""False"",""iem_event_id"":""70"",""iem_forecaster"":""BSH"",""iem_gtype"":""P"",""iem_hailtag"":""1.0"",""iem_phenomena"":""TO"",""iem_raw_properties"":{""AREA_KM2"":""857.3294031634916"",""DAMAGTAG"":null,""EMERGENC"":""False"",""ETN"":""70"",""EXPIRED"":""202606212245"",""FCSTER"":""BSH"",""GTYPE"":""P"",""HAILTAG"":""1.0"",""HV_CAUSE"":null,""HV_NWSLI"":null,""HV_REC"":null,""HV_SEV"":null,""INIT_EXP"":""202606212245"",""INIT_ISS"":""202606212207"",""ISSUED"":""202606212207"",""NWS_UGC"":null,""PHENOM"":""TO"",""POLY_BEG"":""202606212207"",""POLY_END"":""202606212214"",""PROD_ID"":""202606212207-KLSX-WFUS53-TORLSX"",""SIG"":""W"",""STATUS"":""NEW"",""TORNTAG"":""RADAR INDICATED"",""UPDATED"":""202606212207"",""VTEC_YR"":""2026"",""WFO"":""LSX"",""WINDTAG"":null},""iem_significance"":""W"",""iem_tornadotag"":""RADAR INDICATED"",""iem_ugc"":"""",""iem_wfo"":""LSX"",""iem_windtag"":"""",""senderName"":""LSX"",""status"":""NEW""}","{""geometry"":{""coordinates"":[[[-89.36,38.9],[-88.9,38.95],[-88.89,38.71],[-89.14,38.74],[-89.35,38.74],[-89.36,38.9]]],""type"":""Polygon""},""properties"":{""_map_py"":{""effective"":""2026-06-21T22:07:00Z"",""event"":""Tornado Warning"",""expires"":""2026-06-21T22:45:00Z"",""has_polygon"":true,""headline"":"""",""sender"":""LSX""},""effective"":""2026-06-21T22:07:00Z"",""event"":""Tornado Warning"",""expires"":""2026-06-21T22:45:00Z"",""headline"":"""",""iem_damagetag"":"""",""iem_emergency"":""False"",""iem_event_id"":""70"",""iem_forecaster"":""BSH"",""iem_gtype"":""P"",""iem_hailtag"":""1.0"",""iem_phenomena"":""TO"",""iem_raw_properties"":{""AREA_KM2"":""857.3294031634916"",""DAMAGTAG"":null,""EMERGENC"":""False"",""ETN"":""70"",""EXPIRED"":""202606212245"",""FCSTER"":""BSH"",""GTYPE"":""P"",""HAILTAG"":""1.0"",""HV_CAUSE"":null,""HV_NWSLI"":null,""HV_REC"":null,""HV_SEV"":null,""INIT_EXP"":""202606212245"",""INIT_ISS"":""202606212207"",""ISSUED"":""202606212207"",""NWS_UGC"":null,""PHENOM"":""TO"",""POLY_BEG"":""202606212207"",""POLY_END"":""202606212214"",""PROD_ID"":""202606212207-KLSX-WFUS53-TORLSX"",""SIG"":""W"",""STATUS"":""NEW"",""TORNTAG"":""RADAR INDICATED"",""UPDATED"":""202606212207"",""VTEC_YR"":""2026"",""WFO"":""LSX"",""WINDTAG"":null},""iem_significance"":""W"",""iem_tornadotag"":""RADAR INDICATED"",""iem_ugc"":"""",""iem_wfo"":""LSX"",""iem_windtag"":"""",""senderName"":""LSX"",""status"":""NEW""},""type"":""Feature""}",2026-04-27T17:31:58Z,2026-07-09T05:15:02Z,2026-07-09T18:49:04Z
1313,iem_watchwarn,iem_watchwarn|IND|57|TO|W|2026-06-21T22:09:00Z|2026-06-21T22:30:00Z|,Tornado Warning,,2026-06-21T22:09:00Z,2026-06-21T22:30:00Z,IND,NEW,1,"{""coordinates"":[[[-87.53,39.62],[-87.41,39.73],[-87.14,39.66],[-87.53,39.41],[-87.53,39.62]]],""type"":""Polygon""}","{""_map_py"":{""effective"":""2026-06-21T22:09:00Z"",""event"":""Tornado Warning"",""expires"":""2026-06-21T22:30:00Z"",""has_polygon"":true,""headline"":"""",""sender"":""IND""},""effective"":""2026-06-21T22:09:00Z"",""event"":""Tornado Warning"",""expires"":""2026-06-21T22:30:00Z"",""headline"":"""",""iem_damagetag"":"""",""iem_emergency"":""False"",""iem_event_id"":""57"",""iem_forecaster"":""GM"",""iem_gtype"":""P"",""iem_hailtag"":""0.75"",""iem_phenomena"":""TO"",""iem_raw_properties"":{""AREA_KM2"":""570.7565249471486"",""DAMAGTAG"":null,""EMERGENC"":""False"",""ETN"":""57"",""EXPIRED"":""202606212230"",""FCSTER"":""GM"",""GTYPE"":""P"",""HAILTAG"":""0.75"",""HV_CAUSE"":null,""HV_NWSLI"":null,""HV_REC"":null,""HV_SEV"":null,""INIT_EXP"":""202606212230"",""INIT_ISS"":""202606212209"",""ISSUED"":""202606212209"",""NWS_UGC"":null,""PHENOM"":""TO"",""POLY_BEG"":""202606212209"",""POLY_END"":""202606212217"",""PROD_ID"":""202606212209-KIND-WFUS53-TORIND"",""SIG"":""W"",""STATUS"":""NEW"",""TORNTAG"":""RADAR INDICATED"",""UPDATED"":""202606212209"",""VTEC_YR"":""2026"",""WFO"":""IND"",""WINDTAG"":null},""iem_significance"":""W"",""iem_tornadotag"":""RADAR INDICATED"",""iem_ugc"":"""",""iem_wfo"":""IND"",""iem_windtag"":"""",""senderName"":""IND"",""status"":""NEW""}","{""geometry"":{""coordinates"":[[[-87.53,39.62],[-87.41,39.73],[-87.14,39.66],[-87.53,39.41],[-87.53,39.62]]],""type"":""Polygon""},""properties"":{""_map_py"":{""effective"":""2026-06-21T22:09:00Z"",""event"":""Tornado Warning"",""expires"":""2026-06-21T22:30:00Z"",""has_polygon"":true,""headline"":"""",""sender"":""IND""},""effective"":""2026-06-21T22:09:00Z"",""event"":""Tornado Warning"",""expires"":""2026-06-21T22:30:00Z"",""headline"":"""",""iem_damagetag"":"""",""iem_emergency"":""False"",""iem_event_id"":""57"",""iem_forecaster"":""GM"",""iem_gtype"":""P"",""iem_hailtag"":""0.75"",""iem_phenomena"":""TO"",""iem_raw_properties"":{""AREA_KM2"":""570.7565249471486"",""DAMAGTAG"":null,""EMERGENC"":""False"",""ETN"":""57"",""EXPIRED"":""202606212230"",""FCSTER"":""GM"",""GTYPE"":""P"",""HAILTAG"":""0.75"",""HV_CAUSE"":null,""HV_NWSLI"":null,""HV_REC"":null,""HV_SEV"":null,""INIT_EXP"":""202606212230"",""INIT_ISS"":""202606212209"",""ISSUED"":""202606212209"",""NWS_UGC"":null,""PHENOM"":""TO"",""POLY_BEG"":""202606212209"",""POLY_END"":""202606212217"",""PROD_ID"":""202606212209-KIND-WFUS53-TORIND"",""SIG"":""W"",""STATUS"":""NEW"",""TORNTAG"":""RADAR INDICATED"",""UPDATED"":""202606212209"",""VTEC_YR"":""2026"",""WFO"":""IND"",""WINDTAG"":null},""iem_significance"":""W"",""iem_tornadotag"":""RADAR INDICATED"",""iem_ugc"":"""",""iem_wfo"":""IND"",""iem_windtag"":"""",""senderName"":""IND"",""status"":""NEW""},""type"":""Feature""}",2026-04-27T17:31:58Z,2026-07-09T05:15:02Z,2026-07-09T18:49:04Z
5566,iem_watchwarn,iem_watchwarn|GLD|156|SV|W|2026-06-21T22:09:00Z|2026-06-21T23:00:00Z|,Severe Thunderstorm Warning,,2026-06-21T22:09:00Z,2026-06-21T23:00:00Z,GLD,NEW,1,"{""coordinates"":[[[-101.64,39.57],[-101.64,39.73],[-101.42,39.77],[-100.84,39.59],[-101.09,39.4],[-101.43,39.33],[-101.64,39.57]]],""type"":""Polygon""}","{""_map_py"":{""effective"":""2026-06-21T22:09:00Z"",""event"":""Severe Thunderstorm Warning"",""expires"":""2026-06-21T23:00:00Z"",""has_polygon"":true,""headline"":"""",""sender"":""GLD""},""effective"":""2026-06-21T22:09:00Z"",""event"":""Severe Thunderstorm Warning"",""expires"":""2026-06-21T23:00:00Z"",""headline"":"""",""iem_damagetag"":"""",""iem_emergency"":""False"",""iem_event_id"":""156"",""iem_forecaster"":""Alexander"",""iem_gtype"":""P"",""iem_hailtag"":""1.0"",""iem_phenomena"":""SV"",""iem_raw_properties"":{""AREA_KM2"":""2069.9534331544805"",""DAMAGTAG"":null,""EMERGENC"":""False"",""ETN"":""156"",""EXPIRED"":""202606212300"",""FCSTER"":""Alexander"",""GTYPE"":""P"",""HAILTAG"":""1.0"",""HV_CAUSE"":null,""HV_NWSLI"":null,""HV_REC"":null,""HV_SEV"":null,""INIT_EXP"":""202606212300"",""INIT_ISS"":""202606212209"",""ISSUED"":""202606212209"",""NWS_UGC"":null,""PHENOM"":""SV"",""POLY_BEG"":""202606212209"",""POLY_END"":""202606212224"",""PROD_ID"":""202606212209-KGLD-WUUS53-SVRGLD"",""SIG"":""W"",""STATUS"":""NEW"",""TORNTAG"":null,""UPDATED"":""202606212209"",""VTEC_YR"":""2026"",""WFO"":""GLD"",""WINDTAG"":""60.0""},""iem_significance"":""W"",""iem_tornadotag"":"""",""iem_ugc"":"""",""iem_wfo"":""GLD"",""iem_windtag"":""60.0"",""senderName"":""GLD"",""status"":""NEW""}","{""geometry"":{""coordinates"":[[[-101.64,39.57],[-101.64,39.73],[-101.42,39.77],[-100.84,39.59],[-101.09,39.4],[-101.43,39.33],[-101.64,39.57]]],""type"":""Polygon""},""properties"":{""_map_py"":{""effective"":""2026-06-21T22:09:00Z"",""event"":""Severe Thunderstorm Warning"",""expires"":""2026-06-21T23:00:00Z"",""has_polygon"":true,""headline"":"""",""sender"":""GLD""},""effective"":""2026-06-21T22:09:00Z"",""event"":""Severe Thunderstorm Warning"",""expires"":""2026-06-21T23:00:00Z"",""headline"":"""",""iem_damagetag"":"""",""iem_emergency"":""False"",""iem_event_id"":""156"",""iem_forecaster"":""Alexander"",""iem_gtype"":""P"",""iem_hailtag"":""1.0"",""iem_phenomena"":""SV"",""iem_raw_properties"":{""AREA_KM2"":""2069.9534331544805"",""DAMAGTAG"":null,""EMERGENC"":""False"",""ETN"":""156"",""EXPIRED"":""202606212300"",""FCSTER"":""Alexander"",""GTYPE"":""P"",""HAILTAG"":""1.0"",""HV_CAUSE"":null,""HV_NWSLI"":null,""HV_REC"":null,""HV_SEV"":null,""INIT_EXP"":""202606212300"",""INIT_ISS"":""202606212209"",""ISSUED"":""202606212209"",""NWS_UGC"":null,""PHENOM"":""SV"",""POLY_BEG"":""202606212209"",""POLY_END"":""202606212224"",""PROD_ID"":""202606212209-KGLD-WUUS53-SVRGLD"",""SIG"":""W"",""STATUS"":""NEW"",""TORNTAG"":null,""UPDATED"":""202606212209"",""VTEC_YR"":""2026"",""WFO"":""GLD"",""WINDTAG"":""60.0""},""iem_significance"":""W"",""iem_tornadotag"":"""",""iem_ugc"":"""",""iem_wfo"":""GLD"",""iem_windtag"":""60.0"",""senderName"":""GLD"",""status"":""NEW""},""type"":""Feature""}",2026-04-27T17:31:58Z,2026-07-09T05:15:02Z,2026-07-09T18:49:04Z
5890,iem_watchwarn,iem_watchwarn|GLD|19|TO|W|2026-06-21T22:12:00Z|2026-06-21T22:31:00Z|,Tornado Warning,,2026-06-21T22:12:00Z,2026-06-21T22:31:00Z,GLD,NEW,1,"{""coordinates"":[[[-100.85,39.58],[-101.28,39.28],[-101.47,39.52],[-101.41,39.57],[-101.41,39.65],[-101.39,39.68],[-100.85,39.58]]],""type"":""Polygon""}","{""_map_py"":{""effective"":""2026-06-21T22:12:00Z"",""event"":""Tornado Warning"",""expires"":""2026-06-21T22:31:00Z"",""has_polygon"":true,""headline"":"""",""sender"":""GLD""},""effective"":""2026-06-21T22:12:00Z"",""event"":""Tornado Warning"",""expires"":""2026-06-21T22:31:00Z"",""headline"":"""",""iem_damagetag"":"""",""iem_emergency"":""False"",""iem_event_id"":""19"",""iem_forecaster"":""Alexander"",""iem_gtype"":""P"",""iem_hailtag"":""1.0"",""iem_phenomena"":""TO"",""iem_raw_properties"":{""AREA_KM2"":""1194.7508239488016"",""DAMAGTAG"":null,""EMERGENC"":""False"",""ETN"":""19"",""EXPIRED"":""202606212231"",""FCSTER"":""Alexander"",""GTYPE"":""P"",""HAILTAG"":""1.0"",""HV_CAUSE"":null,""HV_NWSLI"":null,""HV_REC"":null,""HV_SEV"":null,""INIT_EXP"":""202606212300"",""INIT_ISS"":""202606212212"",""ISSUED"":""202606212212"",""NWS_UGC"":null,""PHENOM"":""TO"",""POLY_BEG"":""202606212212"",""POLY_END"":""202606212219"",""PROD_ID"":""202606212212-KGLD-WFUS53-TORGLD"",""SIG"":""W"",""STATUS"":""NEW"",""TORNTAG"":""RADAR INDICATED"",""UPDATED"":""202606212212"",""VTEC_YR"":""2026"",""WFO"":""GLD"",""WINDTAG"":null},""iem_significance"":""W"",""iem_tornadotag"":""RADAR INDICATED"",""iem_ugc"":"""",""iem_wfo"":""GLD"",""iem_windtag"":"""",""senderName"":""GLD"",""status"":""NEW""}","{""geometry"":{""coordinates"":[[[-100.85,39.58],[-101.28,39.28],[-101.47,39.52],[-101.41,39.57],[-101.41,39.65],[-101.39,39.68],[-100.85,39.58]]],""type"":""Polygon""},""properties"":{""_map_py"":{""effective"":""2026-06-21T22:12:00Z"",""event"":""Tornado Warning"",""expires"":""2026-06-21T22:31:00Z"",""has_polygon"":true,""headline"":"""",""sender"":""GLD""},""effective"":""2026-06-21T22:12:00Z"",""event"":""Tornado Warning"",""expires"":""2026-06-21T22:31:00Z"",""headline"":"""",""iem_damagetag"":"""",""iem_emergency"":""False"",""iem_event_id"":""19"",""iem_forecaster"":""Alexander"",""iem_gtype"":""P"",""iem_hailtag"":""1.0"",""iem_phenomena"":""TO"",""iem_raw_properties"":{""AREA_KM2"":""1194.7508239488016"",""DAMAGTAG"":null,""EMERGENC"":""False"",""ETN"":""19"",""EXPIRED"":""202606212231"",""FCSTER"":""Alexander"",""GTYPE"":""P"",""HAILTAG"":""1.0"",""HV_CAUSE"":null,""HV_NWSLI"":null,""HV_REC"":null,""HV_SEV"":null,""INIT_EXP"":""202606212300"",""INIT_ISS"":""202606212212"",""ISSUED"":""202606212212"",""NWS_UGC"":null,""PHENOM"":""TO"",""POLY_BEG"":""202606212212"",""POLY_END"":""202606212219"",""PROD_ID"":""202606212212-KGLD-WFUS53-TORGLD"",""SIG"":""W"",""STATUS"":""NEW"",""TORNTAG"":""RADAR INDICATED"",""UPDATED"":""202606212212"",""VTEC_YR"":""2026"",""WFO"":""GLD"",""WINDTAG"":null},""iem_significance"":""W"",""iem_tornadotag"":""RADAR INDICATED"",""iem_ugc"":"""",""iem_wfo"":""GLD"",""iem_windtag"":"""",""senderName"":""GLD"",""status"":""NEW""},""type"":""Feature""}",2026-04-27T17:31:58Z,2026-07-09T05:15:02Z,2026-07-09T18:49:04Z
1044,iem_watchwarn,iem_watchwarn|ILX|125|TO|W|2026-06-21T22:12:00Z|2026-06-21T23:00:00Z|,Tornado Warning,,2026-06-21T22:12:00Z,2026-06-21T23:00:00Z,ILX,NEW,1,"{""coordinates"":[[[-88.37,38.67],[-88.36,38.83],[-87.97,38.81],[-87.98,38.63],[-88.37,38.67]]],""type"":""Polygon""}","{""_map_py"":{""effective"":""2026-06-21T22:12:00Z"",""event"":""Tornado Warning"",""expires"":""2026-06-21T23:00:00Z"",""has_polygon"":true,""headline"":"""",""sender"":""ILX""},""effective"":""2026-06-21T22:12:00Z"",""event"":""Tornado Warning"",""expires"":""2026-06-21T23:00:00Z"",""headline"":"""",""iem_damagetag"":"""",""iem_emergency"":""False"",""iem_event_id"":""125"",""iem_forecaster"":""Copple"",""iem_gtype"":""P"",""iem_hailtag"":""0.75"",""iem_phenomena"":""TO"",""iem_raw_properties"":{""AREA_KM2"":""642.3175845056915"",""DAMAGTAG"":null,""EMERGENC"":""False"",""ETN"":""125"",""EXPIRED"":""202606212300"",""FCSTER"":""Copple"",""GTYPE"":""P"",""HAILTAG"":""0.75"",""HV_CAUSE"":null,""HV_NWSLI"":null,""HV_REC"":null,""HV_SEV"":null,""INIT_EXP"":""202606212300"",""INIT_ISS"":""202606212212"",""ISSUED"":""202606212212"",""NWS_UGC"":null,""PHENOM"":""TO"",""POLY_BEG"":""202606212212"",""POLY_END"":""202606212300"",""PROD_ID"":""202606212212-KILX-WFUS53-TORILX"",""SIG"":""W"",""STATUS"":""NEW"",""TORNTAG"":""RADAR INDICATED"",""UPDATED"":""202606212212"",""VTEC_YR"":""2026"",""WFO"":""ILX"",""WINDTAG"":null},""iem_significance"":""W"",""iem_tornadotag"":""RADAR INDICATED"",""iem_ugc"":"""",""iem_wfo"":""ILX"",""iem_windtag"":"""",""senderName"":""ILX"",""status"":""NEW""}","{""geometry"":{""coordinates"":[[[-88.37,38.67],[-88.36,38.83],[-87.97,38.81],[-87.98,38.63],[-88.37,38.67]]],""type"":""Polygon""},""properties"":{""_map_py"":{""effective"":""2026-06-21T22:12:00Z"",""event"":""Tornado Warning"",""expires"":""2026-06-21T23:00:00Z"",""has_polygon"":true,""headline"":"""",""sender"":""ILX""},""effective"":""2026-06-21T22:12:00Z"",""event"":""Tornado Warning"",""expires"":""2026-06-21T23:00:00Z"",""headline"":"""",""iem_damagetag"":"""",""iem_emergency"":""False"",""iem_event_id"":""125"",""iem_forecaster"":""Copple"",""iem_gtype"":""P"",""iem_hailtag"":""0.75"",""iem_phenomena"":""TO"",""iem_raw_properties"":{""AREA_KM2"":""642.3175845056915"",""DAMAGTAG"":null,""EMERGENC"":""False"",""ETN"":""125"",""EXPIRED"":""202606212300"",""FCSTER"":""Copple"",""GTYPE"":""P"",""HAILTAG"":""0.75"",""HV_CAUSE"":null,""HV_NWSLI"":null,""HV_REC"":null,""HV_SEV"":null,""INIT_EXP"":""202606212300"",""INIT_ISS"":""202606212212"",""ISSUED"":""202606212212"",""NWS_UGC"":null,""PHENOM"":""TO"",""POLY_BEG"":""202606212212"",""POLY_END"":""202606212300"",""PROD_ID"":""202606212212-KILX-WFUS53-TORILX"",""SIG"":""W"",""STATUS"":""NEW"",""TORNTAG"":""RADAR INDICATED"",""UPDATED"":""202606212212"",""VTEC_YR"":""2026"",""WFO"":""ILX"",""WINDTAG"":null},""iem_significance"":""W"",""iem_tornadotag"":""RADAR INDICATED"",""iem_ugc"":"""",""iem_wfo"":""ILX"",""iem_windtag"":"""",""senderName"":""ILX"",""status"":""NEW""},""type"":""Feature""}",2026-04-27T17:31:58Z,2026-07-09T05:15:02Z,2026-07-09T18:49:04Z
7490,iem_watchwarn,iem_watchwarn|LBF|113|SV|W|2026-06-21T22:16:00Z|2026-06-21T23:00:00Z|,Severe Thunderstorm Warning,,2026-06-21T22:16:00Z,2026-06-21T23:00:00Z,LBF,NEW,1,"{""coordinates"":[[[-102.2,42.32],[-102.19,42.58],[-101.55,42.41],[-101.58,42.07],[-101.82,41.74],[-101.85,41.74],[-102.42,42.09],[-102.2,42.32]]],""type"":""Polygon""}","{""_map_py"":{""effective"":""2026-06-21T22:16:00Z"",""event"":""Severe Thunderstorm Warning"",""expires"":""2026-06-21T23:00:00Z"",""has_polygon"":true,""headline"":"""",""sender"":""LBF""},""effective"":""2026-06-21T22:16:00Z"",""event"":""Severe Thunderstorm Warning"",""expires"":""2026-06-21T23:00:00Z"",""headline"":"""",""iem_damagetag"":"""",""iem_emergency"":""False"",""iem_event_id"":""113"",""iem_forecaster"":""Gomez"",""iem_gtype"":""P"",""iem_hailtag"":""0.75"",""iem_phenomena"":""SV"",""iem_raw_properties"":{""AREA_KM2"":""4014.4940376884497"",""DAMAGTAG"":null,""EMERGENC"":""False"",""ETN"":""113"",""EXPIRED"":""202606212300"",""FCSTER"":""Gomez"",""GTYPE"":""P"",""HAILTAG"":""0.75"",""HV_CAUSE"":null,""HV_NWSLI"":null,""HV_REC"":null,""HV_SEV"":null,""INIT_EXP"":""202606212300"",""INIT_ISS"":""202606212216"",""ISSUED"":""202606212216"",""NWS_UGC"":null,""PHENOM"":""SV"",""POLY_BEG"":""202606212216"",""POLY_END"":""202606212244"",""PROD_ID"":""202606212216-KLBF-WUUS53-SVRLBF"",""SIG"":""W"",""STATUS"":""NEW"",""TORNTAG"":null,""UPDATED"":""202606212216"",""VTEC_YR"":""2026"",""WFO"":""LBF"",""WINDTAG"":""60.0""},""iem_significance"":""W"",""iem_tornadotag"":"""",""iem_ugc"":"""",""iem_wfo"":""LBF"",""iem_windtag"":""60.0"",""senderName"":""LBF"",""status"":""NEW""}","{""geometry"":{""coordinates"":[[[-102.2,42.32],[-102.19,42.58],[-101.55,42.41],[-101.58,42.07],[-101.82,41.74],[-101.85,41.74],[-102.42,42.09],[-102.2,42.32]]],""type"":""Polygon""},""properties"":{""_map_py"":{""effective"":""2026-06-21T22:16:00Z"",""event"":""Severe Thunderstorm Warning"",""expires"":""2026-06-21T23:00:00Z"",""has_polygon"":true,""headline"":"""",""sender"":""LBF""},""effective"":""2026-06-21T22:16:00Z"",""event"":""Severe Thunderstorm Warning"",""expires"":""2026-06-21T23:00:00Z"",""headline"":"""",""iem_damagetag"":"""",""iem_emergency"":""False"",""iem_event_id"":""113"",""iem_forecaster"":""Gomez"",""iem_gtype"":""P"",""iem_hailtag"":""0.75"",""iem_phenomena"":""SV"",""iem_raw_properties"":{""AREA_KM2"":""4014.4940376884497"",""DAMAGTAG"":null,""EMERGENC"":""False"",""ETN"":""113"",""EXPIRED"":""202606212300"",""FCSTER"":""Gomez"",""GTYPE"":""P"",""HAILTAG"":""0.75"",""HV_CAUSE"":null,""HV_NWSLI"":null,""HV_REC"":null,""HV_SEV"":null,""INIT_EXP"":""202606212300"",""INIT_ISS"":""202606212216"",""ISSUED"":""202606212216"",""NWS_UGC"":null,""PHENOM"":""SV"",""POLY_BEG"":""202606212216"",""POLY_END"":""202606212244"",""PROD_ID"":""202606212216-KLBF-WUUS53-SVRLBF"",""SIG"":""W"",""STATUS"":""NEW"",""TORNTAG"":null,""UPDATED"":""202606212216"",""VTEC_YR"":""2026"",""WFO"":""LBF"",""WINDTAG"":""60.0""},""iem_significance"":""W"",""iem_tornadotag"":"""",""iem_ugc"":"""",""iem_wfo"":""LBF"",""iem_windtag"":""60.0"",""senderName"":""LBF"",""status"":""NEW""},""type"":""Feature""}",2026-04-27T17:31:58Z,2026-07-09T05:15:02Z,2026-07-09T18:49:04Z
8660,iem_watchwarn,iem_watchwarn|TAE|165|SV|W|2026-06-21T22:19:00Z|2026-06-21T22:41:00Z|,Severe Thunderstorm Warning,,2026-06-21T22:19:00Z,2026-06-21T22:41:00Z,TAE,NEW,1,"{""coordinates"":[[[-85.74,30.57],[-85.44,30.6],[-85.43,30.58],[-85.43,30.57],[-85.36,30.57],[-85.35,30.47],[-85.39,30.36],[-85.72,30.4],[-85.77,30.43],[-85.74,30.57]]],""type"":""Polygon""}","{""_map_py"":{""effective"":""2026-06-21T22:19:00Z"",""event"":""Severe Thunderstorm Warning"",""expires"":""2026-06-21T22:41:00Z"",""has_polygon"":true,""headline"":"""",""sender"":""TAE""},""effective"":""2026-06-21T22:19:00Z"",""event"":""Severe Thunderstorm Warning"",""expires"":""2026-06-21T22:41:00Z"",""headline"":"""",""iem_damagetag"":"""",""iem_emergency"":""False"",""iem_event_id"":""165"",""iem_forecaster"":""99-OLIVER"",""iem_gtype"":""P"",""iem_hailtag"":""0.75"",""iem_phenomena"":""SV"",""iem_raw_properties"":{""AREA_KM2"":""839.0453089674371"",""DAMAGTAG"":null,""EMERGENC"":""False"",""ETN"":""165"",""EXPIRED"":""202606212241"",""FCSTER"":""99-OLIVER"",""GTYPE"":""P"",""HAILTAG"":""0.75"",""HV_CAUSE"":null,""HV_NWSLI"":null,""HV_REC"":null,""HV_SEV"":null,""INIT_EXP"":""202606212300"",""INIT_ISS"":""202606212219"",""ISSUED"":""202606212219"",""NWS_UGC"":null,""PHENOM"":""SV"",""POLY_BEG"":""202606212219"",""POLY_END"":""202606212241"",""PROD_ID"":""202606212219-KTAE-WUUS52-SVRTAE"",""SIG"":""W"",""STATUS"":""NEW"",""TORNTAG"":null,""UPDATED"":""202606212219"",""VTEC_YR"":""2026"",""WFO"":""TAE"",""WINDTAG"":""60.0""},""iem_significance"":""W"",""iem_tornadotag"":"""",""iem_ugc"":"""",""iem_wfo"":""TAE"",""iem_windtag"":""60.0"",""senderName"":""TAE"",""status"":""NEW""}","{""geometry"":{""coordinates"":[[[-85.74,30.57],[-85.44,30.6],[-85.43,30.58],[-85.43,30.57],[-85.36,30.57],[-85.35,30.47],[-85.39,30.36],[-85.72,30.4],[-85.77,30.43],[-85.74,30.57]]],""type"":""Polygon""},""properties"":{""_map_py"":{""effective"":""2026-06-21T22:19:00Z"",""event"":""Severe Thunderstorm Warning"",""expires"":""2026-06-21T22:41:00Z"",""has_polygon"":true,""headline"":"""",""sender"":""TAE""},""effective"":""2026-06-21T22:19:00Z"",""event"":""Severe Thunderstorm Warning"",""expires"":""2026-06-21T22:41:00Z"",""headline"":"""",""iem_damagetag"":"""",""iem_emergency"":""False"",""iem_event_id"":""165"",""iem_forecaster"":""99-OLIVER"",""iem_gtype"":""P"",""iem_hailtag"":""0.75"",""iem_phenomena"":""SV"",""iem_raw_properties"":{""AREA_KM2"":""839.0453089674371"",""DAMAGTAG"":null,""EMERGENC"":""False"",""ETN"":""165"",""EXPIRED"":""202606212241"",""FCSTER"":""99-OLIVER"",""GTYPE"":""P"",""HAILTAG"":""0.75"",""HV_CAUSE"":null,""HV_NWSLI"":null,""HV_REC"":null,""HV_SEV"":null,""INIT_EXP"":""202606212300"",""INIT_ISS"":""202606212219"",""ISSUED"":""202606212219"",""NWS_UGC"":null,""PHENOM"":""SV"",""POLY_BEG"":""202606212219"",""POLY_END"":""202606212241"",""PROD_ID"":""202606212219-KTAE-WUUS52-SVRTAE"",""SIG"":""W"",""STATUS"":""NEW"",""TORNTAG"":null,""UPDATED"":""202606212219"",""VTEC_YR"":""2026"",""WFO"":""TAE"",""WINDTAG"":""60.0""},""iem_significance"":""W"",""iem_tornadotag"":"""",""iem_ugc"":"""",""iem_wfo"":""TAE"",""iem_windtag"":""60.0"",""senderName"":""TAE"",""status"":""NEW""},""type"":""Feature""}",2026-04-27T17:31:58Z,2026-07-09T05:15:02Z,2026-07-09T18:49:04Z
7285,iem_watchwarn,iem_watchwarn|LSX|71|TO|W|2026-06-21T22:19:00Z|2026-06-21T23:00:00Z|,Tornado Warning,,2026-06-21T22:19:00Z,2026-06-21T23:00:00Z,LSX,NEW,1,"{""coordinates"":[[[-88.9,38.82],[-88.9,38.91],[-88.81,38.93],[-88.81,38.91],[-88.69,38.91],[-88.7,38.68],[-88.9,38.71],[-88.9,38.82]]],""type"":""Polygon""}","{""_map_py"":{""effective"":""2026-06-21T22:19:00Z"",""event"":""Tornado Warning"",""expires"":""2026-06-21T23:00:00Z"",""has_polygon"":true,""headline"":"""",""sender"":""LSX""},""effective"":""2026-06-21T22:19:00Z"",""event"":""Tornado Warning"",""expires"":""2026-06-21T23:00:00Z"",""headline"":"""",""iem_damagetag"":"""",""iem_emergency"":""False"",""iem_event_id"":""71"",""iem_forecaster"":""BSH"",""iem_gtype"":""P"",""iem_hailtag"":""0.0"",""iem_phenomena"":""TO"",""iem_raw_properties"":{""AREA_KM2"":""433.9837618007438"",""DAMAGTAG"":null,""EMERGENC"":""False"",""ETN"":""71"",""EXPIRED"":""202606212300"",""FCSTER"":""BSH"",""GTYPE"":""P"",""HAILTAG"":""0.0"",""HV_CAUSE"":null,""HV_NWSLI"":null,""HV_REC"":null,""HV_SEV"":null,""INIT_EXP"":""202606212300"",""INIT_ISS"":""202606212219"",""ISSUED"":""202606212219"",""NWS_UGC"":null,""PHENOM"":""TO"",""POLY_BEG"":""202606212219"",""POLY_END"":""202606212254"",""PROD_ID"":""202606212219-KLSX-WFUS53-TORLSX"",""SIG"":""W"",""STATUS"":""NEW"",""TORNTAG"":""RADAR INDICATED"",""UPDATED"":""202606212219"",""VTEC_YR"":""2026"",""WFO"":""LSX"",""WINDTAG"":null},""iem_significance"":""W"",""iem_tornadotag"":""RADAR INDICATED"",""iem_ugc"":"""",""iem_wfo"":""LSX"",""iem_windtag"":"""",""senderName"":""LSX"",""status"":""NEW""}","{""geometry"":{""coordinates"":[[[-88.9,38.82],[-88.9,38.91],[-88.81,38.93],[-88.81,38.91],[-88.69,38.91],[-88.7,38.68],[-88.9,38.71],[-88.9,38.82]]],""type"":""Polygon""},""properties"":{""_map_py"":{""effective"":""2026-06-21T22:19:00Z"",""event"":""Tornado Warning"",""expires"":""2026-06-21T23:00:00Z"",""has_polygon"":true,""headline"":"""",""sender"":""LSX""},""effective"":""2026-06-21T22:19:00Z"",""event"":""Tornado Warning"",""expires"":""2026-06-21T23:00:00Z"",""headline"":"""",""iem_damagetag"":"""",""iem_emergency"":""False"",""iem_event_id"":""71"",""iem_forecaster"":""BSH"",""iem_gtype"":""P"",""iem_hailtag"":""0.0"",""iem_phenomena"":""TO"",""iem_raw_properties"":{""AREA_KM2"":""433.9837618007438"",""DAMAGTAG"":null,""EMERGENC"":""False"",""ETN"":""71"",""EXPIRED"":""202606212300"",""FCSTER"":""BSH"",""GTYPE"":""P"",""HAILTAG"":""0.0"",""HV_CAUSE"":null,""HV_NWSLI"":null,""HV_REC"":null,""HV_SEV"":null,""INIT_EXP"":""202606212300"",""INIT_ISS"":""202606212219"",""ISSUED"":""202606212219"",""NWS_UGC"":null,""PHENOM"":""TO"",""POLY_BEG"":""202606212219"",""POLY_END"":""202606212254"",""PROD_ID"":""202606212219-KLSX-WFUS53-TORLSX"",""SIG"":""W"",""STATUS"":""NEW"",""TORNTAG"":""RADAR INDICATED"",""UPDATED"":""202606212219"",""VTEC_YR"":""2026"",""WFO"":""LSX"",""WINDTAG"":null},""iem_significance"":""W"",""iem_tornadotag"":""RADAR INDICATED"",""iem_ugc"":"""",""iem_wfo"":""LSX"",""iem_windtag"":"""",""senderName"":""LSX"",""status"":""NEW""},""type"":""Feature""}",2026-04-27T17:31:58Z,2026-07-09T05:15:02Z,2026-07-09T18:49:04Z
7448,iem_watchwarn,iem_watchwarn|GLD|157|SV|W|2026-06-21T22:19:00Z|2026-06-21T23:15:00Z|,Severe Thunderstorm Warning,,2026-06-21T22:19:00Z,2026-06-21T23:15:00Z,GLD,NEW,1,"{""coordinates"":[[[-102.54,38.92],[-102.54,39.04],[-102.44,39.04],[-102.04,38.89],[-102.05,38.62],[-102.69,38.61],[-102.74,38.84],[-102.54,38.92]]],""type"":""Polygon""}","{""_map_py"":{""effective"":""2026-06-21T22:19:00Z"",""event"":""Severe Thunderstorm Warning"",""expires"":""2026-06-21T23:15:00Z"",""has_polygon"":true,""headline"":"""",""sender"":""GLD""},""effective"":""2026-06-21T22:19:00Z"",""event"":""Severe Thunderstorm Warning"",""expires"":""2026-06-21T23:15:00Z"",""headline"":"""",""iem_damagetag"":"""",""iem_emergency"":""False"",""iem_event_id"":""157"",""iem_forecaster"":""JRM"",""iem_gtype"":""P"",""iem_hailtag"":""1.0"",""iem_phenomena"":""SV"",""iem_raw_properties"":{""AREA_KM2"":""2201.725461892213"",""DAMAGTAG"":null,""EMERGENC"":""False"",""ETN"":""157"",""EXPIRED"":""202606212315"",""FCSTER"":""JRM"",""GTYPE"":""P"",""HAILTAG"":""1.0"",""HV_CAUSE"":null,""HV_NWSLI"":null,""HV_REC"":null,""HV_SEV"":null,""INIT_EXP"":""202606212315"",""INIT_ISS"":""202606212219"",""ISSUED"":""202606212219"",""NWS_UGC"":null,""PHENOM"":""SV"",""POLY_BEG"":""202606212219"",""POLY_END"":""202606212240"",""PROD_ID"":""202606212219-KGLD-WUUS53-SVRGLD"",""SIG"":""W"",""STATUS"":""NEW"",""TORNTAG"":null,""UPDATED"":""202606212219"",""VTEC_YR"":""2026"",""WFO"":""GLD"",""WINDTAG"":""60.0""},""iem_significance"":""W"",""iem_tornadotag"":"""",""iem_ugc"":"""",""iem_wfo"":""GLD"",""iem_windtag"":""60.0"",""senderName"":""GLD"",""status"":""NEW""}","{""geometry"":{""coordinates"":[[[-102.54,38.92],[-102.54,39.04],[-102.44,39.04],[-102.04,38.89],[-102.05,38.62],[-102.69,38.61],[-102.74,38.84],[-102.54,38.92]]],""type"":""Polygon""},""properties"":{""_map_py"":{""effective"":""2026-06-21T22:19:00Z"",""event"":""Severe Thunderstorm Warning"",""expires"":""2026-06-21T23:15:00Z"",""has_polygon"":true,""headline"":"""",""sender"":""GLD""},""effective"":""2026-06-21T22:19:00Z"",""event"":""Severe Thunderstorm Warning"",""expires"":""2026-06-21T23:15:00Z"",""headline"":"""",""iem_damagetag"":"""",""iem_emergency"":""False"",""iem_event_id"":""157"",""iem_forecaster"":""JRM"",""iem_gtype"":""P"",""iem_hailtag"":""1.0"",""iem_phenomena"":""SV"",""iem_raw_properties"":{""AREA_KM2"":""2201.725461892213"",""DAMAGTAG"":null,""EMERGENC"":""False"",""ETN"":""157"",""EXPIRED"":""202606212315"",""FCSTER"":""JRM"",""GTYPE"":""P"",""HAILTAG"":""1.0"",""HV_CAUSE"":null,""HV_NWSLI"":null,""HV_REC"":null,""HV_SEV"":null,""INIT_EXP"":""202606212315"",""INIT_ISS"":""202606212219"",""ISSUED"":""202606212219"",""NWS_UGC"":null,""PHENOM"":""SV"",""POLY_BEG"":""202606212219"",""POLY_END"":""202606212240"",""PROD_ID"":""202606212219-KGLD-WUUS53-SVRGLD"",""SIG"":""W"",""STATUS"":""NEW"",""TORNTAG"":null,""UPDATED"":""202606212219"",""VTEC_YR"":""2026"",""WFO"":""GLD"",""WINDTAG"":""60.0""},""iem_significance"":""W"",""iem_tornadotag"":"""",""iem_ugc"":"""",""iem_wfo"":""GLD"",""iem_windtag"":""60.0"",""senderName"":""GLD"",""status"":""NEW""},""type"":""Feature""}",2026-04-27T17:31:58Z,2026-07-09T05:15:02Z,2026-07-09T18:49:04Z
9350,iem_watchwarn,iem_watchwarn|ILX|126|TO|W|2026-06-21T22:20:00Z|2026-06-21T23:00:00Z|,Tornado Warning,,2026-06-21T22:20:00Z,2026-06-21T23:00:00Z,ILX,NEW,1,"{""coordinates"":[[[-87.8,38.81],[-87.81,38.89],[-87.52,38.94],[-87.53,38.91],[-87.52,38.9],[-87.54,38.89],[-87.53,38.88],[-87.55,38.86],[-87.53,38.85],[-87.53,38.82],[-87.5,38.79],[-87.8,38.81]]],""type"":""Polygon""}","{""_map_py"":{""effective"":""2026-06-21T22:20:00Z"",""event"":""Tornado Warning"",""expires"":""2026-06-21T23:00:00Z"",""has_polygon"":true,""headline"":"""",""sender"":""ILX""},""effective"":""2026-06-21T22:20:00Z"",""event"":""Tornado Warning"",""expires"":""2026-06-21T23:00:00Z"",""headline"":"""",""iem_damagetag"":"""",""iem_emergency"":""False"",""iem_event_id"":""126"",""iem_forecaster"":""Erwin"",""iem_gtype"":""P"",""iem_hailtag"":""1.0"",""iem_phenomena"":""TO"",""iem_raw_properties"":{""AREA_KM2"":""302.799383007068"",""DAMAGTAG"":null,""EMERGENC"":""False"",""ETN"":""126"",""EXPIRED"":""202606212300"",""FCSTER"":""Erwin"",""GTYPE"":""P"",""HAILTAG"":""1.0"",""HV_CAUSE"":null,""HV_NWSLI"":null,""HV_REC"":null,""HV_SEV"":null,""INIT_EXP"":""202606212300"",""INIT_ISS"":""202606212220"",""ISSUED"":""202606212220"",""NWS_UGC"":null,""PHENOM"":""TO"",""POLY_BEG"":""202606212220"",""POLY_END"":""202606212229"",""PROD_ID"":""202606212220-KILX-WFUS53-TORILX"",""SIG"":""W"",""STATUS"":""NEW"",""TORNTAG"":""RADAR INDICATED"",""UPDATED"":""202606212220"",""VTEC_YR"":""2026"",""WFO"":""ILX"",""WINDTAG"":null},""iem_significance"":""W"",""iem_tornadotag"":""RADAR INDICATED"",""iem_ugc"":"""",""iem_wfo"":""ILX"",""iem_windtag"":"""",""senderName"":""ILX"",""status"":""NEW""}","{""geometry"":{""coordinates"":[[[-87.8,38.81],[-87.81,38.89],[-87.52,38.94],[-87.53,38.91],[-87.52,38.9],[-87.54,38.89],[-87.53,38.88],[-87.55,38.86],[-87.53,38.85],[-87.53,38.82],[-87.5,38.79],[-87.8,38.81]]],""type"":""Polygon""},""properties"":{""_map_py"":{""effective"":""2026-06-21T22:20:00Z"",""event"":""Tornado Warning"",""expires"":""2026-06-21T23:00:00Z"",""has_polygon"":true,""headline"":"""",""sender"":""ILX""},""effective"":""2026-06-21T22:20:00Z"",""event"":""Tornado Warning"",""expires"":""2026-06-21T23:00:00Z"",""headline"":"""",""iem_damagetag"":"""",""iem_emergency"":""False"",""iem_event_id"":""126"",""iem_forecaster"":""Erwin"",""iem_gtype"":""P"",""iem_hailtag"":""1.0"",""iem_phenomena"":""TO"",""iem_raw_properties"":{""AREA_KM2"":""302.799383007068"",""DAMAGTAG"":null,""EMERGENC"":""False"",""ETN"":""126"",""EXPIRED"":""202606212300"",""FCSTER"":""Erwin"",""GTYPE"":""P"",""HAILTAG"":""1.0"",""HV_CAUSE"":null,""HV_NWSLI"":null,""HV_REC"":null,""HV_SEV"":null,""INIT_EXP"":""202606212300"",""INIT_ISS"":""202606212220"",""ISSUED"":""202606212220"",""NWS_UGC"":null,""PHENOM"":""TO"",""POLY_BEG"":""202606212220"",""POLY_END"":""202606212229"",""PROD_ID"":""202606212220-KILX-WFUS53-TORILX"",""SIG"":""W"",""STATUS"":""NEW"",""TORNTAG"":""RADAR INDICATED"",""UPDATED"":""202606212220"",""VTEC_YR"":""2026"",""WFO"":""ILX"",""WINDTAG"":null},""iem_significance"":""W"",""iem_tornadotag"":""RADAR INDICATED"",""iem_ugc"":"""",""iem_wfo"":""ILX"",""iem_windtag"":"""",""senderName"":""ILX"",""status"":""NEW""},""type"":""Feature""}",2026-04-27T17:31:58Z,2026-07-09T05:15:02Z,2026-07-09T18:49:04Z
2824,iem_watchwarn,iem_watchwarn|ILX|127|TO|W|2026-06-21T22:21:00Z|2026-06-21T23:00:00Z|,Tornado Warning,,2026-06-21T22:21:00Z,2026-06-21T23:00:00Z,ILX,NEW,1,"{""coordinates"":[[[-88.7,38.68],[-88.7,38.91],[-88.33,38.9],[-88.35,38.66],[-88.7,38.68]]],""type"":""Polygon""}","{""_map_py"":{""effective"":""2026-06-21T22:21:00Z"",""event"":""Tornado Warning"",""expires"":""2026-06-21T23:00:00Z"",""has_polygon"":true,""headline"":"""",""sender"":""ILX""},""effective"":""2026-06-21T22:21:00Z"",""event"":""Tornado Warning"",""expires"":""2026-06-21T23:00:00Z"",""headline"":"""",""iem_damagetag"":"""",""iem_emergency"":""False"",""iem_event_id"":""127"",""iem_forecaster"":""Copple"",""iem_gtype"":""P"",""iem_hailtag"":""0.75"",""iem_phenomena"":""TO"",""iem_raw_properties"":{""AREA_KM2"":""816.7896403818908"",""DAMAGTAG"":null,""EMERGENC"":""False"",""ETN"":""127"",""EXPIRED"":""202606212300"",""FCSTER"":""Copple"",""GTYPE"":""P"",""HAILTAG"":""0.75"",""HV_CAUSE"":null,""HV_NWSLI"":null,""HV_REC"":null,""HV_SEV"":null,""INIT_EXP"":""202606212300"",""INIT_ISS"":""202606212221"",""ISSUED"":""202606212221"",""NWS_UGC"":null,""PHENOM"":""TO"",""POLY_BEG"":""202606212221"",""POLY_END"":""202606212300"",""PROD_ID"":""202606212221-KILX-WFUS53-TORILX"",""SIG"":""W"",""STATUS"":""NEW"",""TORNTAG"":""RADAR INDICATED"",""UPDATED"":""202606212221"",""VTEC_YR"":""2026"",""WFO"":""ILX"",""WINDTAG"":null},""iem_significance"":""W"",""iem_tornadotag"":""RADAR INDICATED"",""iem_ugc"":"""",""iem_wfo"":""ILX"",""iem_windtag"":"""",""senderName"":""ILX"",""status"":""NEW""}","{""geometry"":{""coordinates"":[[[-88.7,38.68],[-88.7,38.91],[-88.33,38.9],[-88.35,38.66],[-88.7,38.68]]],""type"":""Polygon""},""properties"":{""_map_py"":{""effective"":""2026-06-21T22:21:00Z"",""event"":""Tornado Warning"",""expires"":""2026-06-21T23:00:00Z"",""has_polygon"":true,""headline"":"""",""sender"":""ILX""},""effective"":""2026-06-21T22:21:00Z"",""event"":""Tornado Warning"",""expires"":""2026-06-21T23:00:00Z"",""headline"":"""",""iem_damagetag"":"""",""iem_emergency"":""False"",""iem_event_id"":""127"",""iem_forecaster"":""Copple"",""iem_gtype"":""P"",""iem_hailtag"":""0.75"",""iem_phenomena"":""TO"",""iem_raw_properties"":{""AREA_KM2"":""816.7896403818908"",""DAMAGTAG"":null,""EMERGENC"":""False"",""ETN"":""127"",""EXPIRED"":""202606212300"",""FCSTER"":""Copple"",""GTYPE"":""P"",""HAILTAG"":""0.75"",""HV_CAUSE"":null,""HV_NWSLI"":null,""HV_REC"":null,""HV_SEV"":null,""INIT_EXP"":""202606212300"",""INIT_ISS"":""202606212221"",""ISSUED"":""202606212221"",""NWS_UGC"":null,""PHENOM"":""TO"",""POLY_BEG"":""202606212221"",""POLY_END"":""202606212300"",""PROD_ID"":""202606212221-KILX-WFUS53-TORILX"",""SIG"":""W"",""STATUS"":""NEW"",""TORNTAG"":""RADAR INDICATED"",""UPDATED"":""202606212221"",""VTEC_YR"":""2026"",""WFO"":""ILX"",""WINDTAG"":null},""iem_significance"":""W"",""iem_tornadotag"":""RADAR INDICATED"",""iem_ugc"":"""",""iem_wfo"":""ILX"",""iem_windtag"":"""",""senderName"":""ILX"",""status"":""NEW""},""type"":""Feature""}",2026-04-27T17:31:58Z,2026-07-09T05:15:02Z,2026-07-09T18:49:04Z
7618,iem_watchwarn,iem_watchwarn|IND|58|TO|W|2026-06-21T22:24:00Z|2026-06-21T22:57:00Z|,Tornado Warning,,2026-06-21T22:24:00Z,2026-06-21T22:57:00Z,IND,NEW,1,"{""coordinates"":[[[-87.43,39.28],[-87.05,39.39],[-87.06,39.19],[-87.18,39.17],[-87.24,39.17],[-87.24,39.16],[-87.43,39.16],[-87.43,39.28]]],""type"":""Polygon""}","{""_map_py"":{""effective"":""2026-06-21T22:24:00Z"",""event"":""Tornado Warning"",""expires"":""2026-06-21T22:57:00Z"",""has_polygon"":true,""headline"":"""",""sender"":""IND""},""effective"":""2026-06-21T22:24:00Z"",""event"":""Tornado Warning"",""expires"":""2026-06-21T22:57:00Z"",""headline"":"""",""iem_damagetag"":"""",""iem_emergency"":""False"",""iem_event_id"":""58"",""iem_forecaster"":""White"",""iem_gtype"":""P"",""iem_hailtag"":""0.75"",""iem_phenomena"":""TO"",""iem_raw_properties"":{""AREA_KM2"":""595.9583226927547"",""DAMAGTAG"":null,""EMERGENC"":""False"",""ETN"":""58"",""EXPIRED"":""202606212257"",""FCSTER"":""White"",""GTYPE"":""P"",""HAILTAG"":""0.75"",""HV_CAUSE"":null,""HV_NWSLI"":null,""HV_REC"":null,""HV_SEV"":null,""INIT_EXP"":""202606212315"",""INIT_ISS"":""202606212224"",""ISSUED"":""202606212224"",""NWS_UGC"":null,""PHENOM"":""TO"",""POLY_BEG"":""202606212224"",""POLY_END"":""202606212237"",""PROD_ID"":""202606212224-KIND-WFUS53-TORIND"",""SIG"":""W"",""STATUS"":""NEW"",""TORNTAG"":""RADAR INDICATED"",""UPDATED"":""202606212224"",""VTEC_YR"":""2026"",""WFO"":""IND"",""WINDTAG"":null},""iem_significance"":""W"",""iem_tornadotag"":""RADAR INDICATED"",""iem_ugc"":"""",""iem_wfo"":""IND"",""iem_windtag"":"""",""senderName"":""IND"",""status"":""NEW""}","{""geometry"":{""coordinates"":[[[-87.43,39.28],[-87.05,39.39],[-87.06,39.19],[-87.18,39.17],[-87.24,39.17],[-87.24,39.16],[-87.43,39.16],[-87.43,39.28]]],""type"":""Polygon""},""properties"":{""_map_py"":{""effective"":""2026-06-21T22:24:00Z"",""event"":""Tornado Warning"",""expires"":""2026-06-21T22:57:00Z"",""has_polygon"":true,""headline"":"""",""sender"":""IND""},""effective"":""2026-06-21T22:24:00Z"",""event"":""Tornado Warning"",""expires"":""2026-06-21T22:57:00Z"",""headline"":"""",""iem_damagetag"":"""",""iem_emergency"":""False"",""iem_event_id"":""58"",""iem_forecaster"":""White"",""iem_gtype"":""P"",""iem_hailtag"":""0.75"",""iem_phenomena"":""TO"",""iem_raw_properties"":{""AREA_KM2"":""595.9583226927547"",""DAMAGTAG"":null,""EMERGENC"":""False"",""ETN"":""58"",""EXPIRED"":""202606212257"",""FCSTER"":""White"",""GTYPE"":""P"",""HAILTAG"":""0.75"",""HV_CAUSE"":null,""HV_NWSLI"":null,""HV_REC"":null,""HV_SEV"":null,""INIT_EXP"":""202606212315"",""INIT_ISS"":""202606212224"",""ISSUED"":""202606212224"",""NWS_UGC"":null,""PHENOM"":""TO"",""POLY_BEG"":""202606212224"",""POLY_END"":""202606212237"",""PROD_ID"":""202606212224-KIND-WFUS53-TORIND"",""SIG"":""W"",""STATUS"":""NEW"",""TORNTAG"":""RADAR INDICATED"",""UPDATED"":""202606212224"",""VTEC_YR"":""2026"",""WFO"":""IND"",""WINDTAG"":null},""iem_significance"":""W"",""iem_tornadotag"":""RADAR INDICATED"",""iem_ugc"":"""",""iem_wfo"":""IND"",""iem_windtag"":"""",""senderName"":""IND"",""status"":""NEW""},""type"":""Feature""}",2026-04-27T17:31:58Z,2026-07-09T05:15:02Z,2026-07-09T18:49:04Z
10354,iem_watchwarn,iem_watchwarn|ILX|307|SV|W|2026-06-21T22:27:00Z|2026-06-21T23:30:00Z|,Severe Thunderstorm Warning,,2026-06-21T22:27:00Z,2026-06-21T23:30:00Z,ILX,NEW,1,"{""coordinates"":[[[-87.54,38.89],[-87.53,38.89],[-87.55,38.86],[-87.54,38.85],[-88.08,38.85],[-87.89,39.08],[-87.6,39.08],[-87.57,39.06],[-87.58,39.0],[-87.56,38.99],[-87.58,38.99],[-87.51,38.96],[-87.53,38.91],[-87.52,38.9],[-87.54,38.89]]],""type"":""Polygon""}","{""_map_py"":{""effective"":""2026-06-21T22:27:00Z"",""event"":""Severe Thunderstorm Warning"",""expires"":""2026-06-21T23:30:00Z"",""has_polygon"":true,""headline"":"""",""sender"":""ILX""},""effective"":""2026-06-21T22:27:00Z"",""event"":""Severe Thunderstorm Warning"",""expires"":""2026-06-21T23:30:00Z"",""headline"":"""",""iem_damagetag"":"""",""iem_emergency"":""False"",""iem_event_id"":""307"",""iem_forecaster"":""Erwin"",""iem_gtype"":""P"",""iem_hailtag"":""0.75"",""iem_phenomena"":""SV"",""iem_raw_properties"":{""AREA_KM2"":""961.7720871498254"",""DAMAGTAG"":null,""EMERGENC"":""False"",""ETN"":""307"",""EXPIRED"":""202606212330"",""FCSTER"":""Erwin"",""GTYPE"":""P"",""HAILTAG"":""0.75"",""HV_CAUSE"":null,""HV_NWSLI"":null,""HV_REC"":null,""HV_SEV"":null,""INIT_EXP"":""202606212330"",""INIT_ISS"":""202606212227"",""ISSUED"":""202606212227"",""NWS_UGC"":null,""PHENOM"":""SV"",""POLY_BEG"":""202606212227"",""POLY_END"":""202606212251"",""PROD_ID"":""202606212227-KILX-WUUS53-SVRILX"",""SIG"":""W"",""STATUS"":""NEW"",""TORNTAG"":""POSSIBLE"",""UPDATED"":""202606212227"",""VTEC_YR"":""2026"",""WFO"":""ILX"",""WINDTAG"":""60.0""},""iem_significance"":""W"",""iem_tornadotag"":""POSSIBLE"",""iem_ugc"":"""",""iem_wfo"":""ILX"",""iem_windtag"":""60.0"",""senderName"":""ILX"",""status"":""NEW""}","{""geometry"":{""coordinates"":[[[-87.54,38.89],[-87.53,38.89],[-87.55,38.86],[-87.54,38.85],[-88.08,38.85],[-87.89,39.08],[-87.6,39.08],[-87.57,39.06],[-87.58,39.0],[-87.56,38.99],[-87.58,38.99],[-87.51,38.96],[-87.53,38.91],[-87.52,38.9],[-87.54,38.89]]],""type"":""Polygon""},""properties"":{""_map_py"":{""effective"":""2026-06-21T22:27:00Z"",""event"":""Severe Thunderstorm Warning"",""expires"":""2026-06-21T23:30:00Z"",""has_polygon"":true,""headline"":"""",""sender"":""ILX""},""effective"":""2026-06-21T22:27:00Z"",""event"":""Severe Thunderstorm Warning"",""expires"":""2026-06-21T23:30:00Z"",""headline"":"""",""iem_damagetag"":"""",""iem_emergency"":""False"",""iem_event_id"":""307"",""iem_forecaster"":""Erwin"",""iem_gtype"":""P"",""iem_hailtag"":""0.75"",""iem_phenomena"":""SV"",""iem_raw_properties"":{""AREA_KM2"":""961.7720871498254"",""DAMAGTAG"":null,""EMERGENC"":""False"",""ETN"":""307"",""EXPIRED"":""202606212330"",""FCSTER"":""Erwin"",""GTYPE"":""P"",""HAILTAG"":""0.75"",""HV_CAUSE"":null,""HV_NWSLI"":null,""HV_REC"":null,""HV_SEV"":null,""INIT_EXP"":""202606212330"",""INIT_ISS"":""202606212227"",""ISSUED"":""202606212227"",""NWS_UGC"":null,""PHENOM"":""SV"",""POLY_BEG"":""202606212227"",""POLY_END"":""202606212251"",""PROD_ID"":""202606212227-KILX-WUUS53-SVRILX"",""SIG"":""W"",""STATUS"":""NEW"",""TORNTAG"":""POSSIBLE"",""UPDATED"":""202606212227"",""VTEC_YR"":""2026"",""WFO"":""ILX"",""WINDTAG"":""60.0""},""iem_significance"":""W"",""iem_tornadotag"":""POSSIBLE"",""iem_ugc"":"""",""iem_wfo"":""ILX"",""iem_windtag"":""60.0"",""senderName"":""ILX"",""status"":""NEW""},""type"":""Feature""}",2026-04-27T17:31:58Z,2026-07-09T05:15:02Z,2026-07-09T18:49:04Z
2130,iem_watchwarn,iem_watchwarn|PAH|39|TO|W|2026-06-21T22:31:00Z|2026-06-21T23:15:00Z|,Tornado Warning,,2026-06-21T22:31:00Z,2026-06-21T23:15:00Z,PAH,NEW,1,"{""coordinates"":[[[-88.65,38.35],[-88.64,38.48],[-88.27,38.47],[-88.29,38.33],[-88.65,38.35]]],""type"":""Polygon""}","{""_map_py"":{""effective"":""2026-06-21T22:31:00Z"",""event"":""Tornado Warning"",""expires"":""2026-06-21T23:15:00Z"",""has_polygon"":true,""headline"":"""",""sender"":""PAH""},""effective"":""2026-06-21T22:31:00Z"",""event"":""Tornado Warning"",""expires"":""2026-06-21T23:15:00Z"",""headline"":"""",""iem_damagetag"":"""",""iem_emergency"":""False"",""iem_event_id"":""39"",""iem_forecaster"":""DW"",""iem_gtype"":""P"",""iem_hailtag"":""1.0"",""iem_phenomena"":""TO"",""iem_raw_properties"":{""AREA_KM2"":""479.60900871737243"",""DAMAGTAG"":null,""EMERGENC"":""False"",""ETN"":""39"",""EXPIRED"":""202606212315"",""FCSTER"":""DW"",""GTYPE"":""P"",""HAILTAG"":""1.0"",""HV_CAUSE"":null,""HV_NWSLI"":null,""HV_REC"":null,""HV_SEV"":null,""INIT_EXP"":""202606212315"",""INIT_ISS"":""202606212231"",""ISSUED"":""202606212231"",""NWS_UGC"":null,""PHENOM"":""TO"",""POLY_BEG"":""202606212231"",""POLY_END"":""202606212237"",""PROD_ID"":""202606212231-KPAH-WFUS53-TORPAH"",""SIG"":""W"",""STATUS"":""NEW"",""TORNTAG"":""RADAR INDICATED"",""UPDATED"":""202606212231"",""VTEC_YR"":""2026"",""WFO"":""PAH"",""WINDTAG"":null},""iem_significance"":""W"",""iem_tornadotag"":""RADAR INDICATED"",""iem_ugc"":"""",""iem_wfo"":""PAH"",""iem_windtag"":"""",""senderName"":""PAH"",""status"":""NEW""}","{""geometry"":{""coordinates"":[[[-88.65,38.35],[-88.64,38.48],[-88.27,38.47],[-88.29,38.33],[-88.65,38.35]]],""type"":""Polygon""},""properties"":{""_map_py"":{""effective"":""2026-06-21T22:31:00Z"",""event"":""Tornado Warning"",""expires"":""2026-06-21T23:15:00Z"",""has_polygon"":true,""headline"":"""",""sender"":""PAH""},""effective"":""2026-06-21T22:31:00Z"",""event"":""Tornado Warning"",""expires"":""2026-06-21T23:15:00Z"",""headline"":"""",""iem_damagetag"":"""",""iem_emergency"":""False"",""iem_event_id"":""39"",""iem_forecaster"":""DW"",""iem_gtype"":""P"",""iem_hailtag"":""1.0"",""iem_phenomena"":""TO"",""iem_raw_properties"":{""AREA_KM2"":""479.60900871737243"",""DAMAGTAG"":null,""EMERGENC"":""False"",""ETN"":""39"",""EXPIRED"":""202606212315"",""FCSTER"":""DW"",""GTYPE"":""P"",""HAILTAG"":""1.0"",""HV_CAUSE"":null,""HV_NWSLI"":null,""HV_REC"":null,""HV_SEV"":null,""INIT_EXP"":""202606212315"",""INIT_ISS"":""202606212231"",""ISSUED"":""202606212231"",""NWS_UGC"":null,""PHENOM"":""TO"",""POLY_BEG"":""202606212231"",""POLY_END"":""202606212237"",""PROD_ID"":""202606212231-KPAH-WFUS53-TORPAH"",""SIG"":""W"",""STATUS"":""NEW"",""TORNTAG"":""RADAR INDICATED"",""UPDATED"":""202606212231"",""VTEC_YR"":""2026"",""WFO"":""PAH"",""WINDTAG"":null},""iem_significance"":""W"",""iem_tornadotag"":""RADAR INDICATED"",""iem_ugc"":"""",""iem_wfo"":""PAH"",""iem_windtag"":"""",""senderName"":""PAH"",""status"":""NEW""},""type"":""Feature""}",2026-04-27T17:31:58Z,2026-07-09T05:15:02Z,2026-07-09T18:49:04Z
9097,iem_watchwarn,iem_watchwarn|LSX|193|SV|W|2026-06-21T22:35:00Z|2026-06-21T23:45:00Z|,Severe Thunderstorm Warning,,2026-06-21T22:35:00Z,2026-06-21T23:45:00Z,LSX,NEW,1,"{""coordinates"":[[[-89.24,38.51],[-89.25,38.62],[-89.14,38.67],[-88.7,38.68],[-88.7,38.48],[-88.97,38.48],[-89.11,38.47],[-89.14,38.48],[-89.14,38.5],[-89.2,38.51],[-89.24,38.51]]],""type"":""Polygon""}","{""_map_py"":{""effective"":""2026-06-21T22:35:00Z"",""event"":""Severe Thunderstorm Warning"",""expires"":""2026-06-21T23:45:00Z"",""has_polygon"":true,""headline"":"""",""sender"":""LSX""},""effective"":""2026-06-21T22:35:00Z"",""event"":""Severe Thunderstorm Warning"",""expires"":""2026-06-21T23:45:00Z"",""headline"":"""",""iem_damagetag"":"""",""iem_emergency"":""False"",""iem_event_id"":""193"",""iem_forecaster"":""BSH"",""iem_gtype"":""P"",""iem_hailtag"":""1.0"",""iem_phenomena"":""SV"",""iem_raw_properties"":{""AREA_KM2"":""979.1533705086755"",""DAMAGTAG"":null,""EMERGENC"":""False"",""ETN"":""193"",""EXPIRED"":""202606212345"",""FCSTER"":""BSH"",""GTYPE"":""P"",""HAILTAG"":""1.0"",""HV_CAUSE"":null,""HV_NWSLI"":null,""HV_REC"":null,""HV_SEV"":null,""INIT_EXP"":""202606212345"",""INIT_ISS"":""202606212235"",""ISSUED"":""202606212235"",""NWS_UGC"":null,""PHENOM"":""SV"",""POLY_BEG"":""202606212235"",""POLY_END"":""202606212257"",""PROD_ID"":""202606212235-KLSX-WUUS53-SVRLSX"",""SIG"":""W"",""STATUS"":""NEW"",""TORNTAG"":""POSSIBLE"",""UPDATED"":""202606212235"",""VTEC_YR"":""2026"",""WFO"":""LSX"",""WINDTAG"":""60.0""},""iem_significance"":""W"",""iem_tornadotag"":""POSSIBLE"",""iem_ugc"":"""",""iem_wfo"":""LSX"",""iem_windtag"":""60.0"",""senderName"":""LSX"",""status"":""NEW""}","{""geometry"":{""coordinates"":[[[-89.24,38.51],[-89.25,38.62],[-89.14,38.67],[-88.7,38.68],[-88.7,38.48],[-88.97,38.48],[-89.11,38.47],[-89.14,38.48],[-89.14,38.5],[-89.2,38.51],[-89.24,38.51]]],""type"":""Polygon""},""properties"":{""_map_py"":{""effective"":""2026-06-21T22:35:00Z"",""event"":""Severe Thunderstorm Warning"",""expires"":""2026-06-21T23:45:00Z"",""has_polygon"":true,""headline"":"""",""sender"":""LSX""},""effective"":""2026-06-21T22:35:00Z"",""event"":""Severe Thunderstorm Warning"",""expires"":""2026-06-21T23:45:00Z"",""headline"":"""",""iem_damagetag"":"""",""iem_emergency"":""False"",""iem_event_id"":""193"",""iem_forecaster"":""BSH"",""iem_gtype"":""P"",""iem_hailtag"":""1.0"",""iem_phenomena"":""SV"",""iem_raw_properties"":{""AREA_KM2"":""979.1533705086755"",""DAMAGTAG"":null,""EMERGENC"":""False"",""ETN"":""193"",""EXPIRED"":""202606212345"",""FCSTER"":""BSH"",""GTYPE"":""P"",""HAILTAG"":""1.0"",""HV_CAUSE"":null,""HV_NWSLI"":null,""HV_REC"":null,""HV_SEV"":null,""INIT_EXP"":""202606212345"",""INIT_ISS"":""202606212235"",""ISSUED"":""202606212235"",""NWS_UGC"":null,""PHENOM"":""SV"",""POLY_BEG"":""202606212235"",""POLY_END"":""202606212257"",""PROD_ID"":""202606212235-KLSX-WUUS53-SVRLSX"",""SIG"":""W"",""STATUS"":""NEW"",""TORNTAG"":""POSSIBLE"",""UPDATED"":""202606212235"",""VTEC_YR"":""2026"",""WFO"":""LSX"",""WINDTAG"":""60.0""},""iem_significance"":""W"",""iem_tornadotag"":""POSSIBLE"",""iem_ugc"":"""",""iem_wfo"":""LSX"",""iem_windtag"":""60.0"",""senderName"":""LSX"",""status"":""NEW""},""type"":""Feature""}",2026-04-27T17:31:58Z,2026-07-09T05:15:02Z,2026-07-09T18:49:04Z
5707,iem_watchwarn,iem_watchwarn|IND|225|SV|W|2026-06-21T22:36:00Z|2026-06-21T23:15:00Z|,Severe Thunderstorm Warning,,2026-06-21T22:36:00Z,2026-06-21T23:15:00Z,IND,NEW,1,"{""coordinates"":[[[-86.96,39.9],[-86.45,39.46],[-86.74,38.9],[-87.44,38.88],[-87.3,39.35],[-87.5,39.75],[-86.96,39.9]]],""type"":""Polygon""}","{""_map_py"":{""effective"":""2026-06-21T22:36:00Z"",""event"":""Severe Thunderstorm Warning"",""expires"":""2026-06-21T23:15:00Z"",""has_polygon"":true,""headline"":"""",""sender"":""IND""},""effective"":""2026-06-21T22:36:00Z"",""event"":""Severe Thunderstorm Warning"",""expires"":""2026-06-21T23:15:00Z"",""headline"":"""",""iem_damagetag"":""CONSIDERABLE"",""iem_emergency"":""False"",""iem_event_id"":""225"",""iem_forecaster"":""GM"",""iem_gtype"":""P"",""iem_hailtag"":""0.75"",""iem_phenomena"":""SV"",""iem_raw_properties"":{""AREA_KM2"":""6912.330564214401"",""DAMAGTAG"":""CONSIDERABLE"",""EMERGENC"":""False"",""ETN"":""225"",""EXPIRED"":""202606212315"",""FCSTER"":""GM"",""GTYPE"":""P"",""HAILTAG"":""0.75"",""HV_CAUSE"":null,""HV_NWSLI"":null,""HV_REC"":null,""HV_SEV"":null,""INIT_EXP"":""202606212315"",""INIT_ISS"":""202606212236"",""ISSUED"":""202606212236"",""NWS_UGC"":null,""PHENOM"":""SV"",""POLY_BEG"":""202606212236"",""POLY_END"":""202606212257"",""PROD_ID"":""202606212236-KIND-WUUS53-SVRIND"",""SIG"":""W"",""STATUS"":""NEW"",""TORNTAG"":""POSSIBLE"",""UPDATED"":""202606212236"",""VTEC_YR"":""2026"",""WFO"":""IND"",""WINDTAG"":""70.0""},""iem_significance"":""W"",""iem_tornadotag"":""POSSIBLE"",""iem_ugc"":"""",""iem_wfo"":""IND"",""iem_windtag"":""70.0"",""senderName"":""IND"",""status"":""NEW""}","{""geometry"":{""coordinates"":[[[-86.96,39.9],[-86.45,39.46],[-86.74,38.9],[-87.44,38.88],[-87.3,39.35],[-87.5,39.75],[-86.96,39.9]]],""type"":""Polygon""},""properties"":{""_map_py"":{""effective"":""2026-06-21T22:36:00Z"",""event"":""Severe Thunderstorm Warning"",""expires"":""2026-06-21T23:15:00Z"",""has_polygon"":true,""headline"":"""",""sender"":""IND""},""effective"":""2026-06-21T22:36:00Z"",""event"":""Severe Thunderstorm Warning"",""expires"":""2026-06-21T23:15:00Z"",""headline"":"""",""iem_damagetag"":""CONSIDERABLE"",""iem_emergency"":""False"",""iem_event_id"":""225"",""iem_forecaster"":""GM"",""iem_gtype"":""P"",""iem_hailtag"":""0.75"",""iem_phenomena"":""SV"",""iem_raw_properties"":{""AREA_KM2"":""6912.330564214401"",""DAMAGTAG"":""CONSIDERABLE"",""EMERGENC"":""False"",""ETN"":""225"",""EXPIRED"":""202606212315"",""FCSTER"":""GM"",""GTYPE"":""P"",""HAILTAG"":""0.75"",""HV_CAUSE"":null,""HV_NWSLI"":null,""HV_REC"":null,""HV_SEV"":null,""INIT_EXP"":""202606212315"",""INIT_ISS"":""202606212236"",""ISSUED"":""202606212236"",""NWS_UGC"":null,""PHENOM"":""SV"",""POLY_BEG"":""202606212236"",""POLY_END"":""202606212257"",""PROD_ID"":""202606212236-KIND-WUUS53-SVRIND"",""SIG"":""W"",""STATUS"":""NEW"",""TORNTAG"":""POSSIBLE"",""UPDATED"":""202606212236"",""VTEC_YR"":""2026"",""WFO"":""IND"",""WINDTAG"":""70.0""},""iem_significance"":""W"",""iem_tornadotag"":""POSSIBLE"",""iem_ugc"":"""",""iem_wfo"":""IND"",""iem_windtag"":""70.0"",""senderName"":""IND"",""status"":""NEW""},""type"":""Feature""}",2026-04-27T17:31:58Z,2026-07-09T05:15:02Z,2026-07-09T18:49:04Z
10750,iem_watchwarn,iem_watchwarn|IND|59|TO|W|2026-06-21T22:36:00Z|2026-06-21T23:15:00Z|,Tornado Warning,,2026-06-21T22:36:00Z,2026-06-21T23:15:00Z,IND,NEW,1,"{""coordinates"":[[[-87.54,38.87],[-87.55,38.87],[-87.54,38.88],[-87.55,38.89],[-87.54,38.9],[-87.53,38.89],[-87.53,38.9],[-87.52,38.9],[-87.53,38.91],[-87.53,38.92],[-87.3,38.95],[-87.27,38.82],[-87.5,38.79],[-87.53,38.82],[-87.53,38.85],[-87.55,38.86],[-87.54,38.87]]],""type"":""Polygon""}","{""_map_py"":{""effective"":""2026-06-21T22:36:00Z"",""event"":""Tornado Warning"",""expires"":""2026-06-21T23:15:00Z"",""has_polygon"":true,""headline"":"""",""sender"":""IND""},""effective"":""2026-06-21T22:36:00Z"",""event"":""Tornado Warning"",""expires"":""2026-06-21T23:15:00Z"",""headline"":"""",""iem_damagetag"":"""",""iem_emergency"":""False"",""iem_event_id"":""59"",""iem_forecaster"":""White"",""iem_gtype"":""P"",""iem_hailtag"":""0.75"",""iem_phenomena"":""TO"",""iem_raw_properties"":{""AREA_KM2"":""316.7177268979686"",""DAMAGTAG"":null,""EMERGENC"":""False"",""ETN"":""59"",""EXPIRED"":""202606212315"",""FCSTER"":""White"",""GTYPE"":""P"",""HAILTAG"":""0.75"",""HV_CAUSE"":null,""HV_NWSLI"":null,""HV_REC"":null,""HV_SEV"":null,""INIT_EXP"":""202606212315"",""INIT_ISS"":""202606212236"",""ISSUED"":""202606212236"",""NWS_UGC"":null,""PHENOM"":""TO"",""POLY_BEG"":""202606212236"",""POLY_END"":""202606212251"",""PROD_ID"":""202606212236-KIND-WFUS53-TORIND"",""SIG"":""W"",""STATUS"":""NEW"",""TORNTAG"":""RADAR INDICATED"",""UPDATED"":""202606212236"",""VTEC_YR"":""2026"",""WFO"":""IND"",""WINDTAG"":null},""iem_significance"":""W"",""iem_tornadotag"":""RADAR INDICATED"",""iem_ugc"":"""",""iem_wfo"":""IND"",""iem_windtag"":"""",""senderName"":""IND"",""status"":""NEW""}","{""geometry"":{""coordinates"":[[[-87.54,38.87],[-87.55,38.87],[-87.54,38.88],[-87.55,38.89],[-87.54,38.9],[-87.53,38.89],[-87.53,38.9],[-87.52,38.9],[-87.53,38.91],[-87.53,38.92],[-87.3,38.95],[-87.27,38.82],[-87.5,38.79],[-87.53,38.82],[-87.53,38.85],[-87.55,38.86],[-87.54,38.87]]],""type"":""Polygon""},""properties"":{""_map_py"":{""effective"":""2026-06-21T22:36:00Z"",""event"":""Tornado Warning"",""expires"":""2026-06-21T23:15:00Z"",""has_polygon"":true,""headline"":"""",""sender"":""IND""},""effective"":""2026-06-21T22:36:00Z"",""event"":""Tornado Warning"",""expires"":""2026-06-21T23:15:00Z"",""headline"":"""",""iem_damagetag"":"""",""iem_emergency"":""False"",""iem_event_id"":""59"",""iem_forecaster"":""White"",""iem_gtype"":""P"",""iem_hailtag"":""0.75"",""iem_phenomena"":""TO"",""iem_raw_properties"":{""AREA_KM2"":""316.7177268979686"",""DAMAGTAG"":null,""EMERGENC"":""False"",""ETN"":""59"",""EXPIRED"":""202606212315"",""FCSTER"":""White"",""GTYPE"":""P"",""HAILTAG"":""0.75"",""HV_CAUSE"":null,""HV_NWSLI"":null,""HV_REC"":null,""HV_SEV"":null,""INIT_EXP"":""202606212315"",""INIT_ISS"":""202606212236"",""ISSUED"":""202606212236"",""NWS_UGC"":null,""PHENOM"":""TO"",""POLY_BEG"":""202606212236"",""POLY_END"":""202606212251"",""PROD_ID"":""202606212236-KIND-WFUS53-TORIND"",""SIG"":""W"",""STATUS"":""NEW"",""TORNTAG"":""RADAR INDICATED"",""UPDATED"":""202606212236"",""VTEC_YR"":""2026"",""WFO"":""IND"",""WINDTAG"":null},""iem_significance"":""W"",""iem_tornadotag"":""RADAR INDICATED"",""iem_ugc"":"""",""iem_wfo"":""IND"",""iem_windtag"":"""",""senderName"":""IND"",""status"":""NEW""},""type"":""Feature""}",2026-04-27T17:31:58Z,2026-07-09T05:15:02Z,2026-07-09T18:49:04Z
470,iem_watchwarn,iem_watchwarn|LSX|72|TO|W|2026-06-21T22:40:00Z|2026-06-21T23:19:00Z|,Tornado Warning,,2026-06-21T22:40:00Z,2026-06-21T23:19:00Z,LSX,NEW,1,"{""coordinates"":[[[-88.98,38.66],[-88.7,38.68],[-88.7,38.51],[-88.99,38.55],[-88.98,38.66]]],""type"":""Polygon""}","{""_map_py"":{""effective"":""2026-06-21T22:40:00Z"",""event"":""Tornado Warning"",""expires"":""2026-06-21T23:19:00Z"",""has_polygon"":true,""headline"":"""",""sender"":""LSX""},""effective"":""2026-06-21T22:40:00Z"",""event"":""Tornado Warning"",""expires"":""2026-06-21T23:19:00Z"",""headline"":"""",""iem_damagetag"":"""",""iem_emergency"":""False"",""iem_event_id"":""72"",""iem_forecaster"":""BSH"",""iem_gtype"":""P"",""iem_hailtag"":""0.0"",""iem_phenomena"":""TO"",""iem_raw_properties"":{""AREA_KM2"":""386.0072420289194"",""DAMAGTAG"":null,""EMERGENC"":""False"",""ETN"":""72"",""EXPIRED"":""202606212319"",""FCSTER"":""BSH"",""GTYPE"":""P"",""HAILTAG"":""0.0"",""HV_CAUSE"":null,""HV_NWSLI"":null,""HV_REC"":null,""HV_SEV"":null,""INIT_EXP"":""202606212330"",""INIT_ISS"":""202606212240"",""ISSUED"":""202606212240"",""NWS_UGC"":null,""PHENOM"":""TO"",""POLY_BEG"":""202606212240"",""POLY_END"":""202606212255"",""PROD_ID"":""202606212240-KLSX-WFUS53-TORLSX"",""SIG"":""W"",""STATUS"":""NEW"",""TORNTAG"":""RADAR INDICATED"",""UPDATED"":""202606212240"",""VTEC_YR"":""2026"",""WFO"":""LSX"",""WINDTAG"":null},""iem_significance"":""W"",""iem_tornadotag"":""RADAR INDICATED"",""iem_ugc"":"""",""iem_wfo"":""LSX"",""iem_windtag"":"""",""senderName"":""LSX"",""status"":""NEW""}","{""geometry"":{""coordinates"":[[[-88.98,38.66],[-88.7,38.68],[-88.7,38.51],[-88.99,38.55],[-88.98,38.66]]],""type"":""Polygon""},""properties"":{""_map_py"":{""effective"":""2026-06-21T22:40:00Z"",""event"":""Tornado Warning"",""expires"":""2026-06-21T23:19:00Z"",""has_polygon"":true,""headline"":"""",""sender"":""LSX""},""effective"":""2026-06-21T22:40:00Z"",""event"":""Tornado Warning"",""expires"":""2026-06-21T23:19:00Z"",""headline"":"""",""iem_damagetag"":"""",""iem_emergency"":""False"",""iem_event_id"":""72"",""iem_forecaster"":""BSH"",""iem_gtype"":""P"",""iem_hailtag"":""0.0"",""iem_phenomena"":""TO"",""iem_raw_properties"":{""AREA_KM2"":""386.0072420289194"",""DAMAGTAG"":null,""EMERGENC"":""False"",""ETN"":""72"",""EXPIRED"":""202606212319"",""FCSTER"":""BSH"",""GTYPE"":""P"",""HAILTAG"":""0.0"",""HV_CAUSE"":null,""HV_NWSLI"":null,""HV_REC"":null,""HV_SEV"":null,""INIT_EXP"":""202606212330"",""INIT_ISS"":""202606212240"",""ISSUED"":""202606212240"",""NWS_UGC"":null,""PHENOM"":""TO"",""POLY_BEG"":""202606212240"",""POLY_END"":""202606212255"",""PROD_ID"":""202606212240-KLSX-WFUS53-TORLSX"",""SIG"":""W"",""STATUS"":""NEW"",""TORNTAG"":""RADAR INDICATED"",""UPDATED"":""202606212240"",""VTEC_YR"":""2026"",""WFO"":""LSX"",""WINDTAG"":null},""iem_significance"":""W"",""iem_tornadotag"":""RADAR INDICATED"",""iem_ugc"":"""",""iem_wfo"":""LSX"",""iem_windtag"":"""",""senderName"":""LSX"",""status"":""NEW""},""type"":""Feature""}",2026-04-27T17:31:58Z,2026-07-09T05:15:02Z,2026-07-09T18:49:04Z
6755,iem_watchwarn,iem_watchwarn|LBF|114|SV|W|2026-06-21T22:42:00Z|2026-06-21T23:30:00Z|,Severe Thunderstorm Warning,,2026-06-21T22:42:00Z,2026-06-21T23:30:00Z,LBF,NEW,1,"{""coordinates"":[[[-102.16,42.29],[-102.09,42.55],[-101.55,42.41],[-101.58,42.07],[-101.82,41.74],[-101.85,41.74],[-102.32,42.09],[-102.16,42.29]]],""type"":""Polygon""}","{""_map_py"":{""effective"":""2026-06-21T22:42:00Z"",""event"":""Severe Thunderstorm Warning"",""expires"":""2026-06-21T23:30:00Z"",""has_polygon"":true,""headline"":"""",""sender"":""LBF""},""effective"":""2026-06-21T22:42:00Z"",""event"":""Severe Thunderstorm Warning"",""expires"":""2026-06-21T23:30:00Z"",""headline"":"""",""iem_damagetag"":"""",""iem_emergency"":""False"",""iem_event_id"":""114"",""iem_forecaster"":""Gomez"",""iem_gtype"":""P"",""iem_hailtag"":""0.75"",""iem_phenomena"":""SV"",""iem_raw_properties"":{""AREA_KM2"":""3502.5406700056283"",""DAMAGTAG"":null,""EMERGENC"":""False"",""ETN"":""114"",""EXPIRED"":""202606212330"",""FCSTER"":""Gomez"",""GTYPE"":""P"",""HAILTAG"":""0.75"",""HV_CAUSE"":null,""HV_NWSLI"":null,""HV_REC"":null,""HV_SEV"":null,""INIT_EXP"":""202606212330"",""INIT_ISS"":""202606212242"",""ISSUED"":""202606212242"",""NWS_UGC"":null,""PHENOM"":""SV"",""POLY_BEG"":""202606212242"",""POLY_END"":""202606212302"",""PROD_ID"":""202606212242-KLBF-WUUS53-SVRLBF"",""SIG"":""W"",""STATUS"":""NEW"",""TORNTAG"":null,""UPDATED"":""202606212242"",""VTEC_YR"":""2026"",""WFO"":""LBF"",""WINDTAG"":""60.0""},""iem_significance"":""W"",""iem_tornadotag"":"""",""iem_ugc"":"""",""iem_wfo"":""LBF"",""iem_windtag"":""60.0"",""senderName"":""LBF"",""status"":""NEW""}","{""geometry"":{""coordinates"":[[[-102.16,42.29],[-102.09,42.55],[-101.55,42.41],[-101.58,42.07],[-101.82,41.74],[-101.85,41.74],[-102.32,42.09],[-102.16,42.29]]],""type"":""Polygon""},""properties"":{""_map_py"":{""effective"":""2026-06-21T22:42:00Z"",""event"":""Severe Thunderstorm Warning"",""expires"":""2026-06-21T23:30:00Z"",""has_polygon"":true,""headline"":"""",""sender"":""LBF""},""effective"":""2026-06-21T22:42:00Z"",""event"":""Severe Thunderstorm Warning"",""expires"":""2026-06-21T23:30:00Z"",""headline"":"""",""iem_damagetag"":"""",""iem_emergency"":""False"",""iem_event_id"":""114"",""iem_forecaster"":""Gomez"",""iem_gtype"":""P"",""iem_hailtag"":""0.75"",""iem_phenomena"":""SV"",""iem_raw_properties"":{""AREA_KM2"":""3502.5406700056283"",""DAMAGTAG"":null,""EMERGENC"":""False"",""ETN"":""114"",""EXPIRED"":""202606212330"",""FCSTER"":""Gomez"",""GTYPE"":""P"",""HAILTAG"":""0.75"",""HV_CAUSE"":null,""HV_NWSLI"":null,""HV_REC"":null,""HV_SEV"":null,""INIT_EXP"":""202606212330"",""INIT_ISS"":""202606212242"",""ISSUED"":""202606212242"",""NWS_UGC"":null,""PHENOM"":""SV"",""POLY_BEG"":""202606212242"",""POLY_END"":""202606212302"",""PROD_ID"":""202606212242-KLBF-WUUS53-SVRLBF"",""SIG"":""W"",""STATUS"":""NEW"",""TORNTAG"":null,""UPDATED"":""202606212242"",""VTEC_YR"":""2026"",""WFO"":""LBF"",""WINDTAG"":""60.0""},""iem_significance"":""W"",""iem_tornadotag"":"""",""iem_ugc"":"""",""iem_wfo"":""LBF"",""iem_windtag"":""60.0"",""senderName"":""LBF"",""status"":""NEW""},""type"":""Feature""}",2026-04-27T17:31:58Z,2026-07-09T05:15:02Z,2026-07-09T18:49:04Z
7126,iem_watchwarn,iem_watchwarn|LSX|194|SV|W|2026-06-21T22:43:00Z|2026-06-21T23:22:00Z|,Severe Thunderstorm Warning,,2026-06-21T22:43:00Z,2026-06-21T23:22:00Z,LSX,NEW,1,"{""coordinates"":[[[-89.6,38.74],[-89.14,38.74],[-89.14,38.5],[-89.18,38.5],[-89.61,38.61],[-89.61,38.66],[-89.6,38.66],[-89.6,38.74]]],""type"":""Polygon""}","{""_map_py"":{""effective"":""2026-06-21T22:43:00Z"",""event"":""Severe Thunderstorm Warning"",""expires"":""2026-06-21T23:22:00Z"",""has_polygon"":true,""headline"":"""",""sender"":""LSX""},""effective"":""2026-06-21T22:43:00Z"",""event"":""Severe Thunderstorm Warning"",""expires"":""2026-06-21T23:22:00Z"",""headline"":"""",""iem_damagetag"":"""",""iem_emergency"":""False"",""iem_event_id"":""194"",""iem_forecaster"":""BSH"",""iem_gtype"":""P"",""iem_hailtag"":""1.0"",""iem_phenomena"":""SV"",""iem_raw_properties"":{""AREA_KM2"":""853.2216224604505"",""DAMAGTAG"":null,""EMERGENC"":""False"",""ETN"":""194"",""EXPIRED"":""202606212322"",""FCSTER"":""BSH"",""GTYPE"":""P"",""HAILTAG"":""1.0"",""HV_CAUSE"":null,""HV_NWSLI"":null,""HV_REC"":null,""HV_SEV"":null,""INIT_EXP"":""202606212345"",""INIT_ISS"":""202606212243"",""ISSUED"":""202606212243"",""NWS_UGC"":null,""PHENOM"":""SV"",""POLY_BEG"":""202606212243"",""POLY_END"":""202606212251"",""PROD_ID"":""202606212243-KLSX-WUUS53-SVRLSX"",""SIG"":""W"",""STATUS"":""NEW"",""TORNTAG"":""POSSIBLE"",""UPDATED"":""202606212243"",""VTEC_YR"":""2026"",""WFO"":""LSX"",""WINDTAG"":""60.0""},""iem_significance"":""W"",""iem_tornadotag"":""POSSIBLE"",""iem_ugc"":"""",""iem_wfo"":""LSX"",""iem_windtag"":""60.0"",""senderName"":""LSX"",""status"":""NEW""}","{""geometry"":{""coordinates"":[[[-89.6,38.74],[-89.14,38.74],[-89.14,38.5],[-89.18,38.5],[-89.61,38.61],[-89.61,38.66],[-89.6,38.66],[-89.6,38.74]]],""type"":""Polygon""},""properties"":{""_map_py"":{""effective"":""2026-06-21T22:43:00Z"",""event"":""Severe Thunderstorm Warning"",""expires"":""2026-06-21T23:22:00Z"",""has_polygon"":true,""headline"":"""",""sender"":""LSX""},""effective"":""2026-06-21T22:43:00Z"",""event"":""Severe Thunderstorm Warning"",""expires"":""2026-06-21T23:22:00Z"",""headline"":"""",""iem_damagetag"":"""",""iem_emergency"":""False"",""iem_event_id"":""194"",""iem_forecaster"":""BSH"",""iem_gtype"":""P"",""iem_hailtag"":""1.0"",""iem_phenomena"":""SV"",""iem_raw_properties"":{""AREA_KM2"":""853.2216224604505"",""DAMAGTAG"":null,""EMERGENC"":""False"",""ETN"":""194"",""EXPIRED"":""202606212322"",""FCSTER"":""BSH"",""GTYPE"":""P"",""HAILTAG"":""1.0"",""HV_CAUSE"":null,""HV_NWSLI"":null,""HV_REC"":null,""HV_SEV"":null,""INIT_EXP"":""202606212345"",""INIT_ISS"":""202606212243"",""ISSUED"":""202606212243"",""NWS_UGC"":null,""PHENOM"":""SV"",""POLY_BEG"":""202606212243"",""POLY_END"":""202606212251"",""PROD_ID"":""202606212243-KLSX-WUUS53-SVRLSX"",""SIG"":""W"",""STATUS"":""NEW"",""TORNTAG"":""POSSIBLE"",""UPDATED"":""202606212243"",""VTEC_YR"":""2026"",""WFO"":""LSX"",""WINDTAG"":""60.0""},""iem_significance"":""W"",""iem_tornadotag"":""POSSIBLE"",""iem_ugc"":"""",""iem_wfo"":""LSX"",""iem_windtag"":""60.0"",""senderName"":""LSX"",""status"":""NEW""},""type"":""Feature""}",2026-04-27T17:31:58Z,2026-07-09T05:15:02Z,2026-07-09T18:49:04Z
1625,iem_watchwarn,iem_watchwarn|ICT|327|SV|W|2026-06-21T22:44:00Z|2026-06-21T23:45:00Z|,Severe Thunderstorm Warning,,2026-06-21T22:44:00Z,2026-06-21T23:45:00Z,ICT,NEW,1,"{""coordinates"":[[[-95.85,37.12],[-95.83,37.26],[-95.52,37.26],[-95.52,37.03],[-95.85,37.12]]],""type"":""Polygon""}","{""_map_py"":{""effective"":""2026-06-21T22:44:00Z"",""event"":""Severe Thunderstorm Warning"",""expires"":""2026-06-21T23:45:00Z"",""has_polygon"":true,""headline"":"""",""sender"":""ICT""},""effective"":""2026-06-21T22:44:00Z"",""event"":""Severe Thunderstorm Warning"",""expires"":""2026-06-21T23:45:00Z"",""headline"":"""",""iem_damagetag"":"""",""iem_emergency"":""False"",""iem_event_id"":""327"",""iem_forecaster"":""CUELLAR"",""iem_gtype"":""P"",""iem_hailtag"":""1.0"",""iem_phenomena"":""SV"",""iem_raw_properties"":{""AREA_KM2"":""587.628740340285"",""DAMAGTAG"":null,""EMERGENC"":""False"",""ETN"":""327"",""EXPIRED"":""202606212345"",""FCSTER"":""CUELLAR"",""GTYPE"":""P"",""HAILTAG"":""1.0"",""HV_CAUSE"":null,""HV_NWSLI"":null,""HV_REC"":null,""HV_SEV"":null,""INIT_EXP"":""202606212345"",""INIT_ISS"":""202606212244"",""ISSUED"":""202606212244"",""NWS_UGC"":null,""PHENOM"":""SV"",""POLY_BEG"":""202606212244"",""POLY_END"":""202606212250"",""PROD_ID"":""202606212244-KICT-WUUS53-SVRICT"",""SIG"":""W"",""STATUS"":""NEW"",""TORNTAG"":null,""UPDATED"":""202606212244"",""VTEC_YR"":""2026"",""WFO"":""ICT"",""WINDTAG"":""60.0""},""iem_significance"":""W"",""iem_tornadotag"":"""",""iem_ugc"":"""",""iem_wfo"":""ICT"",""iem_windtag"":""60.0"",""senderName"":""ICT"",""status"":""NEW""}","{""geometry"":{""coordinates"":[[[-95.85,37.12],[-95.83,37.26],[-95.52,37.26],[-95.52,37.03],[-95.85,37.12]]],""type"":""Polygon""},""properties"":{""_map_py"":{""effective"":""2026-06-21T22:44:00Z"",""event"":""Severe Thunderstorm Warning"",""expires"":""2026-06-21T23:45:00Z"",""has_polygon"":true,""headline"":"""",""sender"":""ICT""},""effective"":""2026-06-21T22:44:00Z"",""event"":""Severe Thunderstorm Warning"",""expires"":""2026-06-21T23:45:00Z"",""headline"":"""",""iem_damagetag"":"""",""iem_emergency"":""False"",""iem_event_id"":""327"",""iem_forecaster"":""CUELLAR"",""iem_gtype"":""P"",""iem_hailtag"":""1.0"",""iem_phenomena"":""SV"",""iem_raw_properties"":{""AREA_KM2"":""587.628740340285"",""DAMAGTAG"":null,""EMERGENC"":""False"",""ETN"":""327"",""EXPIRED"":""202606212345"",""FCSTER"":""CUELLAR"",""GTYPE"":""P"",""HAILTAG"":""1.0"",""HV_CAUSE"":null,""HV_NWSLI"":null,""HV_REC"":null,""HV_SEV"":null,""INIT_EXP"":""202606212345"",""INIT_ISS"":""202606212244"",""ISSUED"":""202606212244"",""NWS_UGC"":null,""PHENOM"":""SV"",""POLY_BEG"":""202606212244"",""POLY_END"":""202606212250"",""PROD_ID"":""202606212244-KICT-WUUS53-SVRICT"",""SIG"":""W"",""STATUS"":""NEW"",""TORNTAG"":null,""UPDATED"":""202606212244"",""VTEC_YR"":""2026"",""WFO"":""ICT"",""WINDTAG"":""60.0""},""iem_significance"":""W"",""iem_tornadotag"":"""",""iem_ugc"":"""",""iem_wfo"":""ICT"",""iem_windtag"":""60.0"",""senderName"":""ICT"",""status"":""NEW""},""type"":""Feature""}",2026-04-27T17:31:58Z,2026-07-09T05:15:02Z,2026-07-09T18:49:04Z
1595,iem_watchwarn,iem_watchwarn|IND|60|TO|W|2026-06-21T22:49:00Z|2026-06-21T23:15:00Z|,Tornado Warning,,2026-06-21T22:49:00Z,2026-06-21T23:15:00Z,IND,NEW,1,"{""coordinates"":[[[-87.1,39.2],[-87.12,39.31],[-86.81,39.41],[-86.75,39.2],[-87.1,39.2]]],""type"":""Polygon""}","{""_map_py"":{""effective"":""2026-06-21T22:49:00Z"",""event"":""Tornado Warning"",""expires"":""2026-06-21T23:15:00Z"",""has_polygon"":true,""headline"":"""",""sender"":""IND""},""effective"":""2026-06-21T22:49:00Z"",""event"":""Tornado Warning"",""expires"":""2026-06-21T23:15:00Z"",""headline"":"""",""iem_damagetag"":"""",""iem_emergency"":""False"",""iem_event_id"":""60"",""iem_forecaster"":""GM"",""iem_gtype"":""P"",""iem_hailtag"":""0.75"",""iem_phenomena"":""TO"",""iem_raw_properties"":{""AREA_KM2"":""524.4803216021845"",""DAMAGTAG"":null,""EMERGENC"":""False"",""ETN"":""60"",""EXPIRED"":""202606212315"",""FCSTER"":""GM"",""GTYPE"":""P"",""HAILTAG"":""0.75"",""HV_CAUSE"":null,""HV_NWSLI"":null,""HV_REC"":null,""HV_SEV"":null,""INIT_EXP"":""202606212315"",""INIT_ISS"":""202606212249"",""ISSUED"":""202606212249"",""NWS_UGC"":null,""PHENOM"":""TO"",""POLY_BEG"":""202606212249"",""POLY_END"":""202606212258"",""PROD_ID"":""202606212249-KIND-WFUS53-TORIND"",""SIG"":""W"",""STATUS"":""NEW"",""TORNTAG"":""RADAR INDICATED"",""UPDATED"":""202606212249"",""VTEC_YR"":""2026"",""WFO"":""IND"",""WINDTAG"":null},""iem_significance"":""W"",""iem_tornadotag"":""RADAR INDICATED"",""iem_ugc"":"""",""iem_wfo"":""IND"",""iem_windtag"":"""",""senderName"":""IND"",""status"":""NEW""}","{""geometry"":{""coordinates"":[[[-87.1,39.2],[-87.12,39.31],[-86.81,39.41],[-86.75,39.2],[-87.1,39.2]]],""type"":""Polygon""},""properties"":{""_map_py"":{""effective"":""2026-06-21T22:49:00Z"",""event"":""Tornado Warning"",""expires"":""2026-06-21T23:15:00Z"",""has_polygon"":true,""headline"":"""",""sender"":""IND""},""effective"":""2026-06-21T22:49:00Z"",""event"":""Tornado Warning"",""expires"":""2026-06-21T23:15:00Z"",""headline"":"""",""iem_damagetag"":"""",""iem_emergency"":""False"",""iem_event_id"":""60"",""iem_forecaster"":""GM"",""iem_gtype"":""P"",""iem_hailtag"":""0.75"",""iem_phenomena"":""TO"",""iem_raw_properties"":{""AREA_KM2"":""524.4803216021845"",""DAMAGTAG"":null,""EMERGENC"":""False"",""ETN"":""60"",""EXPIRED"":""202606212315"",""FCSTER"":""GM"",""GTYPE"":""P"",""HAILTAG"":""0.75"",""HV_CAUSE"":null,""HV_NWSLI"":null,""HV_REC"":null,""HV_SEV"":null,""INIT_EXP"":""202606212315"",""INIT_ISS"":""202606212249"",""ISSUED"":""202606212249"",""NWS_UGC"":null,""PHENOM"":""TO"",""POLY_BEG"":""202606212249"",""POLY_END"":""202606212258"",""PROD_ID"":""202606212249-KIND-WFUS53-TORIND"",""SIG"":""W"",""STATUS"":""NEW"",""TORNTAG"":""RADAR INDICATED"",""UPDATED"":""202606212249"",""VTEC_YR"":""2026"",""WFO"":""IND"",""WINDTAG"":null},""iem_significance"":""W"",""iem_tornadotag"":""RADAR INDICATED"",""iem_ugc"":"""",""iem_wfo"":""IND"",""iem_windtag"":"""",""senderName"":""IND"",""status"":""NEW""},""type"":""Feature""}",2026-04-27T17:31:58Z,2026-07-09T05:15:02Z,2026-07-09T18:49:04Z
10141,iem_watchwarn,iem_watchwarn|ILX|128|TO|W|2026-06-21T22:49:00Z|2026-06-21T23:30:00Z|,Tornado Warning,,2026-06-21T22:49:00Z,2026-06-21T23:30:00Z,ILX,NEW,1,"{""coordinates"":[[[-87.52,38.72],[-87.52,38.69],[-87.54,38.68],[-87.6,38.66],[-87.6,38.65],[-87.62,38.64],[-87.62,38.6],[-88.03,38.66],[-88.04,38.74],[-87.5,38.79],[-87.51,38.77],[-87.5,38.76],[-87.5,38.74],[-87.52,38.72]]],""type"":""Polygon""}","{""_map_py"":{""effective"":""2026-06-21T22:49:00Z"",""event"":""Tornado Warning"",""expires"":""2026-06-21T23:30:00Z"",""has_polygon"":true,""headline"":"""",""sender"":""ILX""},""effective"":""2026-06-21T22:49:00Z"",""event"":""Tornado Warning"",""expires"":""2026-06-21T23:30:00Z"",""headline"":"""",""iem_damagetag"":"""",""iem_emergency"":""False"",""iem_event_id"":""128"",""iem_forecaster"":""Erwin"",""iem_gtype"":""P"",""iem_hailtag"":""1.0"",""iem_phenomena"":""TO"",""iem_raw_properties"":{""AREA_KM2"":""639.957300825667"",""DAMAGTAG"":null,""EMERGENC"":""False"",""ETN"":""128"",""EXPIRED"":""202606212330"",""FCSTER"":""Erwin"",""GTYPE"":""P"",""HAILTAG"":""1.0"",""HV_CAUSE"":null,""HV_NWSLI"":null,""HV_REC"":null,""HV_SEV"":null,""INIT_EXP"":""202606212330"",""INIT_ISS"":""202606212249"",""ISSUED"":""202606212249"",""NWS_UGC"":null,""PHENOM"":""TO"",""POLY_BEG"":""202606212249"",""POLY_END"":""202606212257"",""PROD_ID"":""202606212249-KILX-WFUS53-TORILX"",""SIG"":""W"",""STATUS"":""NEW"",""TORNTAG"":""RADAR INDICATED"",""UPDATED"":""202606212249"",""VTEC_YR"":""2026"",""WFO"":""ILX"",""WINDTAG"":null},""iem_significance"":""W"",""iem_tornadotag"":""RADAR INDICATED"",""iem_ugc"":"""",""iem_wfo"":""ILX"",""iem_windtag"":"""",""senderName"":""ILX"",""status"":""NEW""}","{""geometry"":{""coordinates"":[[[-87.52,38.72],[-87.52,38.69],[-87.54,38.68],[-87.6,38.66],[-87.6,38.65],[-87.62,38.64],[-87.62,38.6],[-88.03,38.66],[-88.04,38.74],[-87.5,38.79],[-87.51,38.77],[-87.5,38.76],[-87.5,38.74],[-87.52,38.72]]],""type"":""Polygon""},""properties"":{""_map_py"":{""effective"":""2026-06-21T22:49:00Z"",""event"":""Tornado Warning"",""expires"":""2026-06-21T23:30:00Z"",""has_polygon"":true,""headline"":"""",""sender"":""ILX""},""effective"":""2026-06-21T22:49:00Z"",""event"":""Tornado Warning"",""expires"":""2026-06-21T23:30:00Z"",""headline"":"""",""iem_damagetag"":"""",""iem_emergency"":""False"",""iem_event_id"":""128"",""iem_forecaster"":""Erwin"",""iem_gtype"":""P"",""iem_hailtag"":""1.0"",""iem_phenomena"":""TO"",""iem_raw_properties"":{""AREA_KM2"":""639.957300825667"",""DAMAGTAG"":null,""EMERGENC"":""False"",""ETN"":""128"",""EXPIRED"":""202606212330"",""FCSTER"":""Erwin"",""GTYPE"":""P"",""HAILTAG"":""1.0"",""HV_CAUSE"":null,""HV_NWSLI"":null,""HV_REC"":null,""HV_SEV"":null,""INIT_EXP"":""202606212330"",""INIT_ISS"":""202606212249"",""ISSUED"":""202606212249"",""NWS_UGC"":null,""PHENOM"":""TO"",""POLY_BEG"":""202606212249"",""POLY_END"":""202606212257"",""PROD_ID"":""202606212249-KILX-WFUS53-TORILX"",""SIG"":""W"",""STATUS"":""NEW"",""TORNTAG"":""RADAR INDICATED"",""UPDATED"":""202606212249"",""VTEC_YR"":""2026"",""WFO"":""ILX"",""WINDTAG"":null},""iem_significance"":""W"",""iem_tornadotag"":""RADAR INDICATED"",""iem_ugc"":"""",""iem_wfo"":""ILX"",""iem_windtag"":"""",""senderName"":""ILX"",""status"":""NEW""},""type"":""Feature""}",2026-04-27T17:31:58Z,2026-07-09T05:15:02Z,2026-07-09T18:49:04Z
7575,iem_watchwarn,iem_watchwarn|IND|61|TO|W|2026-06-21T22:50:00Z|2026-06-21T23:15:00Z|,Tornado Warning,,2026-06-21T22:50:00Z,2026-06-21T23:15:00Z,IND,NEW,1,"{""coordinates"":[[[-87.52,38.82],[-87.52,38.83],[-87.13,38.84],[-87.14,38.72],[-87.5,38.77],[-87.49,38.78],[-87.53,38.82],[-87.52,38.82]]],""type"":""Polygon""}","{""_map_py"":{""effective"":""2026-06-21T22:50:00Z"",""event"":""Tornado Warning"",""expires"":""2026-06-21T23:15:00Z"",""has_polygon"":true,""headline"":"""",""sender"":""IND""},""effective"":""2026-06-21T22:50:00Z"",""event"":""Tornado Warning"",""expires"":""2026-06-21T23:15:00Z"",""headline"":"""",""iem_damagetag"":"""",""iem_emergency"":""False"",""iem_event_id"":""61"",""iem_forecaster"":""White"",""iem_gtype"":""P"",""iem_hailtag"":""0.75"",""iem_phenomena"":""TO"",""iem_raw_properties"":{""AREA_KM2"":""323.8864698421677"",""DAMAGTAG"":null,""EMERGENC"":""False"",""ETN"":""61"",""EXPIRED"":""202606212315"",""FCSTER"":""White"",""GTYPE"":""P"",""HAILTAG"":""0.75"",""HV_CAUSE"":null,""HV_NWSLI"":null,""HV_REC"":null,""HV_SEV"":null,""INIT_EXP"":""202606212315"",""INIT_ISS"":""202606212250"",""ISSUED"":""202606212250"",""NWS_UGC"":null,""PHENOM"":""TO"",""POLY_BEG"":""202606212250"",""POLY_END"":""202606212304"",""PROD_ID"":""202606212250-KIND-WFUS53-TORIND"",""SIG"":""W"",""STATUS"":""NEW"",""TORNTAG"":""RADAR INDICATED"",""UPDATED"":""202606212250"",""VTEC_YR"":""2026"",""WFO"":""IND"",""WINDTAG"":null},""iem_significance"":""W"",""iem_tornadotag"":""RADAR INDICATED"",""iem_ugc"":"""",""iem_wfo"":""IND"",""iem_windtag"":"""",""senderName"":""IND"",""status"":""NEW""}","{""geometry"":{""coordinates"":[[[-87.52,38.82],[-87.52,38.83],[-87.13,38.84],[-87.14,38.72],[-87.5,38.77],[-87.49,38.78],[-87.53,38.82],[-87.52,38.82]]],""type"":""Polygon""},""properties"":{""_map_py"":{""effective"":""2026-06-21T22:50:00Z"",""event"":""Tornado Warning"",""expires"":""2026-06-21T23:15:00Z"",""has_polygon"":true,""headline"":"""",""sender"":""IND""},""effective"":""2026-06-21T22:50:00Z"",""event"":""Tornado Warning"",""expires"":""2026-06-21T23:15:00Z"",""headline"":"""",""iem_damagetag"":"""",""iem_emergency"":""False"",""iem_event_id"":""61"",""iem_forecaster"":""White"",""iem_gtype"":""P"",""iem_hailtag"":""0.75"",""iem_phenomena"":""TO"",""iem_raw_properties"":{""AREA_KM2"":""323.8864698421677"",""DAMAGTAG"":null,""EMERGENC"":""False"",""ETN"":""61"",""EXPIRED"":""202606212315"",""FCSTER"":""White"",""GTYPE"":""P"",""HAILTAG"":""0.75"",""HV_CAUSE"":null,""HV_NWSLI"":null,""HV_REC"":null,""HV_SEV"":null,""INIT_EXP"":""202606212315"",""INIT_ISS"":""202606212250"",""ISSUED"":""202606212250"",""NWS_UGC"":null,""PHENOM"":""TO"",""POLY_BEG"":""202606212250"",""POLY_END"":""202606212304"",""PROD_ID"":""202606212250-KIND-WFUS53-TORIND"",""SIG"":""W"",""STATUS"":""NEW"",""TORNTAG"":""RADAR INDICATED"",""UPDATED"":""202606212250"",""VTEC_YR"":""2026"",""WFO"":""IND"",""WINDTAG"":null},""iem_significance"":""W"",""iem_tornadotag"":""RADAR INDICATED"",""iem_ugc"":"""",""iem_wfo"":""IND"",""iem_windtag"":"""",""senderName"":""IND"",""status"":""NEW""},""type"":""Feature""}",2026-04-27T17:31:58Z,2026-07-09T05:15:02Z,2026-07-09T18:49:04Z
779,iem_watchwarn,iem_watchwarn|LSX|73|TO|W|2026-06-21T22:50:00Z|2026-06-21T23:22:00Z|,Tornado Warning,,2026-06-21T22:50:00Z,2026-06-21T23:22:00Z,LSX,NEW,1,"{""coordinates"":[[[-89.55,38.59],[-89.53,38.7],[-89.14,38.7],[-89.14,38.5],[-89.55,38.59]]],""type"":""Polygon""}","{""_map_py"":{""effective"":""2026-06-21T22:50:00Z"",""event"":""Tornado Warning"",""expires"":""2026-06-21T23:22:00Z"",""has_polygon"":true,""headline"":"""",""sender"":""LSX""},""effective"":""2026-06-21T22:50:00Z"",""event"":""Tornado Warning"",""expires"":""2026-06-21T23:22:00Z"",""headline"":"""",""iem_damagetag"":"""",""iem_emergency"":""False"",""iem_event_id"":""73"",""iem_forecaster"":""BSH"",""iem_gtype"":""P"",""iem_hailtag"":""0.0"",""iem_phenomena"":""TO"",""iem_raw_properties"":{""AREA_KM2"":""603.1342459036733"",""DAMAGTAG"":null,""EMERGENC"":""False"",""ETN"":""73"",""EXPIRED"":""202606212322"",""FCSTER"":""BSH"",""GTYPE"":""P"",""HAILTAG"":""0.0"",""HV_CAUSE"":null,""HV_NWSLI"":null,""HV_REC"":null,""HV_SEV"":null,""INIT_EXP"":""202606212330"",""INIT_ISS"":""202606212250"",""ISSUED"":""202606212250"",""NWS_UGC"":null,""PHENOM"":""TO"",""POLY_BEG"":""202606212250"",""POLY_END"":""202606212258"",""PROD_ID"":""202606212250-KLSX-WFUS53-TORLSX"",""SIG"":""W"",""STATUS"":""NEW"",""TORNTAG"":""RADAR INDICATED"",""UPDATED"":""202606212250"",""VTEC_YR"":""2026"",""WFO"":""LSX"",""WINDTAG"":null},""iem_significance"":""W"",""iem_tornadotag"":""RADAR INDICATED"",""iem_ugc"":"""",""iem_wfo"":""LSX"",""iem_windtag"":"""",""senderName"":""LSX"",""status"":""NEW""}","{""geometry"":{""coordinates"":[[[-89.55,38.59],[-89.53,38.7],[-89.14,38.7],[-89.14,38.5],[-89.55,38.59]]],""type"":""Polygon""},""properties"":{""_map_py"":{""effective"":""2026-06-21T22:50:00Z"",""event"":""Tornado Warning"",""expires"":""2026-06-21T23:22:00Z"",""has_polygon"":true,""headline"":"""",""sender"":""LSX""},""effective"":""2026-06-21T22:50:00Z"",""event"":""Tornado Warning"",""expires"":""2026-06-21T23:22:00Z"",""headline"":"""",""iem_damagetag"":"""",""iem_emergency"":""False"",""iem_event_id"":""73"",""iem_forecaster"":""BSH"",""iem_gtype"":""P"",""iem_hailtag"":""0.0"",""iem_phenomena"":""TO"",""iem_raw_properties"":{""AREA_KM2"":""603.1342459036733"",""DAMAGTAG"":null,""EMERGENC"":""False"",""ETN"":""73"",""EXPIRED"":""202606212322"",""FCSTER"":""BSH"",""GTYPE"":""P"",""HAILTAG"":""0.0"",""HV_CAUSE"":null,""HV_NWSLI"":null,""HV_REC"":null,""HV_SEV"":null,""INIT_EXP"":""202606212330"",""INIT_ISS"":""202606212250"",""ISSUED"":""202606212250"",""NWS_UGC"":null,""PHENOM"":""TO"",""POLY_BEG"":""202606212250"",""POLY_END"":""202606212258"",""PROD_ID"":""202606212250-KLSX-WFUS53-TORLSX"",""SIG"":""W"",""STATUS"":""NEW"",""TORNTAG"":""RADAR INDICATED"",""UPDATED"":""202606212250"",""VTEC_YR"":""2026"",""WFO"":""LSX"",""WINDTAG"":null},""iem_significance"":""W"",""iem_tornadotag"":""RADAR INDICATED"",""iem_ugc"":"""",""iem_wfo"":""LSX"",""iem_windtag"":"""",""senderName"":""LSX"",""status"":""NEW""},""type"":""Feature""}",2026-04-27T17:31:58Z,2026-07-09T05:15:02Z,2026-07-09T18:49:04Z
699,iem_watchwarn,iem_watchwarn|BOU|108|SV|W|2026-06-21T22:50:00Z|2026-06-21T23:30:00Z|,Severe Thunderstorm Warning,,2026-06-21T22:50:00Z,2026-06-21T23:30:00Z,BOU,NEW,1,"{""coordinates"":[[[-103.64,39.66],[-103.64,39.87],[-103.26,39.87],[-103.26,39.66],[-103.64,39.66]]],""type"":""Polygon""}","{""_map_py"":{""effective"":""2026-06-21T22:50:00Z"",""event"":""Severe Thunderstorm Warning"",""expires"":""2026-06-21T23:30:00Z"",""has_polygon"":true,""headline"":"""",""sender"":""BOU""},""effective"":""2026-06-21T22:50:00Z"",""event"":""Severe Thunderstorm Warning"",""expires"":""2026-06-21T23:30:00Z"",""headline"":"""",""iem_damagetag"":"""",""iem_emergency"":""False"",""iem_event_id"":""108"",""iem_forecaster"":""63"",""iem_gtype"":""P"",""iem_hailtag"":""1.0"",""iem_phenomena"":""SV"",""iem_raw_properties"":{""AREA_KM2"":""758.4118176959756"",""DAMAGTAG"":null,""EMERGENC"":""False"",""ETN"":""108"",""EXPIRED"":""202606212330"",""FCSTER"":""63"",""GTYPE"":""P"",""HAILTAG"":""1.0"",""HV_CAUSE"":null,""HV_NWSLI"":null,""HV_REC"":null,""HV_SEV"":null,""INIT_EXP"":""202606212330"",""INIT_ISS"":""202606212250"",""ISSUED"":""202606212250"",""NWS_UGC"":null,""PHENOM"":""SV"",""POLY_BEG"":""202606212250"",""POLY_END"":""202606212302"",""PROD_ID"":""202606212250-KBOU-WUUS55-SVRBOU"",""SIG"":""W"",""STATUS"":""NEW"",""TORNTAG"":null,""UPDATED"":""202606212250"",""VTEC_YR"":""2026"",""WFO"":""BOU"",""WINDTAG"":""60.0""},""iem_significance"":""W"",""iem_tornadotag"":"""",""iem_ugc"":"""",""iem_wfo"":""BOU"",""iem_windtag"":""60.0"",""senderName"":""BOU"",""status"":""NEW""}","{""geometry"":{""coordinates"":[[[-103.64,39.66],[-103.64,39.87],[-103.26,39.87],[-103.26,39.66],[-103.64,39.66]]],""type"":""Polygon""},""properties"":{""_map_py"":{""effective"":""2026-06-21T22:50:00Z"",""event"":""Severe Thunderstorm Warning"",""expires"":""2026-06-21T23:30:00Z"",""has_polygon"":true,""headline"":"""",""sender"":""BOU""},""effective"":""2026-06-21T22:50:00Z"",""event"":""Severe Thunderstorm Warning"",""expires"":""2026-06-21T23:30:00Z"",""headline"":"""",""iem_damagetag"":"""",""iem_emergency"":""False"",""iem_event_id"":""108"",""iem_forecaster"":""63"",""iem_gtype"":""P"",""iem_hailtag"":""1.0"",""iem_phenomena"":""SV"",""iem_raw_properties"":{""AREA_KM2"":""758.4118176959756"",""DAMAGTAG"":null,""EMERGENC"":""False"",""ETN"":""108"",""EXPIRED"":""202606212330"",""FCSTER"":""63"",""GTYPE"":""P"",""HAILTAG"":""1.0"",""HV_CAUSE"":null,""HV_NWSLI"":null,""HV_REC"":null,""HV_SEV"":null,""INIT_EXP"":""202606212330"",""INIT_ISS"":""202606212250"",""ISSUED"":""202606212250"",""NWS_UGC"":null,""PHENOM"":""SV"",""POLY_BEG"":""202606212250"",""POLY_END"":""202606212302"",""PROD_ID"":""202606212250-KBOU-WUUS55-SVRBOU"",""SIG"":""W"",""STATUS"":""NEW"",""TORNTAG"":null,""UPDATED"":""202606212250"",""VTEC_YR"":""2026"",""WFO"":""BOU"",""WINDTAG"":""60.0""},""iem_significance"":""W"",""iem_tornadotag"":"""",""iem_ugc"":"""",""iem_wfo"":""BOU"",""iem_windtag"":""60.0"",""senderName"":""BOU"",""status"":""NEW""},""type"":""Feature""}",2026-04-27T17:31:58Z,2026-07-09T05:15:02Z,2026-07-09T18:49:04Z
297,iem_watchwarn,iem_watchwarn|BOU|109|SV|W|2026-06-21T22:52:00Z|2026-06-21T23:14:00Z|,Severe Thunderstorm Warning,,2026-06-21T22:52:00Z,2026-06-21T23:14:00Z,BOU,NEW,1,"{""coordinates"":[[[-103.16,39.59],[-103.15,39.86],[-102.8,39.85],[-102.8,39.58],[-103.16,39.59]]],""type"":""Polygon""}","{""_map_py"":{""effective"":""2026-06-21T22:52:00Z"",""event"":""Severe Thunderstorm Warning"",""expires"":""2026-06-21T23:14:00Z"",""has_polygon"":true,""headline"":"""",""sender"":""BOU""},""effective"":""2026-06-21T22:52:00Z"",""event"":""Severe Thunderstorm Warning"",""expires"":""2026-06-21T23:14:00Z"",""headline"":"""",""iem_damagetag"":"""",""iem_emergency"":""False"",""iem_event_id"":""109"",""iem_forecaster"":""63"",""iem_gtype"":""P"",""iem_hailtag"":""1.0"",""iem_phenomena"":""SV"",""iem_raw_properties"":{""AREA_KM2"":""912.0175961260171"",""DAMAGTAG"":null,""EMERGENC"":""False"",""ETN"":""109"",""EXPIRED"":""202606212314"",""FCSTER"":""63"",""GTYPE"":""P"",""HAILTAG"":""1.0"",""HV_CAUSE"":null,""HV_NWSLI"":null,""HV_REC"":null,""HV_SEV"":null,""INIT_EXP"":""202606212330"",""INIT_ISS"":""202606212252"",""ISSUED"":""202606212252"",""NWS_UGC"":null,""PHENOM"":""SV"",""POLY_BEG"":""202606212252"",""POLY_END"":""202606212302"",""PROD_ID"":""202606212252-KBOU-WUUS55-SVRBOU"",""SIG"":""W"",""STATUS"":""NEW"",""TORNTAG"":null,""UPDATED"":""202606212252"",""VTEC_YR"":""2026"",""WFO"":""BOU"",""WINDTAG"":""60.0""},""iem_significance"":""W"",""iem_tornadotag"":"""",""iem_ugc"":"""",""iem_wfo"":""BOU"",""iem_windtag"":""60.0"",""senderName"":""BOU"",""status"":""NEW""}","{""geometry"":{""coordinates"":[[[-103.16,39.59],[-103.15,39.86],[-102.8,39.85],[-102.8,39.58],[-103.16,39.59]]],""type"":""Polygon""},""properties"":{""_map_py"":{""effective"":""2026-06-21T22:52:00Z"",""event"":""Severe Thunderstorm Warning"",""expires"":""2026-06-21T23:14:00Z"",""has_polygon"":true,""headline"":"""",""sender"":""BOU""},""effective"":""2026-06-21T22:52:00Z"",""event"":""Severe Thunderstorm Warning"",""expires"":""2026-06-21T23:14:00Z"",""headline"":"""",""iem_damagetag"":"""",""iem_emergency"":""False"",""iem_event_id"":""109"",""iem_forecaster"":""63"",""iem_gtype"":""P"",""iem_hailtag"":""1.0"",""iem_phenomena"":""SV"",""iem_raw_properties"":{""AREA_KM2"":""912.0175961260171"",""DAMAGTAG"":null,""EMERGENC"":""False"",""ETN"":""109"",""EXPIRED"":""202606212314"",""FCSTER"":""63"",""GTYPE"":""P"",""HAILTAG"":""1.0"",""HV_CAUSE"":null,""HV_NWSLI"":null,""HV_REC"":null,""HV_SEV"":null,""INIT_EXP"":""202606212330"",""INIT_ISS"":""202606212252"",""ISSUED"":""202606212252"",""NWS_UGC"":null,""PHENOM"":""SV"",""POLY_BEG"":""202606212252"",""POLY_END"":""202606212302"",""PROD_ID"":""202606212252-KBOU-WUUS55-SVRBOU"",""SIG"":""W"",""STATUS"":""NEW"",""TORNTAG"":null,""UPDATED"":""202606212252"",""VTEC_YR"":""2026"",""WFO"":""BOU"",""WINDTAG"":""60.0""},""iem_significance"":""W"",""iem_tornadotag"":"""",""iem_ugc"":"""",""iem_wfo"":""BOU"",""iem_windtag"":""60.0"",""senderName"":""BOU"",""status"":""NEW""},""type"":""Feature""}",2026-04-27T17:31:58Z,2026-07-09T05:15:02Z,2026-07-09T18:49:04Z
3330,iem_watchwarn,iem_watchwarn|ILX|129|TO|W|2026-06-21T22:52:00Z|2026-06-21T23:17:00Z|,Tornado Warning,,2026-06-21T22:52:00Z,2026-06-21T23:17:00Z,ILX,NEW,1,"{""coordinates"":[[[-88.34,38.78],[-88.34,38.9],[-87.98,38.92],[-87.97,38.78],[-88.34,38.78]]],""type"":""Polygon""}","{""_map_py"":{""effective"":""2026-06-21T22:52:00Z"",""event"":""Tornado Warning"",""expires"":""2026-06-21T23:17:00Z"",""has_polygon"":true,""headline"":"""",""sender"":""ILX""},""effective"":""2026-06-21T22:52:00Z"",""event"":""Tornado Warning"",""expires"":""2026-06-21T23:17:00Z"",""headline"":"""",""iem_damagetag"":"""",""iem_emergency"":""False"",""iem_event_id"":""129"",""iem_forecaster"":""Copple"",""iem_gtype"":""P"",""iem_hailtag"":""0.75"",""iem_phenomena"":""TO"",""iem_raw_properties"":{""AREA_KM2"":""457.3896676510745"",""DAMAGTAG"":null,""EMERGENC"":""False"",""ETN"":""129"",""EXPIRED"":""202606212317"",""FCSTER"":""Copple"",""GTYPE"":""P"",""HAILTAG"":""0.75"",""HV_CAUSE"":null,""HV_NWSLI"":null,""HV_REC"":null,""HV_SEV"":null,""INIT_EXP"":""202606212330"",""INIT_ISS"":""202606212252"",""ISSUED"":""202606212252"",""NWS_UGC"":null,""PHENOM"":""TO"",""POLY_BEG"":""202606212252"",""POLY_END"":""202606212306"",""PROD_ID"":""202606212252-KILX-WFUS53-TORILX"",""SIG"":""W"",""STATUS"":""NEW"",""TORNTAG"":""RADAR INDICATED"",""UPDATED"":""202606212252"",""VTEC_YR"":""2026"",""WFO"":""ILX"",""WINDTAG"":null},""iem_significance"":""W"",""iem_tornadotag"":""RADAR INDICATED"",""iem_ugc"":"""",""iem_wfo"":""ILX"",""iem_windtag"":"""",""senderName"":""ILX"",""status"":""NEW""}","{""geometry"":{""coordinates"":[[[-88.34,38.78],[-88.34,38.9],[-87.98,38.92],[-87.97,38.78],[-88.34,38.78]]],""type"":""Polygon""},""properties"":{""_map_py"":{""effective"":""2026-06-21T22:52:00Z"",""event"":""Tornado Warning"",""expires"":""2026-06-21T23:17:00Z"",""has_polygon"":true,""headline"":"""",""sender"":""ILX""},""effective"":""2026-06-21T22:52:00Z"",""event"":""Tornado Warning"",""expires"":""2026-06-21T23:17:00Z"",""headline"":"""",""iem_damagetag"":"""",""iem_emergency"":""False"",""iem_event_id"":""129"",""iem_forecaster"":""Copple"",""iem_gtype"":""P"",""iem_hailtag"":""0.75"",""iem_phenomena"":""TO"",""iem_raw_properties"":{""AREA_KM2"":""457.3896676510745"",""DAMAGTAG"":null,""EMERGENC"":""False"",""ETN"":""129"",""EXPIRED"":""202606212317"",""FCSTER"":""Copple"",""GTYPE"":""P"",""HAILTAG"":""0.75"",""HV_CAUSE"":null,""HV_NWSLI"":null,""HV_REC"":null,""HV_SEV"":null,""INIT_EXP"":""202606212330"",""INIT_ISS"":""202606212252"",""ISSUED"":""202606212252"",""NWS_UGC"":null,""PHENOM"":""TO"",""POLY_BEG"":""202606212252"",""POLY_END"":""202606212306"",""PROD_ID"":""202606212252-KILX-WFUS53-TORILX"",""SIG"":""W"",""STATUS"":""NEW"",""TORNTAG"":""RADAR INDICATED"",""UPDATED"":""202606212252"",""VTEC_YR"":""2026"",""WFO"":""ILX"",""WINDTAG"":null},""iem_significance"":""W"",""iem_tornadotag"":""RADAR INDICATED"",""iem_ugc"":"""",""iem_wfo"":""ILX"",""iem_windtag"":"""",""senderName"":""ILX"",""status"":""NEW""},""type"":""Feature""}",2026-04-27T17:31:58Z,2026-07-09T05:15:02Z,2026-07-09T18:49:04Z
8435,iem_watchwarn,iem_watchwarn|GLD|158|SV|W|2026-06-21T22:54:00Z|2026-06-21T23:30:00Z|,Severe Thunderstorm Warning,,2026-06-21T22:54:00Z,2026-06-21T23:30:00Z,GLD,NEW,1,"{""coordinates"":[[[-101.48,38.99],[-101.48,39.13],[-101.54,39.14],[-101.59,39.24],[-101.14,39.56],[-100.72,39.31],[-100.72,39.13],[-100.81,38.92],[-101.38,38.88],[-101.48,38.99]]],""type"":""Polygon""}","{""_map_py"":{""effective"":""2026-06-21T22:54:00Z"",""event"":""Severe Thunderstorm Warning"",""expires"":""2026-06-21T23:30:00Z"",""has_polygon"":true,""headline"":"""",""sender"":""GLD""},""effective"":""2026-06-21T22:54:00Z"",""event"":""Severe Thunderstorm Warning"",""expires"":""2026-06-21T23:30:00Z"",""headline"":"""",""iem_damagetag"":"""",""iem_emergency"":""False"",""iem_event_id"":""158"",""iem_forecaster"":""Alexander"",""iem_gtype"":""P"",""iem_hailtag"":""1.0"",""iem_phenomena"":""SV"",""iem_raw_properties"":{""AREA_KM2"":""3895.7993330782465"",""DAMAGTAG"":null,""EMERGENC"":""False"",""ETN"":""158"",""EXPIRED"":""202606212330"",""FCSTER"":""Alexander"",""GTYPE"":""P"",""HAILTAG"":""1.0"",""HV_CAUSE"":null,""HV_NWSLI"":null,""HV_REC"":null,""HV_SEV"":null,""INIT_EXP"":""202606212330"",""INIT_ISS"":""202606212254"",""ISSUED"":""202606212254"",""NWS_UGC"":null,""PHENOM"":""SV"",""POLY_BEG"":""202606212254"",""POLY_END"":""202606212301"",""PROD_ID"":""202606212254-KGLD-WUUS53-SVRGLD"",""SIG"":""W"",""STATUS"":""NEW"",""TORNTAG"":null,""UPDATED"":""202606212254"",""VTEC_YR"":""2026"",""WFO"":""GLD"",""WINDTAG"":""60.0""},""iem_significance"":""W"",""iem_tornadotag"":"""",""iem_ugc"":"""",""iem_wfo"":""GLD"",""iem_windtag"":""60.0"",""senderName"":""GLD"",""status"":""NEW""}","{""geometry"":{""coordinates"":[[[-101.48,38.99],[-101.48,39.13],[-101.54,39.14],[-101.59,39.24],[-101.14,39.56],[-100.72,39.31],[-100.72,39.13],[-100.81,38.92],[-101.38,38.88],[-101.48,38.99]]],""type"":""Polygon""},""properties"":{""_map_py"":{""effective"":""2026-06-21T22:54:00Z"",""event"":""Severe Thunderstorm Warning"",""expires"":""2026-06-21T23:30:00Z"",""has_polygon"":true,""headline"":"""",""sender"":""GLD""},""effective"":""2026-06-21T22:54:00Z"",""event"":""Severe Thunderstorm Warning"",""expires"":""2026-06-21T23:30:00Z"",""headline"":"""",""iem_damagetag"":"""",""iem_emergency"":""False"",""iem_event_id"":""158"",""iem_forecaster"":""Alexander"",""iem_gtype"":""P"",""iem_hailtag"":""1.0"",""iem_phenomena"":""SV"",""iem_raw_properties"":{""AREA_KM2"":""3895.7993330782465"",""DAMAGTAG"":null,""EMERGENC"":""False"",""ETN"":""158"",""EXPIRED"":""202606212330"",""FCSTER"":""Alexander"",""GTYPE"":""P"",""HAILTAG"":""1.0"",""HV_CAUSE"":null,""HV_NWSLI"":null,""HV_REC"":null,""HV_SEV"":null,""INIT_EXP"":""202606212330"",""INIT_ISS"":""202606212254"",""ISSUED"":""202606212254"",""NWS_UGC"":null,""PHENOM"":""SV"",""POLY_BEG"":""202606212254"",""POLY_END"":""202606212301"",""PROD_ID"":""202606212254-KGLD-WUUS53-SVRGLD"",""SIG"":""W"",""STATUS"":""NEW"",""TORNTAG"":null,""UPDATED"":""202606212254"",""VTEC_YR"":""2026"",""WFO"":""GLD"",""WINDTAG"":""60.0""},""iem_significance"":""W"",""iem_tornadotag"":"""",""iem_ugc"":"""",""iem_wfo"":""GLD"",""iem_windtag"":""60.0"",""senderName"":""GLD"",""status"":""NEW""},""type"":""Feature""}",2026-04-27T17:31:58Z,2026-07-09T05:15:02Z,2026-07-09T18:49:04Z
5406,iem_watchwarn,iem_watchwarn|ILX|308|SV|W|2026-06-21T22:58:00Z|2026-06-22T00:00:00Z|,Severe Thunderstorm Warning,,2026-06-21T22:58:00Z,2026-06-22T00:00:00Z,ILX,NEW,1,"{""coordinates"":[[[-88.16,38.6],[-88.7,38.61],[-88.69,38.91],[-88.01,38.91],[-88.09,38.57],[-88.14,38.57],[-88.16,38.6]]],""type"":""Polygon""}","{""_map_py"":{""effective"":""2026-06-21T22:58:00Z"",""event"":""Severe Thunderstorm Warning"",""expires"":""2026-06-22T00:00:00Z"",""has_polygon"":true,""headline"":"""",""sender"":""ILX""},""effective"":""2026-06-21T22:58:00Z"",""event"":""Severe Thunderstorm Warning"",""expires"":""2026-06-22T00:00:00Z"",""headline"":"""",""iem_damagetag"":"""",""iem_emergency"":""False"",""iem_event_id"":""308"",""iem_forecaster"":""Copple"",""iem_gtype"":""P"",""iem_hailtag"":""0.88"",""iem_phenomena"":""SV"",""iem_raw_properties"":{""AREA_KM2"":""1932.13634995209"",""DAMAGTAG"":null,""EMERGENC"":""False"",""ETN"":""308"",""EXPIRED"":""202606220000"",""FCSTER"":""Copple"",""GTYPE"":""P"",""HAILTAG"":""0.88"",""HV_CAUSE"":null,""HV_NWSLI"":null,""HV_REC"":null,""HV_SEV"":null,""INIT_EXP"":""202606220000"",""INIT_ISS"":""202606212258"",""ISSUED"":""202606212258"",""NWS_UGC"":null,""PHENOM"":""SV"",""POLY_BEG"":""202606212258"",""POLY_END"":""202606212304"",""PROD_ID"":""202606212258-KILX-WUUS53-SVRILX"",""SIG"":""W"",""STATUS"":""NEW"",""TORNTAG"":""POSSIBLE"",""UPDATED"":""202606212258"",""VTEC_YR"":""2026"",""WFO"":""ILX"",""WINDTAG"":""60.0""},""iem_significance"":""W"",""iem_tornadotag"":""POSSIBLE"",""iem_ugc"":"""",""iem_wfo"":""ILX"",""iem_windtag"":""60.0"",""senderName"":""ILX"",""status"":""NEW""}","{""geometry"":{""coordinates"":[[[-88.16,38.6],[-88.7,38.61],[-88.69,38.91],[-88.01,38.91],[-88.09,38.57],[-88.14,38.57],[-88.16,38.6]]],""type"":""Polygon""},""properties"":{""_map_py"":{""effective"":""2026-06-21T22:58:00Z"",""event"":""Severe Thunderstorm Warning"",""expires"":""2026-06-22T00:00:00Z"",""has_polygon"":true,""headline"":"""",""sender"":""ILX""},""effective"":""2026-06-21T22:58:00Z"",""event"":""Severe Thunderstorm Warning"",""expires"":""2026-06-22T00:00:00Z"",""headline"":"""",""iem_damagetag"":"""",""iem_emergency"":""False"",""iem_event_id"":""308"",""iem_forecaster"":""Copple"",""iem_gtype"":""P"",""iem_hailtag"":""0.88"",""iem_phenomena"":""SV"",""iem_raw_properties"":{""AREA_KM2"":""1932.13634995209"",""DAMAGTAG"":null,""EMERGENC"":""False"",""ETN"":""308"",""EXPIRED"":""202606220000"",""FCSTER"":""Copple"",""GTYPE"":""P"",""HAILTAG"":""0.88"",""HV_CAUSE"":null,""HV_NWSLI"":null,""HV_REC"":null,""HV_SEV"":null,""INIT_EXP"":""202606220000"",""INIT_ISS"":""202606212258"",""ISSUED"":""202606212258"",""NWS_UGC"":null,""PHENOM"":""SV"",""POLY_BEG"":""202606212258"",""POLY_END"":""202606212304"",""PROD_ID"":""202606212258-KILX-WUUS53-SVRILX"",""SIG"":""W"",""STATUS"":""NEW"",""TORNTAG"":""POSSIBLE"",""UPDATED"":""202606212258"",""VTEC_YR"":""2026"",""WFO"":""ILX"",""WINDTAG"":""60.0""},""iem_significance"":""W"",""iem_tornadotag"":""POSSIBLE"",""iem_ugc"":"""",""iem_wfo"":""ILX"",""iem_windtag"":""60.0"",""senderName"":""ILX"",""status"":""NEW""},""type"":""Feature""}",2026-04-27T17:31:58Z,2026-07-09T05:15:02Z,2026-07-09T18:49:04Z
10903,iem_watchwarn,iem_watchwarn|ILX|309|SV|W|2026-06-21T22:59:00Z|2026-06-22T00:00:00Z|,Severe Thunderstorm Warning,,2026-06-21T22:59:00Z,2026-06-22T00:00:00Z,ILX,NEW,1,"{""coordinates"":[[[-87.54,38.68],[-87.6,38.66],[-87.62,38.61],[-87.61,38.59],[-87.64,38.59],[-87.64,38.57],[-87.77,38.57],[-88.07,38.66],[-88.01,38.9],[-87.51,38.96],[-87.52,38.9],[-87.54,38.89],[-87.55,38.86],[-87.5,38.79],[-87.51,38.77],[-87.5,38.76],[-87.5,38.74],[-87.54,38.68]]],""type"":""Polygon""}","{""_map_py"":{""effective"":""2026-06-21T22:59:00Z"",""event"":""Severe Thunderstorm Warning"",""expires"":""2026-06-22T00:00:00Z"",""has_polygon"":true,""headline"":"""",""sender"":""ILX""},""effective"":""2026-06-21T22:59:00Z"",""event"":""Severe Thunderstorm Warning"",""expires"":""2026-06-22T00:00:00Z"",""headline"":"""",""iem_damagetag"":"""",""iem_emergency"":""False"",""iem_event_id"":""309"",""iem_forecaster"":""Erwin"",""iem_gtype"":""P"",""iem_hailtag"":""1.0"",""iem_phenomena"":""SV"",""iem_raw_properties"":{""AREA_KM2"":""1594.9103994518946"",""DAMAGTAG"":null,""EMERGENC"":""False"",""ETN"":""309"",""EXPIRED"":""202606220000"",""FCSTER"":""Erwin"",""GTYPE"":""P"",""HAILTAG"":""1.0"",""HV_CAUSE"":null,""HV_NWSLI"":null,""HV_REC"":null,""HV_SEV"":null,""INIT_EXP"":""202606220000"",""INIT_ISS"":""202606212259"",""ISSUED"":""202606212259"",""NWS_UGC"":null,""PHENOM"":""SV"",""POLY_BEG"":""202606212259"",""POLY_END"":""202606212335"",""PROD_ID"":""202606212259-KILX-WUUS53-SVRILX"",""SIG"":""W"",""STATUS"":""NEW"",""TORNTAG"":null,""UPDATED"":""202606212259"",""VTEC_YR"":""2026"",""WFO"":""ILX"",""WINDTAG"":""60.0""},""iem_significance"":""W"",""iem_tornadotag"":"""",""iem_ugc"":"""",""iem_wfo"":""ILX"",""iem_windtag"":""60.0"",""senderName"":""ILX"",""status"":""NEW""}","{""geometry"":{""coordinates"":[[[-87.54,38.68],[-87.6,38.66],[-87.62,38.61],[-87.61,38.59],[-87.64,38.59],[-87.64,38.57],[-87.77,38.57],[-88.07,38.66],[-88.01,38.9],[-87.51,38.96],[-87.52,38.9],[-87.54,38.89],[-87.55,38.86],[-87.5,38.79],[-87.51,38.77],[-87.5,38.76],[-87.5,38.74],[-87.54,38.68]]],""type"":""Polygon""},""properties"":{""_map_py"":{""effective"":""2026-06-21T22:59:00Z"",""event"":""Severe Thunderstorm Warning"",""expires"":""2026-06-22T00:00:00Z"",""has_polygon"":true,""headline"":"""",""sender"":""ILX""},""effective"":""2026-06-21T22:59:00Z"",""event"":""Severe Thunderstorm Warning"",""expires"":""2026-06-22T00:00:00Z"",""headline"":"""",""iem_damagetag"":"""",""iem_emergency"":""False"",""iem_event_id"":""309"",""iem_forecaster"":""Erwin"",""iem_gtype"":""P"",""iem_hailtag"":""1.0"",""iem_phenomena"":""SV"",""iem_raw_properties"":{""AREA_KM2"":""1594.9103994518946"",""DAMAGTAG"":null,""EMERGENC"":""False"",""ETN"":""309"",""EXPIRED"":""202606220000"",""FCSTER"":""Erwin"",""GTYPE"":""P"",""HAILTAG"":""1.0"",""HV_CAUSE"":null,""HV_NWSLI"":null,""HV_REC"":null,""HV_SEV"":null,""INIT_EXP"":""202606220000"",""INIT_ISS"":""202606212259"",""ISSUED"":""202606212259"",""NWS_UGC"":null,""PHENOM"":""SV"",""POLY_BEG"":""202606212259"",""POLY_END"":""202606212335"",""PROD_ID"":""202606212259-KILX-WUUS53-SVRILX"",""SIG"":""W"",""STATUS"":""NEW"",""TORNTAG"":null,""UPDATED"":""202606212259"",""VTEC_YR"":""2026"",""WFO"":""ILX"",""WINDTAG"":""60.0""},""iem_significance"":""W"",""iem_tornadotag"":"""",""iem_ugc"":"""",""iem_wfo"":""ILX"",""iem_windtag"":""60.0"",""senderName"":""ILX"",""status"":""NEW""},""type"":""Feature""}",2026-04-27T17:31:58Z,2026-07-09T05:15:02Z,2026-07-09T18:49:04Z
6230,iem_watchwarn,iem_watchwarn|IND|226|SV|W|2026-06-21T23:04:00Z|2026-06-21T23:45:00Z|,Severe Thunderstorm Warning,,2026-06-21T23:04:00Z,2026-06-21T23:45:00Z,IND,NEW,1,"{""coordinates"":[[[-86.81,39.21],[-86.93,39.45],[-86.23,39.63],[-86.13,39.24],[-86.35,38.91],[-86.96,38.9],[-86.81,39.21]]],""type"":""Polygon""}","{""_map_py"":{""effective"":""2026-06-21T23:04:00Z"",""event"":""Severe Thunderstorm Warning"",""expires"":""2026-06-21T23:45:00Z"",""has_polygon"":true,""headline"":"""",""sender"":""IND""},""effective"":""2026-06-21T23:04:00Z"",""event"":""Severe Thunderstorm Warning"",""expires"":""2026-06-21T23:45:00Z"",""headline"":"""",""iem_damagetag"":"""",""iem_emergency"":""False"",""iem_event_id"":""226"",""iem_forecaster"":""GM"",""iem_gtype"":""P"",""iem_hailtag"":""0.75"",""iem_phenomena"":""SV"",""iem_raw_properties"":{""AREA_KM2"":""4134.383396019486"",""DAMAGTAG"":null,""EMERGENC"":""False"",""ETN"":""226"",""EXPIRED"":""202606212345"",""FCSTER"":""GM"",""GTYPE"":""P"",""HAILTAG"":""0.75"",""HV_CAUSE"":null,""HV_NWSLI"":null,""HV_REC"":null,""HV_SEV"":null,""INIT_EXP"":""202606212345"",""INIT_ISS"":""202606212304"",""ISSUED"":""202606212304"",""NWS_UGC"":null,""PHENOM"":""SV"",""POLY_BEG"":""202606212304"",""POLY_END"":""202606212320"",""PROD_ID"":""202606212304-KIND-WUUS53-SVRIND"",""SIG"":""W"",""STATUS"":""NEW"",""TORNTAG"":""POSSIBLE"",""UPDATED"":""202606212304"",""VTEC_YR"":""2026"",""WFO"":""IND"",""WINDTAG"":""60.0""},""iem_significance"":""W"",""iem_tornadotag"":""POSSIBLE"",""iem_ugc"":"""",""iem_wfo"":""IND"",""iem_windtag"":""60.0"",""senderName"":""IND"",""status"":""NEW""}","{""geometry"":{""coordinates"":[[[-86.81,39.21],[-86.93,39.45],[-86.23,39.63],[-86.13,39.24],[-86.35,38.91],[-86.96,38.9],[-86.81,39.21]]],""type"":""Polygon""},""properties"":{""_map_py"":{""effective"":""2026-06-21T23:04:00Z"",""event"":""Severe Thunderstorm Warning"",""expires"":""2026-06-21T23:45:00Z"",""has_polygon"":true,""headline"":"""",""sender"":""IND""},""effective"":""2026-06-21T23:04:00Z"",""event"":""Severe Thunderstorm Warning"",""expires"":""2026-06-21T23:45:00Z"",""headline"":"""",""iem_damagetag"":"""",""iem_emergency"":""False"",""iem_event_id"":""226"",""iem_forecaster"":""GM"",""iem_gtype"":""P"",""iem_hailtag"":""0.75"",""iem_phenomena"":""SV"",""iem_raw_properties"":{""AREA_KM2"":""4134.383396019486"",""DAMAGTAG"":null,""EMERGENC"":""False"",""ETN"":""226"",""EXPIRED"":""202606212345"",""FCSTER"":""GM"",""GTYPE"":""P"",""HAILTAG"":""0.75"",""HV_CAUSE"":null,""HV_NWSLI"":null,""HV_REC"":null,""HV_SEV"":null,""INIT_EXP"":""202606212345"",""INIT_ISS"":""202606212304"",""ISSUED"":""202606212304"",""NWS_UGC"":null,""PHENOM"":""SV"",""POLY_BEG"":""202606212304"",""POLY_END"":""202606212320"",""PROD_ID"":""202606212304-KIND-WUUS53-SVRIND"",""SIG"":""W"",""STATUS"":""NEW"",""TORNTAG"":""POSSIBLE"",""UPDATED"":""202606212304"",""VTEC_YR"":""2026"",""WFO"":""IND"",""WINDTAG"":""60.0""},""iem_significance"":""W"",""iem_tornadotag"":""POSSIBLE"",""iem_ugc"":"""",""iem_wfo"":""IND"",""iem_windtag"":""60.0"",""senderName"":""IND"",""status"":""NEW""},""type"":""Feature""}",2026-04-27T17:31:58Z,2026-07-09T05:15:02Z,2026-07-09T18:49:04Z
1366,iem_watchwarn,iem_watchwarn|LSX|74|TO|W|2026-06-21T23:08:00Z|2026-06-21T23:18:00Z|,Tornado Warning,,2026-06-21T23:08:00Z,2026-06-21T23:18:00Z,LSX,NEW,1,"{""coordinates"":[[[-88.94,38.48],[-88.94,38.55],[-88.7,38.58],[-88.7,38.48],[-88.94,38.48]]],""type"":""Polygon""}","{""_map_py"":{""effective"":""2026-06-21T23:08:00Z"",""event"":""Tornado Warning"",""expires"":""2026-06-21T23:18:00Z"",""has_polygon"":true,""headline"":"""",""sender"":""LSX""},""effective"":""2026-06-21T23:08:00Z"",""event"":""Tornado Warning"",""expires"":""2026-06-21T23:18:00Z"",""headline"":"""",""iem_damagetag"":"""",""iem_emergency"":""False"",""iem_event_id"":""74"",""iem_forecaster"":""BSH"",""iem_gtype"":""P"",""iem_hailtag"":""0.0"",""iem_phenomena"":""TO"",""iem_raw_properties"":{""AREA_KM2"":""197.33807600017053"",""DAMAGTAG"":null,""EMERGENC"":""False"",""ETN"":""74"",""EXPIRED"":""202606212318"",""FCSTER"":""BSH"",""GTYPE"":""P"",""HAILTAG"":""0.0"",""HV_CAUSE"":null,""HV_NWSLI"":null,""HV_REC"":null,""HV_SEV"":null,""INIT_EXP"":""202606220000"",""INIT_ISS"":""202606212308"",""ISSUED"":""202606212308"",""NWS_UGC"":null,""PHENOM"":""TO"",""POLY_BEG"":""202606212308"",""POLY_END"":""202606212318"",""PROD_ID"":""202606212308-KLSX-WFUS53-TORLSX"",""SIG"":""W"",""STATUS"":""NEW"",""TORNTAG"":""RADAR INDICATED"",""UPDATED"":""202606212308"",""VTEC_YR"":""2026"",""WFO"":""LSX"",""WINDTAG"":null},""iem_significance"":""W"",""iem_tornadotag"":""RADAR INDICATED"",""iem_ugc"":"""",""iem_wfo"":""LSX"",""iem_windtag"":"""",""senderName"":""LSX"",""status"":""NEW""}","{""geometry"":{""coordinates"":[[[-88.94,38.48],[-88.94,38.55],[-88.7,38.58],[-88.7,38.48],[-88.94,38.48]]],""type"":""Polygon""},""properties"":{""_map_py"":{""effective"":""2026-06-21T23:08:00Z"",""event"":""Tornado Warning"",""expires"":""2026-06-21T23:18:00Z"",""has_polygon"":true,""headline"":"""",""sender"":""LSX""},""effective"":""2026-06-21T23:08:00Z"",""event"":""Tornado Warning"",""expires"":""2026-06-21T23:18:00Z"",""headline"":"""",""iem_damagetag"":"""",""iem_emergency"":""False"",""iem_event_id"":""74"",""iem_forecaster"":""BSH"",""iem_gtype"":""P"",""iem_hailtag"":""0.0"",""iem_phenomena"":""TO"",""iem_raw_properties"":{""AREA_KM2"":""197.33807600017053"",""DAMAGTAG"":null,""EMERGENC"":""False"",""ETN"":""74"",""EXPIRED"":""202606212318"",""FCSTER"":""BSH"",""GTYPE"":""P"",""HAILTAG"":""0.0"",""HV_CAUSE"":null,""HV_NWSLI"":null,""HV_REC"":null,""HV_SEV"":null,""INIT_EXP"":""202606220000"",""INIT_ISS"":""202606212308"",""ISSUED"":""202606212308"",""NWS_UGC"":null,""PHENOM"":""TO"",""POLY_BEG"":""202606212308"",""POLY_END"":""202606212318"",""PROD_ID"":""202606212308-KLSX-WFUS53-TORLSX"",""SIG"":""W"",""STATUS"":""NEW"",""TORNTAG"":""RADAR INDICATED"",""UPDATED"":""202606212308"",""VTEC_YR"":""2026"",""WFO"":""LSX"",""WINDTAG"":null},""iem_significance"":""W"",""iem_tornadotag"":""RADAR INDICATED"",""iem_ugc"":"""",""iem_wfo"":""LSX"",""iem_windtag"":"""",""senderName"":""LSX"",""status"":""NEW""},""type"":""Feature""}",2026-04-27T17:31:58Z,2026-07-09T05:15:02Z,2026-07-09T18:49:04Z
1960,iem_watchwarn,iem_watchwarn|IND|62|TO|W|2026-06-21T23:08:00Z|2026-06-21T23:34:00Z|,Tornado Warning,,2026-06-21T23:08:00Z,2026-06-21T23:34:00Z,IND,NEW,1,"{""coordinates"":[[[-86.83,39.26],[-86.9,39.38],[-86.64,39.49],[-86.53,39.32],[-86.83,39.26]]],""type"":""Polygon""}","{""_map_py"":{""effective"":""2026-06-21T23:08:00Z"",""event"":""Tornado Warning"",""expires"":""2026-06-21T23:34:00Z"",""has_polygon"":true,""headline"":"""",""sender"":""IND""},""effective"":""2026-06-21T23:08:00Z"",""event"":""Tornado Warning"",""expires"":""2026-06-21T23:34:00Z"",""headline"":"""",""iem_damagetag"":"""",""iem_emergency"":""False"",""iem_event_id"":""62"",""iem_forecaster"":""GM"",""iem_gtype"":""P"",""iem_hailtag"":""0.75"",""iem_phenomena"":""TO"",""iem_raw_properties"":{""AREA_KM2"":""461.25320244341515"",""DAMAGTAG"":null,""EMERGENC"":""False"",""ETN"":""62"",""EXPIRED"":""202606212334"",""FCSTER"":""GM"",""GTYPE"":""P"",""HAILTAG"":""0.75"",""HV_CAUSE"":null,""HV_NWSLI"":null,""HV_REC"":null,""HV_SEV"":null,""INIT_EXP"":""202606212345"",""INIT_ISS"":""202606212308"",""ISSUED"":""202606212308"",""NWS_UGC"":null,""PHENOM"":""TO"",""POLY_BEG"":""202606212308"",""POLY_END"":""202606212317"",""PROD_ID"":""202606212308-KIND-WFUS53-TORIND"",""SIG"":""W"",""STATUS"":""NEW"",""TORNTAG"":""RADAR INDICATED"",""UPDATED"":""202606212308"",""VTEC_YR"":""2026"",""WFO"":""IND"",""WINDTAG"":null},""iem_significance"":""W"",""iem_tornadotag"":""RADAR INDICATED"",""iem_ugc"":"""",""iem_wfo"":""IND"",""iem_windtag"":"""",""senderName"":""IND"",""status"":""NEW""}","{""geometry"":{""coordinates"":[[[-86.83,39.26],[-86.9,39.38],[-86.64,39.49],[-86.53,39.32],[-86.83,39.26]]],""type"":""Polygon""},""properties"":{""_map_py"":{""effective"":""2026-06-21T23:08:00Z"",""event"":""Tornado Warning"",""expires"":""2026-06-21T23:34:00Z"",""has_polygon"":true,""headline"":"""",""sender"":""IND""},""effective"":""2026-06-21T23:08:00Z"",""event"":""Tornado Warning"",""expires"":""2026-06-21T23:34:00Z"",""headline"":"""",""iem_damagetag"":"""",""iem_emergency"":""False"",""iem_event_id"":""62"",""iem_forecaster"":""GM"",""iem_gtype"":""P"",""iem_hailtag"":""0.75"",""iem_phenomena"":""TO"",""iem_raw_properties"":{""AREA_KM2"":""461.25320244341515"",""DAMAGTAG"":null,""EMERGENC"":""False"",""ETN"":""62"",""EXPIRED"":""202606212334"",""FCSTER"":""GM"",""GTYPE"":""P"",""HAILTAG"":""0.75"",""HV_CAUSE"":null,""HV_NWSLI"":null,""HV_REC"":null,""HV_SEV"":null,""INIT_EXP"":""202606212345"",""INIT_ISS"":""202606212308"",""ISSUED"":""202606212308"",""NWS_UGC"":null,""PHENOM"":""TO"",""POLY_BEG"":""202606212308"",""POLY_END"":""202606212317"",""PROD_ID"":""202606212308-KIND-WFUS53-TORIND"",""SIG"":""W"",""STATUS"":""NEW"",""TORNTAG"":""RADAR INDICATED"",""UPDATED"":""202606212308"",""VTEC_YR"":""2026"",""WFO"":""IND"",""WINDTAG"":null},""iem_significance"":""W"",""iem_tornadotag"":""RADAR INDICATED"",""iem_ugc"":"""",""iem_wfo"":""IND"",""iem_windtag"":"""",""senderName"":""IND"",""status"":""NEW""},""type"":""Feature""}",2026-04-27T17:31:58Z,2026-07-09T05:15:02Z,2026-07-09T18:49:04Z
6073,iem_watchwarn,iem_watchwarn|IND|63|TO|W|2026-06-21T23:12:00Z|2026-06-22T00:00:00Z|,Tornado Warning,,2026-06-21T23:12:00Z,2026-06-22T00:00:00Z,IND,NEW,1,"{""coordinates"":[[[-87.33,38.75],[-87.32,38.89],[-86.9,38.89],[-86.9,38.82],[-86.92,38.82],[-86.92,38.74],[-87.33,38.75]]],""type"":""Polygon""}","{""_map_py"":{""effective"":""2026-06-21T23:12:00Z"",""event"":""Tornado Warning"",""expires"":""2026-06-22T00:00:00Z"",""has_polygon"":true,""headline"":"""",""sender"":""IND""},""effective"":""2026-06-21T23:12:00Z"",""event"":""Tornado Warning"",""expires"":""2026-06-22T00:00:00Z"",""headline"":"""",""iem_damagetag"":"""",""iem_emergency"":""False"",""iem_event_id"":""63"",""iem_forecaster"":""White"",""iem_gtype"":""P"",""iem_hailtag"":""0.75"",""iem_phenomena"":""TO"",""iem_raw_properties"":{""AREA_KM2"":""579.4936269806636"",""DAMAGTAG"":null,""EMERGENC"":""False"",""ETN"":""63"",""EXPIRED"":""202606220000"",""FCSTER"":""White"",""GTYPE"":""P"",""HAILTAG"":""0.75"",""HV_CAUSE"":null,""HV_NWSLI"":null,""HV_REC"":null,""HV_SEV"":null,""INIT_EXP"":""202606220000"",""INIT_ISS"":""202606212312"",""ISSUED"":""202606212312"",""NWS_UGC"":null,""PHENOM"":""TO"",""POLY_BEG"":""202606212312"",""POLY_END"":""202606212324"",""PROD_ID"":""202606212312-KIND-WFUS53-TORIND"",""SIG"":""W"",""STATUS"":""NEW"",""TORNTAG"":""RADAR INDICATED"",""UPDATED"":""202606212312"",""VTEC_YR"":""2026"",""WFO"":""IND"",""WINDTAG"":null},""iem_significance"":""W"",""iem_tornadotag"":""RADAR INDICATED"",""iem_ugc"":"""",""iem_wfo"":""IND"",""iem_windtag"":"""",""senderName"":""IND"",""status"":""NEW""}","{""geometry"":{""coordinates"":[[[-87.33,38.75],[-87.32,38.89],[-86.9,38.89],[-86.9,38.82],[-86.92,38.82],[-86.92,38.74],[-87.33,38.75]]],""type"":""Polygon""},""properties"":{""_map_py"":{""effective"":""2026-06-21T23:12:00Z"",""event"":""Tornado Warning"",""expires"":""2026-06-22T00:00:00Z"",""has_polygon"":true,""headline"":"""",""sender"":""IND""},""effective"":""2026-06-21T23:12:00Z"",""event"":""Tornado Warning"",""expires"":""2026-06-22T00:00:00Z"",""headline"":"""",""iem_damagetag"":"""",""iem_emergency"":""False"",""iem_event_id"":""63"",""iem_forecaster"":""White"",""iem_gtype"":""P"",""iem_hailtag"":""0.75"",""iem_phenomena"":""TO"",""iem_raw_properties"":{""AREA_KM2"":""579.4936269806636"",""DAMAGTAG"":null,""EMERGENC"":""False"",""ETN"":""63"",""EXPIRED"":""202606220000"",""FCSTER"":""White"",""GTYPE"":""P"",""HAILTAG"":""0.75"",""HV_CAUSE"":null,""HV_NWSLI"":null,""HV_REC"":null,""HV_SEV"":null,""INIT_EXP"":""202606220000"",""INIT_ISS"":""202606212312"",""ISSUED"":""202606212312"",""NWS_UGC"":null,""PHENOM"":""TO"",""POLY_BEG"":""202606212312"",""POLY_END"":""202606212324"",""PROD_ID"":""202606212312-KIND-WFUS53-TORIND"",""SIG"":""W"",""STATUS"":""NEW"",""TORNTAG"":""RADAR INDICATED"",""UPDATED"":""202606212312"",""VTEC_YR"":""2026"",""WFO"":""IND"",""WINDTAG"":null},""iem_significance"":""W"",""iem_tornadotag"":""RADAR INDICATED"",""iem_ugc"":"""",""iem_wfo"":""IND"",""iem_windtag"":"""",""senderName"":""IND"",""status"":""NEW""},""type"":""Feature""}",2026-04-27T17:31:58Z,2026-07-09T05:15:02Z,2026-07-09T18:49:04Z
2376,iem_watchwarn,iem_watchwarn|PAH|174|SV|W|2026-06-21T23:13:00Z|2026-06-22T00:00:00Z|,Severe Thunderstorm Warning,,2026-06-21T23:13:00Z,2026-06-22T00:00:00Z,PAH,NEW,1,"{""coordinates"":[[[-88.22,38.6],[-88.26,38.48],[-88.7,38.47],[-88.69,38.61],[-88.22,38.6]]],""type"":""Polygon""}","{""_map_py"":{""effective"":""2026-06-21T23:13:00Z"",""event"":""Severe Thunderstorm Warning"",""expires"":""2026-06-22T00:00:00Z"",""has_polygon"":true,""headline"":"""",""sender"":""PAH""},""effective"":""2026-06-21T23:13:00Z"",""event"":""Severe Thunderstorm Warning"",""expires"":""2026-06-22T00:00:00Z"",""headline"":"""",""iem_damagetag"":"""",""iem_emergency"":""False"",""iem_event_id"":""174"",""iem_forecaster"":""DW"",""iem_gtype"":""P"",""iem_hailtag"":""0.75"",""iem_phenomena"":""SV"",""iem_raw_properties"":{""AREA_KM2"":""572.1525819884965"",""DAMAGTAG"":null,""EMERGENC"":""False"",""ETN"":""174"",""EXPIRED"":""202606220000"",""FCSTER"":""DW"",""GTYPE"":""P"",""HAILTAG"":""0.75"",""HV_CAUSE"":null,""HV_NWSLI"":null,""HV_REC"":null,""HV_SEV"":null,""INIT_EXP"":""202606220000"",""INIT_ISS"":""202606212313"",""ISSUED"":""202606212313"",""NWS_UGC"":null,""PHENOM"":""SV"",""POLY_BEG"":""202606212313"",""POLY_END"":""202606220000"",""PROD_ID"":""202606212313-KPAH-WUUS53-SVRPAH"",""SIG"":""W"",""STATUS"":""NEW"",""TORNTAG"":""POSSIBLE"",""UPDATED"":""202606212313"",""VTEC_YR"":""2026"",""WFO"":""PAH"",""WINDTAG"":""60.0""},""iem_significance"":""W"",""iem_tornadotag"":""POSSIBLE"",""iem_ugc"":"""",""iem_wfo"":""PAH"",""iem_windtag"":""60.0"",""senderName"":""PAH"",""status"":""NEW""}","{""geometry"":{""coordinates"":[[[-88.22,38.6],[-88.26,38.48],[-88.7,38.47],[-88.69,38.61],[-88.22,38.6]]],""type"":""Polygon""},""properties"":{""_map_py"":{""effective"":""2026-06-21T23:13:00Z"",""event"":""Severe Thunderstorm Warning"",""expires"":""2026-06-22T00:00:00Z"",""has_polygon"":true,""headline"":"""",""sender"":""PAH""},""effective"":""2026-06-21T23:13:00Z"",""event"":""Severe Thunderstorm Warning"",""expires"":""2026-06-22T00:00:00Z"",""headline"":"""",""iem_damagetag"":"""",""iem_emergency"":""False"",""iem_event_id"":""174"",""iem_forecaster"":""DW"",""iem_gtype"":""P"",""iem_hailtag"":""0.75"",""iem_phenomena"":""SV"",""iem_raw_properties"":{""AREA_KM2"":""572.1525819884965"",""DAMAGTAG"":null,""EMERGENC"":""False"",""ETN"":""174"",""EXPIRED"":""202606220000"",""FCSTER"":""DW"",""GTYPE"":""P"",""HAILTAG"":""0.75"",""HV_CAUSE"":null,""HV_NWSLI"":null,""HV_REC"":null,""HV_SEV"":null,""INIT_EXP"":""202606220000"",""INIT_ISS"":""202606212313"",""ISSUED"":""202606212313"",""NWS_UGC"":null,""PHENOM"":""SV"",""POLY_BEG"":""202606212313"",""POLY_END"":""202606220000"",""PROD_ID"":""202606212313-KPAH-WUUS53-SVRPAH"",""SIG"":""W"",""STATUS"":""NEW"",""TORNTAG"":""POSSIBLE"",""UPDATED"":""202606212313"",""VTEC_YR"":""2026"",""WFO"":""PAH"",""WINDTAG"":""60.0""},""iem_significance"":""W"",""iem_tornadotag"":""POSSIBLE"",""iem_ugc"":"""",""iem_wfo"":""PAH"",""iem_windtag"":""60.0"",""senderName"":""PAH"",""status"":""NEW""},""type"":""Feature""}",2026-04-27T17:31:58Z,2026-07-09T05:15:02Z,2026-07-09T18:49:04Z
4095,iem_watchwarn,iem_watchwarn|ICT|328|SV|W|2026-06-21T23:14:00Z|2026-06-22T00:15:00Z|,Severe Thunderstorm Warning,,2026-06-21T23:14:00Z,2026-06-22T00:15:00Z,ICT,NEW,1,"{""coordinates"":[[[-95.62,37.06],[-95.55,37.24],[-95.22,37.23],[-95.34,37.0],[-95.51,37.0],[-95.62,37.06]]],""type"":""Polygon""}","{""_map_py"":{""effective"":""2026-06-21T23:14:00Z"",""event"":""Severe Thunderstorm Warning"",""expires"":""2026-06-22T00:15:00Z"",""has_polygon"":true,""headline"":"""",""sender"":""ICT""},""effective"":""2026-06-21T23:14:00Z"",""event"":""Severe Thunderstorm Warning"",""expires"":""2026-06-22T00:15:00Z"",""headline"":"""",""iem_damagetag"":"""",""iem_emergency"":""False"",""iem_event_id"":""328"",""iem_forecaster"":""CUELLAR"",""iem_gtype"":""P"",""iem_hailtag"":""1.0"",""iem_phenomena"":""SV"",""iem_raw_properties"":{""AREA_KM2"":""699.5492656209948"",""DAMAGTAG"":null,""EMERGENC"":""False"",""ETN"":""328"",""EXPIRED"":""202606220015"",""FCSTER"":""CUELLAR"",""GTYPE"":""P"",""HAILTAG"":""1.0"",""HV_CAUSE"":null,""HV_NWSLI"":null,""HV_REC"":null,""HV_SEV"":null,""INIT_EXP"":""202606220015"",""INIT_ISS"":""202606212314"",""ISSUED"":""202606212314"",""NWS_UGC"":null,""PHENOM"":""SV"",""POLY_BEG"":""202606212314"",""POLY_END"":""202606212335"",""PROD_ID"":""202606212314-KICT-WUUS53-SVRICT"",""SIG"":""W"",""STATUS"":""NEW"",""TORNTAG"":""POSSIBLE"",""UPDATED"":""202606212314"",""VTEC_YR"":""2026"",""WFO"":""ICT"",""WINDTAG"":""60.0""},""iem_significance"":""W"",""iem_tornadotag"":""POSSIBLE"",""iem_ugc"":"""",""iem_wfo"":""ICT"",""iem_windtag"":""60.0"",""senderName"":""ICT"",""status"":""NEW""}","{""geometry"":{""coordinates"":[[[-95.62,37.06],[-95.55,37.24],[-95.22,37.23],[-95.34,37.0],[-95.51,37.0],[-95.62,37.06]]],""type"":""Polygon""},""properties"":{""_map_py"":{""effective"":""2026-06-21T23:14:00Z"",""event"":""Severe Thunderstorm Warning"",""expires"":""2026-06-22T00:15:00Z"",""has_polygon"":true,""headline"":"""",""sender"":""ICT""},""effective"":""2026-06-21T23:14:00Z"",""event"":""Severe Thunderstorm Warning"",""expires"":""2026-06-22T00:15:00Z"",""headline"":"""",""iem_damagetag"":"""",""iem_emergency"":""False"",""iem_event_id"":""328"",""iem_forecaster"":""CUELLAR"",""iem_gtype"":""P"",""iem_hailtag"":""1.0"",""iem_phenomena"":""SV"",""iem_raw_properties"":{""AREA_KM2"":""699.5492656209948"",""DAMAGTAG"":null,""EMERGENC"":""False"",""ETN"":""328"",""EXPIRED"":""202606220015"",""FCSTER"":""CUELLAR"",""GTYPE"":""P"",""HAILTAG"":""1.0"",""HV_CAUSE"":null,""HV_NWSLI"":null,""HV_REC"":null,""HV_SEV"":null,""INIT_EXP"":""202606220015"",""INIT_ISS"":""202606212314"",""ISSUED"":""202606212314"",""NWS_UGC"":null,""PHENOM"":""SV"",""POLY_BEG"":""202606212314"",""POLY_END"":""202606212335"",""PROD_ID"":""202606212314-KICT-WUUS53-SVRICT"",""SIG"":""W"",""STATUS"":""NEW"",""TORNTAG"":""POSSIBLE"",""UPDATED"":""202606212314"",""VTEC_YR"":""2026"",""WFO"":""ICT"",""WINDTAG"":""60.0""},""iem_significance"":""W"",""iem_tornadotag"":""POSSIBLE"",""iem_ugc"":"""",""iem_wfo"":""ICT"",""iem_windtag"":""60.0"",""senderName"":""ICT"",""status"":""NEW""},""type"":""Feature""}",2026-04-27T17:31:58Z,2026-07-09T05:15:02Z,2026-07-09T18:49:04Z
6856,iem_watchwarn,iem_watchwarn|LSX|75|TO|W|2026-06-21T23:15:00Z|2026-06-21T23:52:00Z|,Tornado Warning,,2026-06-21T23:15:00Z,2026-06-21T23:52:00Z,LSX,NEW,1,"{""coordinates"":[[[-89.14,38.48],[-89.14,38.82],[-89.06,38.82],[-88.7,38.83],[-88.7,38.48],[-88.92,38.48],[-89.0,38.47],[-89.14,38.48]]],""type"":""Polygon""}","{""_map_py"":{""effective"":""2026-06-21T23:15:00Z"",""event"":""Tornado Warning"",""expires"":""2026-06-21T23:52:00Z"",""has_polygon"":true,""headline"":"""",""sender"":""LSX""},""effective"":""2026-06-21T23:15:00Z"",""event"":""Tornado Warning"",""expires"":""2026-06-21T23:52:00Z"",""headline"":"""",""iem_damagetag"":"""",""iem_emergency"":""False"",""iem_event_id"":""75"",""iem_forecaster"":""BSH"",""iem_gtype"":""P"",""iem_hailtag"":""0.0"",""iem_phenomena"":""TO"",""iem_raw_properties"":{""AREA_KM2"":""1472.7734589958193"",""DAMAGTAG"":null,""EMERGENC"":""False"",""ETN"":""75"",""EXPIRED"":""202606212352"",""FCSTER"":""BSH"",""GTYPE"":""P"",""HAILTAG"":""0.0"",""HV_CAUSE"":null,""HV_NWSLI"":null,""HV_REC"":null,""HV_SEV"":null,""INIT_EXP"":""202606220015"",""INIT_ISS"":""202606212315"",""ISSUED"":""202606212315"",""NWS_UGC"":null,""PHENOM"":""TO"",""POLY_BEG"":""202606212315"",""POLY_END"":""202606212321"",""PROD_ID"":""202606212315-KLSX-WFUS53-TORLSX"",""SIG"":""W"",""STATUS"":""NEW"",""TORNTAG"":""RADAR INDICATED"",""UPDATED"":""202606212315"",""VTEC_YR"":""2026"",""WFO"":""LSX"",""WINDTAG"":null},""iem_significance"":""W"",""iem_tornadotag"":""RADAR INDICATED"",""iem_ugc"":"""",""iem_wfo"":""LSX"",""iem_windtag"":"""",""senderName"":""LSX"",""status"":""NEW""}","{""geometry"":{""coordinates"":[[[-89.14,38.48],[-89.14,38.82],[-89.06,38.82],[-88.7,38.83],[-88.7,38.48],[-88.92,38.48],[-89.0,38.47],[-89.14,38.48]]],""type"":""Polygon""},""properties"":{""_map_py"":{""effective"":""2026-06-21T23:15:00Z"",""event"":""Tornado Warning"",""expires"":""2026-06-21T23:52:00Z"",""has_polygon"":true,""headline"":"""",""sender"":""LSX""},""effective"":""2026-06-21T23:15:00Z"",""event"":""Tornado Warning"",""expires"":""2026-06-21T23:52:00Z"",""headline"":"""",""iem_damagetag"":"""",""iem_emergency"":""False"",""iem_event_id"":""75"",""iem_forecaster"":""BSH"",""iem_gtype"":""P"",""iem_hailtag"":""0.0"",""iem_phenomena"":""TO"",""iem_raw_properties"":{""AREA_KM2"":""1472.7734589958193"",""DAMAGTAG"":null,""EMERGENC"":""False"",""ETN"":""75"",""EXPIRED"":""202606212352"",""FCSTER"":""BSH"",""GTYPE"":""P"",""HAILTAG"":""0.0"",""HV_CAUSE"":null,""HV_NWSLI"":null,""HV_REC"":null,""HV_SEV"":null,""INIT_EXP"":""202606220015"",""INIT_ISS"":""202606212315"",""ISSUED"":""202606212315"",""NWS_UGC"":null,""PHENOM"":""TO"",""POLY_BEG"":""202606212315"",""POLY_END"":""202606212321"",""PROD_ID"":""202606212315-KLSX-WFUS53-TORLSX"",""SIG"":""W"",""STATUS"":""NEW"",""TORNTAG"":""RADAR INDICATED"",""UPDATED"":""202606212315"",""VTEC_YR"":""2026"",""WFO"":""LSX"",""WINDTAG"":null},""iem_significance"":""W"",""iem_tornadotag"":""RADAR INDICATED"",""iem_ugc"":"""",""iem_wfo"":""LSX"",""iem_windtag"":"""",""senderName"":""LSX"",""status"":""NEW""},""type"":""Feature""}",2026-04-27T17:31:58Z,2026-07-09T05:15:02Z,2026-07-09T18:49:04Z
8483,iem_watchwarn,iem_watchwarn|GLD|159|SV|W|2026-06-21T23:15:00Z|2026-06-22T00:00:00Z|,Severe Thunderstorm Warning,,2026-06-21T23:15:00Z,2026-06-22T00:00:00Z,GLD,NEW,1,"{""coordinates"":[[[-102.05,38.62],[-102.46,38.61],[-102.51,38.68],[-101.5,39.04],[-101.51,38.7],[-101.57,38.7],[-101.57,38.28],[-101.61,38.26],[-102.04,38.26],[-102.05,38.62]]],""type"":""Polygon""}","{""_map_py"":{""effective"":""2026-06-21T23:15:00Z"",""event"":""Severe Thunderstorm Warning"",""expires"":""2026-06-22T00:00:00Z"",""has_polygon"":true,""headline"":"""",""sender"":""GLD""},""effective"":""2026-06-21T23:15:00Z"",""event"":""Severe Thunderstorm Warning"",""expires"":""2026-06-22T00:00:00Z"",""headline"":"""",""iem_damagetag"":"""",""iem_emergency"":""False"",""iem_event_id"":""159"",""iem_forecaster"":""JRM"",""iem_gtype"":""P"",""iem_hailtag"":""1.0"",""iem_phenomena"":""SV"",""iem_raw_properties"":{""AREA_KM2"":""3935.9335228570235"",""DAMAGTAG"":null,""EMERGENC"":""False"",""ETN"":""159"",""EXPIRED"":""202606220000"",""FCSTER"":""JRM"",""GTYPE"":""P"",""HAILTAG"":""1.0"",""HV_CAUSE"":null,""HV_NWSLI"":null,""HV_REC"":null,""HV_SEV"":null,""INIT_EXP"":""202606220000"",""INIT_ISS"":""202606212315"",""ISSUED"":""202606212315"",""NWS_UGC"":null,""PHENOM"":""SV"",""POLY_BEG"":""202606212315"",""POLY_END"":""202606212333"",""PROD_ID"":""202606212315-KGLD-WUUS53-SVRGLD"",""SIG"":""W"",""STATUS"":""NEW"",""TORNTAG"":null,""UPDATED"":""202606212315"",""VTEC_YR"":""2026"",""WFO"":""GLD"",""WINDTAG"":""60.0""},""iem_significance"":""W"",""iem_tornadotag"":"""",""iem_ugc"":"""",""iem_wfo"":""GLD"",""iem_windtag"":""60.0"",""senderName"":""GLD"",""status"":""NEW""}","{""geometry"":{""coordinates"":[[[-102.05,38.62],[-102.46,38.61],[-102.51,38.68],[-101.5,39.04],[-101.51,38.7],[-101.57,38.7],[-101.57,38.28],[-101.61,38.26],[-102.04,38.26],[-102.05,38.62]]],""type"":""Polygon""},""properties"":{""_map_py"":{""effective"":""2026-06-21T23:15:00Z"",""event"":""Severe Thunderstorm Warning"",""expires"":""2026-06-22T00:00:00Z"",""has_polygon"":true,""headline"":"""",""sender"":""GLD""},""effective"":""2026-06-21T23:15:00Z"",""event"":""Severe Thunderstorm Warning"",""expires"":""2026-06-22T00:00:00Z"",""headline"":"""",""iem_damagetag"":"""",""iem_emergency"":""False"",""iem_event_id"":""159"",""iem_forecaster"":""JRM"",""iem_gtype"":""P"",""iem_hailtag"":""1.0"",""iem_phenomena"":""SV"",""iem_raw_properties"":{""AREA_KM2"":""3935.9335228570235"",""DAMAGTAG"":null,""EMERGENC"":""False"",""ETN"":""159"",""EXPIRED"":""202606220000"",""FCSTER"":""JRM"",""GTYPE"":""P"",""HAILTAG"":""1.0"",""HV_CAUSE"":null,""HV_NWSLI"":null,""HV_REC"":null,""HV_SEV"":null,""INIT_EXP"":""202606220000"",""INIT_ISS"":""202606212315"",""ISSUED"":""202606212315"",""NWS_UGC"":null,""PHENOM"":""SV"",""POLY_BEG"":""202606212315"",""POLY_END"":""202606212333"",""PROD_ID"":""202606212315-KGLD-WUUS53-SVRGLD"",""SIG"":""W"",""STATUS"":""NEW"",""TORNTAG"":null,""UPDATED"":""202606212315"",""VTEC_YR"":""2026"",""WFO"":""GLD"",""WINDTAG"":""60.0""},""iem_significance"":""W"",""iem_tornadotag"":"""",""iem_ugc"":"""",""iem_wfo"":""GLD"",""iem_windtag"":""60.0"",""senderName"":""GLD"",""status"":""NEW""},""type"":""Feature""}",2026-04-27T17:31:58Z,2026-07-09T05:15:02Z,2026-07-09T18:49:04Z
4398,iem_watchwarn,iem_watchwarn|PAH|40|TO|W|2026-06-21T23:15:00Z|2026-06-22T00:00:00Z|,Tornado Warning,,2026-06-21T23:15:00Z,2026-06-22T00:00:00Z,PAH,NEW,1,"{""coordinates"":[[[-87.76,38.39],[-87.81,38.36],[-88.26,38.38],[-88.25,38.47],[-87.76,38.54],[-87.76,38.39]]],""type"":""Polygon""}","{""_map_py"":{""effective"":""2026-06-21T23:15:00Z"",""event"":""Tornado Warning"",""expires"":""2026-06-22T00:00:00Z"",""has_polygon"":true,""headline"":"""",""sender"":""PAH""},""effective"":""2026-06-21T23:15:00Z"",""event"":""Tornado Warning"",""expires"":""2026-06-22T00:00:00Z"",""headline"":"""",""iem_damagetag"":"""",""iem_emergency"":""False"",""iem_event_id"":""40"",""iem_forecaster"":""DW"",""iem_gtype"":""P"",""iem_hailtag"":""0.75"",""iem_phenomena"":""TO"",""iem_raw_properties"":{""AREA_KM2"":""643.8059684851785"",""DAMAGTAG"":null,""EMERGENC"":""False"",""ETN"":""40"",""EXPIRED"":""202606220000"",""FCSTER"":""DW"",""GTYPE"":""P"",""HAILTAG"":""0.75"",""HV_CAUSE"":null,""HV_NWSLI"":null,""HV_REC"":null,""HV_SEV"":null,""INIT_EXP"":""202606220000"",""INIT_ISS"":""202606212315"",""ISSUED"":""202606212315"",""NWS_UGC"":null,""PHENOM"":""TO"",""POLY_BEG"":""202606212315"",""POLY_END"":""202606212323"",""PROD_ID"":""202606212315-KPAH-WFUS53-TORPAH"",""SIG"":""W"",""STATUS"":""NEW"",""TORNTAG"":""RADAR INDICATED"",""UPDATED"":""202606212315"",""VTEC_YR"":""2026"",""WFO"":""PAH"",""WINDTAG"":null},""iem_significance"":""W"",""iem_tornadotag"":""RADAR INDICATED"",""iem_ugc"":"""",""iem_wfo"":""PAH"",""iem_windtag"":"""",""senderName"":""PAH"",""status"":""NEW""}","{""geometry"":{""coordinates"":[[[-87.76,38.39],[-87.81,38.36],[-88.26,38.38],[-88.25,38.47],[-87.76,38.54],[-87.76,38.39]]],""type"":""Polygon""},""properties"":{""_map_py"":{""effective"":""2026-06-21T23:15:00Z"",""event"":""Tornado Warning"",""expires"":""2026-06-22T00:00:00Z"",""has_polygon"":true,""headline"":"""",""sender"":""PAH""},""effective"":""2026-06-21T23:15:00Z"",""event"":""Tornado Warning"",""expires"":""2026-06-22T00:00:00Z"",""headline"":"""",""iem_damagetag"":"""",""iem_emergency"":""False"",""iem_event_id"":""40"",""iem_forecaster"":""DW"",""iem_gtype"":""P"",""iem_hailtag"":""0.75"",""iem_phenomena"":""TO"",""iem_raw_properties"":{""AREA_KM2"":""643.8059684851785"",""DAMAGTAG"":null,""EMERGENC"":""False"",""ETN"":""40"",""EXPIRED"":""202606220000"",""FCSTER"":""DW"",""GTYPE"":""P"",""HAILTAG"":""0.75"",""HV_CAUSE"":null,""HV_NWSLI"":null,""HV_REC"":null,""HV_SEV"":null,""INIT_EXP"":""202606220000"",""INIT_ISS"":""202606212315"",""ISSUED"":""202606212315"",""NWS_UGC"":null,""PHENOM"":""TO"",""POLY_BEG"":""202606212315"",""POLY_END"":""202606212323"",""PROD_ID"":""202606212315-KPAH-WFUS53-TORPAH"",""SIG"":""W"",""STATUS"":""NEW"",""TORNTAG"":""RADAR INDICATED"",""UPDATED"":""202606212315"",""VTEC_YR"":""2026"",""WFO"":""PAH"",""WINDTAG"":null},""iem_significance"":""W"",""iem_tornadotag"":""RADAR INDICATED"",""iem_ugc"":"""",""iem_wfo"":""PAH"",""iem_windtag"":"""",""senderName"":""PAH"",""status"":""NEW""},""type"":""Feature""}",2026-04-27T17:31:58Z,2026-07-09T05:15:02Z,2026-07-09T18:49:04Z
11343,iem_watchwarn,iem_watchwarn|IND|227|SV|W|2026-06-21T23:17:00Z|2026-06-22T00:00:00Z|,Severe Thunderstorm Warning,,2026-06-21T23:17:00Z,2026-06-22T00:00:00Z,IND,NEW,1,"{""coordinates"":[[[-87.64,38.59],[-87.61,38.59],[-87.63,38.61],[-87.6,38.66],[-87.53,38.68],[-87.5,38.74],[-87.5,38.77],[-87.51,38.77],[-87.49,38.78],[-87.53,38.82],[-87.53,38.85],[-87.55,38.86],[-87.54,38.88],[-87.54,38.9],[-87.52,38.9],[-87.52,38.94],[-87.51,38.95],[-86.89,38.96],[-86.88,38.57],[-87.65,38.57],[-87.64,38.59]]],""type"":""Polygon""}","{""_map_py"":{""effective"":""2026-06-21T23:17:00Z"",""event"":""Severe Thunderstorm Warning"",""expires"":""2026-06-22T00:00:00Z"",""has_polygon"":true,""headline"":"""",""sender"":""IND""},""effective"":""2026-06-21T23:17:00Z"",""event"":""Severe Thunderstorm Warning"",""expires"":""2026-06-22T00:00:00Z"",""headline"":"""",""iem_damagetag"":""CONSIDERABLE"",""iem_emergency"":""False"",""iem_event_id"":""227"",""iem_forecaster"":""White"",""iem_gtype"":""P"",""iem_hailtag"":""0.75"",""iem_phenomena"":""SV"",""iem_raw_properties"":{""AREA_KM2"":""2451.54693978823"",""DAMAGTAG"":""CONSIDERABLE"",""EMERGENC"":""False"",""ETN"":""227"",""EXPIRED"":""202606220000"",""FCSTER"":""White"",""GTYPE"":""P"",""HAILTAG"":""0.75"",""HV_CAUSE"":null,""HV_NWSLI"":null,""HV_REC"":null,""HV_SEV"":null,""INIT_EXP"":""202606220000"",""INIT_ISS"":""202606212317"",""ISSUED"":""202606212317"",""NWS_UGC"":null,""PHENOM"":""SV"",""POLY_BEG"":""202606212317"",""POLY_END"":""202606220000"",""PROD_ID"":""202606212317-KIND-WUUS53-SVRIND"",""SIG"":""W"",""STATUS"":""NEW"",""TORNTAG"":""POSSIBLE"",""UPDATED"":""202606212317"",""VTEC_YR"":""2026"",""WFO"":""IND"",""WINDTAG"":""70.0""},""iem_significance"":""W"",""iem_tornadotag"":""POSSIBLE"",""iem_ugc"":"""",""iem_wfo"":""IND"",""iem_windtag"":""70.0"",""senderName"":""IND"",""status"":""NEW""}","{""geometry"":{""coordinates"":[[[-87.64,38.59],[-87.61,38.59],[-87.63,38.61],[-87.6,38.66],[-87.53,38.68],[-87.5,38.74],[-87.5,38.77],[-87.51,38.77],[-87.49,38.78],[-87.53,38.82],[-87.53,38.85],[-87.55,38.86],[-87.54,38.88],[-87.54,38.9],[-87.52,38.9],[-87.52,38.94],[-87.51,38.95],[-86.89,38.96],[-86.88,38.57],[-87.65,38.57],[-87.64,38.59]]],""type"":""Polygon""},""properties"":{""_map_py"":{""effective"":""2026-06-21T23:17:00Z"",""event"":""Severe Thunderstorm Warning"",""expires"":""2026-06-22T00:00:00Z"",""has_polygon"":true,""headline"":"""",""sender"":""IND""},""effective"":""2026-06-21T23:17:00Z"",""event"":""Severe Thunderstorm Warning"",""expires"":""2026-06-22T00:00:00Z"",""headline"":"""",""iem_damagetag"":""CONSIDERABLE"",""iem_emergency"":""False"",""iem_event_id"":""227"",""iem_forecaster"":""White"",""iem_gtype"":""P"",""iem_hailtag"":""0.75"",""iem_phenomena"":""SV"",""iem_raw_properties"":{""AREA_KM2"":""2451.54693978823"",""DAMAGTAG"":""CONSIDERABLE"",""EMERGENC"":""False"",""ETN"":""227"",""EXPIRED"":""202606220000"",""FCSTER"":""White"",""GTYPE"":""P"",""HAILTAG"":""0.75"",""HV_CAUSE"":null,""HV_NWSLI"":null,""HV_REC"":null,""HV_SEV"":null,""INIT_EXP"":""202606220000"",""INIT_ISS"":""202606212317"",""ISSUED"":""202606212317"",""NWS_UGC"":null,""PHENOM"":""SV"",""POLY_BEG"":""202606212317"",""POLY_END"":""202606220000"",""PROD_ID"":""202606212317-KIND-WUUS53-SVRIND"",""SIG"":""W"",""STATUS"":""NEW"",""TORNTAG"":""POSSIBLE"",""UPDATED"":""202606212317"",""VTEC_YR"":""2026"",""WFO"":""IND"",""WINDTAG"":""70.0""},""iem_significance"":""W"",""iem_tornadotag"":""POSSIBLE"",""iem_ugc"":"""",""iem_wfo"":""IND"",""iem_windtag"":""70.0"",""senderName"":""IND"",""status"":""NEW""},""type"":""Feature""}",2026-04-27T17:31:58Z,2026-07-09T05:15:02Z,2026-07-09T18:49:04Z
6164,iem_watchwarn,iem_watchwarn|LBF|115|SV|W|2026-06-21T23:20:00Z|2026-06-22T00:00:00Z|,Severe Thunderstorm Warning,,2026-06-21T23:20:00Z,2026-06-22T00:00:00Z,LBF,NEW,1,"{""coordinates"":[[[-101.65,41.58],[-101.47,41.58],[-101.41,41.45],[-101.4,41.39],[-101.38,41.32],[-101.65,41.31],[-101.65,41.58]]],""type"":""Polygon""}","{""_map_py"":{""effective"":""2026-06-21T23:20:00Z"",""event"":""Severe Thunderstorm Warning"",""expires"":""2026-06-22T00:00:00Z"",""has_polygon"":true,""headline"":"""",""sender"":""LBF""},""effective"":""2026-06-21T23:20:00Z"",""event"":""Severe Thunderstorm Warning"",""expires"":""2026-06-22T00:00:00Z"",""headline"":"""",""iem_damagetag"":"""",""iem_emergency"":""False"",""iem_event_id"":""115"",""iem_forecaster"":""Brown"",""iem_gtype"":""P"",""iem_hailtag"":""1.25"",""iem_phenomena"":""SV"",""iem_raw_properties"":{""AREA_KM2"":""570.4206401521868"",""DAMAGTAG"":null,""EMERGENC"":""False"",""ETN"":""115"",""EXPIRED"":""202606220000"",""FCSTER"":""Brown"",""GTYPE"":""P"",""HAILTAG"":""1.25"",""HV_CAUSE"":null,""HV_NWSLI"":null,""HV_REC"":null,""HV_SEV"":null,""INIT_EXP"":""202606220000"",""INIT_ISS"":""202606212320"",""ISSUED"":""202606212320"",""NWS_UGC"":null,""PHENOM"":""SV"",""POLY_BEG"":""202606212320"",""POLY_END"":""202606212337"",""PROD_ID"":""202606212320-KLBF-WUUS53-SVRLBF"",""SIG"":""W"",""STATUS"":""NEW"",""TORNTAG"":null,""UPDATED"":""202606212320"",""VTEC_YR"":""2026"",""WFO"":""LBF"",""WINDTAG"":""60.0""},""iem_significance"":""W"",""iem_tornadotag"":"""",""iem_ugc"":"""",""iem_wfo"":""LBF"",""iem_windtag"":""60.0"",""senderName"":""LBF"",""status"":""NEW""}","{""geometry"":{""coordinates"":[[[-101.65,41.58],[-101.47,41.58],[-101.41,41.45],[-101.4,41.39],[-101.38,41.32],[-101.65,41.31],[-101.65,41.58]]],""type"":""Polygon""},""properties"":{""_map_py"":{""effective"":""2026-06-21T23:20:00Z"",""event"":""Severe Thunderstorm Warning"",""expires"":""2026-06-22T00:00:00Z"",""has_polygon"":true,""headline"":"""",""sender"":""LBF""},""effective"":""2026-06-21T23:20:00Z"",""event"":""Severe Thunderstorm Warning"",""expires"":""2026-06-22T00:00:00Z"",""headline"":"""",""iem_damagetag"":"""",""iem_emergency"":""False"",""iem_event_id"":""115"",""iem_forecaster"":""Brown"",""iem_gtype"":""P"",""iem_hailtag"":""1.25"",""iem_phenomena"":""SV"",""iem_raw_properties"":{""AREA_KM2"":""570.4206401521868"",""DAMAGTAG"":null,""EMERGENC"":""False"",""ETN"":""115"",""EXPIRED"":""202606220000"",""FCSTER"":""Brown"",""GTYPE"":""P"",""HAILTAG"":""1.25"",""HV_CAUSE"":null,""HV_NWSLI"":null,""HV_REC"":null,""HV_SEV"":null,""INIT_EXP"":""202606220000"",""INIT_ISS"":""202606212320"",""ISSUED"":""202606212320"",""NWS_UGC"":null,""PHENOM"":""SV"",""POLY_BEG"":""202606212320"",""POLY_END"":""202606212337"",""PROD_ID"":""202606212320-KLBF-WUUS53-SVRLBF"",""SIG"":""W"",""STATUS"":""NEW"",""TORNTAG"":null,""UPDATED"":""202606212320"",""VTEC_YR"":""2026"",""WFO"":""LBF"",""WINDTAG"":""60.0""},""iem_significance"":""W"",""iem_tornadotag"":"""",""iem_ugc"":"""",""iem_wfo"":""LBF"",""iem_windtag"":""60.0"",""senderName"":""LBF"",""status"":""NEW""},""type"":""Feature""}",2026-04-27T17:31:58Z,2026-07-09T05:15:02Z,2026-07-09T18:49:04Z
8403,iem_watchwarn,iem_watchwarn|GLD|160|SV|W|2026-06-21T23:22:00Z|2026-06-22T00:15:00Z|,Severe Thunderstorm Warning,,2026-06-21T23:22:00Z,2026-06-22T00:15:00Z,GLD,NEW,1,"{""coordinates"":[[[-101.57,38.7],[-101.48,38.7],[-101.48,39.06],[-100.9,39.24],[-100.81,39.07],[-100.82,38.7],[-101.13,38.7],[-101.13,38.58],[-101.57,38.28],[-101.57,38.7]]],""type"":""Polygon""}","{""_map_py"":{""effective"":""2026-06-21T23:22:00Z"",""event"":""Severe Thunderstorm Warning"",""expires"":""2026-06-22T00:15:00Z"",""has_polygon"":true,""headline"":"""",""sender"":""GLD""},""effective"":""2026-06-21T23:22:00Z"",""event"":""Severe Thunderstorm Warning"",""expires"":""2026-06-22T00:15:00Z"",""headline"":"""",""iem_damagetag"":"""",""iem_emergency"":""False"",""iem_event_id"":""160"",""iem_forecaster"":""Alexander"",""iem_gtype"":""P"",""iem_hailtag"":""1.0"",""iem_phenomena"":""SV"",""iem_raw_properties"":{""AREA_KM2"":""4035.301236760926"",""DAMAGTAG"":null,""EMERGENC"":""False"",""ETN"":""160"",""EXPIRED"":""202606220015"",""FCSTER"":""Alexander"",""GTYPE"":""P"",""HAILTAG"":""1.0"",""HV_CAUSE"":null,""HV_NWSLI"":null,""HV_REC"":null,""HV_SEV"":null,""INIT_EXP"":""202606220015"",""INIT_ISS"":""202606212322"",""ISSUED"":""202606212322"",""NWS_UGC"":null,""PHENOM"":""SV"",""POLY_BEG"":""202606212322"",""POLY_END"":""202606212337"",""PROD_ID"":""202606212322-KGLD-WUUS53-SVRGLD"",""SIG"":""W"",""STATUS"":""NEW"",""TORNTAG"":null,""UPDATED"":""202606212322"",""VTEC_YR"":""2026"",""WFO"":""GLD"",""WINDTAG"":""60.0""},""iem_significance"":""W"",""iem_tornadotag"":"""",""iem_ugc"":"""",""iem_wfo"":""GLD"",""iem_windtag"":""60.0"",""senderName"":""GLD"",""status"":""NEW""}","{""geometry"":{""coordinates"":[[[-101.57,38.7],[-101.48,38.7],[-101.48,39.06],[-100.9,39.24],[-100.81,39.07],[-100.82,38.7],[-101.13,38.7],[-101.13,38.58],[-101.57,38.28],[-101.57,38.7]]],""type"":""Polygon""},""properties"":{""_map_py"":{""effective"":""2026-06-21T23:22:00Z"",""event"":""Severe Thunderstorm Warning"",""expires"":""2026-06-22T00:15:00Z"",""has_polygon"":true,""headline"":"""",""sender"":""GLD""},""effective"":""2026-06-21T23:22:00Z"",""event"":""Severe Thunderstorm Warning"",""expires"":""2026-06-22T00:15:00Z"",""headline"":"""",""iem_damagetag"":"""",""iem_emergency"":""False"",""iem_event_id"":""160"",""iem_forecaster"":""Alexander"",""iem_gtype"":""P"",""iem_hailtag"":""1.0"",""iem_phenomena"":""SV"",""iem_raw_properties"":{""AREA_KM2"":""4035.301236760926"",""DAMAGTAG"":null,""EMERGENC"":""False"",""ETN"":""160"",""EXPIRED"":""202606220015"",""FCSTER"":""Alexander"",""GTYPE"":""P"",""HAILTAG"":""1.0"",""HV_CAUSE"":null,""HV_NWSLI"":null,""HV_REC"":null,""HV_SEV"":null,""INIT_EXP"":""202606220015"",""INIT_ISS"":""202606212322"",""ISSUED"":""202606212322"",""NWS_UGC"":null,""PHENOM"":""SV"",""POLY_BEG"":""202606212322"",""POLY_END"":""202606212337"",""PROD_ID"":""202606212322-KGLD-WUUS53-SVRGLD"",""SIG"":""W"",""STATUS"":""NEW"",""TORNTAG"":null,""UPDATED"":""202606212322"",""VTEC_YR"":""2026"",""WFO"":""GLD"",""WINDTAG"":""60.0""},""iem_significance"":""W"",""iem_tornadotag"":"""",""iem_ugc"":"""",""iem_wfo"":""GLD"",""iem_windtag"":""60.0"",""senderName"":""GLD"",""status"":""NEW""},""type"":""Feature""}",2026-04-27T17:31:58Z,2026-07-09T05:15:02Z,2026-07-09T18:49:04Z
2075,iem_watchwarn,iem_watchwarn|IND|64|TO|W|2026-06-21T23:25:00Z|2026-06-21T23:45:00Z|,Tornado Warning,,2026-06-21T23:25:00Z,2026-06-21T23:45:00Z,IND,NEW,1,"{""coordinates"":[[[-86.49,39.19],[-86.58,39.3],[-86.33,39.43],[-86.2,39.27],[-86.49,39.19]]],""type"":""Polygon""}","{""_map_py"":{""effective"":""2026-06-21T23:25:00Z"",""event"":""Tornado Warning"",""expires"":""2026-06-21T23:45:00Z"",""has_polygon"":true,""headline"":"""",""sender"":""IND""},""effective"":""2026-06-21T23:25:00Z"",""event"":""Tornado Warning"",""expires"":""2026-06-21T23:45:00Z"",""headline"":"""",""iem_damagetag"":"""",""iem_emergency"":""False"",""iem_event_id"":""64"",""iem_forecaster"":""GM"",""iem_gtype"":""P"",""iem_hailtag"":""0.75"",""iem_phenomena"":""TO"",""iem_raw_properties"":{""AREA_KM2"":""459.301781549153"",""DAMAGTAG"":null,""EMERGENC"":""False"",""ETN"":""64"",""EXPIRED"":""202606212345"",""FCSTER"":""GM"",""GTYPE"":""P"",""HAILTAG"":""0.75"",""HV_CAUSE"":null,""HV_NWSLI"":null,""HV_REC"":null,""HV_SEV"":null,""INIT_EXP"":""202606212345"",""INIT_ISS"":""202606212325"",""ISSUED"":""202606212325"",""NWS_UGC"":null,""PHENOM"":""TO"",""POLY_BEG"":""202606212325"",""POLY_END"":""202606212336"",""PROD_ID"":""202606212325-KIND-WFUS53-TORIND"",""SIG"":""W"",""STATUS"":""NEW"",""TORNTAG"":""RADAR INDICATED"",""UPDATED"":""202606212325"",""VTEC_YR"":""2026"",""WFO"":""IND"",""WINDTAG"":null},""iem_significance"":""W"",""iem_tornadotag"":""RADAR INDICATED"",""iem_ugc"":"""",""iem_wfo"":""IND"",""iem_windtag"":"""",""senderName"":""IND"",""status"":""NEW""}","{""geometry"":{""coordinates"":[[[-86.49,39.19],[-86.58,39.3],[-86.33,39.43],[-86.2,39.27],[-86.49,39.19]]],""type"":""Polygon""},""properties"":{""_map_py"":{""effective"":""2026-06-21T23:25:00Z"",""event"":""Tornado Warning"",""expires"":""2026-06-21T23:45:00Z"",""has_polygon"":true,""headline"":"""",""sender"":""IND""},""effective"":""2026-06-21T23:25:00Z"",""event"":""Tornado Warning"",""expires"":""2026-06-21T23:45:00Z"",""headline"":"""",""iem_damagetag"":"""",""iem_emergency"":""False"",""iem_event_id"":""64"",""iem_forecaster"":""GM"",""iem_gtype"":""P"",""iem_hailtag"":""0.75"",""iem_phenomena"":""TO"",""iem_raw_properties"":{""AREA_KM2"":""459.301781549153"",""DAMAGTAG"":null,""EMERGENC"":""False"",""ETN"":""64"",""EXPIRED"":""202606212345"",""FCSTER"":""GM"",""GTYPE"":""P"",""HAILTAG"":""0.75"",""HV_CAUSE"":null,""HV_NWSLI"":null,""HV_REC"":null,""HV_SEV"":null,""INIT_EXP"":""202606212345"",""INIT_ISS"":""202606212325"",""ISSUED"":""202606212325"",""NWS_UGC"":null,""PHENOM"":""TO"",""POLY_BEG"":""202606212325"",""POLY_END"":""202606212336"",""PROD_ID"":""202606212325-KIND-WFUS53-TORIND"",""SIG"":""W"",""STATUS"":""NEW"",""TORNTAG"":""RADAR INDICATED"",""UPDATED"":""202606212325"",""VTEC_YR"":""2026"",""WFO"":""IND"",""WINDTAG"":null},""iem_significance"":""W"",""iem_tornadotag"":""RADAR INDICATED"",""iem_ugc"":"""",""iem_wfo"":""IND"",""iem_windtag"":"""",""senderName"":""IND"",""status"":""NEW""},""type"":""Feature""}",2026-04-27T17:31:58Z,2026-07-09T05:15:02Z,2026-07-09T18:49:04Z
6550,iem_watchwarn,iem_watchwarn|GLD|20|TO|W|2026-06-21T23:27:00Z|2026-06-22T00:15:00Z|,Tornado Warning,,2026-06-21T23:27:00Z,2026-06-22T00:15:00Z,GLD,NEW,1,"{""coordinates"":[[[-101.27,39.03],[-101.17,39.08],[-101.06,39.09],[-100.81,38.91],[-100.82,38.77],[-101.27,38.72],[-101.27,39.03]]],""type"":""Polygon""}","{""_map_py"":{""effective"":""2026-06-21T23:27:00Z"",""event"":""Tornado Warning"",""expires"":""2026-06-22T00:15:00Z"",""has_polygon"":true,""headline"":"""",""sender"":""GLD""},""effective"":""2026-06-21T23:27:00Z"",""event"":""Tornado Warning"",""expires"":""2026-06-22T00:15:00Z"",""headline"":"""",""iem_damagetag"":"""",""iem_emergency"":""False"",""iem_event_id"":""20"",""iem_forecaster"":""Alexander"",""iem_gtype"":""P"",""iem_hailtag"":""1.0"",""iem_phenomena"":""TO"",""iem_raw_properties"":{""AREA_KM2"":""1262.1597809151478"",""DAMAGTAG"":null,""EMERGENC"":""False"",""ETN"":""20"",""EXPIRED"":""202606220015"",""FCSTER"":""Alexander"",""GTYPE"":""P"",""HAILTAG"":""1.0"",""HV_CAUSE"":null,""HV_NWSLI"":null,""HV_REC"":null,""HV_SEV"":null,""INIT_EXP"":""202606220015"",""INIT_ISS"":""202606212327"",""ISSUED"":""202606212327"",""NWS_UGC"":null,""PHENOM"":""TO"",""POLY_BEG"":""202606212327"",""POLY_END"":""202606212334"",""PROD_ID"":""202606212327-KGLD-WFUS53-TORGLD"",""SIG"":""W"",""STATUS"":""NEW"",""TORNTAG"":""RADAR INDICATED"",""UPDATED"":""202606212327"",""VTEC_YR"":""2026"",""WFO"":""GLD"",""WINDTAG"":null},""iem_significance"":""W"",""iem_tornadotag"":""RADAR INDICATED"",""iem_ugc"":"""",""iem_wfo"":""GLD"",""iem_windtag"":"""",""senderName"":""GLD"",""status"":""NEW""}","{""geometry"":{""coordinates"":[[[-101.27,39.03],[-101.17,39.08],[-101.06,39.09],[-100.81,38.91],[-100.82,38.77],[-101.27,38.72],[-101.27,39.03]]],""type"":""Polygon""},""properties"":{""_map_py"":{""effective"":""2026-06-21T23:27:00Z"",""event"":""Tornado Warning"",""expires"":""2026-06-22T00:15:00Z"",""has_polygon"":true,""headline"":"""",""sender"":""GLD""},""effective"":""2026-06-21T23:27:00Z"",""event"":""Tornado Warning"",""expires"":""2026-06-22T00:15:00Z"",""headline"":"""",""iem_damagetag"":"""",""iem_emergency"":""False"",""iem_event_id"":""20"",""iem_forecaster"":""Alexander"",""iem_gtype"":""P"",""iem_hailtag"":""1.0"",""iem_phenomena"":""TO"",""iem_raw_properties"":{""AREA_KM2"":""1262.1597809151478"",""DAMAGTAG"":null,""EMERGENC"":""False"",""ETN"":""20"",""EXPIRED"":""202606220015"",""FCSTER"":""Alexander"",""GTYPE"":""P"",""HAILTAG"":""1.0"",""HV_CAUSE"":null,""HV_NWSLI"":null,""HV_REC"":null,""HV_SEV"":null,""INIT_EXP"":""202606220015"",""INIT_ISS"":""202606212327"",""ISSUED"":""202606212327"",""NWS_UGC"":null,""PHENOM"":""TO"",""POLY_BEG"":""202606212327"",""POLY_END"":""202606212334"",""PROD_ID"":""202606212327-KGLD-WFUS53-TORGLD"",""SIG"":""W"",""STATUS"":""NEW"",""TORNTAG"":""RADAR INDICATED"",""UPDATED"":""202606212327"",""VTEC_YR"":""2026"",""WFO"":""GLD"",""WINDTAG"":null},""iem_significance"":""W"",""iem_tornadotag"":""RADAR INDICATED"",""iem_ugc"":"""",""iem_wfo"":""GLD"",""iem_windtag"":"""",""senderName"":""GLD"",""status"":""NEW""},""type"":""Feature""}",2026-04-27T17:31:58Z,2026-07-09T05:15:02Z,2026-07-09T18:49:04Z
10809,iem_watchwarn,iem_watchwarn|IND|65|TO|W|2026-06-21T23:27:00Z|2026-06-22T00:15:00Z|,Tornado Warning,,2026-06-21T23:27:00Z,2026-06-22T00:15:00Z,IND,NEW,1,"{""coordinates"":[[[-87.64,38.59],[-87.61,38.59],[-87.63,38.61],[-87.62,38.62],[-87.62,38.64],[-87.59,38.67],[-87.53,38.68],[-87.51,38.73],[-87.13,38.72],[-87.16,38.53],[-87.2,38.55],[-87.22,38.54],[-87.25,38.54],[-87.26,38.52],[-87.35,38.54],[-87.37,38.54],[-87.64,38.58],[-87.64,38.59]]],""type"":""Polygon""}","{""_map_py"":{""effective"":""2026-06-21T23:27:00Z"",""event"":""Tornado Warning"",""expires"":""2026-06-22T00:15:00Z"",""has_polygon"":true,""headline"":"""",""sender"":""IND""},""effective"":""2026-06-21T23:27:00Z"",""event"":""Tornado Warning"",""expires"":""2026-06-22T00:15:00Z"",""headline"":"""",""iem_damagetag"":"""",""iem_emergency"":""False"",""iem_event_id"":""65"",""iem_forecaster"":""White"",""iem_gtype"":""P"",""iem_hailtag"":""0.75"",""iem_phenomena"":""TO"",""iem_raw_properties"":{""AREA_KM2"":""764.6793393213018"",""DAMAGTAG"":null,""EMERGENC"":""False"",""ETN"":""65"",""EXPIRED"":""202606220015"",""FCSTER"":""White"",""GTYPE"":""P"",""HAILTAG"":""0.75"",""HV_CAUSE"":null,""HV_NWSLI"":null,""HV_REC"":null,""HV_SEV"":null,""INIT_EXP"":""202606220015"",""INIT_ISS"":""202606212327"",""ISSUED"":""202606212327"",""NWS_UGC"":null,""PHENOM"":""TO"",""POLY_BEG"":""202606212327"",""POLY_END"":""202606212340"",""PROD_ID"":""202606212327-KIND-WFUS53-TORIND"",""SIG"":""W"",""STATUS"":""NEW"",""TORNTAG"":""RADAR INDICATED"",""UPDATED"":""202606212327"",""VTEC_YR"":""2026"",""WFO"":""IND"",""WINDTAG"":null},""iem_significance"":""W"",""iem_tornadotag"":""RADAR INDICATED"",""iem_ugc"":"""",""iem_wfo"":""IND"",""iem_windtag"":"""",""senderName"":""IND"",""status"":""NEW""}","{""geometry"":{""coordinates"":[[[-87.64,38.59],[-87.61,38.59],[-87.63,38.61],[-87.62,38.62],[-87.62,38.64],[-87.59,38.67],[-87.53,38.68],[-87.51,38.73],[-87.13,38.72],[-87.16,38.53],[-87.2,38.55],[-87.22,38.54],[-87.25,38.54],[-87.26,38.52],[-87.35,38.54],[-87.37,38.54],[-87.64,38.58],[-87.64,38.59]]],""type"":""Polygon""},""properties"":{""_map_py"":{""effective"":""2026-06-21T23:27:00Z"",""event"":""Tornado Warning"",""expires"":""2026-06-22T00:15:00Z"",""has_polygon"":true,""headline"":"""",""sender"":""IND""},""effective"":""2026-06-21T23:27:00Z"",""event"":""Tornado Warning"",""expires"":""2026-06-22T00:15:00Z"",""headline"":"""",""iem_damagetag"":"""",""iem_emergency"":""False"",""iem_event_id"":""65"",""iem_forecaster"":""White"",""iem_gtype"":""P"",""iem_hailtag"":""0.75"",""iem_phenomena"":""TO"",""iem_raw_properties"":{""AREA_KM2"":""764.6793393213018"",""DAMAGTAG"":null,""EMERGENC"":""False"",""ETN"":""65"",""EXPIRED"":""202606220015"",""FCSTER"":""White"",""GTYPE"":""P"",""HAILTAG"":""0.75"",""HV_CAUSE"":null,""HV_NWSLI"":null,""HV_REC"":null,""HV_SEV"":null,""INIT_EXP"":""202606220015"",""INIT_ISS"":""202606212327"",""ISSUED"":""202606212327"",""NWS_UGC"":null,""PHENOM"":""TO"",""POLY_BEG"":""202606212327"",""POLY_END"":""202606212340"",""PROD_ID"":""202606212327-KIND-WFUS53-TORIND"",""SIG"":""W"",""STATUS"":""NEW"",""TORNTAG"":""RADAR INDICATED"",""UPDATED"":""202606212327"",""VTEC_YR"":""2026"",""WFO"":""IND"",""WINDTAG"":null},""iem_significance"":""W"",""iem_tornadotag"":""RADAR INDICATED"",""iem_ugc"":"""",""iem_wfo"":""IND"",""iem_windtag"":"""",""senderName"":""IND"",""status"":""NEW""},""type"":""Feature""}",2026-04-27T17:31:58Z,2026-07-09T05:15:02Z,2026-07-09T18:49:04Z
3518,iem_watchwarn,iem_watchwarn|IND|66|TO|W|2026-06-21T23:31:00Z|2026-06-21T23:42:00Z|,Tornado Warning,,2026-06-21T23:31:00Z,2026-06-21T23:42:00Z,IND,NEW,1,"{""coordinates"":[[[-86.5,39.57],[-86.37,39.47],[-86.57,39.36],[-86.63,39.41],[-86.63,39.43],[-86.5,39.57]]],""type"":""Polygon""}","{""_map_py"":{""effective"":""2026-06-21T23:31:00Z"",""event"":""Tornado Warning"",""expires"":""2026-06-21T23:42:00Z"",""has_polygon"":true,""headline"":"""",""sender"":""IND""},""effective"":""2026-06-21T23:31:00Z"",""event"":""Tornado Warning"",""expires"":""2026-06-21T23:42:00Z"",""headline"":"""",""iem_damagetag"":"""",""iem_emergency"":""False"",""iem_event_id"":""66"",""iem_forecaster"":""GM"",""iem_gtype"":""P"",""iem_hailtag"":""0.75"",""iem_phenomena"":""TO"",""iem_raw_properties"":{""AREA_KM2"":""252.9620071821897"",""DAMAGTAG"":null,""EMERGENC"":""False"",""ETN"":""66"",""EXPIRED"":""202606212342"",""FCSTER"":""GM"",""GTYPE"":""P"",""HAILTAG"":""0.75"",""HV_CAUSE"":null,""HV_NWSLI"":null,""HV_REC"":null,""HV_SEV"":null,""INIT_EXP"":""202606220000"",""INIT_ISS"":""202606212331"",""ISSUED"":""202606212331"",""NWS_UGC"":null,""PHENOM"":""TO"",""POLY_BEG"":""202606212331"",""POLY_END"":""202606212335"",""PROD_ID"":""202606212331-KIND-WFUS53-TORIND"",""SIG"":""W"",""STATUS"":""NEW"",""TORNTAG"":""RADAR INDICATED"",""UPDATED"":""202606212331"",""VTEC_YR"":""2026"",""WFO"":""IND"",""WINDTAG"":null},""iem_significance"":""W"",""iem_tornadotag"":""RADAR INDICATED"",""iem_ugc"":"""",""iem_wfo"":""IND"",""iem_windtag"":"""",""senderName"":""IND"",""status"":""NEW""}","{""geometry"":{""coordinates"":[[[-86.5,39.57],[-86.37,39.47],[-86.57,39.36],[-86.63,39.41],[-86.63,39.43],[-86.5,39.57]]],""type"":""Polygon""},""properties"":{""_map_py"":{""effective"":""2026-06-21T23:31:00Z"",""event"":""Tornado Warning"",""expires"":""2026-06-21T23:42:00Z"",""has_polygon"":true,""headline"":"""",""sender"":""IND""},""effective"":""2026-06-21T23:31:00Z"",""event"":""Tornado Warning"",""expires"":""2026-06-21T23:42:00Z"",""headline"":"""",""iem_damagetag"":"""",""iem_emergency"":""False"",""iem_event_id"":""66"",""iem_forecaster"":""GM"",""iem_gtype"":""P"",""iem_hailtag"":""0.75"",""iem_phenomena"":""TO"",""iem_raw_properties"":{""AREA_KM2"":""252.9620071821897"",""DAMAGTAG"":null,""EMERGENC"":""False"",""ETN"":""66"",""EXPIRED"":""202606212342"",""FCSTER"":""GM"",""GTYPE"":""P"",""HAILTAG"":""0.75"",""HV_CAUSE"":null,""HV_NWSLI"":null,""HV_REC"":null,""HV_SEV"":null,""INIT_EXP"":""202606220000"",""INIT_ISS"":""202606212331"",""ISSUED"":""202606212331"",""NWS_UGC"":null,""PHENOM"":""TO"",""POLY_BEG"":""202606212331"",""POLY_END"":""202606212335"",""PROD_ID"":""202606212331-KIND-WFUS53-TORIND"",""SIG"":""W"",""STATUS"":""NEW"",""TORNTAG"":""RADAR INDICATED"",""UPDATED"":""202606212331"",""VTEC_YR"":""2026"",""WFO"":""IND"",""WINDTAG"":null},""iem_significance"":""W"",""iem_tornadotag"":""RADAR INDICATED"",""iem_ugc"":"""",""iem_wfo"":""IND"",""iem_windtag"":"""",""senderName"":""IND"",""status"":""NEW""},""type"":""Feature""}",2026-04-27T17:31:58Z,2026-07-09T05:15:02Z,2026-07-09T18:49:04Z
5757,iem_watchwarn,iem_watchwarn|PUB|45|SV|W|2026-06-21T23:33:00Z|2026-06-22T00:00:00Z|,Severe Thunderstorm Warning,,2026-06-21T23:33:00Z,2026-06-22T00:00:00Z,PUB,NEW,1,"{""coordinates"":[[[-102.12,38.12],[-102.34,38.47],[-102.15,38.58],[-102.05,38.5],[-102.04,38.48],[-102.04,38.17],[-102.12,38.12]]],""type"":""Polygon""}","{""_map_py"":{""effective"":""2026-06-21T23:33:00Z"",""event"":""Severe Thunderstorm Warning"",""expires"":""2026-06-22T00:00:00Z"",""has_polygon"":true,""headline"":"""",""sender"":""PUB""},""effective"":""2026-06-21T23:33:00Z"",""event"":""Severe Thunderstorm Warning"",""expires"":""2026-06-22T00:00:00Z"",""headline"":"""",""iem_damagetag"":"""",""iem_emergency"":""False"",""iem_event_id"":""45"",""iem_forecaster"":""Moore"",""iem_gtype"":""P"",""iem_hailtag"":""1.25"",""iem_phenomena"":""SV"",""iem_raw_properties"":{""AREA_KM2"":""795.7103982748042"",""DAMAGTAG"":null,""EMERGENC"":""False"",""ETN"":""45"",""EXPIRED"":""202606220000"",""FCSTER"":""Moore"",""GTYPE"":""P"",""HAILTAG"":""1.25"",""HV_CAUSE"":null,""HV_NWSLI"":null,""HV_REC"":null,""HV_SEV"":null,""INIT_EXP"":""202606220000"",""INIT_ISS"":""202606212333"",""ISSUED"":""202606212333"",""NWS_UGC"":null,""PHENOM"":""SV"",""POLY_BEG"":""202606212333"",""POLY_END"":""202606212340"",""PROD_ID"":""202606212333-KPUB-WUUS55-SVRPUB"",""SIG"":""W"",""STATUS"":""NEW"",""TORNTAG"":null,""UPDATED"":""202606212333"",""VTEC_YR"":""2026"",""WFO"":""PUB"",""WINDTAG"":""60.0""},""iem_significance"":""W"",""iem_tornadotag"":"""",""iem_ugc"":"""",""iem_wfo"":""PUB"",""iem_windtag"":""60.0"",""senderName"":""PUB"",""status"":""NEW""}","{""geometry"":{""coordinates"":[[[-102.12,38.12],[-102.34,38.47],[-102.15,38.58],[-102.05,38.5],[-102.04,38.48],[-102.04,38.17],[-102.12,38.12]]],""type"":""Polygon""},""properties"":{""_map_py"":{""effective"":""2026-06-21T23:33:00Z"",""event"":""Severe Thunderstorm Warning"",""expires"":""2026-06-22T00:00:00Z"",""has_polygon"":true,""headline"":"""",""sender"":""PUB""},""effective"":""2026-06-21T23:33:00Z"",""event"":""Severe Thunderstorm Warning"",""expires"":""2026-06-22T00:00:00Z"",""headline"":"""",""iem_damagetag"":"""",""iem_emergency"":""False"",""iem_event_id"":""45"",""iem_forecaster"":""Moore"",""iem_gtype"":""P"",""iem_hailtag"":""1.25"",""iem_phenomena"":""SV"",""iem_raw_properties"":{""AREA_KM2"":""795.7103982748042"",""DAMAGTAG"":null,""EMERGENC"":""False"",""ETN"":""45"",""EXPIRED"":""202606220000"",""FCSTER"":""Moore"",""GTYPE"":""P"",""HAILTAG"":""1.25"",""HV_CAUSE"":null,""HV_NWSLI"":null,""HV_REC"":null,""HV_SEV"":null,""INIT_EXP"":""202606220000"",""INIT_ISS"":""202606212333"",""ISSUED"":""202606212333"",""NWS_UGC"":null,""PHENOM"":""SV"",""POLY_BEG"":""202606212333"",""POLY_END"":""202606212340"",""PROD_ID"":""202606212333-KPUB-WUUS55-SVRPUB"",""SIG"":""W"",""STATUS"":""NEW"",""TORNTAG"":null,""UPDATED"":""202606212333"",""VTEC_YR"":""2026"",""WFO"":""PUB"",""WINDTAG"":""60.0""},""iem_significance"":""W"",""iem_tornadotag"":"""",""iem_ugc"":"""",""iem_wfo"":""PUB"",""iem_windtag"":""60.0"",""senderName"":""PUB"",""status"":""NEW""},""type"":""Feature""}",2026-04-27T17:31:58Z,2026-07-09T05:15:02Z,2026-07-09T18:49:04Z
9972,iem_watchwarn,iem_watchwarn|PAH|41|TO|W|2026-06-21T23:35:00Z|2026-06-22T00:15:00Z|,Tornado Warning,,2026-06-21T23:35:00Z,2026-06-22T00:15:00Z,PAH,NEW,1,"{""coordinates"":[[[-87.46,38.32],[-87.47,38.09],[-87.93,38.15],[-87.91,38.16],[-87.92,38.17],[-87.93,38.16],[-87.94,38.17],[-87.99,38.21],[-87.98,38.25],[-87.99,38.26],[-87.99,38.27],[-87.97,38.27],[-87.98,38.28],[-87.46,38.32]]],""type"":""Polygon""}","{""_map_py"":{""effective"":""2026-06-21T23:35:00Z"",""event"":""Tornado Warning"",""expires"":""2026-06-22T00:15:00Z"",""has_polygon"":true,""headline"":"""",""sender"":""PAH""},""effective"":""2026-06-21T23:35:00Z"",""event"":""Tornado Warning"",""expires"":""2026-06-22T00:15:00Z"",""headline"":"""",""iem_damagetag"":"""",""iem_emergency"":""False"",""iem_event_id"":""41"",""iem_forecaster"":""DW"",""iem_gtype"":""P"",""iem_hailtag"":""0.75"",""iem_phenomena"":""TO"",""iem_raw_properties"":{""AREA_KM2"":""872.6906644705334"",""DAMAGTAG"":null,""EMERGENC"":""False"",""ETN"":""41"",""EXPIRED"":""202606220015"",""FCSTER"":""DW"",""GTYPE"":""P"",""HAILTAG"":""0.75"",""HV_CAUSE"":null,""HV_NWSLI"":null,""HV_REC"":null,""HV_SEV"":null,""INIT_EXP"":""202606220015"",""INIT_ISS"":""202606212335"",""ISSUED"":""202606212335"",""NWS_UGC"":null,""PHENOM"":""TO"",""POLY_BEG"":""202606212335"",""POLY_END"":""202606212345"",""PROD_ID"":""202606212335-KPAH-WFUS53-TORPAH"",""SIG"":""W"",""STATUS"":""NEW"",""TORNTAG"":""RADAR INDICATED"",""UPDATED"":""202606212335"",""VTEC_YR"":""2026"",""WFO"":""PAH"",""WINDTAG"":null},""iem_significance"":""W"",""iem_tornadotag"":""RADAR INDICATED"",""iem_ugc"":"""",""iem_wfo"":""PAH"",""iem_windtag"":"""",""senderName"":""PAH"",""status"":""NEW""}","{""geometry"":{""coordinates"":[[[-87.46,38.32],[-87.47,38.09],[-87.93,38.15],[-87.91,38.16],[-87.92,38.17],[-87.93,38.16],[-87.94,38.17],[-87.99,38.21],[-87.98,38.25],[-87.99,38.26],[-87.99,38.27],[-87.97,38.27],[-87.98,38.28],[-87.46,38.32]]],""type"":""Polygon""},""properties"":{""_map_py"":{""effective"":""2026-06-21T23:35:00Z"",""event"":""Tornado Warning"",""expires"":""2026-06-22T00:15:00Z"",""has_polygon"":true,""headline"":"""",""sender"":""PAH""},""effective"":""2026-06-21T23:35:00Z"",""event"":""Tornado Warning"",""expires"":""2026-06-22T00:15:00Z"",""headline"":"""",""iem_damagetag"":"""",""iem_emergency"":""False"",""iem_event_id"":""41"",""iem_forecaster"":""DW"",""iem_gtype"":""P"",""iem_hailtag"":""0.75"",""iem_phenomena"":""TO"",""iem_raw_properties"":{""AREA_KM2"":""872.6906644705334"",""DAMAGTAG"":null,""EMERGENC"":""False"",""ETN"":""41"",""EXPIRED"":""202606220015"",""FCSTER"":""DW"",""GTYPE"":""P"",""HAILTAG"":""0.75"",""HV_CAUSE"":null,""HV_NWSLI"":null,""HV_REC"":null,""HV_SEV"":null,""INIT_EXP"":""202606220015"",""INIT_ISS"":""202606212335"",""ISSUED"":""202606212335"",""NWS_UGC"":null,""PHENOM"":""TO"",""POLY_BEG"":""202606212335"",""POLY_END"":""202606212345"",""PROD_ID"":""202606212335-KPAH-WFUS53-TORPAH"",""SIG"":""W"",""STATUS"":""NEW"",""TORNTAG"":""RADAR INDICATED"",""UPDATED"":""202606212335"",""VTEC_YR"":""2026"",""WFO"":""PAH"",""WINDTAG"":null},""iem_significance"":""W"",""iem_tornadotag"":""RADAR INDICATED"",""iem_ugc"":"""",""iem_wfo"":""PAH"",""iem_windtag"":"""",""senderName"":""PAH"",""status"":""NEW""},""type"":""Feature""}",2026-04-27T17:31:58Z,2026-07-09T05:15:02Z,2026-07-09T18:49:04Z
3252,iem_watchwarn,iem_watchwarn|LBF|116|SV|W|2026-06-21T23:39:00Z|2026-06-22T00:19:00Z|,Severe Thunderstorm Warning,,2026-06-21T23:39:00Z,2026-06-22T00:19:00Z,LBF,NEW,1,"{""coordinates"":[[[-101.93,41.54],[-101.74,41.56],[-101.65,41.31],[-101.91,41.27],[-101.93,41.54]]],""type"":""Polygon""}","{""_map_py"":{""effective"":""2026-06-21T23:39:00Z"",""event"":""Severe Thunderstorm Warning"",""expires"":""2026-06-22T00:19:00Z"",""has_polygon"":true,""headline"":"""",""sender"":""LBF""},""effective"":""2026-06-21T23:39:00Z"",""event"":""Severe Thunderstorm Warning"",""expires"":""2026-06-22T00:19:00Z"",""headline"":"""",""iem_damagetag"":"""",""iem_emergency"":""False"",""iem_event_id"":""116"",""iem_forecaster"":""Brown"",""iem_gtype"":""P"",""iem_hailtag"":""1.25"",""iem_phenomena"":""SV"",""iem_raw_properties"":{""AREA_KM2"":""557.7639622346456"",""DAMAGTAG"":null,""EMERGENC"":""False"",""ETN"":""116"",""EXPIRED"":""202606220019"",""FCSTER"":""Brown"",""GTYPE"":""P"",""HAILTAG"":""1.25"",""HV_CAUSE"":null,""HV_NWSLI"":null,""HV_REC"":null,""HV_SEV"":null,""INIT_EXP"":""202606220030"",""INIT_ISS"":""202606212339"",""ISSUED"":""202606212339"",""NWS_UGC"":null,""PHENOM"":""SV"",""POLY_BEG"":""202606212339"",""POLY_END"":""202606212358"",""PROD_ID"":""202606212339-KLBF-WUUS53-SVRLBF"",""SIG"":""W"",""STATUS"":""NEW"",""TORNTAG"":null,""UPDATED"":""202606212339"",""VTEC_YR"":""2026"",""WFO"":""LBF"",""WINDTAG"":""60.0""},""iem_significance"":""W"",""iem_tornadotag"":"""",""iem_ugc"":"""",""iem_wfo"":""LBF"",""iem_windtag"":""60.0"",""senderName"":""LBF"",""status"":""NEW""}","{""geometry"":{""coordinates"":[[[-101.93,41.54],[-101.74,41.56],[-101.65,41.31],[-101.91,41.27],[-101.93,41.54]]],""type"":""Polygon""},""properties"":{""_map_py"":{""effective"":""2026-06-21T23:39:00Z"",""event"":""Severe Thunderstorm Warning"",""expires"":""2026-06-22T00:19:00Z"",""has_polygon"":true,""headline"":"""",""sender"":""LBF""},""effective"":""2026-06-21T23:39:00Z"",""event"":""Severe Thunderstorm Warning"",""expires"":""2026-06-22T00:19:00Z"",""headline"":"""",""iem_damagetag"":"""",""iem_emergency"":""False"",""iem_event_id"":""116"",""iem_forecaster"":""Brown"",""iem_gtype"":""P"",""iem_hailtag"":""1.25"",""iem_phenomena"":""SV"",""iem_raw_properties"":{""AREA_KM2"":""557.7639622346456"",""DAMAGTAG"":null,""EMERGENC"":""False"",""ETN"":""116"",""EXPIRED"":""202606220019"",""FCSTER"":""Brown"",""GTYPE"":""P"",""HAILTAG"":""1.25"",""HV_CAUSE"":null,""HV_NWSLI"":null,""HV_REC"":null,""HV_SEV"":null,""INIT_EXP"":""202606220030"",""INIT_ISS"":""202606212339"",""ISSUED"":""202606212339"",""NWS_UGC"":null,""PHENOM"":""SV"",""POLY_BEG"":""202606212339"",""POLY_END"":""202606212358"",""PROD_ID"":""202606212339-KLBF-WUUS53-SVRLBF"",""SIG"":""W"",""STATUS"":""NEW"",""TORNTAG"":null,""UPDATED"":""202606212339"",""VTEC_YR"":""2026"",""WFO"":""LBF"",""WINDTAG"":""60.0""},""iem_significance"":""W"",""iem_tornadotag"":"""",""iem_ugc"":"""",""iem_wfo"":""LBF"",""iem_windtag"":""60.0"",""senderName"":""LBF"",""status"":""NEW""},""type"":""Feature""}",2026-04-27T17:31:58Z,2026-07-09T05:15:02Z,2026-07-09T18:49:04Z
8689,iem_watchwarn,iem_watchwarn|IND|228|SV|W|2026-06-21T23:42:00Z|2026-06-22T00:30:00Z|,Severe Thunderstorm Warning,,2026-06-21T23:42:00Z,2026-06-22T00:30:00Z,IND,NEW,1,"{""coordinates"":[[[-86.65,38.93],[-86.32,39.12],[-86.3,39.6],[-86.02,39.64],[-85.95,39.64],[-85.95,39.65],[-85.63,39.69],[-85.65,39.19],[-85.84,38.97],[-86.65,38.93]]],""type"":""Polygon""}","{""_map_py"":{""effective"":""2026-06-21T23:42:00Z"",""event"":""Severe Thunderstorm Warning"",""expires"":""2026-06-22T00:30:00Z"",""has_polygon"":true,""headline"":"""",""sender"":""IND""},""effective"":""2026-06-21T23:42:00Z"",""event"":""Severe Thunderstorm Warning"",""expires"":""2026-06-22T00:30:00Z"",""headline"":"""",""iem_damagetag"":"""",""iem_emergency"":""False"",""iem_event_id"":""228"",""iem_forecaster"":""50"",""iem_gtype"":""P"",""iem_hailtag"":""0.75"",""iem_phenomena"":""SV"",""iem_raw_properties"":{""AREA_KM2"":""4443.39767905281"",""DAMAGTAG"":null,""EMERGENC"":""False"",""ETN"":""228"",""EXPIRED"":""202606220030"",""FCSTER"":""50"",""GTYPE"":""P"",""HAILTAG"":""0.75"",""HV_CAUSE"":null,""HV_NWSLI"":null,""HV_REC"":null,""HV_SEV"":null,""INIT_EXP"":""202606220030"",""INIT_ISS"":""202606212342"",""ISSUED"":""202606212342"",""NWS_UGC"":null,""PHENOM"":""SV"",""POLY_BEG"":""202606212342"",""POLY_END"":""202606212353"",""PROD_ID"":""202606212342-KIND-WUUS53-SVRIND"",""SIG"":""W"",""STATUS"":""NEW"",""TORNTAG"":""POSSIBLE"",""UPDATED"":""202606212342"",""VTEC_YR"":""2026"",""WFO"":""IND"",""WINDTAG"":""60.0""},""iem_significance"":""W"",""iem_tornadotag"":""POSSIBLE"",""iem_ugc"":"""",""iem_wfo"":""IND"",""iem_windtag"":""60.0"",""senderName"":""IND"",""status"":""NEW""}","{""geometry"":{""coordinates"":[[[-86.65,38.93],[-86.32,39.12],[-86.3,39.6],[-86.02,39.64],[-85.95,39.64],[-85.95,39.65],[-85.63,39.69],[-85.65,39.19],[-85.84,38.97],[-86.65,38.93]]],""type"":""Polygon""},""properties"":{""_map_py"":{""effective"":""2026-06-21T23:42:00Z"",""event"":""Severe Thunderstorm Warning"",""expires"":""2026-06-22T00:30:00Z"",""has_polygon"":true,""headline"":"""",""sender"":""IND""},""effective"":""2026-06-21T23:42:00Z"",""event"":""Severe Thunderstorm Warning"",""expires"":""2026-06-22T00:30:00Z"",""headline"":"""",""iem_damagetag"":"""",""iem_emergency"":""False"",""iem_event_id"":""228"",""iem_forecaster"":""50"",""iem_gtype"":""P"",""iem_hailtag"":""0.75"",""iem_phenomena"":""SV"",""iem_raw_properties"":{""AREA_KM2"":""4443.39767905281"",""DAMAGTAG"":null,""EMERGENC"":""False"",""ETN"":""228"",""EXPIRED"":""202606220030"",""FCSTER"":""50"",""GTYPE"":""P"",""HAILTAG"":""0.75"",""HV_CAUSE"":null,""HV_NWSLI"":null,""HV_REC"":null,""HV_SEV"":null,""INIT_EXP"":""202606220030"",""INIT_ISS"":""202606212342"",""ISSUED"":""202606212342"",""NWS_UGC"":null,""PHENOM"":""SV"",""POLY_BEG"":""202606212342"",""POLY_END"":""202606212353"",""PROD_ID"":""202606212342-KIND-WUUS53-SVRIND"",""SIG"":""W"",""STATUS"":""NEW"",""TORNTAG"":""POSSIBLE"",""UPDATED"":""202606212342"",""VTEC_YR"":""2026"",""WFO"":""IND"",""WINDTAG"":""60.0""},""iem_significance"":""W"",""iem_tornadotag"":""POSSIBLE"",""iem_ugc"":"""",""iem_wfo"":""IND"",""iem_windtag"":""60.0"",""senderName"":""IND"",""status"":""NEW""},""type"":""Feature""}",2026-04-27T17:31:58Z,2026-07-09T05:15:02Z,2026-07-09T18:49:04Z
2825,iem_watchwarn,iem_watchwarn|PAH|42|TO|W|2026-06-21T23:42:00Z|2026-06-22T00:30:00Z|,Tornado Warning,,2026-06-21T23:42:00Z,2026-06-22T00:30:00Z,PAH,NEW,1,"{""coordinates"":[[[-88.7,38.42],[-88.71,38.2],[-89.15,38.22],[-89.15,38.39],[-88.7,38.42]]],""type"":""Polygon""}","{""_map_py"":{""effective"":""2026-06-21T23:42:00Z"",""event"":""Tornado Warning"",""expires"":""2026-06-22T00:30:00Z"",""has_polygon"":true,""headline"":"""",""sender"":""PAH""},""effective"":""2026-06-21T23:42:00Z"",""event"":""Tornado Warning"",""expires"":""2026-06-22T00:30:00Z"",""headline"":"""",""iem_damagetag"":"""",""iem_emergency"":""False"",""iem_event_id"":""42"",""iem_forecaster"":""DW"",""iem_gtype"":""P"",""iem_hailtag"":""0.75"",""iem_phenomena"":""TO"",""iem_raw_properties"":{""AREA_KM2"":""841.684179512356"",""DAMAGTAG"":null,""EMERGENC"":""False"",""ETN"":""42"",""EXPIRED"":""202606220030"",""FCSTER"":""DW"",""GTYPE"":""P"",""HAILTAG"":""0.75"",""HV_CAUSE"":null,""HV_NWSLI"":null,""HV_REC"":null,""HV_SEV"":null,""INIT_EXP"":""202606220030"",""INIT_ISS"":""202606212342"",""ISSUED"":""202606212342"",""NWS_UGC"":null,""PHENOM"":""TO"",""POLY_BEG"":""202606212342"",""POLY_END"":""202606220012"",""PROD_ID"":""202606212342-KPAH-WFUS53-TORPAH"",""SIG"":""W"",""STATUS"":""NEW"",""TORNTAG"":""RADAR INDICATED"",""UPDATED"":""202606212342"",""VTEC_YR"":""2026"",""WFO"":""PAH"",""WINDTAG"":null},""iem_significance"":""W"",""iem_tornadotag"":""RADAR INDICATED"",""iem_ugc"":"""",""iem_wfo"":""PAH"",""iem_windtag"":"""",""senderName"":""PAH"",""status"":""NEW""}","{""geometry"":{""coordinates"":[[[-88.7,38.42],[-88.71,38.2],[-89.15,38.22],[-89.15,38.39],[-88.7,38.42]]],""type"":""Polygon""},""properties"":{""_map_py"":{""effective"":""2026-06-21T23:42:00Z"",""event"":""Tornado Warning"",""expires"":""2026-06-22T00:30:00Z"",""has_polygon"":true,""headline"":"""",""sender"":""PAH""},""effective"":""2026-06-21T23:42:00Z"",""event"":""Tornado Warning"",""expires"":""2026-06-22T00:30:00Z"",""headline"":"""",""iem_damagetag"":"""",""iem_emergency"":""False"",""iem_event_id"":""42"",""iem_forecaster"":""DW"",""iem_gtype"":""P"",""iem_hailtag"":""0.75"",""iem_phenomena"":""TO"",""iem_raw_properties"":{""AREA_KM2"":""841.684179512356"",""DAMAGTAG"":null,""EMERGENC"":""False"",""ETN"":""42"",""EXPIRED"":""202606220030"",""FCSTER"":""DW"",""GTYPE"":""P"",""HAILTAG"":""0.75"",""HV_CAUSE"":null,""HV_NWSLI"":null,""HV_REC"":null,""HV_SEV"":null,""INIT_EXP"":""202606220030"",""INIT_ISS"":""202606212342"",""ISSUED"":""202606212342"",""NWS_UGC"":null,""PHENOM"":""TO"",""POLY_BEG"":""202606212342"",""POLY_END"":""202606220012"",""PROD_ID"":""202606212342-KPAH-WFUS53-TORPAH"",""SIG"":""W"",""STATUS"":""NEW"",""TORNTAG"":""RADAR INDICATED"",""UPDATED"":""202606212342"",""VTEC_YR"":""2026"",""WFO"":""PAH"",""WINDTAG"":null},""iem_significance"":""W"",""iem_tornadotag"":""RADAR INDICATED"",""iem_ugc"":"""",""iem_wfo"":""PAH"",""iem_windtag"":"""",""senderName"":""PAH"",""status"":""NEW""},""type"":""Feature""}",2026-04-27T17:31:58Z,2026-07-09T05:15:02Z,2026-07-09T18:49:04Z
9158,iem_watchwarn,iem_watchwarn|IND|229|SV|W|2026-06-21T23:47:00Z|2026-06-22T00:30:00Z|,Severe Thunderstorm Warning,,2026-06-21T23:47:00Z,2026-06-22T00:30:00Z,IND,NEW,1,"{""coordinates"":[[[-87.13,38.65],[-87.06,38.9],[-86.28,38.87],[-86.28,38.77],[-86.29,38.74],[-86.31,38.73],[-86.31,38.69],[-86.68,38.69],[-86.68,38.56],[-86.87,38.55],[-87.13,38.65]]],""type"":""Polygon""}","{""_map_py"":{""effective"":""2026-06-21T23:47:00Z"",""event"":""Severe Thunderstorm Warning"",""expires"":""2026-06-22T00:30:00Z"",""has_polygon"":true,""headline"":"""",""sender"":""IND""},""effective"":""2026-06-21T23:47:00Z"",""event"":""Severe Thunderstorm Warning"",""expires"":""2026-06-22T00:30:00Z"",""headline"":"""",""iem_damagetag"":""CONSIDERABLE"",""iem_emergency"":""False"",""iem_event_id"":""229"",""iem_forecaster"":""White"",""iem_gtype"":""P"",""iem_hailtag"":""0.75"",""iem_phenomena"":""SV"",""iem_raw_properties"":{""AREA_KM2"":""1985.1306657031937"",""DAMAGTAG"":""CONSIDERABLE"",""EMERGENC"":""False"",""ETN"":""229"",""EXPIRED"":""202606220030"",""FCSTER"":""White"",""GTYPE"":""P"",""HAILTAG"":""0.75"",""HV_CAUSE"":null,""HV_NWSLI"":null,""HV_REC"":null,""HV_SEV"":null,""INIT_EXP"":""202606220030"",""INIT_ISS"":""202606212347"",""ISSUED"":""202606212347"",""NWS_UGC"":null,""PHENOM"":""SV"",""POLY_BEG"":""202606212347"",""POLY_END"":""202606220004"",""PROD_ID"":""202606212347-KIND-WUUS53-SVRIND"",""SIG"":""W"",""STATUS"":""NEW"",""TORNTAG"":""POSSIBLE"",""UPDATED"":""202606212347"",""VTEC_YR"":""2026"",""WFO"":""IND"",""WINDTAG"":""70.0""},""iem_significance"":""W"",""iem_tornadotag"":""POSSIBLE"",""iem_ugc"":"""",""iem_wfo"":""IND"",""iem_windtag"":""70.0"",""senderName"":""IND"",""status"":""NEW""}","{""geometry"":{""coordinates"":[[[-87.13,38.65],[-87.06,38.9],[-86.28,38.87],[-86.28,38.77],[-86.29,38.74],[-86.31,38.73],[-86.31,38.69],[-86.68,38.69],[-86.68,38.56],[-86.87,38.55],[-87.13,38.65]]],""type"":""Polygon""},""properties"":{""_map_py"":{""effective"":""2026-06-21T23:47:00Z"",""event"":""Severe Thunderstorm Warning"",""expires"":""2026-06-22T00:30:00Z"",""has_polygon"":true,""headline"":"""",""sender"":""IND""},""effective"":""2026-06-21T23:47:00Z"",""event"":""Severe Thunderstorm Warning"",""expires"":""2026-06-22T00:30:00Z"",""headline"":"""",""iem_damagetag"":""CONSIDERABLE"",""iem_emergency"":""False"",""iem_event_id"":""229"",""iem_forecaster"":""White"",""iem_gtype"":""P"",""iem_hailtag"":""0.75"",""iem_phenomena"":""SV"",""iem_raw_properties"":{""AREA_KM2"":""1985.1306657031937"",""DAMAGTAG"":""CONSIDERABLE"",""EMERGENC"":""False"",""ETN"":""229"",""EXPIRED"":""202606220030"",""FCSTER"":""White"",""GTYPE"":""P"",""HAILTAG"":""0.75"",""HV_CAUSE"":null,""HV_NWSLI"":null,""HV_REC"":null,""HV_SEV"":null,""INIT_EXP"":""202606220030"",""INIT_ISS"":""202606212347"",""ISSUED"":""202606212347"",""NWS_UGC"":null,""PHENOM"":""SV"",""POLY_BEG"":""202606212347"",""POLY_END"":""202606220004"",""PROD_ID"":""202606212347-KIND-WUUS53-SVRIND"",""SIG"":""W"",""STATUS"":""NEW"",""TORNTAG"":""POSSIBLE"",""UPDATED"":""202606212347"",""VTEC_YR"":""2026"",""WFO"":""IND"",""WINDTAG"":""70.0""},""iem_significance"":""W"",""iem_tornadotag"":""POSSIBLE"",""iem_ugc"":"""",""iem_wfo"":""IND"",""iem_windtag"":""70.0"",""senderName"":""IND"",""status"":""NEW""},""type"":""Feature""}",2026-04-27T17:31:58Z,2026-07-09T05:15:02Z,2026-07-09T18:49:04Z
3987,iem_watchwarn,iem_watchwarn|PUB|46|SV|W|2026-06-21T23:48:00Z|2026-06-22T00:15:00Z|,Severe Thunderstorm Warning,,2026-06-21T23:48:00Z,2026-06-22T00:15:00Z,PUB,NEW,1,"{""coordinates"":[[[-102.21,38.03],[-102.39,38.33],[-102.24,38.42],[-102.04,38.33],[-102.05,38.13],[-102.21,38.03]]],""type"":""Polygon""}","{""_map_py"":{""effective"":""2026-06-21T23:48:00Z"",""event"":""Severe Thunderstorm Warning"",""expires"":""2026-06-22T00:15:00Z"",""has_polygon"":true,""headline"":"""",""sender"":""PUB""},""effective"":""2026-06-21T23:48:00Z"",""event"":""Severe Thunderstorm Warning"",""expires"":""2026-06-22T00:15:00Z"",""headline"":"""",""iem_damagetag"":""CONSIDERABLE"",""iem_emergency"":""False"",""iem_event_id"":""46"",""iem_forecaster"":""Moore"",""iem_gtype"":""P"",""iem_hailtag"":""2.0"",""iem_phenomena"":""SV"",""iem_raw_properties"":{""AREA_KM2"":""812.9200344861453"",""DAMAGTAG"":""CONSIDERABLE"",""EMERGENC"":""False"",""ETN"":""46"",""EXPIRED"":""202606220015"",""FCSTER"":""Moore"",""GTYPE"":""P"",""HAILTAG"":""2.0"",""HV_CAUSE"":null,""HV_NWSLI"":null,""HV_REC"":null,""HV_SEV"":null,""INIT_EXP"":""202606220015"",""INIT_ISS"":""202606212348"",""ISSUED"":""202606212348"",""NWS_UGC"":null,""PHENOM"":""SV"",""POLY_BEG"":""202606212348"",""POLY_END"":""202606220015"",""PROD_ID"":""202606212348-KPUB-WUUS55-SVRPUB"",""SIG"":""W"",""STATUS"":""NEW"",""TORNTAG"":null,""UPDATED"":""202606212348"",""VTEC_YR"":""2026"",""WFO"":""PUB"",""WINDTAG"":""60.0""},""iem_significance"":""W"",""iem_tornadotag"":"""",""iem_ugc"":"""",""iem_wfo"":""PUB"",""iem_windtag"":""60.0"",""senderName"":""PUB"",""status"":""NEW""}","{""geometry"":{""coordinates"":[[[-102.21,38.03],[-102.39,38.33],[-102.24,38.42],[-102.04,38.33],[-102.05,38.13],[-102.21,38.03]]],""type"":""Polygon""},""properties"":{""_map_py"":{""effective"":""2026-06-21T23:48:00Z"",""event"":""Severe Thunderstorm Warning"",""expires"":""2026-06-22T00:15:00Z"",""has_polygon"":true,""headline"":"""",""sender"":""PUB""},""effective"":""2026-06-21T23:48:00Z"",""event"":""Severe Thunderstorm Warning"",""expires"":""2026-06-22T00:15:00Z"",""headline"":"""",""iem_damagetag"":""CONSIDERABLE"",""iem_emergency"":""False"",""iem_event_id"":""46"",""iem_forecaster"":""Moore"",""iem_gtype"":""P"",""iem_hailtag"":""2.0"",""iem_phenomena"":""SV"",""iem_raw_properties"":{""AREA_KM2"":""812.9200344861453"",""DAMAGTAG"":""CONSIDERABLE"",""EMERGENC"":""False"",""ETN"":""46"",""EXPIRED"":""202606220015"",""FCSTER"":""Moore"",""GTYPE"":""P"",""HAILTAG"":""2.0"",""HV_CAUSE"":null,""HV_NWSLI"":null,""HV_REC"":null,""HV_SEV"":null,""INIT_EXP"":""202606220015"",""INIT_ISS"":""202606212348"",""ISSUED"":""202606212348"",""NWS_UGC"":null,""PHENOM"":""SV"",""POLY_BEG"":""202606212348"",""POLY_END"":""202606220015"",""PROD_ID"":""202606212348-KPUB-WUUS55-SVRPUB"",""SIG"":""W"",""STATUS"":""NEW"",""TORNTAG"":null,""UPDATED"":""202606212348"",""VTEC_YR"":""2026"",""WFO"":""PUB"",""WINDTAG"":""60.0""},""iem_significance"":""W"",""iem_tornadotag"":"""",""iem_ugc"":"""",""iem_wfo"":""PUB"",""iem_windtag"":""60.0"",""senderName"":""PUB"",""status"":""NEW""},""type"":""Feature""}",2026-04-27T17:31:58Z,2026-07-09T05:15:02Z,2026-07-09T18:49:04Z
308,iem_watchwarn,iem_watchwarn|OUN|599|SV|W|2026-06-21T23:48:00Z|2026-06-22T00:30:00Z|,Severe Thunderstorm Warning,,2026-06-21T23:48:00Z,2026-06-22T00:30:00Z,OUN,NEW,1,"{""coordinates"":[[[-99.66,36.47],[-99.73,36.56],[-99.47,36.67],[-99.43,36.45],[-99.66,36.47]]],""type"":""Polygon""}","{""_map_py"":{""effective"":""2026-06-21T23:48:00Z"",""event"":""Severe Thunderstorm Warning"",""expires"":""2026-06-22T00:30:00Z"",""has_polygon"":true,""headline"":"""",""sender"":""OUN""},""effective"":""2026-06-21T23:48:00Z"",""event"":""Severe Thunderstorm Warning"",""expires"":""2026-06-22T00:30:00Z"",""headline"":"""",""iem_damagetag"":"""",""iem_emergency"":""False"",""iem_event_id"":""599"",""iem_forecaster"":""Mahale"",""iem_gtype"":""P"",""iem_hailtag"":""1.0"",""iem_phenomena"":""SV"",""iem_raw_properties"":{""AREA_KM2"":""401.9458919997796"",""DAMAGTAG"":null,""EMERGENC"":""False"",""ETN"":""599"",""EXPIRED"":""202606220030"",""FCSTER"":""Mahale"",""GTYPE"":""P"",""HAILTAG"":""1.0"",""HV_CAUSE"":null,""HV_NWSLI"":null,""HV_REC"":null,""HV_SEV"":null,""INIT_EXP"":""202606220030"",""INIT_ISS"":""202606212348"",""ISSUED"":""202606212348"",""NWS_UGC"":null,""PHENOM"":""SV"",""POLY_BEG"":""202606212348"",""POLY_END"":""202606220016"",""PROD_ID"":""202606212348-KOUN-WUUS54-SVROUN"",""SIG"":""W"",""STATUS"":""NEW"",""TORNTAG"":null,""UPDATED"":""202606212348"",""VTEC_YR"":""2026"",""WFO"":""OUN"",""WINDTAG"":""60.0""},""iem_significance"":""W"",""iem_tornadotag"":"""",""iem_ugc"":"""",""iem_wfo"":""OUN"",""iem_windtag"":""60.0"",""senderName"":""OUN"",""status"":""NEW""}","{""geometry"":{""coordinates"":[[[-99.66,36.47],[-99.73,36.56],[-99.47,36.67],[-99.43,36.45],[-99.66,36.47]]],""type"":""Polygon""},""properties"":{""_map_py"":{""effective"":""2026-06-21T23:48:00Z"",""event"":""Severe Thunderstorm Warning"",""expires"":""2026-06-22T00:30:00Z"",""has_polygon"":true,""headline"":"""",""sender"":""OUN""},""effective"":""2026-06-21T23:48:00Z"",""event"":""Severe Thunderstorm Warning"",""expires"":""2026-06-22T00:30:00Z"",""headline"":"""",""iem_damagetag"":"""",""iem_emergency"":""False"",""iem_event_id"":""599"",""iem_forecaster"":""Mahale"",""iem_gtype"":""P"",""iem_hailtag"":""1.0"",""iem_phenomena"":""SV"",""iem_raw_properties"":{""AREA_KM2"":""401.9458919997796"",""DAMAGTAG"":null,""EMERGENC"":""False"",""ETN"":""599"",""EXPIRED"":""202606220030"",""FCSTER"":""Mahale"",""GTYPE"":""P"",""HAILTAG"":""1.0"",""HV_CAUSE"":null,""HV_NWSLI"":null,""HV_REC"":null,""HV_SEV"":null,""INIT_EXP"":""202606220030"",""INIT_ISS"":""202606212348"",""ISSUED"":""202606212348"",""NWS_UGC"":null,""PHENOM"":""SV"",""POLY_BEG"":""202606212348"",""POLY_END"":""202606220016"",""PROD_ID"":""202606212348-KOUN-WUUS54-SVROUN"",""SIG"":""W"",""STATUS"":""NEW"",""TORNTAG"":null,""UPDATED"":""202606212348"",""VTEC_YR"":""2026"",""WFO"":""OUN"",""WINDTAG"":""60.0""},""iem_significance"":""W"",""iem_tornadotag"":"""",""iem_ugc"":"""",""iem_wfo"":""OUN"",""iem_windtag"":""60.0"",""senderName"":""OUN"",""status"":""NEW""},""type"":""Feature""}",2026-04-27T17:31:58Z,2026-07-09T05:15:02Z,2026-07-09T18:49:04Z
5175,iem_watchwarn,iem_watchwarn|IND|67|TO|W|2026-06-21T23:51:00Z|2026-06-22T00:30:00Z|,Tornado Warning,,2026-06-21T23:51:00Z,2026-06-22T00:30:00Z,IND,NEW,1,"{""coordinates"":[[[-87.02,38.73],[-87.0,38.84],[-86.46,38.82],[-86.48,38.69],[-86.67,38.69],[-87.02,38.73]]],""type"":""Polygon""}","{""_map_py"":{""effective"":""2026-06-21T23:51:00Z"",""event"":""Tornado Warning"",""expires"":""2026-06-22T00:30:00Z"",""has_polygon"":true,""headline"":"""",""sender"":""IND""},""effective"":""2026-06-21T23:51:00Z"",""event"":""Tornado Warning"",""expires"":""2026-06-22T00:30:00Z"",""headline"":"""",""iem_damagetag"":"""",""iem_emergency"":""False"",""iem_event_id"":""67"",""iem_forecaster"":""White"",""iem_gtype"":""P"",""iem_hailtag"":""0.75"",""iem_phenomena"":""TO"",""iem_raw_properties"":{""AREA_KM2"":""667.9215492751993"",""DAMAGTAG"":null,""EMERGENC"":""False"",""ETN"":""67"",""EXPIRED"":""202606220030"",""FCSTER"":""White"",""GTYPE"":""P"",""HAILTAG"":""0.75"",""HV_CAUSE"":null,""HV_NWSLI"":null,""HV_REC"":null,""HV_SEV"":null,""INIT_EXP"":""202606220030"",""INIT_ISS"":""202606212351"",""ISSUED"":""202606212351"",""NWS_UGC"":null,""PHENOM"":""TO"",""POLY_BEG"":""202606212351"",""POLY_END"":""202606220001"",""PROD_ID"":""202606212351-KIND-WFUS53-TORIND"",""SIG"":""W"",""STATUS"":""NEW"",""TORNTAG"":""RADAR INDICATED"",""UPDATED"":""202606212351"",""VTEC_YR"":""2026"",""WFO"":""IND"",""WINDTAG"":null},""iem_significance"":""W"",""iem_tornadotag"":""RADAR INDICATED"",""iem_ugc"":"""",""iem_wfo"":""IND"",""iem_windtag"":"""",""senderName"":""IND"",""status"":""NEW""}","{""geometry"":{""coordinates"":[[[-87.02,38.73],[-87.0,38.84],[-86.46,38.82],[-86.48,38.69],[-86.67,38.69],[-87.02,38.73]]],""type"":""Polygon""},""properties"":{""_map_py"":{""effective"":""2026-06-21T23:51:00Z"",""event"":""Tornado Warning"",""expires"":""2026-06-22T00:30:00Z"",""has_polygon"":true,""headline"":"""",""sender"":""IND""},""effective"":""2026-06-21T23:51:00Z"",""event"":""Tornado Warning"",""expires"":""2026-06-22T00:30:00Z"",""headline"":"""",""iem_damagetag"":"""",""iem_emergency"":""False"",""iem_event_id"":""67"",""iem_forecaster"":""White"",""iem_gtype"":""P"",""iem_hailtag"":""0.75"",""iem_phenomena"":""TO"",""iem_raw_properties"":{""AREA_KM2"":""667.9215492751993"",""DAMAGTAG"":null,""EMERGENC"":""False"",""ETN"":""67"",""EXPIRED"":""202606220030"",""FCSTER"":""White"",""GTYPE"":""P"",""HAILTAG"":""0.75"",""HV_CAUSE"":null,""HV_NWSLI"":null,""HV_REC"":null,""HV_SEV"":null,""INIT_EXP"":""202606220030"",""INIT_ISS"":""202606212351"",""ISSUED"":""202606212351"",""NWS_UGC"":null,""PHENOM"":""TO"",""POLY_BEG"":""202606212351"",""POLY_END"":""202606220001"",""PROD_ID"":""202606212351-KIND-WFUS53-TORIND"",""SIG"":""W"",""STATUS"":""NEW"",""TORNTAG"":""RADAR INDICATED"",""UPDATED"":""202606212351"",""VTEC_YR"":""2026"",""WFO"":""IND"",""WINDTAG"":null},""iem_significance"":""W"",""iem_tornadotag"":""RADAR INDICATED"",""iem_ugc"":"""",""iem_wfo"":""IND"",""iem_windtag"":"""",""senderName"":""IND"",""status"":""NEW""},""type"":""Feature""}",2026-04-27T17:31:58Z,2026-07-09T05:15:02Z,2026-07-09T18:49:04Z
2735,iem_watchwarn,iem_watchwarn|DDC|151|SV|W|2026-06-21T23:54:00Z|2026-06-22T00:45:00Z|,Severe Thunderstorm Warning,,2026-06-21T23:54:00Z,2026-06-22T00:45:00Z,DDC,NEW,1,"{""coordinates"":[[[-102.04,38.26],[-101.58,38.26],[-101.71,37.97],[-102.04,37.84],[-102.04,38.26]]],""type"":""Polygon""}","{""_map_py"":{""effective"":""2026-06-21T23:54:00Z"",""event"":""Severe Thunderstorm Warning"",""expires"":""2026-06-22T00:45:00Z"",""has_polygon"":true,""headline"":"""",""sender"":""DDC""},""effective"":""2026-06-21T23:54:00Z"",""event"":""Severe Thunderstorm Warning"",""expires"":""2026-06-22T00:45:00Z"",""headline"":"""",""iem_damagetag"":""CONSIDERABLE"",""iem_emergency"":""False"",""iem_event_id"":""151"",""iem_forecaster"":""UMSCHEID"",""iem_gtype"":""P"",""iem_hailtag"":""1.75"",""iem_phenomena"":""SV"",""iem_raw_properties"":{""AREA_KM2"":""1323.438441207307"",""DAMAGTAG"":""CONSIDERABLE"",""EMERGENC"":""False"",""ETN"":""151"",""EXPIRED"":""202606220045"",""FCSTER"":""UMSCHEID"",""GTYPE"":""P"",""HAILTAG"":""1.75"",""HV_CAUSE"":null,""HV_NWSLI"":null,""HV_REC"":null,""HV_SEV"":null,""INIT_EXP"":""202606220045"",""INIT_ISS"":""202606212354"",""ISSUED"":""202606212354"",""NWS_UGC"":null,""PHENOM"":""SV"",""POLY_BEG"":""202606212354"",""POLY_END"":""202606220022"",""PROD_ID"":""202606212354-KDDC-WUUS53-SVRDDC"",""SIG"":""W"",""STATUS"":""NEW"",""TORNTAG"":null,""UPDATED"":""202606212354"",""VTEC_YR"":""2026"",""WFO"":""DDC"",""WINDTAG"":""70.0""},""iem_significance"":""W"",""iem_tornadotag"":"""",""iem_ugc"":"""",""iem_wfo"":""DDC"",""iem_windtag"":""70.0"",""senderName"":""DDC"",""status"":""NEW""}","{""geometry"":{""coordinates"":[[[-102.04,38.26],[-101.58,38.26],[-101.71,37.97],[-102.04,37.84],[-102.04,38.26]]],""type"":""Polygon""},""properties"":{""_map_py"":{""effective"":""2026-06-21T23:54:00Z"",""event"":""Severe Thunderstorm Warning"",""expires"":""2026-06-22T00:45:00Z"",""has_polygon"":true,""headline"":"""",""sender"":""DDC""},""effective"":""2026-06-21T23:54:00Z"",""event"":""Severe Thunderstorm Warning"",""expires"":""2026-06-22T00:45:00Z"",""headline"":"""",""iem_damagetag"":""CONSIDERABLE"",""iem_emergency"":""False"",""iem_event_id"":""151"",""iem_forecaster"":""UMSCHEID"",""iem_gtype"":""P"",""iem_hailtag"":""1.75"",""iem_phenomena"":""SV"",""iem_raw_properties"":{""AREA_KM2"":""1323.438441207307"",""DAMAGTAG"":""CONSIDERABLE"",""EMERGENC"":""False"",""ETN"":""151"",""EXPIRED"":""202606220045"",""FCSTER"":""UMSCHEID"",""GTYPE"":""P"",""HAILTAG"":""1.75"",""HV_CAUSE"":null,""HV_NWSLI"":null,""HV_REC"":null,""HV_SEV"":null,""INIT_EXP"":""202606220045"",""INIT_ISS"":""202606212354"",""ISSUED"":""202606212354"",""NWS_UGC"":null,""PHENOM"":""SV"",""POLY_BEG"":""202606212354"",""POLY_END"":""202606220022"",""PROD_ID"":""202606212354-KDDC-WUUS53-SVRDDC"",""SIG"":""W"",""STATUS"":""NEW"",""TORNTAG"":null,""UPDATED"":""202606212354"",""VTEC_YR"":""2026"",""WFO"":""DDC"",""WINDTAG"":""70.0""},""iem_significance"":""W"",""iem_tornadotag"":"""",""iem_ugc"":"""",""iem_wfo"":""DDC"",""iem_windtag"":""70.0"",""senderName"":""DDC"",""status"":""NEW""},""type"":""Feature""}",2026-04-27T17:31:58Z,2026-07-09T05:15:02Z,2026-07-09T18:49:04Z
6139,iem_watchwarn,iem_watchwarn|PAH|43|TO|W|2026-06-21T23:54:00Z|2026-06-22T00:45:00Z|,Tornado Warning,,2026-06-21T23:54:00Z,2026-06-22T00:45:00Z,PAH,NEW,1,"{""coordinates"":[[[-88.15,38.6],[-88.15,38.57],[-88.07,38.57],[-88.12,38.39],[-88.7,38.42],[-88.7,38.61],[-88.15,38.6]]],""type"":""Polygon""}","{""_map_py"":{""effective"":""2026-06-21T23:54:00Z"",""event"":""Tornado Warning"",""expires"":""2026-06-22T00:45:00Z"",""has_polygon"":true,""headline"":"""",""sender"":""PAH""},""effective"":""2026-06-21T23:54:00Z"",""event"":""Tornado Warning"",""expires"":""2026-06-22T00:45:00Z"",""headline"":"""",""iem_damagetag"":"""",""iem_emergency"":""False"",""iem_event_id"":""43"",""iem_forecaster"":""SP"",""iem_gtype"":""P"",""iem_hailtag"":""1.0"",""iem_phenomena"":""TO"",""iem_raw_properties"":{""AREA_KM2"":""1155.4934541590176"",""DAMAGTAG"":null,""EMERGENC"":""False"",""ETN"":""43"",""EXPIRED"":""202606220045"",""FCSTER"":""SP"",""GTYPE"":""P"",""HAILTAG"":""1.0"",""HV_CAUSE"":null,""HV_NWSLI"":null,""HV_REC"":null,""HV_SEV"":null,""INIT_EXP"":""202606220045"",""INIT_ISS"":""202606212354"",""ISSUED"":""202606212354"",""NWS_UGC"":null,""PHENOM"":""TO"",""POLY_BEG"":""202606212354"",""POLY_END"":""202606220012"",""PROD_ID"":""202606212354-KPAH-WFUS53-TORPAH"",""SIG"":""W"",""STATUS"":""NEW"",""TORNTAG"":""RADAR INDICATED"",""UPDATED"":""202606212354"",""VTEC_YR"":""2026"",""WFO"":""PAH"",""WINDTAG"":null},""iem_significance"":""W"",""iem_tornadotag"":""RADAR INDICATED"",""iem_ugc"":"""",""iem_wfo"":""PAH"",""iem_windtag"":"""",""senderName"":""PAH"",""status"":""NEW""}","{""geometry"":{""coordinates"":[[[-88.15,38.6],[-88.15,38.57],[-88.07,38.57],[-88.12,38.39],[-88.7,38.42],[-88.7,38.61],[-88.15,38.6]]],""type"":""Polygon""},""properties"":{""_map_py"":{""effective"":""2026-06-21T23:54:00Z"",""event"":""Tornado Warning"",""expires"":""2026-06-22T00:45:00Z"",""has_polygon"":true,""headline"":"""",""sender"":""PAH""},""effective"":""2026-06-21T23:54:00Z"",""event"":""Tornado Warning"",""expires"":""2026-06-22T00:45:00Z"",""headline"":"""",""iem_damagetag"":"""",""iem_emergency"":""False"",""iem_event_id"":""43"",""iem_forecaster"":""SP"",""iem_gtype"":""P"",""iem_hailtag"":""1.0"",""iem_phenomena"":""TO"",""iem_raw_properties"":{""AREA_KM2"":""1155.4934541590176"",""DAMAGTAG"":null,""EMERGENC"":""False"",""ETN"":""43"",""EXPIRED"":""202606220045"",""FCSTER"":""SP"",""GTYPE"":""P"",""HAILTAG"":""1.0"",""HV_CAUSE"":null,""HV_NWSLI"":null,""HV_REC"":null,""HV_SEV"":null,""INIT_EXP"":""202606220045"",""INIT_ISS"":""202606212354"",""ISSUED"":""202606212354"",""NWS_UGC"":null,""PHENOM"":""TO"",""POLY_BEG"":""202606212354"",""POLY_END"":""202606220012"",""PROD_ID"":""202606212354-KPAH-WFUS53-TORPAH"",""SIG"":""W"",""STATUS"":""NEW"",""TORNTAG"":""RADAR INDICATED"",""UPDATED"":""202606212354"",""VTEC_YR"":""2026"",""WFO"":""PAH"",""WINDTAG"":null},""iem_significance"":""W"",""iem_tornadotag"":""RADAR INDICATED"",""iem_ugc"":"""",""iem_wfo"":""PAH"",""iem_windtag"":"""",""senderName"":""PAH"",""status"":""NEW""},""type"":""Feature""}",2026-04-27T17:31:58Z,2026-07-09T05:15:02Z,2026-07-09T18:49:04Z
3732,iem_watchwarn,iem_watchwarn|IND|68|TO|W|2026-06-21T23:55:00Z|2026-06-22T00:15:00Z|,Tornado Warning,,2026-06-21T23:55:00Z,2026-06-22T00:15:00Z,IND,NEW,1,"{""coordinates"":[[[-86.23,39.3],[-86.01,39.35],[-85.95,39.35],[-85.9,39.19],[-86.2,39.18],[-86.23,39.3]]],""type"":""Polygon""}","{""_map_py"":{""effective"":""2026-06-21T23:55:00Z"",""event"":""Tornado Warning"",""expires"":""2026-06-22T00:15:00Z"",""has_polygon"":true,""headline"":"""",""sender"":""IND""},""effective"":""2026-06-21T23:55:00Z"",""event"":""Tornado Warning"",""expires"":""2026-06-22T00:15:00Z"",""headline"":"""",""iem_damagetag"":"""",""iem_emergency"":""False"",""iem_event_id"":""68"",""iem_forecaster"":""GM"",""iem_gtype"":""P"",""iem_hailtag"":""0.75"",""iem_phenomena"":""TO"",""iem_raw_properties"":{""AREA_KM2"":""414.44184096781214"",""DAMAGTAG"":null,""EMERGENC"":""False"",""ETN"":""68"",""EXPIRED"":""202606220015"",""FCSTER"":""GM"",""GTYPE"":""P"",""HAILTAG"":""0.75"",""HV_CAUSE"":null,""HV_NWSLI"":null,""HV_REC"":null,""HV_SEV"":null,""INIT_EXP"":""202606220015"",""INIT_ISS"":""202606212355"",""ISSUED"":""202606212355"",""NWS_UGC"":null,""PHENOM"":""TO"",""POLY_BEG"":""202606212355"",""POLY_END"":""202606220003"",""PROD_ID"":""202606212355-KIND-WFUS53-TORIND"",""SIG"":""W"",""STATUS"":""NEW"",""TORNTAG"":""RADAR INDICATED"",""UPDATED"":""202606212355"",""VTEC_YR"":""2026"",""WFO"":""IND"",""WINDTAG"":null},""iem_significance"":""W"",""iem_tornadotag"":""RADAR INDICATED"",""iem_ugc"":"""",""iem_wfo"":""IND"",""iem_windtag"":"""",""senderName"":""IND"",""status"":""NEW""}","{""geometry"":{""coordinates"":[[[-86.23,39.3],[-86.01,39.35],[-85.95,39.35],[-85.9,39.19],[-86.2,39.18],[-86.23,39.3]]],""type"":""Polygon""},""properties"":{""_map_py"":{""effective"":""2026-06-21T23:55:00Z"",""event"":""Tornado Warning"",""expires"":""2026-06-22T00:15:00Z"",""has_polygon"":true,""headline"":"""",""sender"":""IND""},""effective"":""2026-06-21T23:55:00Z"",""event"":""Tornado Warning"",""expires"":""2026-06-22T00:15:00Z"",""headline"":"""",""iem_damagetag"":"""",""iem_emergency"":""False"",""iem_event_id"":""68"",""iem_forecaster"":""GM"",""iem_gtype"":""P"",""iem_hailtag"":""0.75"",""iem_phenomena"":""TO"",""iem_raw_properties"":{""AREA_KM2"":""414.44184096781214"",""DAMAGTAG"":null,""EMERGENC"":""False"",""ETN"":""68"",""EXPIRED"":""202606220015"",""FCSTER"":""GM"",""GTYPE"":""P"",""HAILTAG"":""0.75"",""HV_CAUSE"":null,""HV_NWSLI"":null,""HV_REC"":null,""HV_SEV"":null,""INIT_EXP"":""202606220015"",""INIT_ISS"":""202606212355"",""ISSUED"":""202606212355"",""NWS_UGC"":null,""PHENOM"":""TO"",""POLY_BEG"":""202606212355"",""POLY_END"":""202606220003"",""PROD_ID"":""202606212355-KIND-WFUS53-TORIND"",""SIG"":""W"",""STATUS"":""NEW"",""TORNTAG"":""RADAR INDICATED"",""UPDATED"":""202606212355"",""VTEC_YR"":""2026"",""WFO"":""IND"",""WINDTAG"":null},""iem_significance"":""W"",""iem_tornadotag"":""RADAR INDICATED"",""iem_ugc"":"""",""iem_wfo"":""IND"",""iem_windtag"":"""",""senderName"":""IND"",""status"":""NEW""},""type"":""Feature""}",2026-04-27T17:31:58Z,2026-07-09T05:15:02Z,2026-07-09T18:49:04Z
1821,iem_watchwarn,iem_watchwarn|GLD|161|SV|W|2026-06-21T23:55:00Z|2026-06-22T00:30:00Z|,Severe Thunderstorm Warning,,2026-06-21T23:55:00Z,2026-06-22T00:30:00Z,GLD,NEW,1,"{""coordinates"":[[[-101.92,38.7],[-101.57,38.7],[-101.57,38.26],[-102.04,38.26],[-101.92,38.7]]],""type"":""Polygon""}","{""_map_py"":{""effective"":""2026-06-21T23:55:00Z"",""event"":""Severe Thunderstorm Warning"",""expires"":""2026-06-22T00:30:00Z"",""has_polygon"":true,""headline"":"""",""sender"":""GLD""},""effective"":""2026-06-21T23:55:00Z"",""event"":""Severe Thunderstorm Warning"",""expires"":""2026-06-22T00:30:00Z"",""headline"":"""",""iem_damagetag"":"""",""iem_emergency"":""False"",""iem_event_id"":""161"",""iem_forecaster"":""JRM"",""iem_gtype"":""P"",""iem_hailtag"":""1.0"",""iem_phenomena"":""SV"",""iem_raw_properties"":{""AREA_KM2"":""1746.4215206610995"",""DAMAGTAG"":null,""EMERGENC"":""False"",""ETN"":""161"",""EXPIRED"":""202606220030"",""FCSTER"":""JRM"",""GTYPE"":""P"",""HAILTAG"":""1.0"",""HV_CAUSE"":null,""HV_NWSLI"":null,""HV_REC"":null,""HV_SEV"":null,""INIT_EXP"":""202606220030"",""INIT_ISS"":""202606212355"",""ISSUED"":""202606212355"",""NWS_UGC"":null,""PHENOM"":""SV"",""POLY_BEG"":""202606212355"",""POLY_END"":""202606220029"",""PROD_ID"":""202606212355-KGLD-WUUS53-SVRGLD"",""SIG"":""W"",""STATUS"":""NEW"",""TORNTAG"":null,""UPDATED"":""202606212355"",""VTEC_YR"":""2026"",""WFO"":""GLD"",""WINDTAG"":""60.0""},""iem_significance"":""W"",""iem_tornadotag"":"""",""iem_ugc"":"""",""iem_wfo"":""GLD"",""iem_windtag"":""60.0"",""senderName"":""GLD"",""status"":""NEW""}","{""geometry"":{""coordinates"":[[[-101.92,38.7],[-101.57,38.7],[-101.57,38.26],[-102.04,38.26],[-101.92,38.7]]],""type"":""Polygon""},""properties"":{""_map_py"":{""effective"":""2026-06-21T23:55:00Z"",""event"":""Severe Thunderstorm Warning"",""expires"":""2026-06-22T00:30:00Z"",""has_polygon"":true,""headline"":"""",""sender"":""GLD""},""effective"":""2026-06-21T23:55:00Z"",""event"":""Severe Thunderstorm Warning"",""expires"":""2026-06-22T00:30:00Z"",""headline"":"""",""iem_damagetag"":"""",""iem_emergency"":""False"",""iem_event_id"":""161"",""iem_forecaster"":""JRM"",""iem_gtype"":""P"",""iem_hailtag"":""1.0"",""iem_phenomena"":""SV"",""iem_raw_properties"":{""AREA_KM2"":""1746.4215206610995"",""DAMAGTAG"":null,""EMERGENC"":""False"",""ETN"":""161"",""EXPIRED"":""202606220030"",""FCSTER"":""JRM"",""GTYPE"":""P"",""HAILTAG"":""1.0"",""HV_CAUSE"":null,""HV_NWSLI"":null,""HV_REC"":null,""HV_SEV"":null,""INIT_EXP"":""202606220030"",""INIT_ISS"":""202606212355"",""ISSUED"":""202606212355"",""NWS_UGC"":null,""PHENOM"":""SV"",""POLY_BEG"":""202606212355"",""POLY_END"":""202606220029"",""PROD_ID"":""202606212355-KGLD-WUUS53-SVRGLD"",""SIG"":""W"",""STATUS"":""NEW"",""TORNTAG"":null,""UPDATED"":""202606212355"",""VTEC_YR"":""2026"",""WFO"":""GLD"",""WINDTAG"":""60.0""},""iem_significance"":""W"",""iem_tornadotag"":"""",""iem_ugc"":"""",""iem_wfo"":""GLD"",""iem_windtag"":""60.0"",""senderName"":""GLD"",""status"":""NEW""},""type"":""Feature""}",2026-04-27T17:31:58Z,2026-07-09T05:15:02Z,2026-07-09T18:49:04Z
1222,iem_watchwarn,iem_watchwarn|PAH|44|TO|W|2026-06-22T00:01:00Z|2026-06-22T00:45:00Z|,Tornado Warning,,2026-06-22T00:01:00Z,2026-06-22T00:45:00Z,PAH,NEW,1,"{""coordinates"":[[[-89.28,38.04],[-89.28,38.14],[-88.9,38.2],[-88.9,38.01],[-89.28,38.04]]],""type"":""Polygon""}","{""_map_py"":{""effective"":""2026-06-22T00:01:00Z"",""event"":""Tornado Warning"",""expires"":""2026-06-22T00:45:00Z"",""has_polygon"":true,""headline"":"""",""sender"":""PAH""},""effective"":""2026-06-22T00:01:00Z"",""event"":""Tornado Warning"",""expires"":""2026-06-22T00:45:00Z"",""headline"":"""",""iem_damagetag"":"""",""iem_emergency"":""False"",""iem_event_id"":""44"",""iem_forecaster"":""SP"",""iem_gtype"":""P"",""iem_hailtag"":""1.0"",""iem_phenomena"":""TO"",""iem_raw_properties"":{""AREA_KM2"":""536.1485935494246"",""DAMAGTAG"":null,""EMERGENC"":""False"",""ETN"":""44"",""EXPIRED"":""202606220045"",""FCSTER"":""SP"",""GTYPE"":""P"",""HAILTAG"":""1.0"",""HV_CAUSE"":null,""HV_NWSLI"":null,""HV_REC"":null,""HV_SEV"":null,""INIT_EXP"":""202606220045"",""INIT_ISS"":""202606220001"",""ISSUED"":""202606220001"",""NWS_UGC"":null,""PHENOM"":""TO"",""POLY_BEG"":""202606220001"",""POLY_END"":""202606220007"",""PROD_ID"":""202606220001-KPAH-WFUS53-TORPAH"",""SIG"":""W"",""STATUS"":""NEW"",""TORNTAG"":""RADAR INDICATED"",""UPDATED"":""202606220001"",""VTEC_YR"":""2026"",""WFO"":""PAH"",""WINDTAG"":null},""iem_significance"":""W"",""iem_tornadotag"":""RADAR INDICATED"",""iem_ugc"":"""",""iem_wfo"":""PAH"",""iem_windtag"":"""",""senderName"":""PAH"",""status"":""NEW""}","{""geometry"":{""coordinates"":[[[-89.28,38.04],[-89.28,38.14],[-88.9,38.2],[-88.9,38.01],[-89.28,38.04]]],""type"":""Polygon""},""properties"":{""_map_py"":{""effective"":""2026-06-22T00:01:00Z"",""event"":""Tornado Warning"",""expires"":""2026-06-22T00:45:00Z"",""has_polygon"":true,""headline"":"""",""sender"":""PAH""},""effective"":""2026-06-22T00:01:00Z"",""event"":""Tornado Warning"",""expires"":""2026-06-22T00:45:00Z"",""headline"":"""",""iem_damagetag"":"""",""iem_emergency"":""False"",""iem_event_id"":""44"",""iem_forecaster"":""SP"",""iem_gtype"":""P"",""iem_hailtag"":""1.0"",""iem_phenomena"":""TO"",""iem_raw_properties"":{""AREA_KM2"":""536.1485935494246"",""DAMAGTAG"":null,""EMERGENC"":""False"",""ETN"":""44"",""EXPIRED"":""202606220045"",""FCSTER"":""SP"",""GTYPE"":""P"",""HAILTAG"":""1.0"",""HV_CAUSE"":null,""HV_NWSLI"":null,""HV_REC"":null,""HV_SEV"":null,""INIT_EXP"":""202606220045"",""INIT_ISS"":""202606220001"",""ISSUED"":""202606220001"",""NWS_UGC"":null,""PHENOM"":""TO"",""POLY_BEG"":""202606220001"",""POLY_END"":""202606220007"",""PROD_ID"":""202606220001-KPAH-WFUS53-TORPAH"",""SIG"":""W"",""STATUS"":""NEW"",""TORNTAG"":""RADAR INDICATED"",""UPDATED"":""202606220001"",""VTEC_YR"":""2026"",""WFO"":""PAH"",""WINDTAG"":null},""iem_significance"":""W"",""iem_tornadotag"":""RADAR INDICATED"",""iem_ugc"":"""",""iem_wfo"":""PAH"",""iem_windtag"":"""",""senderName"":""PAH"",""status"":""NEW""},""type"":""Feature""}",2026-04-27T17:31:58Z,2026-07-09T05:15:02Z,2026-07-09T18:49:04Z
3884,iem_watchwarn,iem_watchwarn|DDC|152|SV|W|2026-06-22T00:02:00Z|2026-06-22T00:45:00Z|,Severe Thunderstorm Warning,,2026-06-22T00:02:00Z,2026-06-22T00:45:00Z,DDC,NEW,1,"{""coordinates"":[[[-100.8,38.7],[-100.69,38.55],[-100.69,38.48],[-101.13,38.4],[-101.13,38.7],[-100.8,38.7]]],""type"":""Polygon""}","{""_map_py"":{""effective"":""2026-06-22T00:02:00Z"",""event"":""Severe Thunderstorm Warning"",""expires"":""2026-06-22T00:45:00Z"",""has_polygon"":true,""headline"":"""",""sender"":""DDC""},""effective"":""2026-06-22T00:02:00Z"",""event"":""Severe Thunderstorm Warning"",""expires"":""2026-06-22T00:45:00Z"",""headline"":"""",""iem_damagetag"":""DESTRUCTIVE"",""iem_emergency"":""False"",""iem_event_id"":""152"",""iem_forecaster"":""UMSCHEID"",""iem_gtype"":""P"",""iem_hailtag"":""2.0"",""iem_phenomena"":""SV"",""iem_raw_properties"":{""AREA_KM2"":""1025.861820352276"",""DAMAGTAG"":""DESTRUCTIVE"",""EMERGENC"":""False"",""ETN"":""152"",""EXPIRED"":""202606220045"",""FCSTER"":""UMSCHEID"",""GTYPE"":""P"",""HAILTAG"":""2.0"",""HV_CAUSE"":null,""HV_NWSLI"":null,""HV_REC"":null,""HV_SEV"":null,""INIT_EXP"":""202606220045"",""INIT_ISS"":""202606220002"",""ISSUED"":""202606220002"",""NWS_UGC"":null,""PHENOM"":""SV"",""POLY_BEG"":""202606220002"",""POLY_END"":""202606220023"",""PROD_ID"":""202606220002-KDDC-WUUS53-SVRDDC"",""SIG"":""W"",""STATUS"":""NEW"",""TORNTAG"":""POSSIBLE"",""UPDATED"":""202606220002"",""VTEC_YR"":""2026"",""WFO"":""DDC"",""WINDTAG"":""80.0""},""iem_significance"":""W"",""iem_tornadotag"":""POSSIBLE"",""iem_ugc"":"""",""iem_wfo"":""DDC"",""iem_windtag"":""80.0"",""senderName"":""DDC"",""status"":""NEW""}","{""geometry"":{""coordinates"":[[[-100.8,38.7],[-100.69,38.55],[-100.69,38.48],[-101.13,38.4],[-101.13,38.7],[-100.8,38.7]]],""type"":""Polygon""},""properties"":{""_map_py"":{""effective"":""2026-06-22T00:02:00Z"",""event"":""Severe Thunderstorm Warning"",""expires"":""2026-06-22T00:45:00Z"",""has_polygon"":true,""headline"":"""",""sender"":""DDC""},""effective"":""2026-06-22T00:02:00Z"",""event"":""Severe Thunderstorm Warning"",""expires"":""2026-06-22T00:45:00Z"",""headline"":"""",""iem_damagetag"":""DESTRUCTIVE"",""iem_emergency"":""False"",""iem_event_id"":""152"",""iem_forecaster"":""UMSCHEID"",""iem_gtype"":""P"",""iem_hailtag"":""2.0"",""iem_phenomena"":""SV"",""iem_raw_properties"":{""AREA_KM2"":""1025.861820352276"",""DAMAGTAG"":""DESTRUCTIVE"",""EMERGENC"":""False"",""ETN"":""152"",""EXPIRED"":""202606220045"",""FCSTER"":""UMSCHEID"",""GTYPE"":""P"",""HAILTAG"":""2.0"",""HV_CAUSE"":null,""HV_NWSLI"":null,""HV_REC"":null,""HV_SEV"":null,""INIT_EXP"":""202606220045"",""INIT_ISS"":""202606220002"",""ISSUED"":""202606220002"",""NWS_UGC"":null,""PHENOM"":""SV"",""POLY_BEG"":""202606220002"",""POLY_END"":""202606220023"",""PROD_ID"":""202606220002-KDDC-WUUS53-SVRDDC"",""SIG"":""W"",""STATUS"":""NEW"",""TORNTAG"":""POSSIBLE"",""UPDATED"":""202606220002"",""VTEC_YR"":""2026"",""WFO"":""DDC"",""WINDTAG"":""80.0""},""iem_significance"":""W"",""iem_tornadotag"":""POSSIBLE"",""iem_ugc"":"""",""iem_wfo"":""DDC"",""iem_windtag"":""80.0"",""senderName"":""DDC"",""status"":""NEW""},""type"":""Feature""}",2026-04-27T17:31:58Z,2026-07-09T05:15:02Z,2026-07-09T18:49:04Z
10042,iem_watchwarn,iem_watchwarn|LMK|95|SV|W|2026-06-22T00:03:00Z|2026-06-22T00:45:00Z|,Severe Thunderstorm Warning,,2026-06-22T00:03:00Z,2026-06-22T00:45:00Z,LMK,NEW,1,"{""coordinates"":[[[-86.17,38.77],[-86.25,38.62],[-86.68,38.47],[-86.85,38.51],[-86.83,38.53],[-86.68,38.53],[-86.68,38.69],[-86.31,38.69],[-86.31,38.73],[-86.29,38.74],[-86.28,38.76],[-86.22,38.78],[-86.21,38.78],[-86.17,38.77]]],""type"":""Polygon""}","{""_map_py"":{""effective"":""2026-06-22T00:03:00Z"",""event"":""Severe Thunderstorm Warning"",""expires"":""2026-06-22T00:45:00Z"",""has_polygon"":true,""headline"":"""",""sender"":""LMK""},""effective"":""2026-06-22T00:03:00Z"",""event"":""Severe Thunderstorm Warning"",""expires"":""2026-06-22T00:45:00Z"",""headline"":"""",""iem_damagetag"":""CONSIDERABLE"",""iem_emergency"":""False"",""iem_event_id"":""95"",""iem_forecaster"":""Webb"",""iem_gtype"":""P"",""iem_hailtag"":""0.75"",""iem_phenomena"":""SV"",""iem_raw_properties"":{""AREA_KM2"":""764.070738919716"",""DAMAGTAG"":""CONSIDERABLE"",""EMERGENC"":""False"",""ETN"":""95"",""EXPIRED"":""202606220045"",""FCSTER"":""Webb"",""GTYPE"":""P"",""HAILTAG"":""0.75"",""HV_CAUSE"":null,""HV_NWSLI"":null,""HV_REC"":null,""HV_SEV"":null,""INIT_EXP"":""202606220045"",""INIT_ISS"":""202606220003"",""ISSUED"":""202606220003"",""NWS_UGC"":null,""PHENOM"":""SV"",""POLY_BEG"":""202606220003"",""POLY_END"":""202606220045"",""PROD_ID"":""202606220003-KLMK-WUUS53-SVRLMK"",""SIG"":""W"",""STATUS"":""NEW"",""TORNTAG"":""POSSIBLE"",""UPDATED"":""202606220003"",""VTEC_YR"":""2026"",""WFO"":""LMK"",""WINDTAG"":""70.0""},""iem_significance"":""W"",""iem_tornadotag"":""POSSIBLE"",""iem_ugc"":"""",""iem_wfo"":""LMK"",""iem_windtag"":""70.0"",""senderName"":""LMK"",""status"":""NEW""}","{""geometry"":{""coordinates"":[[[-86.17,38.77],[-86.25,38.62],[-86.68,38.47],[-86.85,38.51],[-86.83,38.53],[-86.68,38.53],[-86.68,38.69],[-86.31,38.69],[-86.31,38.73],[-86.29,38.74],[-86.28,38.76],[-86.22,38.78],[-86.21,38.78],[-86.17,38.77]]],""type"":""Polygon""},""properties"":{""_map_py"":{""effective"":""2026-06-22T00:03:00Z"",""event"":""Severe Thunderstorm Warning"",""expires"":""2026-06-22T00:45:00Z"",""has_polygon"":true,""headline"":"""",""sender"":""LMK""},""effective"":""2026-06-22T00:03:00Z"",""event"":""Severe Thunderstorm Warning"",""expires"":""2026-06-22T00:45:00Z"",""headline"":"""",""iem_damagetag"":""CONSIDERABLE"",""iem_emergency"":""False"",""iem_event_id"":""95"",""iem_forecaster"":""Webb"",""iem_gtype"":""P"",""iem_hailtag"":""0.75"",""iem_phenomena"":""SV"",""iem_raw_properties"":{""AREA_KM2"":""764.070738919716"",""DAMAGTAG"":""CONSIDERABLE"",""EMERGENC"":""False"",""ETN"":""95"",""EXPIRED"":""202606220045"",""FCSTER"":""Webb"",""GTYPE"":""P"",""HAILTAG"":""0.75"",""HV_CAUSE"":null,""HV_NWSLI"":null,""HV_REC"":null,""HV_SEV"":null,""INIT_EXP"":""202606220045"",""INIT_ISS"":""202606220003"",""ISSUED"":""202606220003"",""NWS_UGC"":null,""PHENOM"":""SV"",""POLY_BEG"":""202606220003"",""POLY_END"":""202606220045"",""PROD_ID"":""202606220003-KLMK-WUUS53-SVRLMK"",""SIG"":""W"",""STATUS"":""NEW"",""TORNTAG"":""POSSIBLE"",""UPDATED"":""202606220003"",""VTEC_YR"":""2026"",""WFO"":""LMK"",""WINDTAG"":""70.0""},""iem_significance"":""W"",""iem_tornadotag"":""POSSIBLE"",""iem_ugc"":"""",""iem_wfo"":""LMK"",""iem_windtag"":""70.0"",""senderName"":""LMK"",""status"":""NEW""},""type"":""Feature""}",2026-04-27T17:31:58Z,2026-07-09T05:15:02Z,2026-07-09T18:49:04Z
11275,iem_watchwarn,iem_watchwarn|IND|230|SV|W|2026-06-22T00:09:00Z|2026-06-22T01:15:00Z|,Severe Thunderstorm Warning,,2026-06-22T00:09:00Z,2026-06-22T01:15:00Z,IND,NEW,1,"{""coordinates"":[[[-87.0,38.51],[-87.06,38.5],[-87.11,38.54],[-87.15,38.52],[-87.2,38.55],[-87.25,38.54],[-87.26,38.53],[-87.3,38.51],[-87.35,38.54],[-87.37,38.54],[-87.37,38.51],[-87.39,38.54],[-87.42,38.53],[-87.27,38.71],[-86.68,38.66],[-86.68,38.53],[-86.83,38.53],[-86.88,38.49],[-86.93,38.51],[-86.95,38.49],[-87.0,38.51]]],""type"":""Polygon""}","{""_map_py"":{""effective"":""2026-06-22T00:09:00Z"",""event"":""Severe Thunderstorm Warning"",""expires"":""2026-06-22T01:15:00Z"",""has_polygon"":true,""headline"":"""",""sender"":""IND""},""effective"":""2026-06-22T00:09:00Z"",""event"":""Severe Thunderstorm Warning"",""expires"":""2026-06-22T01:15:00Z"",""headline"":"""",""iem_damagetag"":""CONSIDERABLE"",""iem_emergency"":""False"",""iem_event_id"":""230"",""iem_forecaster"":""White"",""iem_gtype"":""P"",""iem_hailtag"":""0.75"",""iem_phenomena"":""SV"",""iem_raw_properties"":{""AREA_KM2"":""1073.2814709176498"",""DAMAGTAG"":""CONSIDERABLE"",""EMERGENC"":""False"",""ETN"":""230"",""EXPIRED"":""202606220115"",""FCSTER"":""White"",""GTYPE"":""P"",""HAILTAG"":""0.75"",""HV_CAUSE"":null,""HV_NWSLI"":null,""HV_REC"":null,""HV_SEV"":null,""INIT_EXP"":""202606220115"",""INIT_ISS"":""202606220009"",""ISSUED"":""202606220009"",""NWS_UGC"":null,""PHENOM"":""SV"",""POLY_BEG"":""202606220009"",""POLY_END"":""202606220015"",""PROD_ID"":""202606220009-KIND-WUUS53-SVRIND"",""SIG"":""W"",""STATUS"":""NEW"",""TORNTAG"":""POSSIBLE"",""UPDATED"":""202606220009"",""VTEC_YR"":""2026"",""WFO"":""IND"",""WINDTAG"":""70.0""},""iem_significance"":""W"",""iem_tornadotag"":""POSSIBLE"",""iem_ugc"":"""",""iem_wfo"":""IND"",""iem_windtag"":""70.0"",""senderName"":""IND"",""status"":""NEW""}","{""geometry"":{""coordinates"":[[[-87.0,38.51],[-87.06,38.5],[-87.11,38.54],[-87.15,38.52],[-87.2,38.55],[-87.25,38.54],[-87.26,38.53],[-87.3,38.51],[-87.35,38.54],[-87.37,38.54],[-87.37,38.51],[-87.39,38.54],[-87.42,38.53],[-87.27,38.71],[-86.68,38.66],[-86.68,38.53],[-86.83,38.53],[-86.88,38.49],[-86.93,38.51],[-86.95,38.49],[-87.0,38.51]]],""type"":""Polygon""},""properties"":{""_map_py"":{""effective"":""2026-06-22T00:09:00Z"",""event"":""Severe Thunderstorm Warning"",""expires"":""2026-06-22T01:15:00Z"",""has_polygon"":true,""headline"":"""",""sender"":""IND""},""effective"":""2026-06-22T00:09:00Z"",""event"":""Severe Thunderstorm Warning"",""expires"":""2026-06-22T01:15:00Z"",""headline"":"""",""iem_damagetag"":""CONSIDERABLE"",""iem_emergency"":""False"",""iem_event_id"":""230"",""iem_forecaster"":""White"",""iem_gtype"":""P"",""iem_hailtag"":""0.75"",""iem_phenomena"":""SV"",""iem_raw_properties"":{""AREA_KM2"":""1073.2814709176498"",""DAMAGTAG"":""CONSIDERABLE"",""EMERGENC"":""False"",""ETN"":""230"",""EXPIRED"":""202606220115"",""FCSTER"":""White"",""GTYPE"":""P"",""HAILTAG"":""0.75"",""HV_CAUSE"":null,""HV_NWSLI"":null,""HV_REC"":null,""HV_SEV"":null,""INIT_EXP"":""202606220115"",""INIT_ISS"":""202606220009"",""ISSUED"":""202606220009"",""NWS_UGC"":null,""PHENOM"":""SV"",""POLY_BEG"":""202606220009"",""POLY_END"":""202606220015"",""PROD_ID"":""202606220009-KIND-WUUS53-SVRIND"",""SIG"":""W"",""STATUS"":""NEW"",""TORNTAG"":""POSSIBLE"",""UPDATED"":""202606220009"",""VTEC_YR"":""2026"",""WFO"":""IND"",""WINDTAG"":""70.0""},""iem_significance"":""W"",""iem_tornadotag"":""POSSIBLE"",""iem_ugc"":"""",""iem_wfo"":""IND"",""iem_windtag"":""70.0"",""senderName"":""IND"",""status"":""NEW""},""type"":""Feature""}",2026-04-27T17:31:58Z,2026-07-09T05:15:02Z,2026-07-09T18:49:04Z
9273,iem_watchwarn,iem_watchwarn|PAH|45|TO|W|2026-06-22T00:11:00Z|2026-06-22T00:41:00Z|,Tornado Warning,,2026-06-22T00:11:00Z,2026-06-22T00:41:00Z,PAH,NEW,1,"{""coordinates"":[[[-87.34,38.38],[-87.32,38.38],[-87.32,38.24],[-87.66,38.2],[-87.65,38.34],[-87.41,38.38],[-87.4,38.37],[-87.4,38.38],[-87.37,38.38],[-87.36,38.39],[-87.34,38.38]]],""type"":""Polygon""}","{""_map_py"":{""effective"":""2026-06-22T00:11:00Z"",""event"":""Tornado Warning"",""expires"":""2026-06-22T00:41:00Z"",""has_polygon"":true,""headline"":"""",""sender"":""PAH""},""effective"":""2026-06-22T00:11:00Z"",""event"":""Tornado Warning"",""expires"":""2026-06-22T00:41:00Z"",""headline"":"""",""iem_damagetag"":"""",""iem_emergency"":""False"",""iem_event_id"":""45"",""iem_forecaster"":""DW"",""iem_gtype"":""P"",""iem_hailtag"":""0.75"",""iem_phenomena"":""TO"",""iem_raw_properties"":{""AREA_KM2"":""471.4166992336058"",""DAMAGTAG"":null,""EMERGENC"":""False"",""ETN"":""45"",""EXPIRED"":""202606220041"",""FCSTER"":""DW"",""GTYPE"":""P"",""HAILTAG"":""0.75"",""HV_CAUSE"":null,""HV_NWSLI"":null,""HV_REC"":null,""HV_SEV"":null,""INIT_EXP"":""202606220100"",""INIT_ISS"":""202606220011"",""ISSUED"":""202606220011"",""NWS_UGC"":null,""PHENOM"":""TO"",""POLY_BEG"":""202606220011"",""POLY_END"":""202606220013"",""PROD_ID"":""202606220011-KPAH-WFUS53-TORPAH"",""SIG"":""W"",""STATUS"":""NEW"",""TORNTAG"":""OBSERVED"",""UPDATED"":""202606220011"",""VTEC_YR"":""2026"",""WFO"":""PAH"",""WINDTAG"":null},""iem_significance"":""W"",""iem_tornadotag"":""OBSERVED"",""iem_ugc"":"""",""iem_wfo"":""PAH"",""iem_windtag"":"""",""senderName"":""PAH"",""status"":""NEW""}","{""geometry"":{""coordinates"":[[[-87.34,38.38],[-87.32,38.38],[-87.32,38.24],[-87.66,38.2],[-87.65,38.34],[-87.41,38.38],[-87.4,38.37],[-87.4,38.38],[-87.37,38.38],[-87.36,38.39],[-87.34,38.38]]],""type"":""Polygon""},""properties"":{""_map_py"":{""effective"":""2026-06-22T00:11:00Z"",""event"":""Tornado Warning"",""expires"":""2026-06-22T00:41:00Z"",""has_polygon"":true,""headline"":"""",""sender"":""PAH""},""effective"":""2026-06-22T00:11:00Z"",""event"":""Tornado Warning"",""expires"":""2026-06-22T00:41:00Z"",""headline"":"""",""iem_damagetag"":"""",""iem_emergency"":""False"",""iem_event_id"":""45"",""iem_forecaster"":""DW"",""iem_gtype"":""P"",""iem_hailtag"":""0.75"",""iem_phenomena"":""TO"",""iem_raw_properties"":{""AREA_KM2"":""471.4166992336058"",""DAMAGTAG"":null,""EMERGENC"":""False"",""ETN"":""45"",""EXPIRED"":""202606220041"",""FCSTER"":""DW"",""GTYPE"":""P"",""HAILTAG"":""0.75"",""HV_CAUSE"":null,""HV_NWSLI"":null,""HV_REC"":null,""HV_SEV"":null,""INIT_EXP"":""202606220100"",""INIT_ISS"":""202606220011"",""ISSUED"":""202606220011"",""NWS_UGC"":null,""PHENOM"":""TO"",""POLY_BEG"":""202606220011"",""POLY_END"":""202606220013"",""PROD_ID"":""202606220011-KPAH-WFUS53-TORPAH"",""SIG"":""W"",""STATUS"":""NEW"",""TORNTAG"":""OBSERVED"",""UPDATED"":""202606220011"",""VTEC_YR"":""2026"",""WFO"":""PAH"",""WINDTAG"":null},""iem_significance"":""W"",""iem_tornadotag"":""OBSERVED"",""iem_ugc"":"""",""iem_wfo"":""PAH"",""iem_windtag"":"""",""senderName"":""PAH"",""status"":""NEW""},""type"":""Feature""}",2026-04-27T17:31:58Z,2026-07-09T05:15:02Z,2026-07-09T18:49:04Z
4744,iem_watchwarn,iem_watchwarn|LMK|20|TO|W|2026-06-22T00:11:00Z|2026-06-22T01:00:00Z|,Tornado Warning,,2026-06-22T00:11:00Z,2026-06-22T01:00:00Z,LMK,NEW,1,"{""coordinates"":[[[-86.31,38.69],[-86.31,38.58],[-86.4,38.47],[-86.68,38.58],[-86.68,38.69],[-86.31,38.69]]],""type"":""Polygon""}","{""_map_py"":{""effective"":""2026-06-22T00:11:00Z"",""event"":""Tornado Warning"",""expires"":""2026-06-22T01:00:00Z"",""has_polygon"":true,""headline"":"""",""sender"":""LMK""},""effective"":""2026-06-22T00:11:00Z"",""event"":""Tornado Warning"",""expires"":""2026-06-22T01:00:00Z"",""headline"":"""",""iem_damagetag"":"""",""iem_emergency"":""False"",""iem_event_id"":""20"",""iem_forecaster"":""Webb"",""iem_gtype"":""P"",""iem_hailtag"":""0.75"",""iem_phenomena"":""TO"",""iem_raw_properties"":{""AREA_KM2"":""589.9938218730431"",""DAMAGTAG"":null,""EMERGENC"":""False"",""ETN"":""20"",""EXPIRED"":""202606220100"",""FCSTER"":""Webb"",""GTYPE"":""P"",""HAILTAG"":""0.75"",""HV_CAUSE"":null,""HV_NWSLI"":null,""HV_REC"":null,""HV_SEV"":null,""INIT_EXP"":""202606220100"",""INIT_ISS"":""202606220011"",""ISSUED"":""202606220011"",""NWS_UGC"":null,""PHENOM"":""TO"",""POLY_BEG"":""202606220011"",""POLY_END"":""202606220041"",""PROD_ID"":""202606220011-KLMK-WFUS53-TORLMK"",""SIG"":""W"",""STATUS"":""NEW"",""TORNTAG"":""RADAR INDICATED"",""UPDATED"":""202606220011"",""VTEC_YR"":""2026"",""WFO"":""LMK"",""WINDTAG"":null},""iem_significance"":""W"",""iem_tornadotag"":""RADAR INDICATED"",""iem_ugc"":"""",""iem_wfo"":""LMK"",""iem_windtag"":"""",""senderName"":""LMK"",""status"":""NEW""}","{""geometry"":{""coordinates"":[[[-86.31,38.69],[-86.31,38.58],[-86.4,38.47],[-86.68,38.58],[-86.68,38.69],[-86.31,38.69]]],""type"":""Polygon""},""properties"":{""_map_py"":{""effective"":""2026-06-22T00:11:00Z"",""event"":""Tornado Warning"",""expires"":""2026-06-22T01:00:00Z"",""has_polygon"":true,""headline"":"""",""sender"":""LMK""},""effective"":""2026-06-22T00:11:00Z"",""event"":""Tornado Warning"",""expires"":""2026-06-22T01:00:00Z"",""headline"":"""",""iem_damagetag"":"""",""iem_emergency"":""False"",""iem_event_id"":""20"",""iem_forecaster"":""Webb"",""iem_gtype"":""P"",""iem_hailtag"":""0.75"",""iem_phenomena"":""TO"",""iem_raw_properties"":{""AREA_KM2"":""589.9938218730431"",""DAMAGTAG"":null,""EMERGENC"":""False"",""ETN"":""20"",""EXPIRED"":""202606220100"",""FCSTER"":""Webb"",""GTYPE"":""P"",""HAILTAG"":""0.75"",""HV_CAUSE"":null,""HV_NWSLI"":null,""HV_REC"":null,""HV_SEV"":null,""INIT_EXP"":""202606220100"",""INIT_ISS"":""202606220011"",""ISSUED"":""202606220011"",""NWS_UGC"":null,""PHENOM"":""TO"",""POLY_BEG"":""202606220011"",""POLY_END"":""202606220041"",""PROD_ID"":""202606220011-KLMK-WFUS53-TORLMK"",""SIG"":""W"",""STATUS"":""NEW"",""TORNTAG"":""RADAR INDICATED"",""UPDATED"":""202606220011"",""VTEC_YR"":""2026"",""WFO"":""LMK"",""WINDTAG"":null},""iem_significance"":""W"",""iem_tornadotag"":""RADAR INDICATED"",""iem_ugc"":"""",""iem_wfo"":""LMK"",""iem_windtag"":"""",""senderName"":""LMK"",""status"":""NEW""},""type"":""Feature""}",2026-04-27T17:31:58Z,2026-07-09T05:15:02Z,2026-07-09T18:49:04Z
363,iem_watchwarn,iem_watchwarn|GLD|162|SV|W|2026-06-22T00:11:00Z|2026-06-22T01:15:00Z|,Severe Thunderstorm Warning,,2026-06-22T00:11:00Z,2026-06-22T01:15:00Z,GLD,NEW,1,"{""coordinates"":[[[-101.57,38.7],[-101.13,38.7],[-101.12,38.27],[-101.57,38.26],[-101.57,38.7]]],""type"":""Polygon""}","{""_map_py"":{""effective"":""2026-06-22T00:11:00Z"",""event"":""Severe Thunderstorm Warning"",""expires"":""2026-06-22T01:15:00Z"",""has_polygon"":true,""headline"":"""",""sender"":""GLD""},""effective"":""2026-06-22T00:11:00Z"",""event"":""Severe Thunderstorm Warning"",""expires"":""2026-06-22T01:15:00Z"",""headline"":"""",""iem_damagetag"":"""",""iem_emergency"":""False"",""iem_event_id"":""162"",""iem_forecaster"":""Alexander"",""iem_gtype"":""P"",""iem_hailtag"":""1.0"",""iem_phenomena"":""SV"",""iem_raw_properties"":{""AREA_KM2"":""1873.7780970962287"",""DAMAGTAG"":null,""EMERGENC"":""False"",""ETN"":""162"",""EXPIRED"":""202606220115"",""FCSTER"":""Alexander"",""GTYPE"":""P"",""HAILTAG"":""1.0"",""HV_CAUSE"":null,""HV_NWSLI"":null,""HV_REC"":null,""HV_SEV"":null,""INIT_EXP"":""202606220115"",""INIT_ISS"":""202606220011"",""ISSUED"":""202606220011"",""NWS_UGC"":null,""PHENOM"":""SV"",""POLY_BEG"":""202606220011"",""POLY_END"":""202606220039"",""PROD_ID"":""202606220011-KGLD-WUUS53-SVRGLD"",""SIG"":""W"",""STATUS"":""NEW"",""TORNTAG"":null,""UPDATED"":""202606220011"",""VTEC_YR"":""2026"",""WFO"":""GLD"",""WINDTAG"":""60.0""},""iem_significance"":""W"",""iem_tornadotag"":"""",""iem_ugc"":"""",""iem_wfo"":""GLD"",""iem_windtag"":""60.0"",""senderName"":""GLD"",""status"":""NEW""}","{""geometry"":{""coordinates"":[[[-101.57,38.7],[-101.13,38.7],[-101.12,38.27],[-101.57,38.26],[-101.57,38.7]]],""type"":""Polygon""},""properties"":{""_map_py"":{""effective"":""2026-06-22T00:11:00Z"",""event"":""Severe Thunderstorm Warning"",""expires"":""2026-06-22T01:15:00Z"",""has_polygon"":true,""headline"":"""",""sender"":""GLD""},""effective"":""2026-06-22T00:11:00Z"",""event"":""Severe Thunderstorm Warning"",""expires"":""2026-06-22T01:15:00Z"",""headline"":"""",""iem_damagetag"":"""",""iem_emergency"":""False"",""iem_event_id"":""162"",""iem_forecaster"":""Alexander"",""iem_gtype"":""P"",""iem_hailtag"":""1.0"",""iem_phenomena"":""SV"",""iem_raw_properties"":{""AREA_KM2"":""1873.7780970962287"",""DAMAGTAG"":null,""EMERGENC"":""False"",""ETN"":""162"",""EXPIRED"":""202606220115"",""FCSTER"":""Alexander"",""GTYPE"":""P"",""HAILTAG"":""1.0"",""HV_CAUSE"":null,""HV_NWSLI"":null,""HV_REC"":null,""HV_SEV"":null,""INIT_EXP"":""202606220115"",""INIT_ISS"":""202606220011"",""ISSUED"":""202606220011"",""NWS_UGC"":null,""PHENOM"":""SV"",""POLY_BEG"":""202606220011"",""POLY_END"":""202606220039"",""PROD_ID"":""202606220011-KGLD-WUUS53-SVRGLD"",""SIG"":""W"",""STATUS"":""NEW"",""TORNTAG"":null,""UPDATED"":""202606220011"",""VTEC_YR"":""2026"",""WFO"":""GLD"",""WINDTAG"":""60.0""},""iem_significance"":""W"",""iem_tornadotag"":"""",""iem_ugc"":"""",""iem_wfo"":""GLD"",""iem_windtag"":""60.0"",""senderName"":""GLD"",""status"":""NEW""},""type"":""Feature""}",2026-04-27T17:31:58Z,2026-07-09T05:15:02Z,2026-07-09T18:49:04Z
111,iem_watchwarn,iem_watchwarn|GLD|163|SV|W|2026-06-22T00:12:00Z|2026-06-22T00:52:00Z|,Severe Thunderstorm Warning,,2026-06-22T00:12:00Z,2026-06-22T00:52:00Z,GLD,NEW,1,"{""coordinates"":[[[-101.25,38.7],[-101.29,38.82],[-101.07,38.92],[-100.82,38.7],[-101.25,38.7]]],""type"":""Polygon""}","{""_map_py"":{""effective"":""2026-06-22T00:12:00Z"",""event"":""Severe Thunderstorm Warning"",""expires"":""2026-06-22T00:52:00Z"",""has_polygon"":true,""headline"":"""",""sender"":""GLD""},""effective"":""2026-06-22T00:12:00Z"",""event"":""Severe Thunderstorm Warning"",""expires"":""2026-06-22T00:52:00Z"",""headline"":"""",""iem_damagetag"":"""",""iem_emergency"":""False"",""iem_event_id"":""163"",""iem_forecaster"":""Alexander"",""iem_gtype"":""P"",""iem_hailtag"":""1.0"",""iem_phenomena"":""SV"",""iem_raw_properties"":{""AREA_KM2"":""602.3046793485485"",""DAMAGTAG"":null,""EMERGENC"":""False"",""ETN"":""163"",""EXPIRED"":""202606220052"",""FCSTER"":""Alexander"",""GTYPE"":""P"",""HAILTAG"":""1.0"",""HV_CAUSE"":null,""HV_NWSLI"":null,""HV_REC"":null,""HV_SEV"":null,""INIT_EXP"":""202606220115"",""INIT_ISS"":""202606220012"",""ISSUED"":""202606220012"",""NWS_UGC"":null,""PHENOM"":""SV"",""POLY_BEG"":""202606220012"",""POLY_END"":""202606220030"",""PROD_ID"":""202606220012-KGLD-WUUS53-SVRGLD"",""SIG"":""W"",""STATUS"":""NEW"",""TORNTAG"":null,""UPDATED"":""202606220012"",""VTEC_YR"":""2026"",""WFO"":""GLD"",""WINDTAG"":""60.0""},""iem_significance"":""W"",""iem_tornadotag"":"""",""iem_ugc"":"""",""iem_wfo"":""GLD"",""iem_windtag"":""60.0"",""senderName"":""GLD"",""status"":""NEW""}","{""geometry"":{""coordinates"":[[[-101.25,38.7],[-101.29,38.82],[-101.07,38.92],[-100.82,38.7],[-101.25,38.7]]],""type"":""Polygon""},""properties"":{""_map_py"":{""effective"":""2026-06-22T00:12:00Z"",""event"":""Severe Thunderstorm Warning"",""expires"":""2026-06-22T00:52:00Z"",""has_polygon"":true,""headline"":"""",""sender"":""GLD""},""effective"":""2026-06-22T00:12:00Z"",""event"":""Severe Thunderstorm Warning"",""expires"":""2026-06-22T00:52:00Z"",""headline"":"""",""iem_damagetag"":"""",""iem_emergency"":""False"",""iem_event_id"":""163"",""iem_forecaster"":""Alexander"",""iem_gtype"":""P"",""iem_hailtag"":""1.0"",""iem_phenomena"":""SV"",""iem_raw_properties"":{""AREA_KM2"":""602.3046793485485"",""DAMAGTAG"":null,""EMERGENC"":""False"",""ETN"":""163"",""EXPIRED"":""202606220052"",""FCSTER"":""Alexander"",""GTYPE"":""P"",""HAILTAG"":""1.0"",""HV_CAUSE"":null,""HV_NWSLI"":null,""HV_REC"":null,""HV_SEV"":null,""INIT_EXP"":""202606220115"",""INIT_ISS"":""202606220012"",""ISSUED"":""202606220012"",""NWS_UGC"":null,""PHENOM"":""SV"",""POLY_BEG"":""202606220012"",""POLY_END"":""202606220030"",""PROD_ID"":""202606220012-KGLD-WUUS53-SVRGLD"",""SIG"":""W"",""STATUS"":""NEW"",""TORNTAG"":null,""UPDATED"":""202606220012"",""VTEC_YR"":""2026"",""WFO"":""GLD"",""WINDTAG"":""60.0""},""iem_significance"":""W"",""iem_tornadotag"":"""",""iem_ugc"":"""",""iem_wfo"":""GLD"",""iem_windtag"":""60.0"",""senderName"":""GLD"",""status"":""NEW""},""type"":""Feature""}",2026-04-27T17:31:58Z,2026-07-09T05:15:02Z,2026-07-09T18:49:04Z
6353,iem_watchwarn,iem_watchwarn|PUB|47|SV|W|2026-06-22T00:13:00Z|2026-06-22T00:45:00Z|,Severe Thunderstorm Warning,,2026-06-22T00:13:00Z,2026-06-22T00:45:00Z,PUB,NEW,1,"{""coordinates"":[[[-102.13,37.93],[-102.29,38.23],[-102.23,38.31],[-102.11,38.36],[-102.04,38.29],[-102.04,37.97],[-102.13,37.93]]],""type"":""Polygon""}","{""_map_py"":{""effective"":""2026-06-22T00:13:00Z"",""event"":""Severe Thunderstorm Warning"",""expires"":""2026-06-22T00:45:00Z"",""has_polygon"":true,""headline"":"""",""sender"":""PUB""},""effective"":""2026-06-22T00:13:00Z"",""event"":""Severe Thunderstorm Warning"",""expires"":""2026-06-22T00:45:00Z"",""headline"":"""",""iem_damagetag"":""CONSIDERABLE"",""iem_emergency"":""False"",""iem_event_id"":""47"",""iem_forecaster"":""mw"",""iem_gtype"":""P"",""iem_hailtag"":""2.0"",""iem_phenomena"":""SV"",""iem_raw_properties"":{""AREA_KM2"":""688.4359882378532"",""DAMAGTAG"":""CONSIDERABLE"",""EMERGENC"":""False"",""ETN"":""47"",""EXPIRED"":""202606220045"",""FCSTER"":""mw"",""GTYPE"":""P"",""HAILTAG"":""2.0"",""HV_CAUSE"":null,""HV_NWSLI"":null,""HV_REC"":null,""HV_SEV"":null,""INIT_EXP"":""202606220045"",""INIT_ISS"":""202606220013"",""ISSUED"":""202606220013"",""NWS_UGC"":null,""PHENOM"":""SV"",""POLY_BEG"":""202606220013"",""POLY_END"":""202606220030"",""PROD_ID"":""202606220013-KPUB-WUUS55-SVRPUB"",""SIG"":""W"",""STATUS"":""NEW"",""TORNTAG"":null,""UPDATED"":""202606220013"",""VTEC_YR"":""2026"",""WFO"":""PUB"",""WINDTAG"":""70.0""},""iem_significance"":""W"",""iem_tornadotag"":"""",""iem_ugc"":"""",""iem_wfo"":""PUB"",""iem_windtag"":""70.0"",""senderName"":""PUB"",""status"":""NEW""}","{""geometry"":{""coordinates"":[[[-102.13,37.93],[-102.29,38.23],[-102.23,38.31],[-102.11,38.36],[-102.04,38.29],[-102.04,37.97],[-102.13,37.93]]],""type"":""Polygon""},""properties"":{""_map_py"":{""effective"":""2026-06-22T00:13:00Z"",""event"":""Severe Thunderstorm Warning"",""expires"":""2026-06-22T00:45:00Z"",""has_polygon"":true,""headline"":"""",""sender"":""PUB""},""effective"":""2026-06-22T00:13:00Z"",""event"":""Severe Thunderstorm Warning"",""expires"":""2026-06-22T00:45:00Z"",""headline"":"""",""iem_damagetag"":""CONSIDERABLE"",""iem_emergency"":""False"",""iem_event_id"":""47"",""iem_forecaster"":""mw"",""iem_gtype"":""P"",""iem_hailtag"":""2.0"",""iem_phenomena"":""SV"",""iem_raw_properties"":{""AREA_KM2"":""688.4359882378532"",""DAMAGTAG"":""CONSIDERABLE"",""EMERGENC"":""False"",""ETN"":""47"",""EXPIRED"":""202606220045"",""FCSTER"":""mw"",""GTYPE"":""P"",""HAILTAG"":""2.0"",""HV_CAUSE"":null,""HV_NWSLI"":null,""HV_REC"":null,""HV_SEV"":null,""INIT_EXP"":""202606220045"",""INIT_ISS"":""202606220013"",""ISSUED"":""202606220013"",""NWS_UGC"":null,""PHENOM"":""SV"",""POLY_BEG"":""202606220013"",""POLY_END"":""202606220030"",""PROD_ID"":""202606220013-KPUB-WUUS55-SVRPUB"",""SIG"":""W"",""STATUS"":""NEW"",""TORNTAG"":null,""UPDATED"":""202606220013"",""VTEC_YR"":""2026"",""WFO"":""PUB"",""WINDTAG"":""70.0""},""iem_significance"":""W"",""iem_tornadotag"":"""",""iem_ugc"":"""",""iem_wfo"":""PUB"",""iem_windtag"":""70.0"",""senderName"":""PUB"",""status"":""NEW""},""type"":""Feature""}",2026-04-27T17:31:58Z,2026-07-09T05:15:02Z,2026-07-09T18:49:04Z
2435,iem_watchwarn,iem_watchwarn|IND|69|TO|W|2026-06-22T00:14:00Z|2026-06-22T00:38:00Z|,Tornado Warning,,2026-06-22T00:14:00Z,2026-06-22T00:38:00Z,IND,NEW,1,"{""coordinates"":[[[-85.97,39.2],[-86.02,39.31],[-85.7,39.39],[-85.64,39.25],[-85.97,39.2]]],""type"":""Polygon""}","{""_map_py"":{""effective"":""2026-06-22T00:14:00Z"",""event"":""Tornado Warning"",""expires"":""2026-06-22T00:38:00Z"",""has_polygon"":true,""headline"":"""",""sender"":""IND""},""effective"":""2026-06-22T00:14:00Z"",""event"":""Tornado Warning"",""expires"":""2026-06-22T00:38:00Z"",""headline"":"""",""iem_damagetag"":"""",""iem_emergency"":""False"",""iem_event_id"":""69"",""iem_forecaster"":""50"",""iem_gtype"":""P"",""iem_hailtag"":""0.75"",""iem_phenomena"":""TO"",""iem_raw_properties"":{""AREA_KM2"":""422.984510755113"",""DAMAGTAG"":null,""EMERGENC"":""False"",""ETN"":""69"",""EXPIRED"":""202606220038"",""FCSTER"":""50"",""GTYPE"":""P"",""HAILTAG"":""0.75"",""HV_CAUSE"":null,""HV_NWSLI"":null,""HV_REC"":null,""HV_SEV"":null,""INIT_EXP"":""202606220100"",""INIT_ISS"":""202606220014"",""ISSUED"":""202606220014"",""NWS_UGC"":null,""PHENOM"":""TO"",""POLY_BEG"":""202606220014"",""POLY_END"":""202606220026"",""PROD_ID"":""202606220014-KIND-WFUS53-TORIND"",""SIG"":""W"",""STATUS"":""NEW"",""TORNTAG"":""RADAR INDICATED"",""UPDATED"":""202606220014"",""VTEC_YR"":""2026"",""WFO"":""IND"",""WINDTAG"":null},""iem_significance"":""W"",""iem_tornadotag"":""RADAR INDICATED"",""iem_ugc"":"""",""iem_wfo"":""IND"",""iem_windtag"":"""",""senderName"":""IND"",""status"":""NEW""}","{""geometry"":{""coordinates"":[[[-85.97,39.2],[-86.02,39.31],[-85.7,39.39],[-85.64,39.25],[-85.97,39.2]]],""type"":""Polygon""},""properties"":{""_map_py"":{""effective"":""2026-06-22T00:14:00Z"",""event"":""Tornado Warning"",""expires"":""2026-06-22T00:38:00Z"",""has_polygon"":true,""headline"":"""",""sender"":""IND""},""effective"":""2026-06-22T00:14:00Z"",""event"":""Tornado Warning"",""expires"":""2026-06-22T00:38:00Z"",""headline"":"""",""iem_damagetag"":"""",""iem_emergency"":""False"",""iem_event_id"":""69"",""iem_forecaster"":""50"",""iem_gtype"":""P"",""iem_hailtag"":""0.75"",""iem_phenomena"":""TO"",""iem_raw_properties"":{""AREA_KM2"":""422.984510755113"",""DAMAGTAG"":null,""EMERGENC"":""False"",""ETN"":""69"",""EXPIRED"":""202606220038"",""FCSTER"":""50"",""GTYPE"":""P"",""HAILTAG"":""0.75"",""HV_CAUSE"":null,""HV_NWSLI"":null,""HV_REC"":null,""HV_SEV"":null,""INIT_EXP"":""202606220100"",""INIT_ISS"":""202606220014"",""ISSUED"":""202606220014"",""NWS_UGC"":null,""PHENOM"":""TO"",""POLY_BEG"":""202606220014"",""POLY_END"":""202606220026"",""PROD_ID"":""202606220014-KIND-WFUS53-TORIND"",""SIG"":""W"",""STATUS"":""NEW"",""TORNTAG"":""RADAR INDICATED"",""UPDATED"":""202606220014"",""VTEC_YR"":""2026"",""WFO"":""IND"",""WINDTAG"":null},""iem_significance"":""W"",""iem_tornadotag"":""RADAR INDICATED"",""iem_ugc"":"""",""iem_wfo"":""IND"",""iem_windtag"":"""",""senderName"":""IND"",""status"":""NEW""},""type"":""Feature""}",2026-04-27T17:31:58Z,2026-07-09T05:15:02Z,2026-07-09T18:49:04Z
5638,iem_watchwarn,iem_watchwarn|LBF|117|SV|W|2026-06-22T00:14:00Z|2026-06-22T00:47:00Z|,Severe Thunderstorm Warning,,2026-06-22T00:14:00Z,2026-06-22T00:47:00Z,LBF,NEW,1,"{""coordinates"":[[[-102.05,41.14],[-102.05,41.27],[-101.84,41.35],[-101.54,41.14],[-101.98,41.03],[-102.06,41.09],[-102.05,41.14]]],""type"":""Polygon""}","{""_map_py"":{""effective"":""2026-06-22T00:14:00Z"",""event"":""Severe Thunderstorm Warning"",""expires"":""2026-06-22T00:47:00Z"",""has_polygon"":true,""headline"":"""",""sender"":""LBF""},""effective"":""2026-06-22T00:14:00Z"",""event"":""Severe Thunderstorm Warning"",""expires"":""2026-06-22T00:47:00Z"",""headline"":"""",""iem_damagetag"":"""",""iem_emergency"":""False"",""iem_event_id"":""117"",""iem_forecaster"":""Brown"",""iem_gtype"":""P"",""iem_hailtag"":""1.0"",""iem_phenomena"":""SV"",""iem_raw_properties"":{""AREA_KM2"":""907.6122728925221"",""DAMAGTAG"":null,""EMERGENC"":""False"",""ETN"":""117"",""EXPIRED"":""202606220047"",""FCSTER"":""Brown"",""GTYPE"":""P"",""HAILTAG"":""1.0"",""HV_CAUSE"":null,""HV_NWSLI"":null,""HV_REC"":null,""HV_SEV"":null,""INIT_EXP"":""202606220100"",""INIT_ISS"":""202606220014"",""ISSUED"":""202606220014"",""NWS_UGC"":null,""PHENOM"":""SV"",""POLY_BEG"":""202606220014"",""POLY_END"":""202606220047"",""PROD_ID"":""202606220014-KLBF-WUUS53-SVRLBF"",""SIG"":""W"",""STATUS"":""NEW"",""TORNTAG"":null,""UPDATED"":""202606220014"",""VTEC_YR"":""2026"",""WFO"":""LBF"",""WINDTAG"":""60.0""},""iem_significance"":""W"",""iem_tornadotag"":"""",""iem_ugc"":"""",""iem_wfo"":""LBF"",""iem_windtag"":""60.0"",""senderName"":""LBF"",""status"":""NEW""}","{""geometry"":{""coordinates"":[[[-102.05,41.14],[-102.05,41.27],[-101.84,41.35],[-101.54,41.14],[-101.98,41.03],[-102.06,41.09],[-102.05,41.14]]],""type"":""Polygon""},""properties"":{""_map_py"":{""effective"":""2026-06-22T00:14:00Z"",""event"":""Severe Thunderstorm Warning"",""expires"":""2026-06-22T00:47:00Z"",""has_polygon"":true,""headline"":"""",""sender"":""LBF""},""effective"":""2026-06-22T00:14:00Z"",""event"":""Severe Thunderstorm Warning"",""expires"":""2026-06-22T00:47:00Z"",""headline"":"""",""iem_damagetag"":"""",""iem_emergency"":""False"",""iem_event_id"":""117"",""iem_forecaster"":""Brown"",""iem_gtype"":""P"",""iem_hailtag"":""1.0"",""iem_phenomena"":""SV"",""iem_raw_properties"":{""AREA_KM2"":""907.6122728925221"",""DAMAGTAG"":null,""EMERGENC"":""False"",""ETN"":""117"",""EXPIRED"":""202606220047"",""FCSTER"":""Brown"",""GTYPE"":""P"",""HAILTAG"":""1.0"",""HV_CAUSE"":null,""HV_NWSLI"":null,""HV_REC"":null,""HV_SEV"":null,""INIT_EXP"":""202606220100"",""INIT_ISS"":""202606220014"",""ISSUED"":""202606220014"",""NWS_UGC"":null,""PHENOM"":""SV"",""POLY_BEG"":""202606220014"",""POLY_END"":""202606220047"",""PROD_ID"":""202606220014-KLBF-WUUS53-SVRLBF"",""SIG"":""W"",""STATUS"":""NEW"",""TORNTAG"":null,""UPDATED"":""202606220014"",""VTEC_YR"":""2026"",""WFO"":""LBF"",""WINDTAG"":""60.0""},""iem_significance"":""W"",""iem_tornadotag"":"""",""iem_ugc"":"""",""iem_wfo"":""LBF"",""iem_windtag"":""60.0"",""senderName"":""LBF"",""status"":""NEW""},""type"":""Feature""}",2026-04-27T17:31:58Z,2026-07-09T05:15:02Z,2026-07-09T18:49:04Z
3978,iem_watchwarn,iem_watchwarn|DDC|153|SV|W|2026-06-22T00:18:00Z|2026-06-22T00:45:00Z|,Severe Thunderstorm Warning,,2026-06-22T00:18:00Z,2026-06-22T00:45:00Z,DDC,NEW,1,"{""coordinates"":[[[-101.71,38.18],[-101.63,38.27],[-101.16,38.26],[-101.34,38.08],[-101.71,37.97],[-101.71,38.18]]],""type"":""Polygon""}","{""_map_py"":{""effective"":""2026-06-22T00:18:00Z"",""event"":""Severe Thunderstorm Warning"",""expires"":""2026-06-22T00:45:00Z"",""has_polygon"":true,""headline"":"""",""sender"":""DDC""},""effective"":""2026-06-22T00:18:00Z"",""event"":""Severe Thunderstorm Warning"",""expires"":""2026-06-22T00:45:00Z"",""headline"":"""",""iem_damagetag"":"""",""iem_emergency"":""False"",""iem_event_id"":""153"",""iem_forecaster"":""UMSCHEID"",""iem_gtype"":""P"",""iem_hailtag"":""1.0"",""iem_phenomena"":""SV"",""iem_raw_properties"":{""AREA_KM2"":""998.7000508612475"",""DAMAGTAG"":null,""EMERGENC"":""False"",""ETN"":""153"",""EXPIRED"":""202606220045"",""FCSTER"":""UMSCHEID"",""GTYPE"":""P"",""HAILTAG"":""1.0"",""HV_CAUSE"":null,""HV_NWSLI"":null,""HV_REC"":null,""HV_SEV"":null,""INIT_EXP"":""202606220045"",""INIT_ISS"":""202606220018"",""ISSUED"":""202606220018"",""NWS_UGC"":null,""PHENOM"":""SV"",""POLY_BEG"":""202606220018"",""POLY_END"":""202606220045"",""PROD_ID"":""202606220018-KDDC-WUUS53-SVRDDC"",""SIG"":""W"",""STATUS"":""NEW"",""TORNTAG"":null,""UPDATED"":""202606220018"",""VTEC_YR"":""2026"",""WFO"":""DDC"",""WINDTAG"":""60.0""},""iem_significance"":""W"",""iem_tornadotag"":"""",""iem_ugc"":"""",""iem_wfo"":""DDC"",""iem_windtag"":""60.0"",""senderName"":""DDC"",""status"":""NEW""}","{""geometry"":{""coordinates"":[[[-101.71,38.18],[-101.63,38.27],[-101.16,38.26],[-101.34,38.08],[-101.71,37.97],[-101.71,38.18]]],""type"":""Polygon""},""properties"":{""_map_py"":{""effective"":""2026-06-22T00:18:00Z"",""event"":""Severe Thunderstorm Warning"",""expires"":""2026-06-22T00:45:00Z"",""has_polygon"":true,""headline"":"""",""sender"":""DDC""},""effective"":""2026-06-22T00:18:00Z"",""event"":""Severe Thunderstorm Warning"",""expires"":""2026-06-22T00:45:00Z"",""headline"":"""",""iem_damagetag"":"""",""iem_emergency"":""False"",""iem_event_id"":""153"",""iem_forecaster"":""UMSCHEID"",""iem_gtype"":""P"",""iem_hailtag"":""1.0"",""iem_phenomena"":""SV"",""iem_raw_properties"":{""AREA_KM2"":""998.7000508612475"",""DAMAGTAG"":null,""EMERGENC"":""False"",""ETN"":""153"",""EXPIRED"":""202606220045"",""FCSTER"":""UMSCHEID"",""GTYPE"":""P"",""HAILTAG"":""1.0"",""HV_CAUSE"":null,""HV_NWSLI"":null,""HV_REC"":null,""HV_SEV"":null,""INIT_EXP"":""202606220045"",""INIT_ISS"":""202606220018"",""ISSUED"":""202606220018"",""NWS_UGC"":null,""PHENOM"":""SV"",""POLY_BEG"":""202606220018"",""POLY_END"":""202606220045"",""PROD_ID"":""202606220018-KDDC-WUUS53-SVRDDC"",""SIG"":""W"",""STATUS"":""NEW"",""TORNTAG"":null,""UPDATED"":""202606220018"",""VTEC_YR"":""2026"",""WFO"":""DDC"",""WINDTAG"":""60.0""},""iem_significance"":""W"",""iem_tornadotag"":"""",""iem_ugc"":"""",""iem_wfo"":""DDC"",""iem_windtag"":""60.0"",""senderName"":""DDC"",""status"":""NEW""},""type"":""Feature""}",2026-04-27T17:31:58Z,2026-07-09T05:15:02Z,2026-07-09T18:49:04Z
5256,iem_watchwarn,iem_watchwarn|OUN|600|SV|W|2026-06-22T00:20:00Z|2026-06-22T01:00:00Z|,Severe Thunderstorm Warning,,2026-06-22T00:20:00Z,2026-06-22T01:00:00Z,OUN,NEW,1,"{""coordinates"":[[[-99.68,36.47],[-99.62,36.55],[-99.35,36.51],[-99.37,36.41],[-99.57,36.4],[-99.68,36.47]]],""type"":""Polygon""}","{""_map_py"":{""effective"":""2026-06-22T00:20:00Z"",""event"":""Severe Thunderstorm Warning"",""expires"":""2026-06-22T01:00:00Z"",""has_polygon"":true,""headline"":"""",""sender"":""OUN""},""effective"":""2026-06-22T00:20:00Z"",""event"":""Severe Thunderstorm Warning"",""expires"":""2026-06-22T01:00:00Z"",""headline"":"""",""iem_damagetag"":""CONSIDERABLE"",""iem_emergency"":""False"",""iem_event_id"":""600"",""iem_forecaster"":""Mahale"",""iem_gtype"":""P"",""iem_hailtag"":""1.75"",""iem_phenomena"":""SV"",""iem_raw_properties"":{""AREA_KM2"":""354.54231649608744"",""DAMAGTAG"":""CONSIDERABLE"",""EMERGENC"":""False"",""ETN"":""600"",""EXPIRED"":""202606220100"",""FCSTER"":""Mahale"",""GTYPE"":""P"",""HAILTAG"":""1.75"",""HV_CAUSE"":null,""HV_NWSLI"":null,""HV_REC"":null,""HV_SEV"":null,""INIT_EXP"":""202606220100"",""INIT_ISS"":""202606220020"",""ISSUED"":""202606220020"",""NWS_UGC"":null,""PHENOM"":""SV"",""POLY_BEG"":""202606220020"",""POLY_END"":""202606220035"",""PROD_ID"":""202606220020-KOUN-WUUS54-SVROUN"",""SIG"":""W"",""STATUS"":""NEW"",""TORNTAG"":null,""UPDATED"":""202606220020"",""VTEC_YR"":""2026"",""WFO"":""OUN"",""WINDTAG"":""60.0""},""iem_significance"":""W"",""iem_tornadotag"":"""",""iem_ugc"":"""",""iem_wfo"":""OUN"",""iem_windtag"":""60.0"",""senderName"":""OUN"",""status"":""NEW""}","{""geometry"":{""coordinates"":[[[-99.68,36.47],[-99.62,36.55],[-99.35,36.51],[-99.37,36.41],[-99.57,36.4],[-99.68,36.47]]],""type"":""Polygon""},""properties"":{""_map_py"":{""effective"":""2026-06-22T00:20:00Z"",""event"":""Severe Thunderstorm Warning"",""expires"":""2026-06-22T01:00:00Z"",""has_polygon"":true,""headline"":"""",""sender"":""OUN""},""effective"":""2026-06-22T00:20:00Z"",""event"":""Severe Thunderstorm Warning"",""expires"":""2026-06-22T01:00:00Z"",""headline"":"""",""iem_damagetag"":""CONSIDERABLE"",""iem_emergency"":""False"",""iem_event_id"":""600"",""iem_forecaster"":""Mahale"",""iem_gtype"":""P"",""iem_hailtag"":""1.75"",""iem_phenomena"":""SV"",""iem_raw_properties"":{""AREA_KM2"":""354.54231649608744"",""DAMAGTAG"":""CONSIDERABLE"",""EMERGENC"":""False"",""ETN"":""600"",""EXPIRED"":""202606220100"",""FCSTER"":""Mahale"",""GTYPE"":""P"",""HAILTAG"":""1.75"",""HV_CAUSE"":null,""HV_NWSLI"":null,""HV_REC"":null,""HV_SEV"":null,""INIT_EXP"":""202606220100"",""INIT_ISS"":""202606220020"",""ISSUED"":""202606220020"",""NWS_UGC"":null,""PHENOM"":""SV"",""POLY_BEG"":""202606220020"",""POLY_END"":""202606220035"",""PROD_ID"":""202606220020-KOUN-WUUS54-SVROUN"",""SIG"":""W"",""STATUS"":""NEW"",""TORNTAG"":null,""UPDATED"":""202606220020"",""VTEC_YR"":""2026"",""WFO"":""OUN"",""WINDTAG"":""60.0""},""iem_significance"":""W"",""iem_tornadotag"":"""",""iem_ugc"":"""",""iem_wfo"":""OUN"",""iem_windtag"":""60.0"",""senderName"":""OUN"",""status"":""NEW""},""type"":""Feature""}",2026-04-27T17:31:58Z,2026-07-09T05:15:02Z,2026-07-09T18:49:04Z
9732,iem_watchwarn,iem_watchwarn|PAH|46|TO|W|2026-06-22T00:20:00Z|2026-06-22T01:00:00Z|,Tornado Warning,,2026-06-22T00:20:00Z,2026-06-22T01:00:00Z,PAH,NEW,1,"{""coordinates"":[[[-87.67,38.54],[-87.65,38.51],[-87.66,38.5],[-87.67,38.51],[-87.72,38.48],[-87.74,38.48],[-87.76,38.46],[-87.73,38.44],[-87.76,38.39],[-88.03,38.44],[-88.01,38.55],[-87.65,38.56],[-87.67,38.54]]],""type"":""Polygon""}","{""_map_py"":{""effective"":""2026-06-22T00:20:00Z"",""event"":""Tornado Warning"",""expires"":""2026-06-22T01:00:00Z"",""has_polygon"":true,""headline"":"""",""sender"":""PAH""},""effective"":""2026-06-22T00:20:00Z"",""event"":""Tornado Warning"",""expires"":""2026-06-22T01:00:00Z"",""headline"":"""",""iem_damagetag"":"""",""iem_emergency"":""False"",""iem_event_id"":""46"",""iem_forecaster"":""SP"",""iem_gtype"":""P"",""iem_hailtag"":""1.0"",""iem_phenomena"":""TO"",""iem_raw_properties"":{""AREA_KM2"":""429.4171049464994"",""DAMAGTAG"":null,""EMERGENC"":""False"",""ETN"":""46"",""EXPIRED"":""202606220100"",""FCSTER"":""SP"",""GTYPE"":""P"",""HAILTAG"":""1.0"",""HV_CAUSE"":null,""HV_NWSLI"":null,""HV_REC"":null,""HV_SEV"":null,""INIT_EXP"":""202606220100"",""INIT_ISS"":""202606220020"",""ISSUED"":""202606220020"",""NWS_UGC"":null,""PHENOM"":""TO"",""POLY_BEG"":""202606220020"",""POLY_END"":""202606220049"",""PROD_ID"":""202606220020-KPAH-WFUS53-TORPAH"",""SIG"":""W"",""STATUS"":""NEW"",""TORNTAG"":""RADAR INDICATED"",""UPDATED"":""202606220020"",""VTEC_YR"":""2026"",""WFO"":""PAH"",""WINDTAG"":null},""iem_significance"":""W"",""iem_tornadotag"":""RADAR INDICATED"",""iem_ugc"":"""",""iem_wfo"":""PAH"",""iem_windtag"":"""",""senderName"":""PAH"",""status"":""NEW""}","{""geometry"":{""coordinates"":[[[-87.67,38.54],[-87.65,38.51],[-87.66,38.5],[-87.67,38.51],[-87.72,38.48],[-87.74,38.48],[-87.76,38.46],[-87.73,38.44],[-87.76,38.39],[-88.03,38.44],[-88.01,38.55],[-87.65,38.56],[-87.67,38.54]]],""type"":""Polygon""},""properties"":{""_map_py"":{""effective"":""2026-06-22T00:20:00Z"",""event"":""Tornado Warning"",""expires"":""2026-06-22T01:00:00Z"",""has_polygon"":true,""headline"":"""",""sender"":""PAH""},""effective"":""2026-06-22T00:20:00Z"",""event"":""Tornado Warning"",""expires"":""2026-06-22T01:00:00Z"",""headline"":"""",""iem_damagetag"":"""",""iem_emergency"":""False"",""iem_event_id"":""46"",""iem_forecaster"":""SP"",""iem_gtype"":""P"",""iem_hailtag"":""1.0"",""iem_phenomena"":""TO"",""iem_raw_properties"":{""AREA_KM2"":""429.4171049464994"",""DAMAGTAG"":null,""EMERGENC"":""False"",""ETN"":""46"",""EXPIRED"":""202606220100"",""FCSTER"":""SP"",""GTYPE"":""P"",""HAILTAG"":""1.0"",""HV_CAUSE"":null,""HV_NWSLI"":null,""HV_REC"":null,""HV_SEV"":null,""INIT_EXP"":""202606220100"",""INIT_ISS"":""202606220020"",""ISSUED"":""202606220020"",""NWS_UGC"":null,""PHENOM"":""TO"",""POLY_BEG"":""202606220020"",""POLY_END"":""202606220049"",""PROD_ID"":""202606220020-KPAH-WFUS53-TORPAH"",""SIG"":""W"",""STATUS"":""NEW"",""TORNTAG"":""RADAR INDICATED"",""UPDATED"":""202606220020"",""VTEC_YR"":""2026"",""WFO"":""PAH"",""WINDTAG"":null},""iem_significance"":""W"",""iem_tornadotag"":""RADAR INDICATED"",""iem_ugc"":"""",""iem_wfo"":""PAH"",""iem_windtag"":"""",""senderName"":""PAH"",""status"":""NEW""},""type"":""Feature""}",2026-04-27T17:31:58Z,2026-07-09T05:15:02Z,2026-07-09T18:49:04Z
5850,iem_watchwarn,iem_watchwarn|IND|231|SV|W|2026-06-22T00:25:00Z|2026-06-22T01:15:00Z|,Severe Thunderstorm Warning,,2026-06-22T00:25:00Z,2026-06-22T01:15:00Z,IND,NEW,1,"{""coordinates"":[[[-85.44,39.2],[-85.44,39.08],[-85.79,39.07],[-85.88,39.45],[-85.3,39.52],[-85.3,39.27],[-85.44,39.2]]],""type"":""Polygon""}","{""_map_py"":{""effective"":""2026-06-22T00:25:00Z"",""event"":""Severe Thunderstorm Warning"",""expires"":""2026-06-22T01:15:00Z"",""has_polygon"":true,""headline"":"""",""sender"":""IND""},""effective"":""2026-06-22T00:25:00Z"",""event"":""Severe Thunderstorm Warning"",""expires"":""2026-06-22T01:15:00Z"",""headline"":"""",""iem_damagetag"":"""",""iem_emergency"":""False"",""iem_event_id"":""231"",""iem_forecaster"":""GM"",""iem_gtype"":""P"",""iem_hailtag"":""0.75"",""iem_phenomena"":""SV"",""iem_raw_properties"":{""AREA_KM2"":""1902.539421820112"",""DAMAGTAG"":null,""EMERGENC"":""False"",""ETN"":""231"",""EXPIRED"":""202606220115"",""FCSTER"":""GM"",""GTYPE"":""P"",""HAILTAG"":""0.75"",""HV_CAUSE"":null,""HV_NWSLI"":null,""HV_REC"":null,""HV_SEV"":null,""INIT_EXP"":""202606220115"",""INIT_ISS"":""202606220025"",""ISSUED"":""202606220025"",""NWS_UGC"":null,""PHENOM"":""SV"",""POLY_BEG"":""202606220025"",""POLY_END"":""202606220042"",""PROD_ID"":""202606220025-KIND-WUUS53-SVRIND"",""SIG"":""W"",""STATUS"":""NEW"",""TORNTAG"":""POSSIBLE"",""UPDATED"":""202606220025"",""VTEC_YR"":""2026"",""WFO"":""IND"",""WINDTAG"":""60.0""},""iem_significance"":""W"",""iem_tornadotag"":""POSSIBLE"",""iem_ugc"":"""",""iem_wfo"":""IND"",""iem_windtag"":""60.0"",""senderName"":""IND"",""status"":""NEW""}","{""geometry"":{""coordinates"":[[[-85.44,39.2],[-85.44,39.08],[-85.79,39.07],[-85.88,39.45],[-85.3,39.52],[-85.3,39.27],[-85.44,39.2]]],""type"":""Polygon""},""properties"":{""_map_py"":{""effective"":""2026-06-22T00:25:00Z"",""event"":""Severe Thunderstorm Warning"",""expires"":""2026-06-22T01:15:00Z"",""has_polygon"":true,""headline"":"""",""sender"":""IND""},""effective"":""2026-06-22T00:25:00Z"",""event"":""Severe Thunderstorm Warning"",""expires"":""2026-06-22T01:15:00Z"",""headline"":"""",""iem_damagetag"":"""",""iem_emergency"":""False"",""iem_event_id"":""231"",""iem_forecaster"":""GM"",""iem_gtype"":""P"",""iem_hailtag"":""0.75"",""iem_phenomena"":""SV"",""iem_raw_properties"":{""AREA_KM2"":""1902.539421820112"",""DAMAGTAG"":null,""EMERGENC"":""False"",""ETN"":""231"",""EXPIRED"":""202606220115"",""FCSTER"":""GM"",""GTYPE"":""P"",""HAILTAG"":""0.75"",""HV_CAUSE"":null,""HV_NWSLI"":null,""HV_REC"":null,""HV_SEV"":null,""INIT_EXP"":""202606220115"",""INIT_ISS"":""202606220025"",""ISSUED"":""202606220025"",""NWS_UGC"":null,""PHENOM"":""SV"",""POLY_BEG"":""202606220025"",""POLY_END"":""202606220042"",""PROD_ID"":""202606220025-KIND-WUUS53-SVRIND"",""SIG"":""W"",""STATUS"":""NEW"",""TORNTAG"":""POSSIBLE"",""UPDATED"":""202606220025"",""VTEC_YR"":""2026"",""WFO"":""IND"",""WINDTAG"":""60.0""},""iem_significance"":""W"",""iem_tornadotag"":""POSSIBLE"",""iem_ugc"":"""",""iem_wfo"":""IND"",""iem_windtag"":""60.0"",""senderName"":""IND"",""status"":""NEW""},""type"":""Feature""}",2026-04-27T17:31:58Z,2026-07-09T05:15:02Z,2026-07-09T18:49:04Z
11289,iem_watchwarn,iem_watchwarn|IND|232|SV|W|2026-06-22T00:27:00Z|2026-06-22T01:15:00Z|,Severe Thunderstorm Warning,,2026-06-22T00:27:00Z,2026-06-22T01:15:00Z,IND,NEW,1,"{""coordinates"":[[[-86.66,38.84],[-85.8,38.8],[-85.87,38.73],[-85.89,38.73],[-85.91,38.76],[-85.91,38.75],[-85.96,38.76],[-85.98,38.75],[-85.98,38.77],[-86.02,38.77],[-86.03,38.76],[-86.09,38.78],[-86.1,38.77],[-86.14,38.76],[-86.2,38.78],[-86.28,38.76],[-86.29,38.74],[-86.31,38.73],[-86.31,38.69],[-86.68,38.69],[-86.66,38.84]]],""type"":""Polygon""}","{""_map_py"":{""effective"":""2026-06-22T00:27:00Z"",""event"":""Severe Thunderstorm Warning"",""expires"":""2026-06-22T01:15:00Z"",""has_polygon"":true,""headline"":"""",""sender"":""IND""},""effective"":""2026-06-22T00:27:00Z"",""event"":""Severe Thunderstorm Warning"",""expires"":""2026-06-22T01:15:00Z"",""headline"":"""",""iem_damagetag"":"""",""iem_emergency"":""False"",""iem_event_id"":""232"",""iem_forecaster"":""White"",""iem_gtype"":""P"",""iem_hailtag"":""1.0"",""iem_phenomena"":""SV"",""iem_raw_properties"":{""AREA_KM2"":""739.9791089064694"",""DAMAGTAG"":null,""EMERGENC"":""False"",""ETN"":""232"",""EXPIRED"":""202606220115"",""FCSTER"":""White"",""GTYPE"":""P"",""HAILTAG"":""1.0"",""HV_CAUSE"":null,""HV_NWSLI"":null,""HV_REC"":null,""HV_SEV"":null,""INIT_EXP"":""202606220115"",""INIT_ISS"":""202606220027"",""ISSUED"":""202606220027"",""NWS_UGC"":null,""PHENOM"":""SV"",""POLY_BEG"":""202606220027"",""POLY_END"":""202606220047"",""PROD_ID"":""202606220027-KIND-WUUS53-SVRIND"",""SIG"":""W"",""STATUS"":""NEW"",""TORNTAG"":null,""UPDATED"":""202606220027"",""VTEC_YR"":""2026"",""WFO"":""IND"",""WINDTAG"":""60.0""},""iem_significance"":""W"",""iem_tornadotag"":"""",""iem_ugc"":"""",""iem_wfo"":""IND"",""iem_windtag"":""60.0"",""senderName"":""IND"",""status"":""NEW""}","{""geometry"":{""coordinates"":[[[-86.66,38.84],[-85.8,38.8],[-85.87,38.73],[-85.89,38.73],[-85.91,38.76],[-85.91,38.75],[-85.96,38.76],[-85.98,38.75],[-85.98,38.77],[-86.02,38.77],[-86.03,38.76],[-86.09,38.78],[-86.1,38.77],[-86.14,38.76],[-86.2,38.78],[-86.28,38.76],[-86.29,38.74],[-86.31,38.73],[-86.31,38.69],[-86.68,38.69],[-86.66,38.84]]],""type"":""Polygon""},""properties"":{""_map_py"":{""effective"":""2026-06-22T00:27:00Z"",""event"":""Severe Thunderstorm Warning"",""expires"":""2026-06-22T01:15:00Z"",""has_polygon"":true,""headline"":"""",""sender"":""IND""},""effective"":""2026-06-22T00:27:00Z"",""event"":""Severe Thunderstorm Warning"",""expires"":""2026-06-22T01:15:00Z"",""headline"":"""",""iem_damagetag"":"""",""iem_emergency"":""False"",""iem_event_id"":""232"",""iem_forecaster"":""White"",""iem_gtype"":""P"",""iem_hailtag"":""1.0"",""iem_phenomena"":""SV"",""iem_raw_properties"":{""AREA_KM2"":""739.9791089064694"",""DAMAGTAG"":null,""EMERGENC"":""False"",""ETN"":""232"",""EXPIRED"":""202606220115"",""FCSTER"":""White"",""GTYPE"":""P"",""HAILTAG"":""1.0"",""HV_CAUSE"":null,""HV_NWSLI"":null,""HV_REC"":null,""HV_SEV"":null,""INIT_EXP"":""202606220115"",""INIT_ISS"":""202606220027"",""ISSUED"":""202606220027"",""NWS_UGC"":null,""PHENOM"":""SV"",""POLY_BEG"":""202606220027"",""POLY_END"":""202606220047"",""PROD_ID"":""202606220027-KIND-WUUS53-SVRIND"",""SIG"":""W"",""STATUS"":""NEW"",""TORNTAG"":null,""UPDATED"":""202606220027"",""VTEC_YR"":""2026"",""WFO"":""IND"",""WINDTAG"":""60.0""},""iem_significance"":""W"",""iem_tornadotag"":"""",""iem_ugc"":"""",""iem_wfo"":""IND"",""iem_windtag"":""60.0"",""senderName"":""IND"",""status"":""NEW""},""type"":""Feature""}",2026-04-27T17:31:58Z,2026-07-09T05:15:02Z,2026-07-09T18:49:04Z
555,iem_watchwarn,iem_watchwarn|PAH|47|TO|W|2026-06-22T00:28:00Z|2026-06-22T01:15:00Z|,Tornado Warning,,2026-06-22T00:28:00Z,2026-06-22T01:15:00Z,PAH,NEW,1,"{""coordinates"":[[[-87.48,38.18],[-87.48,38.27],[-87.18,38.32],[-87.16,38.18],[-87.48,38.18]]],""type"":""Polygon""}","{""_map_py"":{""effective"":""2026-06-22T00:28:00Z"",""event"":""Tornado Warning"",""expires"":""2026-06-22T01:15:00Z"",""has_polygon"":true,""headline"":"""",""sender"":""PAH""},""effective"":""2026-06-22T00:28:00Z"",""event"":""Tornado Warning"",""expires"":""2026-06-22T01:15:00Z"",""headline"":"""",""iem_damagetag"":"""",""iem_emergency"":""False"",""iem_event_id"":""47"",""iem_forecaster"":""DW"",""iem_gtype"":""P"",""iem_hailtag"":""1.75"",""iem_phenomena"":""TO"",""iem_raw_properties"":{""AREA_KM2"":""348.62099554065395"",""DAMAGTAG"":null,""EMERGENC"":""False"",""ETN"":""47"",""EXPIRED"":""202606220115"",""FCSTER"":""DW"",""GTYPE"":""P"",""HAILTAG"":""1.75"",""HV_CAUSE"":null,""HV_NWSLI"":null,""HV_REC"":null,""HV_SEV"":null,""INIT_EXP"":""202606220115"",""INIT_ISS"":""202606220028"",""ISSUED"":""202606220028"",""NWS_UGC"":null,""PHENOM"":""TO"",""POLY_BEG"":""202606220028"",""POLY_END"":""202606220037"",""PROD_ID"":""202606220028-KPAH-WFUS53-TORPAH"",""SIG"":""W"",""STATUS"":""NEW"",""TORNTAG"":""RADAR INDICATED"",""UPDATED"":""202606220028"",""VTEC_YR"":""2026"",""WFO"":""PAH"",""WINDTAG"":null},""iem_significance"":""W"",""iem_tornadotag"":""RADAR INDICATED"",""iem_ugc"":"""",""iem_wfo"":""PAH"",""iem_windtag"":"""",""senderName"":""PAH"",""status"":""NEW""}","{""geometry"":{""coordinates"":[[[-87.48,38.18],[-87.48,38.27],[-87.18,38.32],[-87.16,38.18],[-87.48,38.18]]],""type"":""Polygon""},""properties"":{""_map_py"":{""effective"":""2026-06-22T00:28:00Z"",""event"":""Tornado Warning"",""expires"":""2026-06-22T01:15:00Z"",""has_polygon"":true,""headline"":"""",""sender"":""PAH""},""effective"":""2026-06-22T00:28:00Z"",""event"":""Tornado Warning"",""expires"":""2026-06-22T01:15:00Z"",""headline"":"""",""iem_damagetag"":"""",""iem_emergency"":""False"",""iem_event_id"":""47"",""iem_forecaster"":""DW"",""iem_gtype"":""P"",""iem_hailtag"":""1.75"",""iem_phenomena"":""TO"",""iem_raw_properties"":{""AREA_KM2"":""348.62099554065395"",""DAMAGTAG"":null,""EMERGENC"":""False"",""ETN"":""47"",""EXPIRED"":""202606220115"",""FCSTER"":""DW"",""GTYPE"":""P"",""HAILTAG"":""1.75"",""HV_CAUSE"":null,""HV_NWSLI"":null,""HV_REC"":null,""HV_SEV"":null,""INIT_EXP"":""202606220115"",""INIT_ISS"":""202606220028"",""ISSUED"":""202606220028"",""NWS_UGC"":null,""PHENOM"":""TO"",""POLY_BEG"":""202606220028"",""POLY_END"":""202606220037"",""PROD_ID"":""202606220028-KPAH-WFUS53-TORPAH"",""SIG"":""W"",""STATUS"":""NEW"",""TORNTAG"":""RADAR INDICATED"",""UPDATED"":""202606220028"",""VTEC_YR"":""2026"",""WFO"":""PAH"",""WINDTAG"":null},""iem_significance"":""W"",""iem_tornadotag"":""RADAR INDICATED"",""iem_ugc"":"""",""iem_wfo"":""PAH"",""iem_windtag"":"""",""senderName"":""PAH"",""status"":""NEW""},""type"":""Feature""}",2026-04-27T17:31:58Z,2026-07-09T05:15:02Z,2026-07-09T18:49:04Z
3489,iem_watchwarn,iem_watchwarn|ILX|130|TO|W|2026-06-22T00:29:00Z|2026-06-22T00:53:00Z|,Tornado Warning,,2026-06-22T00:29:00Z,2026-06-22T00:53:00Z,ILX,NEW,1,"{""coordinates"":[[[-89.5,39.54],[-89.42,39.68],[-89.02,39.64],[-89.02,39.35],[-89.05,39.35],[-89.5,39.54]]],""type"":""Polygon""}","{""_map_py"":{""effective"":""2026-06-22T00:29:00Z"",""event"":""Tornado Warning"",""expires"":""2026-06-22T00:53:00Z"",""has_polygon"":true,""headline"":"""",""sender"":""ILX""},""effective"":""2026-06-22T00:29:00Z"",""event"":""Tornado Warning"",""expires"":""2026-06-22T00:53:00Z"",""headline"":"""",""iem_damagetag"":"""",""iem_emergency"":""False"",""iem_event_id"":""130"",""iem_forecaster"":""25"",""iem_gtype"":""P"",""iem_hailtag"":""0.75"",""iem_phenomena"":""TO"",""iem_raw_properties"":{""AREA_KM2"":""972.5188927850044"",""DAMAGTAG"":null,""EMERGENC"":""False"",""ETN"":""130"",""EXPIRED"":""202606220053"",""FCSTER"":""25"",""GTYPE"":""P"",""HAILTAG"":""0.75"",""HV_CAUSE"":null,""HV_NWSLI"":null,""HV_REC"":null,""HV_SEV"":null,""INIT_EXP"":""202606220115"",""INIT_ISS"":""202606220029"",""ISSUED"":""202606220029"",""NWS_UGC"":null,""PHENOM"":""TO"",""POLY_BEG"":""202606220029"",""POLY_END"":""202606220044"",""PROD_ID"":""202606220029-KILX-WFUS53-TORILX"",""SIG"":""W"",""STATUS"":""NEW"",""TORNTAG"":""OBSERVED"",""UPDATED"":""202606220029"",""VTEC_YR"":""2026"",""WFO"":""ILX"",""WINDTAG"":null},""iem_significance"":""W"",""iem_tornadotag"":""OBSERVED"",""iem_ugc"":"""",""iem_wfo"":""ILX"",""iem_windtag"":"""",""senderName"":""ILX"",""status"":""NEW""}","{""geometry"":{""coordinates"":[[[-89.5,39.54],[-89.42,39.68],[-89.02,39.64],[-89.02,39.35],[-89.05,39.35],[-89.5,39.54]]],""type"":""Polygon""},""properties"":{""_map_py"":{""effective"":""2026-06-22T00:29:00Z"",""event"":""Tornado Warning"",""expires"":""2026-06-22T00:53:00Z"",""has_polygon"":true,""headline"":"""",""sender"":""ILX""},""effective"":""2026-06-22T00:29:00Z"",""event"":""Tornado Warning"",""expires"":""2026-06-22T00:53:00Z"",""headline"":"""",""iem_damagetag"":"""",""iem_emergency"":""False"",""iem_event_id"":""130"",""iem_forecaster"":""25"",""iem_gtype"":""P"",""iem_hailtag"":""0.75"",""iem_phenomena"":""TO"",""iem_raw_properties"":{""AREA_KM2"":""972.5188927850044"",""DAMAGTAG"":null,""EMERGENC"":""False"",""ETN"":""130"",""EXPIRED"":""202606220053"",""FCSTER"":""25"",""GTYPE"":""P"",""HAILTAG"":""0.75"",""HV_CAUSE"":null,""HV_NWSLI"":null,""HV_REC"":null,""HV_SEV"":null,""INIT_EXP"":""202606220115"",""INIT_ISS"":""202606220029"",""ISSUED"":""202606220029"",""NWS_UGC"":null,""PHENOM"":""TO"",""POLY_BEG"":""202606220029"",""POLY_END"":""202606220044"",""PROD_ID"":""202606220029-KILX-WFUS53-TORILX"",""SIG"":""W"",""STATUS"":""NEW"",""TORNTAG"":""OBSERVED"",""UPDATED"":""202606220029"",""VTEC_YR"":""2026"",""WFO"":""ILX"",""WINDTAG"":null},""iem_significance"":""W"",""iem_tornadotag"":""OBSERVED"",""iem_ugc"":"""",""iem_wfo"":""ILX"",""iem_windtag"":"""",""senderName"":""ILX"",""status"":""NEW""},""type"":""Feature""}",2026-04-27T17:31:58Z,2026-07-09T05:15:02Z,2026-07-09T18:49:04Z
1558,iem_watchwarn,iem_watchwarn|LBF|118|SV|W|2026-06-22T00:32:00Z|2026-06-22T00:56:00Z|,Severe Thunderstorm Warning,,2026-06-22T00:32:00Z,2026-06-22T00:56:00Z,LBF,NEW,1,"{""coordinates"":[[[-101.85,41.17],[-101.52,41.27],[-101.31,40.98],[-101.76,40.93],[-101.85,41.17]]],""type"":""Polygon""}","{""_map_py"":{""effective"":""2026-06-22T00:32:00Z"",""event"":""Severe Thunderstorm Warning"",""expires"":""2026-06-22T00:56:00Z"",""has_polygon"":true,""headline"":"""",""sender"":""LBF""},""effective"":""2026-06-22T00:32:00Z"",""event"":""Severe Thunderstorm Warning"",""expires"":""2026-06-22T00:56:00Z"",""headline"":"""",""iem_damagetag"":""DESTRUCTIVE"",""iem_emergency"":""False"",""iem_event_id"":""118"",""iem_forecaster"":""Brown"",""iem_gtype"":""P"",""iem_hailtag"":""1.0"",""iem_phenomena"":""SV"",""iem_raw_properties"":{""AREA_KM2"":""1068.0146791008897"",""DAMAGTAG"":""DESTRUCTIVE"",""EMERGENC"":""False"",""ETN"":""118"",""EXPIRED"":""202606220056"",""FCSTER"":""Brown"",""GTYPE"":""P"",""HAILTAG"":""1.0"",""HV_CAUSE"":null,""HV_NWSLI"":null,""HV_REC"":null,""HV_SEV"":null,""INIT_EXP"":""202606220115"",""INIT_ISS"":""202606220032"",""ISSUED"":""202606220032"",""NWS_UGC"":null,""PHENOM"":""SV"",""POLY_BEG"":""202606220032"",""POLY_END"":""202606220056"",""PROD_ID"":""202606220032-KLBF-WUUS53-SVRLBF"",""SIG"":""W"",""STATUS"":""NEW"",""TORNTAG"":null,""UPDATED"":""202606220032"",""VTEC_YR"":""2026"",""WFO"":""LBF"",""WINDTAG"":""80.0""},""iem_significance"":""W"",""iem_tornadotag"":"""",""iem_ugc"":"""",""iem_wfo"":""LBF"",""iem_windtag"":""80.0"",""senderName"":""LBF"",""status"":""NEW""}","{""geometry"":{""coordinates"":[[[-101.85,41.17],[-101.52,41.27],[-101.31,40.98],[-101.76,40.93],[-101.85,41.17]]],""type"":""Polygon""},""properties"":{""_map_py"":{""effective"":""2026-06-22T00:32:00Z"",""event"":""Severe Thunderstorm Warning"",""expires"":""2026-06-22T00:56:00Z"",""has_polygon"":true,""headline"":"""",""sender"":""LBF""},""effective"":""2026-06-22T00:32:00Z"",""event"":""Severe Thunderstorm Warning"",""expires"":""2026-06-22T00:56:00Z"",""headline"":"""",""iem_damagetag"":""DESTRUCTIVE"",""iem_emergency"":""False"",""iem_event_id"":""118"",""iem_forecaster"":""Brown"",""iem_gtype"":""P"",""iem_hailtag"":""1.0"",""iem_phenomena"":""SV"",""iem_raw_properties"":{""AREA_KM2"":""1068.0146791008897"",""DAMAGTAG"":""DESTRUCTIVE"",""EMERGENC"":""False"",""ETN"":""118"",""EXPIRED"":""202606220056"",""FCSTER"":""Brown"",""GTYPE"":""P"",""HAILTAG"":""1.0"",""HV_CAUSE"":null,""HV_NWSLI"":null,""HV_REC"":null,""HV_SEV"":null,""INIT_EXP"":""202606220115"",""INIT_ISS"":""202606220032"",""ISSUED"":""202606220032"",""NWS_UGC"":null,""PHENOM"":""SV"",""POLY_BEG"":""202606220032"",""POLY_END"":""202606220056"",""PROD_ID"":""202606220032-KLBF-WUUS53-SVRLBF"",""SIG"":""W"",""STATUS"":""NEW"",""TORNTAG"":null,""UPDATED"":""202606220032"",""VTEC_YR"":""2026"",""WFO"":""LBF"",""WINDTAG"":""80.0""},""iem_significance"":""W"",""iem_tornadotag"":"""",""iem_ugc"":"""",""iem_wfo"":""LBF"",""iem_windtag"":""80.0"",""senderName"":""LBF"",""status"":""NEW""},""type"":""Feature""}",2026-04-27T17:31:58Z,2026-07-09T05:15:02Z,2026-07-09T18:49:04Z
2559,iem_watchwarn,iem_watchwarn|IND|70|TO|W|2026-06-22T00:35:00Z|2026-06-22T01:00:00Z|,Tornado Warning,,2026-06-22T00:35:00Z,2026-06-22T01:00:00Z,IND,NEW,1,"{""coordinates"":[[[-85.63,39.23],[-85.69,39.28],[-85.5,39.4],[-85.4,39.29],[-85.63,39.23]]],""type"":""Polygon""}","{""_map_py"":{""effective"":""2026-06-22T00:35:00Z"",""event"":""Tornado Warning"",""expires"":""2026-06-22T01:00:00Z"",""has_polygon"":true,""headline"":"""",""sender"":""IND""},""effective"":""2026-06-22T00:35:00Z"",""event"":""Tornado Warning"",""expires"":""2026-06-22T01:00:00Z"",""headline"":"""",""iem_damagetag"":"""",""iem_emergency"":""False"",""iem_event_id"":""70"",""iem_forecaster"":""GM"",""iem_gtype"":""P"",""iem_hailtag"":""0.75"",""iem_phenomena"":""TO"",""iem_raw_properties"":{""AREA_KM2"":""229.64739582127063"",""DAMAGTAG"":null,""EMERGENC"":""False"",""ETN"":""70"",""EXPIRED"":""202606220100"",""FCSTER"":""GM"",""GTYPE"":""P"",""HAILTAG"":""0.75"",""HV_CAUSE"":null,""HV_NWSLI"":null,""HV_REC"":null,""HV_SEV"":null,""INIT_EXP"":""202606220100"",""INIT_ISS"":""202606220035"",""ISSUED"":""202606220035"",""NWS_UGC"":null,""PHENOM"":""TO"",""POLY_BEG"":""202606220035"",""POLY_END"":""202606220039"",""PROD_ID"":""202606220035-KIND-WFUS53-TORIND"",""SIG"":""W"",""STATUS"":""NEW"",""TORNTAG"":""RADAR INDICATED"",""UPDATED"":""202606220035"",""VTEC_YR"":""2026"",""WFO"":""IND"",""WINDTAG"":null},""iem_significance"":""W"",""iem_tornadotag"":""RADAR INDICATED"",""iem_ugc"":"""",""iem_wfo"":""IND"",""iem_windtag"":"""",""senderName"":""IND"",""status"":""NEW""}","{""geometry"":{""coordinates"":[[[-85.63,39.23],[-85.69,39.28],[-85.5,39.4],[-85.4,39.29],[-85.63,39.23]]],""type"":""Polygon""},""properties"":{""_map_py"":{""effective"":""2026-06-22T00:35:00Z"",""event"":""Tornado Warning"",""expires"":""2026-06-22T01:00:00Z"",""has_polygon"":true,""headline"":"""",""sender"":""IND""},""effective"":""2026-06-22T00:35:00Z"",""event"":""Tornado Warning"",""expires"":""2026-06-22T01:00:00Z"",""headline"":"""",""iem_damagetag"":"""",""iem_emergency"":""False"",""iem_event_id"":""70"",""iem_forecaster"":""GM"",""iem_gtype"":""P"",""iem_hailtag"":""0.75"",""iem_phenomena"":""TO"",""iem_raw_properties"":{""AREA_KM2"":""229.64739582127063"",""DAMAGTAG"":null,""EMERGENC"":""False"",""ETN"":""70"",""EXPIRED"":""202606220100"",""FCSTER"":""GM"",""GTYPE"":""P"",""HAILTAG"":""0.75"",""HV_CAUSE"":null,""HV_NWSLI"":null,""HV_REC"":null,""HV_SEV"":null,""INIT_EXP"":""202606220100"",""INIT_ISS"":""202606220035"",""ISSUED"":""202606220035"",""NWS_UGC"":null,""PHENOM"":""TO"",""POLY_BEG"":""202606220035"",""POLY_END"":""202606220039"",""PROD_ID"":""202606220035-KIND-WFUS53-TORIND"",""SIG"":""W"",""STATUS"":""NEW"",""TORNTAG"":""RADAR INDICATED"",""UPDATED"":""202606220035"",""VTEC_YR"":""2026"",""WFO"":""IND"",""WINDTAG"":null},""iem_significance"":""W"",""iem_tornadotag"":""RADAR INDICATED"",""iem_ugc"":"""",""iem_wfo"":""IND"",""iem_windtag"":"""",""senderName"":""IND"",""status"":""NEW""},""type"":""Feature""}",2026-04-27T17:31:58Z,2026-07-09T05:15:02Z,2026-07-09T18:49:04Z
11396,iem_watchwarn,iem_watchwarn|LMK|96|SV|W|2026-06-22T00:36:00Z|2026-06-22T01:15:00Z|,Severe Thunderstorm Warning,,2026-06-22T00:36:00Z,2026-06-22T01:15:00Z,LMK,NEW,1,"{""coordinates"":[[[-86.03,38.76],[-86.02,38.77],[-86.07,38.42],[-86.31,38.42],[-86.31,38.41],[-86.36,38.4],[-86.64,38.4],[-86.88,38.5],[-86.83,38.53],[-86.68,38.53],[-86.68,38.56],[-86.53,38.57],[-86.47,38.69],[-86.31,38.69],[-86.31,38.73],[-86.29,38.74],[-86.28,38.76],[-86.18,38.78],[-86.13,38.76],[-86.09,38.78],[-86.03,38.76]]],""type"":""Polygon""}","{""_map_py"":{""effective"":""2026-06-22T00:36:00Z"",""event"":""Severe Thunderstorm Warning"",""expires"":""2026-06-22T01:15:00Z"",""has_polygon"":true,""headline"":"""",""sender"":""LMK""},""effective"":""2026-06-22T00:36:00Z"",""event"":""Severe Thunderstorm Warning"",""expires"":""2026-06-22T01:15:00Z"",""headline"":"""",""iem_damagetag"":"""",""iem_emergency"":""False"",""iem_event_id"":""96"",""iem_forecaster"":""Webb"",""iem_gtype"":""P"",""iem_hailtag"":""0.75"",""iem_phenomena"":""SV"",""iem_raw_properties"":{""AREA_KM2"":""1834.0501489324045"",""DAMAGTAG"":null,""EMERGENC"":""False"",""ETN"":""96"",""EXPIRED"":""202606220115"",""FCSTER"":""Webb"",""GTYPE"":""P"",""HAILTAG"":""0.75"",""HV_CAUSE"":null,""HV_NWSLI"":null,""HV_REC"":null,""HV_SEV"":null,""INIT_EXP"":""202606220115"",""INIT_ISS"":""202606220036"",""ISSUED"":""202606220036"",""NWS_UGC"":null,""PHENOM"":""SV"",""POLY_BEG"":""202606220036"",""POLY_END"":""202606220115"",""PROD_ID"":""202606220036-KLMK-WUUS53-SVRLMK"",""SIG"":""W"",""STATUS"":""NEW"",""TORNTAG"":""POSSIBLE"",""UPDATED"":""202606220036"",""VTEC_YR"":""2026"",""WFO"":""LMK"",""WINDTAG"":""60.0""},""iem_significance"":""W"",""iem_tornadotag"":""POSSIBLE"",""iem_ugc"":"""",""iem_wfo"":""LMK"",""iem_windtag"":""60.0"",""senderName"":""LMK"",""status"":""NEW""}","{""geometry"":{""coordinates"":[[[-86.03,38.76],[-86.02,38.77],[-86.07,38.42],[-86.31,38.42],[-86.31,38.41],[-86.36,38.4],[-86.64,38.4],[-86.88,38.5],[-86.83,38.53],[-86.68,38.53],[-86.68,38.56],[-86.53,38.57],[-86.47,38.69],[-86.31,38.69],[-86.31,38.73],[-86.29,38.74],[-86.28,38.76],[-86.18,38.78],[-86.13,38.76],[-86.09,38.78],[-86.03,38.76]]],""type"":""Polygon""},""properties"":{""_map_py"":{""effective"":""2026-06-22T00:36:00Z"",""event"":""Severe Thunderstorm Warning"",""expires"":""2026-06-22T01:15:00Z"",""has_polygon"":true,""headline"":"""",""sender"":""LMK""},""effective"":""2026-06-22T00:36:00Z"",""event"":""Severe Thunderstorm Warning"",""expires"":""2026-06-22T01:15:00Z"",""headline"":"""",""iem_damagetag"":"""",""iem_emergency"":""False"",""iem_event_id"":""96"",""iem_forecaster"":""Webb"",""iem_gtype"":""P"",""iem_hailtag"":""0.75"",""iem_phenomena"":""SV"",""iem_raw_properties"":{""AREA_KM2"":""1834.0501489324045"",""DAMAGTAG"":null,""EMERGENC"":""False"",""ETN"":""96"",""EXPIRED"":""202606220115"",""FCSTER"":""Webb"",""GTYPE"":""P"",""HAILTAG"":""0.75"",""HV_CAUSE"":null,""HV_NWSLI"":null,""HV_REC"":null,""HV_SEV"":null,""INIT_EXP"":""202606220115"",""INIT_ISS"":""202606220036"",""ISSUED"":""202606220036"",""NWS_UGC"":null,""PHENOM"":""SV"",""POLY_BEG"":""202606220036"",""POLY_END"":""202606220115"",""PROD_ID"":""202606220036-KLMK-WUUS53-SVRLMK"",""SIG"":""W"",""STATUS"":""NEW"",""TORNTAG"":""POSSIBLE"",""UPDATED"":""202606220036"",""VTEC_YR"":""2026"",""WFO"":""LMK"",""WINDTAG"":""60.0""},""iem_significance"":""W"",""iem_tornadotag"":""POSSIBLE"",""iem_ugc"":"""",""iem_wfo"":""LMK"",""iem_windtag"":""60.0"",""senderName"":""LMK"",""status"":""NEW""},""type"":""Feature""}",2026-04-27T17:31:58Z,2026-07-09T05:15:02Z,2026-07-09T18:49:04Z
1211,iem_watchwarn,iem_watchwarn|ILX|131|TO|W|2026-06-22T00:36:00Z|2026-06-22T01:15:00Z|,Tornado Warning,,2026-06-22T00:36:00Z,2026-06-22T01:15:00Z,ILX,NEW,1,"{""coordinates"":[[[-89.03,39.34],[-89.02,39.46],[-88.47,39.45],[-88.47,39.3],[-89.03,39.34]]],""type"":""Polygon""}","{""_map_py"":{""effective"":""2026-06-22T00:36:00Z"",""event"":""Tornado Warning"",""expires"":""2026-06-22T01:15:00Z"",""has_polygon"":true,""headline"":"""",""sender"":""ILX""},""effective"":""2026-06-22T00:36:00Z"",""event"":""Tornado Warning"",""expires"":""2026-06-22T01:15:00Z"",""headline"":"""",""iem_damagetag"":"""",""iem_emergency"":""False"",""iem_event_id"":""131"",""iem_forecaster"":""25"",""iem_gtype"":""P"",""iem_hailtag"":""0.75"",""iem_phenomena"":""TO"",""iem_raw_properties"":{""AREA_KM2"":""717.0900682794571"",""DAMAGTAG"":null,""EMERGENC"":""False"",""ETN"":""131"",""EXPIRED"":""202606220115"",""FCSTER"":""25"",""GTYPE"":""P"",""HAILTAG"":""0.75"",""HV_CAUSE"":null,""HV_NWSLI"":null,""HV_REC"":null,""HV_SEV"":null,""INIT_EXP"":""202606220115"",""INIT_ISS"":""202606220036"",""ISSUED"":""202606220036"",""NWS_UGC"":null,""PHENOM"":""TO"",""POLY_BEG"":""202606220036"",""POLY_END"":""202606220052"",""PROD_ID"":""202606220036-KILX-WFUS53-TORILX"",""SIG"":""W"",""STATUS"":""NEW"",""TORNTAG"":""RADAR INDICATED"",""UPDATED"":""202606220036"",""VTEC_YR"":""2026"",""WFO"":""ILX"",""WINDTAG"":null},""iem_significance"":""W"",""iem_tornadotag"":""RADAR INDICATED"",""iem_ugc"":"""",""iem_wfo"":""ILX"",""iem_windtag"":"""",""senderName"":""ILX"",""status"":""NEW""}","{""geometry"":{""coordinates"":[[[-89.03,39.34],[-89.02,39.46],[-88.47,39.45],[-88.47,39.3],[-89.03,39.34]]],""type"":""Polygon""},""properties"":{""_map_py"":{""effective"":""2026-06-22T00:36:00Z"",""event"":""Tornado Warning"",""expires"":""2026-06-22T01:15:00Z"",""has_polygon"":true,""headline"":"""",""sender"":""ILX""},""effective"":""2026-06-22T00:36:00Z"",""event"":""Tornado Warning"",""expires"":""2026-06-22T01:15:00Z"",""headline"":"""",""iem_damagetag"":"""",""iem_emergency"":""False"",""iem_event_id"":""131"",""iem_forecaster"":""25"",""iem_gtype"":""P"",""iem_hailtag"":""0.75"",""iem_phenomena"":""TO"",""iem_raw_properties"":{""AREA_KM2"":""717.0900682794571"",""DAMAGTAG"":null,""EMERGENC"":""False"",""ETN"":""131"",""EXPIRED"":""202606220115"",""FCSTER"":""25"",""GTYPE"":""P"",""HAILTAG"":""0.75"",""HV_CAUSE"":null,""HV_NWSLI"":null,""HV_REC"":null,""HV_SEV"":null,""INIT_EXP"":""202606220115"",""INIT_ISS"":""202606220036"",""ISSUED"":""202606220036"",""NWS_UGC"":null,""PHENOM"":""TO"",""POLY_BEG"":""202606220036"",""POLY_END"":""202606220052"",""PROD_ID"":""202606220036-KILX-WFUS53-TORILX"",""SIG"":""W"",""STATUS"":""NEW"",""TORNTAG"":""RADAR INDICATED"",""UPDATED"":""202606220036"",""VTEC_YR"":""2026"",""WFO"":""ILX"",""WINDTAG"":null},""iem_significance"":""W"",""iem_tornadotag"":""RADAR INDICATED"",""iem_ugc"":"""",""iem_wfo"":""ILX"",""iem_windtag"":"""",""senderName"":""ILX"",""status"":""NEW""},""type"":""Feature""}",2026-04-27T17:31:58Z,2026-07-09T05:15:02Z,2026-07-09T18:49:04Z
3492,iem_watchwarn,iem_watchwarn|DDC|154|SV|W|2026-06-22T00:37:00Z|2026-06-22T01:15:00Z|,Severe Thunderstorm Warning,,2026-06-22T00:37:00Z,2026-06-22T01:15:00Z,DDC,NEW,1,"{""coordinates"":[[[-101.5,38.26],[-101.09,38.26],[-100.8,38.07],[-101.47,37.74],[-101.69,38.14],[-101.5,38.26]]],""type"":""Polygon""}","{""_map_py"":{""effective"":""2026-06-22T00:37:00Z"",""event"":""Severe Thunderstorm Warning"",""expires"":""2026-06-22T01:15:00Z"",""has_polygon"":true,""headline"":"""",""sender"":""DDC""},""effective"":""2026-06-22T00:37:00Z"",""event"":""Severe Thunderstorm Warning"",""expires"":""2026-06-22T01:15:00Z"",""headline"":"""",""iem_damagetag"":"""",""iem_emergency"":""False"",""iem_event_id"":""154"",""iem_forecaster"":""UMSCHEID"",""iem_gtype"":""P"",""iem_hailtag"":""1.0"",""iem_phenomena"":""SV"",""iem_raw_properties"":{""AREA_KM2"":""2618.0596708940534"",""DAMAGTAG"":null,""EMERGENC"":""False"",""ETN"":""154"",""EXPIRED"":""202606220115"",""FCSTER"":""UMSCHEID"",""GTYPE"":""P"",""HAILTAG"":""1.0"",""HV_CAUSE"":null,""HV_NWSLI"":null,""HV_REC"":null,""HV_SEV"":null,""INIT_EXP"":""202606220115"",""INIT_ISS"":""202606220037"",""ISSUED"":""202606220037"",""NWS_UGC"":null,""PHENOM"":""SV"",""POLY_BEG"":""202606220037"",""POLY_END"":""202606220115"",""PROD_ID"":""202606220037-KDDC-WUUS53-SVRDDC"",""SIG"":""W"",""STATUS"":""NEW"",""TORNTAG"":null,""UPDATED"":""202606220037"",""VTEC_YR"":""2026"",""WFO"":""DDC"",""WINDTAG"":""60.0""},""iem_significance"":""W"",""iem_tornadotag"":"""",""iem_ugc"":"""",""iem_wfo"":""DDC"",""iem_windtag"":""60.0"",""senderName"":""DDC"",""status"":""NEW""}","{""geometry"":{""coordinates"":[[[-101.5,38.26],[-101.09,38.26],[-100.8,38.07],[-101.47,37.74],[-101.69,38.14],[-101.5,38.26]]],""type"":""Polygon""},""properties"":{""_map_py"":{""effective"":""2026-06-22T00:37:00Z"",""event"":""Severe Thunderstorm Warning"",""expires"":""2026-06-22T01:15:00Z"",""has_polygon"":true,""headline"":"""",""sender"":""DDC""},""effective"":""2026-06-22T00:37:00Z"",""event"":""Severe Thunderstorm Warning"",""expires"":""2026-06-22T01:15:00Z"",""headline"":"""",""iem_damagetag"":"""",""iem_emergency"":""False"",""iem_event_id"":""154"",""iem_forecaster"":""UMSCHEID"",""iem_gtype"":""P"",""iem_hailtag"":""1.0"",""iem_phenomena"":""SV"",""iem_raw_properties"":{""AREA_KM2"":""2618.0596708940534"",""DAMAGTAG"":null,""EMERGENC"":""False"",""ETN"":""154"",""EXPIRED"":""202606220115"",""FCSTER"":""UMSCHEID"",""GTYPE"":""P"",""HAILTAG"":""1.0"",""HV_CAUSE"":null,""HV_NWSLI"":null,""HV_REC"":null,""HV_SEV"":null,""INIT_EXP"":""202606220115"",""INIT_ISS"":""202606220037"",""ISSUED"":""202606220037"",""NWS_UGC"":null,""PHENOM"":""SV"",""POLY_BEG"":""202606220037"",""POLY_END"":""202606220115"",""PROD_ID"":""202606220037-KDDC-WUUS53-SVRDDC"",""SIG"":""W"",""STATUS"":""NEW"",""TORNTAG"":null,""UPDATED"":""202606220037"",""VTEC_YR"":""2026"",""WFO"":""DDC"",""WINDTAG"":""60.0""},""iem_significance"":""W"",""iem_tornadotag"":"""",""iem_ugc"":"""",""iem_wfo"":""DDC"",""iem_windtag"":""60.0"",""senderName"":""DDC"",""status"":""NEW""},""type"":""Feature""}",2026-04-27T17:31:58Z,2026-07-09T05:15:02Z,2026-07-09T18:49:04Z
899,iem_watchwarn,iem_watchwarn|PAH|48|TO|W|2026-06-22T00:39:00Z|2026-06-22T01:06:00Z|,Tornado Warning,,2026-06-22T00:39:00Z,2026-06-22T01:06:00Z,PAH,NEW,1,"{""coordinates"":[[[-88.21,38.39],[-88.2,38.47],[-87.81,38.48],[-87.87,38.32],[-88.21,38.39]]],""type"":""Polygon""}","{""_map_py"":{""effective"":""2026-06-22T00:39:00Z"",""event"":""Tornado Warning"",""expires"":""2026-06-22T01:06:00Z"",""has_polygon"":true,""headline"":"""",""sender"":""PAH""},""effective"":""2026-06-22T00:39:00Z"",""event"":""Tornado Warning"",""expires"":""2026-06-22T01:06:00Z"",""headline"":"""",""iem_damagetag"":"""",""iem_emergency"":""False"",""iem_event_id"":""48"",""iem_forecaster"":""SP"",""iem_gtype"":""P"",""iem_hailtag"":""0.75"",""iem_phenomena"":""TO"",""iem_raw_properties"":{""AREA_KM2"":""434.57905644192147"",""DAMAGTAG"":null,""EMERGENC"":""False"",""ETN"":""48"",""EXPIRED"":""202606220106"",""FCSTER"":""SP"",""GTYPE"":""P"",""HAILTAG"":""0.75"",""HV_CAUSE"":null,""HV_NWSLI"":null,""HV_REC"":null,""HV_SEV"":null,""INIT_EXP"":""202606220130"",""INIT_ISS"":""202606220039"",""ISSUED"":""202606220039"",""NWS_UGC"":null,""PHENOM"":""TO"",""POLY_BEG"":""202606220039"",""POLY_END"":""202606220043"",""PROD_ID"":""202606220039-KPAH-WFUS53-TORPAH"",""SIG"":""W"",""STATUS"":""NEW"",""TORNTAG"":""RADAR INDICATED"",""UPDATED"":""202606220039"",""VTEC_YR"":""2026"",""WFO"":""PAH"",""WINDTAG"":null},""iem_significance"":""W"",""iem_tornadotag"":""RADAR INDICATED"",""iem_ugc"":"""",""iem_wfo"":""PAH"",""iem_windtag"":"""",""senderName"":""PAH"",""status"":""NEW""}","{""geometry"":{""coordinates"":[[[-88.21,38.39],[-88.2,38.47],[-87.81,38.48],[-87.87,38.32],[-88.21,38.39]]],""type"":""Polygon""},""properties"":{""_map_py"":{""effective"":""2026-06-22T00:39:00Z"",""event"":""Tornado Warning"",""expires"":""2026-06-22T01:06:00Z"",""has_polygon"":true,""headline"":"""",""sender"":""PAH""},""effective"":""2026-06-22T00:39:00Z"",""event"":""Tornado Warning"",""expires"":""2026-06-22T01:06:00Z"",""headline"":"""",""iem_damagetag"":"""",""iem_emergency"":""False"",""iem_event_id"":""48"",""iem_forecaster"":""SP"",""iem_gtype"":""P"",""iem_hailtag"":""0.75"",""iem_phenomena"":""TO"",""iem_raw_properties"":{""AREA_KM2"":""434.57905644192147"",""DAMAGTAG"":null,""EMERGENC"":""False"",""ETN"":""48"",""EXPIRED"":""202606220106"",""FCSTER"":""SP"",""GTYPE"":""P"",""HAILTAG"":""0.75"",""HV_CAUSE"":null,""HV_NWSLI"":null,""HV_REC"":null,""HV_SEV"":null,""INIT_EXP"":""202606220130"",""INIT_ISS"":""202606220039"",""ISSUED"":""202606220039"",""NWS_UGC"":null,""PHENOM"":""TO"",""POLY_BEG"":""202606220039"",""POLY_END"":""202606220043"",""PROD_ID"":""202606220039-KPAH-WFUS53-TORPAH"",""SIG"":""W"",""STATUS"":""NEW"",""TORNTAG"":""RADAR INDICATED"",""UPDATED"":""202606220039"",""VTEC_YR"":""2026"",""WFO"":""PAH"",""WINDTAG"":null},""iem_significance"":""W"",""iem_tornadotag"":""RADAR INDICATED"",""iem_ugc"":"""",""iem_wfo"":""PAH"",""iem_windtag"":"""",""senderName"":""PAH"",""status"":""NEW""},""type"":""Feature""}",2026-04-27T17:31:58Z,2026-07-09T05:15:02Z,2026-07-09T18:49:04Z
88,iem_watchwarn,iem_watchwarn|DDC|155|SV|W|2026-06-22T00:39:00Z|2026-06-22T01:30:00Z|,Severe Thunderstorm Warning,,2026-06-22T00:39:00Z,2026-06-22T01:30:00Z,DDC,NEW,1,"{""coordinates"":[[[-100.5,38.7],[-100.29,38.52],[-100.88,38.28],[-101.03,38.7],[-100.5,38.7]]],""type"":""Polygon""}","{""_map_py"":{""effective"":""2026-06-22T00:39:00Z"",""event"":""Severe Thunderstorm Warning"",""expires"":""2026-06-22T01:30:00Z"",""has_polygon"":true,""headline"":"""",""sender"":""DDC""},""effective"":""2026-06-22T00:39:00Z"",""event"":""Severe Thunderstorm Warning"",""expires"":""2026-06-22T01:30:00Z"",""headline"":"""",""iem_damagetag"":"""",""iem_emergency"":""False"",""iem_event_id"":""155"",""iem_forecaster"":""UMSCHEID"",""iem_gtype"":""P"",""iem_hailtag"":""1.0"",""iem_phenomena"":""SV"",""iem_raw_properties"":{""AREA_KM2"":""1832.0537264915358"",""DAMAGTAG"":null,""EMERGENC"":""False"",""ETN"":""155"",""EXPIRED"":""202606220130"",""FCSTER"":""UMSCHEID"",""GTYPE"":""P"",""HAILTAG"":""1.0"",""HV_CAUSE"":null,""HV_NWSLI"":null,""HV_REC"":null,""HV_SEV"":null,""INIT_EXP"":""202606220130"",""INIT_ISS"":""202606220039"",""ISSUED"":""202606220039"",""NWS_UGC"":null,""PHENOM"":""SV"",""POLY_BEG"":""202606220039"",""POLY_END"":""202606220114"",""PROD_ID"":""202606220039-KDDC-WUUS53-SVRDDC"",""SIG"":""W"",""STATUS"":""NEW"",""TORNTAG"":null,""UPDATED"":""202606220039"",""VTEC_YR"":""2026"",""WFO"":""DDC"",""WINDTAG"":""50.0""},""iem_significance"":""W"",""iem_tornadotag"":"""",""iem_ugc"":"""",""iem_wfo"":""DDC"",""iem_windtag"":""50.0"",""senderName"":""DDC"",""status"":""NEW""}","{""geometry"":{""coordinates"":[[[-100.5,38.7],[-100.29,38.52],[-100.88,38.28],[-101.03,38.7],[-100.5,38.7]]],""type"":""Polygon""},""properties"":{""_map_py"":{""effective"":""2026-06-22T00:39:00Z"",""event"":""Severe Thunderstorm Warning"",""expires"":""2026-06-22T01:30:00Z"",""has_polygon"":true,""headline"":"""",""sender"":""DDC""},""effective"":""2026-06-22T00:39:00Z"",""event"":""Severe Thunderstorm Warning"",""expires"":""2026-06-22T01:30:00Z"",""headline"":"""",""iem_damagetag"":"""",""iem_emergency"":""False"",""iem_event_id"":""155"",""iem_forecaster"":""UMSCHEID"",""iem_gtype"":""P"",""iem_hailtag"":""1.0"",""iem_phenomena"":""SV"",""iem_raw_properties"":{""AREA_KM2"":""1832.0537264915358"",""DAMAGTAG"":null,""EMERGENC"":""False"",""ETN"":""155"",""EXPIRED"":""202606220130"",""FCSTER"":""UMSCHEID"",""GTYPE"":""P"",""HAILTAG"":""1.0"",""HV_CAUSE"":null,""HV_NWSLI"":null,""HV_REC"":null,""HV_SEV"":null,""INIT_EXP"":""202606220130"",""INIT_ISS"":""202606220039"",""ISSUED"":""202606220039"",""NWS_UGC"":null,""PHENOM"":""SV"",""POLY_BEG"":""202606220039"",""POLY_END"":""202606220114"",""PROD_ID"":""202606220039-KDDC-WUUS53-SVRDDC"",""SIG"":""W"",""STATUS"":""NEW"",""TORNTAG"":null,""UPDATED"":""202606220039"",""VTEC_YR"":""2026"",""WFO"":""DDC"",""WINDTAG"":""50.0""},""iem_significance"":""W"",""iem_tornadotag"":"""",""iem_ugc"":"""",""iem_wfo"":""DDC"",""iem_windtag"":""50.0"",""senderName"":""DDC"",""status"":""NEW""},""type"":""Feature""}",2026-04-27T17:31:58Z,2026-07-09T05:15:02Z,2026-07-09T18:49:04Z
2727,iem_watchwarn,iem_watchwarn|DDC|156|SV|W|2026-06-22T00:41:00Z|2026-06-22T01:15:00Z|,Severe Thunderstorm Warning,,2026-06-22T00:41:00Z,2026-06-22T01:15:00Z,DDC,NEW,1,"{""coordinates"":[[[-102.04,38.07],[-101.91,38.08],[-101.54,37.74],[-102.04,37.75],[-102.04,38.07]]],""type"":""Polygon""}","{""_map_py"":{""effective"":""2026-06-22T00:41:00Z"",""event"":""Severe Thunderstorm Warning"",""expires"":""2026-06-22T01:15:00Z"",""has_polygon"":true,""headline"":"""",""sender"":""DDC""},""effective"":""2026-06-22T00:41:00Z"",""event"":""Severe Thunderstorm Warning"",""expires"":""2026-06-22T01:15:00Z"",""headline"":"""",""iem_damagetag"":""CONSIDERABLE"",""iem_emergency"":""False"",""iem_event_id"":""156"",""iem_forecaster"":""UMSCHEID"",""iem_gtype"":""P"",""iem_hailtag"":""2.0"",""iem_phenomena"":""SV"",""iem_raw_properties"":{""AREA_KM2"":""1014.9132143820697"",""DAMAGTAG"":""CONSIDERABLE"",""EMERGENC"":""False"",""ETN"":""156"",""EXPIRED"":""202606220115"",""FCSTER"":""UMSCHEID"",""GTYPE"":""P"",""HAILTAG"":""2.0"",""HV_CAUSE"":null,""HV_NWSLI"":null,""HV_REC"":null,""HV_SEV"":null,""INIT_EXP"":""202606220115"",""INIT_ISS"":""202606220041"",""ISSUED"":""202606220041"",""NWS_UGC"":null,""PHENOM"":""SV"",""POLY_BEG"":""202606220041"",""POLY_END"":""202606220115"",""PROD_ID"":""202606220041-KDDC-WUUS53-SVRDDC"",""SIG"":""W"",""STATUS"":""NEW"",""TORNTAG"":null,""UPDATED"":""202606220041"",""VTEC_YR"":""2026"",""WFO"":""DDC"",""WINDTAG"":""70.0""},""iem_significance"":""W"",""iem_tornadotag"":"""",""iem_ugc"":"""",""iem_wfo"":""DDC"",""iem_windtag"":""70.0"",""senderName"":""DDC"",""status"":""NEW""}","{""geometry"":{""coordinates"":[[[-102.04,38.07],[-101.91,38.08],[-101.54,37.74],[-102.04,37.75],[-102.04,38.07]]],""type"":""Polygon""},""properties"":{""_map_py"":{""effective"":""2026-06-22T00:41:00Z"",""event"":""Severe Thunderstorm Warning"",""expires"":""2026-06-22T01:15:00Z"",""has_polygon"":true,""headline"":"""",""sender"":""DDC""},""effective"":""2026-06-22T00:41:00Z"",""event"":""Severe Thunderstorm Warning"",""expires"":""2026-06-22T01:15:00Z"",""headline"":"""",""iem_damagetag"":""CONSIDERABLE"",""iem_emergency"":""False"",""iem_event_id"":""156"",""iem_forecaster"":""UMSCHEID"",""iem_gtype"":""P"",""iem_hailtag"":""2.0"",""iem_phenomena"":""SV"",""iem_raw_properties"":{""AREA_KM2"":""1014.9132143820697"",""DAMAGTAG"":""CONSIDERABLE"",""EMERGENC"":""False"",""ETN"":""156"",""EXPIRED"":""202606220115"",""FCSTER"":""UMSCHEID"",""GTYPE"":""P"",""HAILTAG"":""2.0"",""HV_CAUSE"":null,""HV_NWSLI"":null,""HV_REC"":null,""HV_SEV"":null,""INIT_EXP"":""202606220115"",""INIT_ISS"":""202606220041"",""ISSUED"":""202606220041"",""NWS_UGC"":null,""PHENOM"":""SV"",""POLY_BEG"":""202606220041"",""POLY_END"":""202606220115"",""PROD_ID"":""202606220041-KDDC-WUUS53-SVRDDC"",""SIG"":""W"",""STATUS"":""NEW"",""TORNTAG"":null,""UPDATED"":""202606220041"",""VTEC_YR"":""2026"",""WFO"":""DDC"",""WINDTAG"":""70.0""},""iem_significance"":""W"",""iem_tornadotag"":"""",""iem_ugc"":"""",""iem_wfo"":""DDC"",""iem_windtag"":""70.0"",""senderName"":""DDC"",""status"":""NEW""},""type"":""Feature""}",2026-04-27T17:31:58Z,2026-07-09T05:15:02Z,2026-07-09T18:49:04Z
3467,iem_watchwarn,iem_watchwarn|PAH|49|TO|W|2026-06-22T00:41:00Z|2026-06-22T01:30:00Z|,Tornado Warning,,2026-06-22T00:41:00Z,2026-06-22T01:30:00Z,PAH,NEW,1,"{""coordinates"":[[[-88.25,38.21],[-88.38,38.23],[-88.64,38.28],[-88.62,38.39],[-88.23,38.4],[-88.25,38.21]]],""type"":""Polygon""}","{""_map_py"":{""effective"":""2026-06-22T00:41:00Z"",""event"":""Tornado Warning"",""expires"":""2026-06-22T01:30:00Z"",""has_polygon"":true,""headline"":"""",""sender"":""PAH""},""effective"":""2026-06-22T00:41:00Z"",""event"":""Tornado Warning"",""expires"":""2026-06-22T01:30:00Z"",""headline"":"""",""iem_damagetag"":"""",""iem_emergency"":""False"",""iem_event_id"":""49"",""iem_forecaster"":""SP"",""iem_gtype"":""P"",""iem_hailtag"":""0.75"",""iem_phenomena"":""TO"",""iem_raw_properties"":{""AREA_KM2"":""579.8888795967831"",""DAMAGTAG"":null,""EMERGENC"":""False"",""ETN"":""49"",""EXPIRED"":""202606220130"",""FCSTER"":""SP"",""GTYPE"":""P"",""HAILTAG"":""0.75"",""HV_CAUSE"":null,""HV_NWSLI"":null,""HV_REC"":null,""HV_SEV"":null,""INIT_EXP"":""202606220130"",""INIT_ISS"":""202606220041"",""ISSUED"":""202606220041"",""NWS_UGC"":null,""PHENOM"":""TO"",""POLY_BEG"":""202606220041"",""POLY_END"":""202606220111"",""PROD_ID"":""202606220041-KPAH-WFUS53-TORPAH"",""SIG"":""W"",""STATUS"":""NEW"",""TORNTAG"":""RADAR INDICATED"",""UPDATED"":""202606220041"",""VTEC_YR"":""2026"",""WFO"":""PAH"",""WINDTAG"":null},""iem_significance"":""W"",""iem_tornadotag"":""RADAR INDICATED"",""iem_ugc"":"""",""iem_wfo"":""PAH"",""iem_windtag"":"""",""senderName"":""PAH"",""status"":""NEW""}","{""geometry"":{""coordinates"":[[[-88.25,38.21],[-88.38,38.23],[-88.64,38.28],[-88.62,38.39],[-88.23,38.4],[-88.25,38.21]]],""type"":""Polygon""},""properties"":{""_map_py"":{""effective"":""2026-06-22T00:41:00Z"",""event"":""Tornado Warning"",""expires"":""2026-06-22T01:30:00Z"",""has_polygon"":true,""headline"":"""",""sender"":""PAH""},""effective"":""2026-06-22T00:41:00Z"",""event"":""Tornado Warning"",""expires"":""2026-06-22T01:30:00Z"",""headline"":"""",""iem_damagetag"":"""",""iem_emergency"":""False"",""iem_event_id"":""49"",""iem_forecaster"":""SP"",""iem_gtype"":""P"",""iem_hailtag"":""0.75"",""iem_phenomena"":""TO"",""iem_raw_properties"":{""AREA_KM2"":""579.8888795967831"",""DAMAGTAG"":null,""EMERGENC"":""False"",""ETN"":""49"",""EXPIRED"":""202606220130"",""FCSTER"":""SP"",""GTYPE"":""P"",""HAILTAG"":""0.75"",""HV_CAUSE"":null,""HV_NWSLI"":null,""HV_REC"":null,""HV_SEV"":null,""INIT_EXP"":""202606220130"",""INIT_ISS"":""202606220041"",""ISSUED"":""202606220041"",""NWS_UGC"":null,""PHENOM"":""TO"",""POLY_BEG"":""202606220041"",""POLY_END"":""202606220111"",""PROD_ID"":""202606220041-KPAH-WFUS53-TORPAH"",""SIG"":""W"",""STATUS"":""NEW"",""TORNTAG"":""RADAR INDICATED"",""UPDATED"":""202606220041"",""VTEC_YR"":""2026"",""WFO"":""PAH"",""WINDTAG"":null},""iem_significance"":""W"",""iem_tornadotag"":""RADAR INDICATED"",""iem_ugc"":"""",""iem_wfo"":""PAH"",""iem_windtag"":"""",""senderName"":""PAH"",""status"":""NEW""},""type"":""Feature""}",2026-04-27T17:31:58Z,2026-07-09T05:15:02Z,2026-07-09T18:49:04Z
1167,iem_watchwarn,iem_watchwarn|OUN|601|SV|W|2026-06-22T00:42:00Z|2026-06-22T01:30:00Z|,Severe Thunderstorm Warning,,2026-06-22T00:42:00Z,2026-06-22T01:30:00Z,OUN,NEW,1,"{""coordinates"":[[[-99.62,36.43],[-99.51,36.44],[-99.41,36.32],[-99.63,36.32],[-99.62,36.43]]],""type"":""Polygon""}","{""_map_py"":{""effective"":""2026-06-22T00:42:00Z"",""event"":""Severe Thunderstorm Warning"",""expires"":""2026-06-22T01:30:00Z"",""has_polygon"":true,""headline"":"""",""sender"":""OUN""},""effective"":""2026-06-22T00:42:00Z"",""event"":""Severe Thunderstorm Warning"",""expires"":""2026-06-22T01:30:00Z"",""headline"":"""",""iem_damagetag"":"""",""iem_emergency"":""False"",""iem_event_id"":""601"",""iem_forecaster"":""Mahale"",""iem_gtype"":""P"",""iem_hailtag"":""1.25"",""iem_phenomena"":""SV"",""iem_raw_properties"":{""AREA_KM2"":""191.1150542051039"",""DAMAGTAG"":null,""EMERGENC"":""False"",""ETN"":""601"",""EXPIRED"":""202606220130"",""FCSTER"":""Mahale"",""GTYPE"":""P"",""HAILTAG"":""1.25"",""HV_CAUSE"":null,""HV_NWSLI"":null,""HV_REC"":null,""HV_SEV"":null,""INIT_EXP"":""202606220130"",""INIT_ISS"":""202606220042"",""ISSUED"":""202606220042"",""NWS_UGC"":null,""PHENOM"":""SV"",""POLY_BEG"":""202606220042"",""POLY_END"":""202606220106"",""PROD_ID"":""202606220042-KOUN-WUUS54-SVROUN"",""SIG"":""W"",""STATUS"":""NEW"",""TORNTAG"":null,""UPDATED"":""202606220042"",""VTEC_YR"":""2026"",""WFO"":""OUN"",""WINDTAG"":""60.0""},""iem_significance"":""W"",""iem_tornadotag"":"""",""iem_ugc"":"""",""iem_wfo"":""OUN"",""iem_windtag"":""60.0"",""senderName"":""OUN"",""status"":""NEW""}","{""geometry"":{""coordinates"":[[[-99.62,36.43],[-99.51,36.44],[-99.41,36.32],[-99.63,36.32],[-99.62,36.43]]],""type"":""Polygon""},""properties"":{""_map_py"":{""effective"":""2026-06-22T00:42:00Z"",""event"":""Severe Thunderstorm Warning"",""expires"":""2026-06-22T01:30:00Z"",""has_polygon"":true,""headline"":"""",""sender"":""OUN""},""effective"":""2026-06-22T00:42:00Z"",""event"":""Severe Thunderstorm Warning"",""expires"":""2026-06-22T01:30:00Z"",""headline"":"""",""iem_damagetag"":"""",""iem_emergency"":""False"",""iem_event_id"":""601"",""iem_forecaster"":""Mahale"",""iem_gtype"":""P"",""iem_hailtag"":""1.25"",""iem_phenomena"":""SV"",""iem_raw_properties"":{""AREA_KM2"":""191.1150542051039"",""DAMAGTAG"":null,""EMERGENC"":""False"",""ETN"":""601"",""EXPIRED"":""202606220130"",""FCSTER"":""Mahale"",""GTYPE"":""P"",""HAILTAG"":""1.25"",""HV_CAUSE"":null,""HV_NWSLI"":null,""HV_REC"":null,""HV_SEV"":null,""INIT_EXP"":""202606220130"",""INIT_ISS"":""202606220042"",""ISSUED"":""202606220042"",""NWS_UGC"":null,""PHENOM"":""SV"",""POLY_BEG"":""202606220042"",""POLY_END"":""202606220106"",""PROD_ID"":""202606220042-KOUN-WUUS54-SVROUN"",""SIG"":""W"",""STATUS"":""NEW"",""TORNTAG"":null,""UPDATED"":""202606220042"",""VTEC_YR"":""2026"",""WFO"":""OUN"",""WINDTAG"":""60.0""},""iem_significance"":""W"",""iem_tornadotag"":"""",""iem_ugc"":"""",""iem_wfo"":""OUN"",""iem_windtag"":""60.0"",""senderName"":""OUN"",""status"":""NEW""},""type"":""Feature""}",2026-04-27T17:31:58Z,2026-07-09T05:15:02Z,2026-07-09T18:49:04Z
7079,iem_watchwarn,iem_watchwarn|ILN|119|SV|W|2026-06-22T00:42:00Z|2026-06-22T01:30:00Z|,Severe Thunderstorm Warning,,2026-06-22T00:42:00Z,2026-06-22T01:30:00Z,ILN,NEW,1,"{""coordinates"":[[[-85.44,39.2],[-85.3,39.27],[-85.3,39.52],[-85.05,39.55],[-84.95,39.58],[-84.83,39.26],[-85.44,39.08],[-85.44,39.2]]],""type"":""Polygon""}","{""_map_py"":{""effective"":""2026-06-22T00:42:00Z"",""event"":""Severe Thunderstorm Warning"",""expires"":""2026-06-22T01:30:00Z"",""has_polygon"":true,""headline"":"""",""sender"":""ILN""},""effective"":""2026-06-22T00:42:00Z"",""event"":""Severe Thunderstorm Warning"",""expires"":""2026-06-22T01:30:00Z"",""headline"":"""",""iem_damagetag"":"""",""iem_emergency"":""False"",""iem_event_id"":""119"",""iem_forecaster"":""Campbell"",""iem_gtype"":""P"",""iem_hailtag"":""0.75"",""iem_phenomena"":""SV"",""iem_raw_properties"":{""AREA_KM2"":""1622.3797913544088"",""DAMAGTAG"":null,""EMERGENC"":""False"",""ETN"":""119"",""EXPIRED"":""202606220130"",""FCSTER"":""Campbell"",""GTYPE"":""P"",""HAILTAG"":""0.75"",""HV_CAUSE"":null,""HV_NWSLI"":null,""HV_REC"":null,""HV_SEV"":null,""INIT_EXP"":""202606220130"",""INIT_ISS"":""202606220042"",""ISSUED"":""202606220042"",""NWS_UGC"":null,""PHENOM"":""SV"",""POLY_BEG"":""202606220042"",""POLY_END"":""202606220101"",""PROD_ID"":""202606220042-KILN-WUUS51-SVRILN"",""SIG"":""W"",""STATUS"":""NEW"",""TORNTAG"":""POSSIBLE"",""UPDATED"":""202606220042"",""VTEC_YR"":""2026"",""WFO"":""ILN"",""WINDTAG"":""60.0""},""iem_significance"":""W"",""iem_tornadotag"":""POSSIBLE"",""iem_ugc"":"""",""iem_wfo"":""ILN"",""iem_windtag"":""60.0"",""senderName"":""ILN"",""status"":""NEW""}","{""geometry"":{""coordinates"":[[[-85.44,39.2],[-85.3,39.27],[-85.3,39.52],[-85.05,39.55],[-84.95,39.58],[-84.83,39.26],[-85.44,39.08],[-85.44,39.2]]],""type"":""Polygon""},""properties"":{""_map_py"":{""effective"":""2026-06-22T00:42:00Z"",""event"":""Severe Thunderstorm Warning"",""expires"":""2026-06-22T01:30:00Z"",""has_polygon"":true,""headline"":"""",""sender"":""ILN""},""effective"":""2026-06-22T00:42:00Z"",""event"":""Severe Thunderstorm Warning"",""expires"":""2026-06-22T01:30:00Z"",""headline"":"""",""iem_damagetag"":"""",""iem_emergency"":""False"",""iem_event_id"":""119"",""iem_forecaster"":""Campbell"",""iem_gtype"":""P"",""iem_hailtag"":""0.75"",""iem_phenomena"":""SV"",""iem_raw_properties"":{""AREA_KM2"":""1622.3797913544088"",""DAMAGTAG"":null,""EMERGENC"":""False"",""ETN"":""119"",""EXPIRED"":""202606220130"",""FCSTER"":""Campbell"",""GTYPE"":""P"",""HAILTAG"":""0.75"",""HV_CAUSE"":null,""HV_NWSLI"":null,""HV_REC"":null,""HV_SEV"":null,""INIT_EXP"":""202606220130"",""INIT_ISS"":""202606220042"",""ISSUED"":""202606220042"",""NWS_UGC"":null,""PHENOM"":""SV"",""POLY_BEG"":""202606220042"",""POLY_END"":""202606220101"",""PROD_ID"":""202606220042-KILN-WUUS51-SVRILN"",""SIG"":""W"",""STATUS"":""NEW"",""TORNTAG"":""POSSIBLE"",""UPDATED"":""202606220042"",""VTEC_YR"":""2026"",""WFO"":""ILN"",""WINDTAG"":""60.0""},""iem_significance"":""W"",""iem_tornadotag"":""POSSIBLE"",""iem_ugc"":"""",""iem_wfo"":""ILN"",""iem_windtag"":""60.0"",""senderName"":""ILN"",""status"":""NEW""},""type"":""Feature""}",2026-04-27T17:31:58Z,2026-07-09T05:15:02Z,2026-07-09T18:49:04Z
6612,iem_watchwarn,iem_watchwarn|LMK|21|TO|W|2026-06-22T00:46:00Z|2026-06-22T01:30:00Z|,Tornado Warning,,2026-06-22T00:46:00Z,2026-06-22T01:30:00Z,LMK,NEW,1,"{""coordinates"":[[[-86.18,38.6],[-86.16,38.42],[-86.31,38.42],[-86.31,38.39],[-86.68,38.41],[-86.68,38.54],[-86.18,38.6]]],""type"":""Polygon""}","{""_map_py"":{""effective"":""2026-06-22T00:46:00Z"",""event"":""Tornado Warning"",""expires"":""2026-06-22T01:30:00Z"",""has_polygon"":true,""headline"":"""",""sender"":""LMK""},""effective"":""2026-06-22T00:46:00Z"",""event"":""Tornado Warning"",""expires"":""2026-06-22T01:30:00Z"",""headline"":"""",""iem_damagetag"":"""",""iem_emergency"":""False"",""iem_event_id"":""21"",""iem_forecaster"":""Webb"",""iem_gtype"":""P"",""iem_hailtag"":""0.75"",""iem_phenomena"":""TO"",""iem_raw_properties"":{""AREA_KM2"":""815.4879733406449"",""DAMAGTAG"":null,""EMERGENC"":""False"",""ETN"":""21"",""EXPIRED"":""202606220130"",""FCSTER"":""Webb"",""GTYPE"":""P"",""HAILTAG"":""0.75"",""HV_CAUSE"":null,""HV_NWSLI"":null,""HV_REC"":null,""HV_SEV"":null,""INIT_EXP"":""202606220130"",""INIT_ISS"":""202606220046"",""ISSUED"":""202606220046"",""NWS_UGC"":null,""PHENOM"":""TO"",""POLY_BEG"":""202606220046"",""POLY_END"":""202606220104"",""PROD_ID"":""202606220046-KLMK-WFUS53-TORLMK"",""SIG"":""W"",""STATUS"":""NEW"",""TORNTAG"":""RADAR INDICATED"",""UPDATED"":""202606220046"",""VTEC_YR"":""2026"",""WFO"":""LMK"",""WINDTAG"":null},""iem_significance"":""W"",""iem_tornadotag"":""RADAR INDICATED"",""iem_ugc"":"""",""iem_wfo"":""LMK"",""iem_windtag"":"""",""senderName"":""LMK"",""status"":""NEW""}","{""geometry"":{""coordinates"":[[[-86.18,38.6],[-86.16,38.42],[-86.31,38.42],[-86.31,38.39],[-86.68,38.41],[-86.68,38.54],[-86.18,38.6]]],""type"":""Polygon""},""properties"":{""_map_py"":{""effective"":""2026-06-22T00:46:00Z"",""event"":""Tornado Warning"",""expires"":""2026-06-22T01:30:00Z"",""has_polygon"":true,""headline"":"""",""sender"":""LMK""},""effective"":""2026-06-22T00:46:00Z"",""event"":""Tornado Warning"",""expires"":""2026-06-22T01:30:00Z"",""headline"":"""",""iem_damagetag"":"""",""iem_emergency"":""False"",""iem_event_id"":""21"",""iem_forecaster"":""Webb"",""iem_gtype"":""P"",""iem_hailtag"":""0.75"",""iem_phenomena"":""TO"",""iem_raw_properties"":{""AREA_KM2"":""815.4879733406449"",""DAMAGTAG"":null,""EMERGENC"":""False"",""ETN"":""21"",""EXPIRED"":""202606220130"",""FCSTER"":""Webb"",""GTYPE"":""P"",""HAILTAG"":""0.75"",""HV_CAUSE"":null,""HV_NWSLI"":null,""HV_REC"":null,""HV_SEV"":null,""INIT_EXP"":""202606220130"",""INIT_ISS"":""202606220046"",""ISSUED"":""202606220046"",""NWS_UGC"":null,""PHENOM"":""TO"",""POLY_BEG"":""202606220046"",""POLY_END"":""202606220104"",""PROD_ID"":""202606220046-KLMK-WFUS53-TORLMK"",""SIG"":""W"",""STATUS"":""NEW"",""TORNTAG"":""RADAR INDICATED"",""UPDATED"":""202606220046"",""VTEC_YR"":""2026"",""WFO"":""LMK"",""WINDTAG"":null},""iem_significance"":""W"",""iem_tornadotag"":""RADAR INDICATED"",""iem_ugc"":"""",""iem_wfo"":""LMK"",""iem_windtag"":"""",""senderName"":""LMK"",""status"":""NEW""},""type"":""Feature""}",2026-04-27T17:31:58Z,2026-07-09T05:15:02Z,2026-07-09T18:49:04Z
8177,iem_watchwarn,iem_watchwarn|LBF|119|SV|W|2026-06-22T00:47:00Z|2026-06-22T01:30:00Z|,Severe Thunderstorm Warning,,2026-06-22T00:47:00Z,2026-06-22T01:30:00Z,LBF,NEW,1,"{""coordinates"":[[[-101.88,40.64],[-102.05,41.0],[-101.34,41.0],[-101.24,40.81],[-101.25,40.7],[-101.34,40.7],[-101.35,40.68],[-101.55,40.62],[-101.88,40.64]]],""type"":""Polygon""}","{""_map_py"":{""effective"":""2026-06-22T00:47:00Z"",""event"":""Severe Thunderstorm Warning"",""expires"":""2026-06-22T01:30:00Z"",""has_polygon"":true,""headline"":"""",""sender"":""LBF""},""effective"":""2026-06-22T00:47:00Z"",""event"":""Severe Thunderstorm Warning"",""expires"":""2026-06-22T01:30:00Z"",""headline"":"""",""iem_damagetag"":""CONSIDERABLE"",""iem_emergency"":""False"",""iem_event_id"":""119"",""iem_forecaster"":""Brown"",""iem_gtype"":""P"",""iem_hailtag"":""1.0"",""iem_phenomena"":""SV"",""iem_raw_properties"":{""AREA_KM2"":""2300.9138770563723"",""DAMAGTAG"":""CONSIDERABLE"",""EMERGENC"":""False"",""ETN"":""119"",""EXPIRED"":""202606220130"",""FCSTER"":""Brown"",""GTYPE"":""P"",""HAILTAG"":""1.0"",""HV_CAUSE"":null,""HV_NWSLI"":null,""HV_REC"":null,""HV_SEV"":null,""INIT_EXP"":""202606220130"",""INIT_ISS"":""202606220047"",""ISSUED"":""202606220047"",""NWS_UGC"":null,""PHENOM"":""SV"",""POLY_BEG"":""202606220047"",""POLY_END"":""202606220106"",""PROD_ID"":""202606220047-KLBF-WUUS53-SVRLBF"",""SIG"":""W"",""STATUS"":""NEW"",""TORNTAG"":null,""UPDATED"":""202606220047"",""VTEC_YR"":""2026"",""WFO"":""LBF"",""WINDTAG"":""70.0""},""iem_significance"":""W"",""iem_tornadotag"":"""",""iem_ugc"":"""",""iem_wfo"":""LBF"",""iem_windtag"":""70.0"",""senderName"":""LBF"",""status"":""NEW""}","{""geometry"":{""coordinates"":[[[-101.88,40.64],[-102.05,41.0],[-101.34,41.0],[-101.24,40.81],[-101.25,40.7],[-101.34,40.7],[-101.35,40.68],[-101.55,40.62],[-101.88,40.64]]],""type"":""Polygon""},""properties"":{""_map_py"":{""effective"":""2026-06-22T00:47:00Z"",""event"":""Severe Thunderstorm Warning"",""expires"":""2026-06-22T01:30:00Z"",""has_polygon"":true,""headline"":"""",""sender"":""LBF""},""effective"":""2026-06-22T00:47:00Z"",""event"":""Severe Thunderstorm Warning"",""expires"":""2026-06-22T01:30:00Z"",""headline"":"""",""iem_damagetag"":""CONSIDERABLE"",""iem_emergency"":""False"",""iem_event_id"":""119"",""iem_forecaster"":""Brown"",""iem_gtype"":""P"",""iem_hailtag"":""1.0"",""iem_phenomena"":""SV"",""iem_raw_properties"":{""AREA_KM2"":""2300.9138770563723"",""DAMAGTAG"":""CONSIDERABLE"",""EMERGENC"":""False"",""ETN"":""119"",""EXPIRED"":""202606220130"",""FCSTER"":""Brown"",""GTYPE"":""P"",""HAILTAG"":""1.0"",""HV_CAUSE"":null,""HV_NWSLI"":null,""HV_REC"":null,""HV_SEV"":null,""INIT_EXP"":""202606220130"",""INIT_ISS"":""202606220047"",""ISSUED"":""202606220047"",""NWS_UGC"":null,""PHENOM"":""SV"",""POLY_BEG"":""202606220047"",""POLY_END"":""202606220106"",""PROD_ID"":""202606220047-KLBF-WUUS53-SVRLBF"",""SIG"":""W"",""STATUS"":""NEW"",""TORNTAG"":null,""UPDATED"":""202606220047"",""VTEC_YR"":""2026"",""WFO"":""LBF"",""WINDTAG"":""70.0""},""iem_significance"":""W"",""iem_tornadotag"":"""",""iem_ugc"":"""",""iem_wfo"":""LBF"",""iem_windtag"":""70.0"",""senderName"":""LBF"",""status"":""NEW""},""type"":""Feature""}",2026-04-27T17:31:58Z,2026-07-09T05:15:02Z,2026-07-09T18:49:04Z
7499,iem_watchwarn,iem_watchwarn|PAH|50|TO|W|2026-06-22T00:54:00Z|2026-06-22T01:15:00Z|,Tornado Warning,,2026-06-22T00:54:00Z,2026-06-22T01:15:00Z,PAH,NEW,1,"{""coordinates"":[[[-87.2,38.18],[-87.21,38.3],[-87.07,38.31],[-87.07,38.21],[-87.05,38.21],[-87.02,38.2],[-87.02,38.19],[-87.2,38.18]]],""type"":""Polygon""}","{""_map_py"":{""effective"":""2026-06-22T00:54:00Z"",""event"":""Tornado Warning"",""expires"":""2026-06-22T01:15:00Z"",""has_polygon"":true,""headline"":"""",""sender"":""PAH""},""effective"":""2026-06-22T00:54:00Z"",""event"":""Tornado Warning"",""expires"":""2026-06-22T01:15:00Z"",""headline"":"""",""iem_damagetag"":"""",""iem_emergency"":""False"",""iem_event_id"":""50"",""iem_forecaster"":""DW"",""iem_gtype"":""P"",""iem_hailtag"":""1.0"",""iem_phenomena"":""TO"",""iem_raw_properties"":{""AREA_KM2"":""168.4553907782576"",""DAMAGTAG"":null,""EMERGENC"":""False"",""ETN"":""50"",""EXPIRED"":""202606220115"",""FCSTER"":""DW"",""GTYPE"":""P"",""HAILTAG"":""1.0"",""HV_CAUSE"":null,""HV_NWSLI"":null,""HV_REC"":null,""HV_SEV"":null,""INIT_EXP"":""202606220145"",""INIT_ISS"":""202606220054"",""ISSUED"":""202606220054"",""NWS_UGC"":null,""PHENOM"":""TO"",""POLY_BEG"":""202606220054"",""POLY_END"":""202606220058"",""PROD_ID"":""202606220054-KPAH-WFUS53-TORPAH"",""SIG"":""W"",""STATUS"":""NEW"",""TORNTAG"":""OBSERVED"",""UPDATED"":""202606220054"",""VTEC_YR"":""2026"",""WFO"":""PAH"",""WINDTAG"":null},""iem_significance"":""W"",""iem_tornadotag"":""OBSERVED"",""iem_ugc"":"""",""iem_wfo"":""PAH"",""iem_windtag"":"""",""senderName"":""PAH"",""status"":""NEW""}","{""geometry"":{""coordinates"":[[[-87.2,38.18],[-87.21,38.3],[-87.07,38.31],[-87.07,38.21],[-87.05,38.21],[-87.02,38.2],[-87.02,38.19],[-87.2,38.18]]],""type"":""Polygon""},""properties"":{""_map_py"":{""effective"":""2026-06-22T00:54:00Z"",""event"":""Tornado Warning"",""expires"":""2026-06-22T01:15:00Z"",""has_polygon"":true,""headline"":"""",""sender"":""PAH""},""effective"":""2026-06-22T00:54:00Z"",""event"":""Tornado Warning"",""expires"":""2026-06-22T01:15:00Z"",""headline"":"""",""iem_damagetag"":"""",""iem_emergency"":""False"",""iem_event_id"":""50"",""iem_forecaster"":""DW"",""iem_gtype"":""P"",""iem_hailtag"":""1.0"",""iem_phenomena"":""TO"",""iem_raw_properties"":{""AREA_KM2"":""168.4553907782576"",""DAMAGTAG"":null,""EMERGENC"":""False"",""ETN"":""50"",""EXPIRED"":""202606220115"",""FCSTER"":""DW"",""GTYPE"":""P"",""HAILTAG"":""1.0"",""HV_CAUSE"":null,""HV_NWSLI"":null,""HV_REC"":null,""HV_SEV"":null,""INIT_EXP"":""202606220145"",""INIT_ISS"":""202606220054"",""ISSUED"":""202606220054"",""NWS_UGC"":null,""PHENOM"":""TO"",""POLY_BEG"":""202606220054"",""POLY_END"":""202606220058"",""PROD_ID"":""202606220054-KPAH-WFUS53-TORPAH"",""SIG"":""W"",""STATUS"":""NEW"",""TORNTAG"":""OBSERVED"",""UPDATED"":""202606220054"",""VTEC_YR"":""2026"",""WFO"":""PAH"",""WINDTAG"":null},""iem_significance"":""W"",""iem_tornadotag"":""OBSERVED"",""iem_ugc"":"""",""iem_wfo"":""PAH"",""iem_windtag"":"""",""senderName"":""PAH"",""status"":""NEW""},""type"":""Feature""}",2026-04-27T17:31:58Z,2026-07-09T05:15:02Z,2026-07-09T18:49:04Z
9625,iem_watchwarn,iem_watchwarn|LMK|22|TO|W|2026-06-22T00:55:00Z|2026-06-22T01:45:00Z|,Tornado Warning,,2026-06-22T00:55:00Z,2026-06-22T01:45:00Z,LMK,NEW,1,"{""coordinates"":[[[-85.89,38.66],[-85.88,38.58],[-85.85,38.57],[-85.87,38.52],[-85.88,38.52],[-85.88,38.51],[-85.96,38.5],[-85.96,38.49],[-85.99,38.49],[-85.99,38.47],[-86.31,38.57],[-86.31,38.71],[-85.89,38.66]]],""type"":""Polygon""}","{""_map_py"":{""effective"":""2026-06-22T00:55:00Z"",""event"":""Tornado Warning"",""expires"":""2026-06-22T01:45:00Z"",""has_polygon"":true,""headline"":"""",""sender"":""LMK""},""effective"":""2026-06-22T00:55:00Z"",""event"":""Tornado Warning"",""expires"":""2026-06-22T01:45:00Z"",""headline"":"""",""iem_damagetag"":"""",""iem_emergency"":""False"",""iem_event_id"":""22"",""iem_forecaster"":""Webb"",""iem_gtype"":""P"",""iem_hailtag"":""0.75"",""iem_phenomena"":""TO"",""iem_raw_properties"":{""AREA_KM2"":""710.992253299855"",""DAMAGTAG"":null,""EMERGENC"":""False"",""ETN"":""22"",""EXPIRED"":""202606220145"",""FCSTER"":""Webb"",""GTYPE"":""P"",""HAILTAG"":""0.75"",""HV_CAUSE"":null,""HV_NWSLI"":null,""HV_REC"":null,""HV_SEV"":null,""INIT_EXP"":""202606220145"",""INIT_ISS"":""202606220055"",""ISSUED"":""202606220055"",""NWS_UGC"":null,""PHENOM"":""TO"",""POLY_BEG"":""202606220055"",""POLY_END"":""202606220109"",""PROD_ID"":""202606220055-KLMK-WFUS53-TORLMK"",""SIG"":""W"",""STATUS"":""NEW"",""TORNTAG"":""RADAR INDICATED"",""UPDATED"":""202606220055"",""VTEC_YR"":""2026"",""WFO"":""LMK"",""WINDTAG"":null},""iem_significance"":""W"",""iem_tornadotag"":""RADAR INDICATED"",""iem_ugc"":"""",""iem_wfo"":""LMK"",""iem_windtag"":"""",""senderName"":""LMK"",""status"":""NEW""}","{""geometry"":{""coordinates"":[[[-85.89,38.66],[-85.88,38.58],[-85.85,38.57],[-85.87,38.52],[-85.88,38.52],[-85.88,38.51],[-85.96,38.5],[-85.96,38.49],[-85.99,38.49],[-85.99,38.47],[-86.31,38.57],[-86.31,38.71],[-85.89,38.66]]],""type"":""Polygon""},""properties"":{""_map_py"":{""effective"":""2026-06-22T00:55:00Z"",""event"":""Tornado Warning"",""expires"":""2026-06-22T01:45:00Z"",""has_polygon"":true,""headline"":"""",""sender"":""LMK""},""effective"":""2026-06-22T00:55:00Z"",""event"":""Tornado Warning"",""expires"":""2026-06-22T01:45:00Z"",""headline"":"""",""iem_damagetag"":"""",""iem_emergency"":""False"",""iem_event_id"":""22"",""iem_forecaster"":""Webb"",""iem_gtype"":""P"",""iem_hailtag"":""0.75"",""iem_phenomena"":""TO"",""iem_raw_properties"":{""AREA_KM2"":""710.992253299855"",""DAMAGTAG"":null,""EMERGENC"":""False"",""ETN"":""22"",""EXPIRED"":""202606220145"",""FCSTER"":""Webb"",""GTYPE"":""P"",""HAILTAG"":""0.75"",""HV_CAUSE"":null,""HV_NWSLI"":null,""HV_REC"":null,""HV_SEV"":null,""INIT_EXP"":""202606220145"",""INIT_ISS"":""202606220055"",""ISSUED"":""202606220055"",""NWS_UGC"":null,""PHENOM"":""TO"",""POLY_BEG"":""202606220055"",""POLY_END"":""202606220109"",""PROD_ID"":""202606220055-KLMK-WFUS53-TORLMK"",""SIG"":""W"",""STATUS"":""NEW"",""TORNTAG"":""RADAR INDICATED"",""UPDATED"":""202606220055"",""VTEC_YR"":""2026"",""WFO"":""LMK"",""WINDTAG"":null},""iem_significance"":""W"",""iem_tornadotag"":""RADAR INDICATED"",""iem_ugc"":"""",""iem_wfo"":""LMK"",""iem_windtag"":"""",""senderName"":""LMK"",""status"":""NEW""},""type"":""Feature""}",2026-04-27T17:31:58Z,2026-07-09T05:15:02Z,2026-07-09T18:49:04Z
6802,iem_watchwarn,iem_watchwarn|LMK|23|TO|W|2026-06-22T00:59:00Z|2026-06-22T01:45:00Z|,Tornado Warning,,2026-06-22T00:59:00Z,2026-06-22T01:45:00Z,LMK,NEW,1,"{""coordinates"":[[[-87.07,38.36],[-86.79,38.39],[-86.78,38.25],[-86.79,38.25],[-86.79,38.21],[-86.8,38.2],[-87.07,38.2],[-87.07,38.36]]],""type"":""Polygon""}","{""_map_py"":{""effective"":""2026-06-22T00:59:00Z"",""event"":""Tornado Warning"",""expires"":""2026-06-22T01:45:00Z"",""has_polygon"":true,""headline"":"""",""sender"":""LMK""},""effective"":""2026-06-22T00:59:00Z"",""event"":""Tornado Warning"",""expires"":""2026-06-22T01:45:00Z"",""headline"":"""",""iem_damagetag"":"""",""iem_emergency"":""False"",""iem_event_id"":""23"",""iem_forecaster"":""SRW"",""iem_gtype"":""P"",""iem_hailtag"":""1.0"",""iem_phenomena"":""TO"",""iem_raw_properties"":{""AREA_KM2"":""481.869857266032"",""DAMAGTAG"":null,""EMERGENC"":""False"",""ETN"":""23"",""EXPIRED"":""202606220145"",""FCSTER"":""SRW"",""GTYPE"":""P"",""HAILTAG"":""1.0"",""HV_CAUSE"":null,""HV_NWSLI"":null,""HV_REC"":null,""HV_SEV"":null,""INIT_EXP"":""202606220145"",""INIT_ISS"":""202606220059"",""ISSUED"":""202606220059"",""NWS_UGC"":null,""PHENOM"":""TO"",""POLY_BEG"":""202606220059"",""POLY_END"":""202606220116"",""PROD_ID"":""202606220059-KLMK-WFUS53-TORLMK"",""SIG"":""W"",""STATUS"":""NEW"",""TORNTAG"":""OBSERVED"",""UPDATED"":""202606220059"",""VTEC_YR"":""2026"",""WFO"":""LMK"",""WINDTAG"":null},""iem_significance"":""W"",""iem_tornadotag"":""OBSERVED"",""iem_ugc"":"""",""iem_wfo"":""LMK"",""iem_windtag"":"""",""senderName"":""LMK"",""status"":""NEW""}","{""geometry"":{""coordinates"":[[[-87.07,38.36],[-86.79,38.39],[-86.78,38.25],[-86.79,38.25],[-86.79,38.21],[-86.8,38.2],[-87.07,38.2],[-87.07,38.36]]],""type"":""Polygon""},""properties"":{""_map_py"":{""effective"":""2026-06-22T00:59:00Z"",""event"":""Tornado Warning"",""expires"":""2026-06-22T01:45:00Z"",""has_polygon"":true,""headline"":"""",""sender"":""LMK""},""effective"":""2026-06-22T00:59:00Z"",""event"":""Tornado Warning"",""expires"":""2026-06-22T01:45:00Z"",""headline"":"""",""iem_damagetag"":"""",""iem_emergency"":""False"",""iem_event_id"":""23"",""iem_forecaster"":""SRW"",""iem_gtype"":""P"",""iem_hailtag"":""1.0"",""iem_phenomena"":""TO"",""iem_raw_properties"":{""AREA_KM2"":""481.869857266032"",""DAMAGTAG"":null,""EMERGENC"":""False"",""ETN"":""23"",""EXPIRED"":""202606220145"",""FCSTER"":""SRW"",""GTYPE"":""P"",""HAILTAG"":""1.0"",""HV_CAUSE"":null,""HV_NWSLI"":null,""HV_REC"":null,""HV_SEV"":null,""INIT_EXP"":""202606220145"",""INIT_ISS"":""202606220059"",""ISSUED"":""202606220059"",""NWS_UGC"":null,""PHENOM"":""TO"",""POLY_BEG"":""202606220059"",""POLY_END"":""202606220116"",""PROD_ID"":""202606220059-KLMK-WFUS53-TORLMK"",""SIG"":""W"",""STATUS"":""NEW"",""TORNTAG"":""OBSERVED"",""UPDATED"":""202606220059"",""VTEC_YR"":""2026"",""WFO"":""LMK"",""WINDTAG"":null},""iem_significance"":""W"",""iem_tornadotag"":""OBSERVED"",""iem_ugc"":"""",""iem_wfo"":""LMK"",""iem_windtag"":"""",""senderName"":""LMK"",""status"":""NEW""},""type"":""Feature""}",2026-04-27T17:31:58Z,2026-07-09T05:15:02Z,2026-07-09T18:49:04Z
1209,iem_watchwarn,iem_watchwarn|ILX|132|TO|W|2026-06-22T01:01:00Z|2026-06-22T01:45:00Z|,Tornado Warning,,2026-06-22T01:01:00Z,2026-06-22T01:45:00Z,ILX,NEW,1,"{""coordinates"":[[[-89.03,39.33],[-89.02,39.47],[-88.47,39.43],[-88.47,39.29],[-89.03,39.33]]],""type"":""Polygon""}","{""_map_py"":{""effective"":""2026-06-22T01:01:00Z"",""event"":""Tornado Warning"",""expires"":""2026-06-22T01:45:00Z"",""has_polygon"":true,""headline"":"""",""sender"":""ILX""},""effective"":""2026-06-22T01:01:00Z"",""event"":""Tornado Warning"",""expires"":""2026-06-22T01:45:00Z"",""headline"":"""",""iem_damagetag"":"""",""iem_emergency"":""False"",""iem_event_id"":""132"",""iem_forecaster"":""25"",""iem_gtype"":""P"",""iem_hailtag"":""0.75"",""iem_phenomena"":""TO"",""iem_raw_properties"":{""AREA_KM2"":""744.4128941935755"",""DAMAGTAG"":null,""EMERGENC"":""False"",""ETN"":""132"",""EXPIRED"":""202606220145"",""FCSTER"":""25"",""GTYPE"":""P"",""HAILTAG"":""0.75"",""HV_CAUSE"":null,""HV_NWSLI"":null,""HV_REC"":null,""HV_SEV"":null,""INIT_EXP"":""202606220145"",""INIT_ISS"":""202606220101"",""ISSUED"":""202606220101"",""NWS_UGC"":null,""PHENOM"":""TO"",""POLY_BEG"":""202606220101"",""POLY_END"":""202606220116"",""PROD_ID"":""202606220101-KILX-WFUS53-TORILX"",""SIG"":""W"",""STATUS"":""NEW"",""TORNTAG"":""RADAR INDICATED"",""UPDATED"":""202606220101"",""VTEC_YR"":""2026"",""WFO"":""ILX"",""WINDTAG"":null},""iem_significance"":""W"",""iem_tornadotag"":""RADAR INDICATED"",""iem_ugc"":"""",""iem_wfo"":""ILX"",""iem_windtag"":"""",""senderName"":""ILX"",""status"":""NEW""}","{""geometry"":{""coordinates"":[[[-89.03,39.33],[-89.02,39.47],[-88.47,39.43],[-88.47,39.29],[-89.03,39.33]]],""type"":""Polygon""},""properties"":{""_map_py"":{""effective"":""2026-06-22T01:01:00Z"",""event"":""Tornado Warning"",""expires"":""2026-06-22T01:45:00Z"",""has_polygon"":true,""headline"":"""",""sender"":""ILX""},""effective"":""2026-06-22T01:01:00Z"",""event"":""Tornado Warning"",""expires"":""2026-06-22T01:45:00Z"",""headline"":"""",""iem_damagetag"":"""",""iem_emergency"":""False"",""iem_event_id"":""132"",""iem_forecaster"":""25"",""iem_gtype"":""P"",""iem_hailtag"":""0.75"",""iem_phenomena"":""TO"",""iem_raw_properties"":{""AREA_KM2"":""744.4128941935755"",""DAMAGTAG"":null,""EMERGENC"":""False"",""ETN"":""132"",""EXPIRED"":""202606220145"",""FCSTER"":""25"",""GTYPE"":""P"",""HAILTAG"":""0.75"",""HV_CAUSE"":null,""HV_NWSLI"":null,""HV_REC"":null,""HV_SEV"":null,""INIT_EXP"":""202606220145"",""INIT_ISS"":""202606220101"",""ISSUED"":""202606220101"",""NWS_UGC"":null,""PHENOM"":""TO"",""POLY_BEG"":""202606220101"",""POLY_END"":""202606220116"",""PROD_ID"":""202606220101-KILX-WFUS53-TORILX"",""SIG"":""W"",""STATUS"":""NEW"",""TORNTAG"":""RADAR INDICATED"",""UPDATED"":""202606220101"",""VTEC_YR"":""2026"",""WFO"":""ILX"",""WINDTAG"":null},""iem_significance"":""W"",""iem_tornadotag"":""RADAR INDICATED"",""iem_ugc"":"""",""iem_wfo"":""ILX"",""iem_windtag"":"""",""senderName"":""ILX"",""status"":""NEW""},""type"":""Feature""}",2026-04-27T17:31:58Z,2026-07-09T05:15:02Z,2026-07-09T18:49:04Z
5321,iem_watchwarn,iem_watchwarn|IND|71|TO|W|2026-06-22T01:04:00Z|2026-06-22T01:25:00Z|,Tornado Warning,,2026-06-22T01:04:00Z,2026-06-22T01:25:00Z,IND,NEW,1,"{""coordinates"":[[[-86.84,38.57],[-86.79,38.66],[-86.68,38.65],[-86.68,38.53],[-86.72,38.53],[-86.84,38.57]]],""type"":""Polygon""}","{""_map_py"":{""effective"":""2026-06-22T01:04:00Z"",""event"":""Tornado Warning"",""expires"":""2026-06-22T01:25:00Z"",""has_polygon"":true,""headline"":"""",""sender"":""IND""},""effective"":""2026-06-22T01:04:00Z"",""event"":""Tornado Warning"",""expires"":""2026-06-22T01:25:00Z"",""headline"":"""",""iem_damagetag"":"""",""iem_emergency"":""False"",""iem_event_id"":""71"",""iem_forecaster"":""White"",""iem_gtype"":""P"",""iem_hailtag"":""0.75"",""iem_phenomena"":""TO"",""iem_raw_properties"":{""AREA_KM2"":""150.7500200336583"",""DAMAGTAG"":null,""EMERGENC"":""False"",""ETN"":""71"",""EXPIRED"":""202606220125"",""FCSTER"":""White"",""GTYPE"":""P"",""HAILTAG"":""0.75"",""HV_CAUSE"":null,""HV_NWSLI"":null,""HV_REC"":null,""HV_SEV"":null,""INIT_EXP"":""202606220145"",""INIT_ISS"":""202606220104"",""ISSUED"":""202606220104"",""NWS_UGC"":null,""PHENOM"":""TO"",""POLY_BEG"":""202606220104"",""POLY_END"":""202606220125"",""PROD_ID"":""202606220104-KIND-WFUS53-TORIND"",""SIG"":""W"",""STATUS"":""NEW"",""TORNTAG"":""RADAR INDICATED"",""UPDATED"":""202606220104"",""VTEC_YR"":""2026"",""WFO"":""IND"",""WINDTAG"":null},""iem_significance"":""W"",""iem_tornadotag"":""RADAR INDICATED"",""iem_ugc"":"""",""iem_wfo"":""IND"",""iem_windtag"":"""",""senderName"":""IND"",""status"":""NEW""}","{""geometry"":{""coordinates"":[[[-86.84,38.57],[-86.79,38.66],[-86.68,38.65],[-86.68,38.53],[-86.72,38.53],[-86.84,38.57]]],""type"":""Polygon""},""properties"":{""_map_py"":{""effective"":""2026-06-22T01:04:00Z"",""event"":""Tornado Warning"",""expires"":""2026-06-22T01:25:00Z"",""has_polygon"":true,""headline"":"""",""sender"":""IND""},""effective"":""2026-06-22T01:04:00Z"",""event"":""Tornado Warning"",""expires"":""2026-06-22T01:25:00Z"",""headline"":"""",""iem_damagetag"":"""",""iem_emergency"":""False"",""iem_event_id"":""71"",""iem_forecaster"":""White"",""iem_gtype"":""P"",""iem_hailtag"":""0.75"",""iem_phenomena"":""TO"",""iem_raw_properties"":{""AREA_KM2"":""150.7500200336583"",""DAMAGTAG"":null,""EMERGENC"":""False"",""ETN"":""71"",""EXPIRED"":""202606220125"",""FCSTER"":""White"",""GTYPE"":""P"",""HAILTAG"":""0.75"",""HV_CAUSE"":null,""HV_NWSLI"":null,""HV_REC"":null,""HV_SEV"":null,""INIT_EXP"":""202606220145"",""INIT_ISS"":""202606220104"",""ISSUED"":""202606220104"",""NWS_UGC"":null,""PHENOM"":""TO"",""POLY_BEG"":""202606220104"",""POLY_END"":""202606220125"",""PROD_ID"":""202606220104-KIND-WFUS53-TORIND"",""SIG"":""W"",""STATUS"":""NEW"",""TORNTAG"":""RADAR INDICATED"",""UPDATED"":""202606220104"",""VTEC_YR"":""2026"",""WFO"":""IND"",""WINDTAG"":null},""iem_significance"":""W"",""iem_tornadotag"":""RADAR INDICATED"",""iem_ugc"":"""",""iem_wfo"":""IND"",""iem_windtag"":"""",""senderName"":""IND"",""status"":""NEW""},""type"":""Feature""}",2026-04-27T17:31:58Z,2026-07-09T05:15:02Z,2026-07-09T18:49:04Z
9124,iem_watchwarn,iem_watchwarn|PAH|51|TO|W|2026-06-22T01:04:00Z|2026-06-22T01:45:00Z|,Tornado Warning,,2026-06-22T01:04:00Z,2026-06-22T01:45:00Z,PAH,NEW,1,"{""coordinates"":[[[-86.81,38.12],[-87.16,38.15],[-87.17,38.2],[-87.07,38.21],[-87.07,38.2],[-86.79,38.21],[-86.79,38.18],[-86.8,38.18],[-86.8,38.14],[-86.79,38.12],[-86.81,38.12]]],""type"":""Polygon""}","{""_map_py"":{""effective"":""2026-06-22T01:04:00Z"",""event"":""Tornado Warning"",""expires"":""2026-06-22T01:45:00Z"",""has_polygon"":true,""headline"":"""",""sender"":""PAH""},""effective"":""2026-06-22T01:04:00Z"",""event"":""Tornado Warning"",""expires"":""2026-06-22T01:45:00Z"",""headline"":"""",""iem_damagetag"":"""",""iem_emergency"":""False"",""iem_event_id"":""51"",""iem_forecaster"":""DW"",""iem_gtype"":""P"",""iem_hailtag"":""0.75"",""iem_phenomena"":""TO"",""iem_raw_properties"":{""AREA_KM2"":""252.57712110833515"",""DAMAGTAG"":null,""EMERGENC"":""False"",""ETN"":""51"",""EXPIRED"":""202606220145"",""FCSTER"":""DW"",""GTYPE"":""P"",""HAILTAG"":""0.75"",""HV_CAUSE"":null,""HV_NWSLI"":null,""HV_REC"":null,""HV_SEV"":null,""INIT_EXP"":""202606220145"",""INIT_ISS"":""202606220104"",""ISSUED"":""202606220104"",""NWS_UGC"":null,""PHENOM"":""TO"",""POLY_BEG"":""202606220104"",""POLY_END"":""202606220113"",""PROD_ID"":""202606220104-KPAH-WFUS53-TORPAH"",""SIG"":""W"",""STATUS"":""NEW"",""TORNTAG"":""RADAR INDICATED"",""UPDATED"":""202606220104"",""VTEC_YR"":""2026"",""WFO"":""PAH"",""WINDTAG"":null},""iem_significance"":""W"",""iem_tornadotag"":""RADAR INDICATED"",""iem_ugc"":"""",""iem_wfo"":""PAH"",""iem_windtag"":"""",""senderName"":""PAH"",""status"":""NEW""}","{""geometry"":{""coordinates"":[[[-86.81,38.12],[-87.16,38.15],[-87.17,38.2],[-87.07,38.21],[-87.07,38.2],[-86.79,38.21],[-86.79,38.18],[-86.8,38.18],[-86.8,38.14],[-86.79,38.12],[-86.81,38.12]]],""type"":""Polygon""},""properties"":{""_map_py"":{""effective"":""2026-06-22T01:04:00Z"",""event"":""Tornado Warning"",""expires"":""2026-06-22T01:45:00Z"",""has_polygon"":true,""headline"":"""",""sender"":""PAH""},""effective"":""2026-06-22T01:04:00Z"",""event"":""Tornado Warning"",""expires"":""2026-06-22T01:45:00Z"",""headline"":"""",""iem_damagetag"":"""",""iem_emergency"":""False"",""iem_event_id"":""51"",""iem_forecaster"":""DW"",""iem_gtype"":""P"",""iem_hailtag"":""0.75"",""iem_phenomena"":""TO"",""iem_raw_properties"":{""AREA_KM2"":""252.57712110833515"",""DAMAGTAG"":null,""EMERGENC"":""False"",""ETN"":""51"",""EXPIRED"":""202606220145"",""FCSTER"":""DW"",""GTYPE"":""P"",""HAILTAG"":""0.75"",""HV_CAUSE"":null,""HV_NWSLI"":null,""HV_REC"":null,""HV_SEV"":null,""INIT_EXP"":""202606220145"",""INIT_ISS"":""202606220104"",""ISSUED"":""202606220104"",""NWS_UGC"":null,""PHENOM"":""TO"",""POLY_BEG"":""202606220104"",""POLY_END"":""202606220113"",""PROD_ID"":""202606220104-KPAH-WFUS53-TORPAH"",""SIG"":""W"",""STATUS"":""NEW"",""TORNTAG"":""RADAR INDICATED"",""UPDATED"":""202606220104"",""VTEC_YR"":""2026"",""WFO"":""PAH"",""WINDTAG"":null},""iem_significance"":""W"",""iem_tornadotag"":""RADAR INDICATED"",""iem_ugc"":"""",""iem_wfo"":""PAH"",""iem_windtag"":"""",""senderName"":""PAH"",""status"":""NEW""},""type"":""Feature""}",2026-04-27T17:31:58Z,2026-07-09T05:15:02Z,2026-07-09T18:49:04Z
1831,iem_watchwarn,iem_watchwarn|LMK|24|TO|W|2026-06-22T01:06:00Z|2026-06-22T01:45:00Z|,Tornado Warning,,2026-06-22T01:06:00Z,2026-06-22T01:45:00Z,LMK,NEW,1,"{""coordinates"":[[[-86.42,38.52],[-86.68,38.55],[-86.68,38.67],[-86.41,38.68],[-86.42,38.52]]],""type"":""Polygon""}","{""_map_py"":{""effective"":""2026-06-22T01:06:00Z"",""event"":""Tornado Warning"",""expires"":""2026-06-22T01:45:00Z"",""has_polygon"":true,""headline"":"""",""sender"":""LMK""},""effective"":""2026-06-22T01:06:00Z"",""event"":""Tornado Warning"",""expires"":""2026-06-22T01:45:00Z"",""headline"":"""",""iem_damagetag"":"""",""iem_emergency"":""False"",""iem_event_id"":""24"",""iem_forecaster"":""SRW"",""iem_gtype"":""P"",""iem_hailtag"":""0.75"",""iem_phenomena"":""TO"",""iem_raw_properties"":{""AREA_KM2"":""358.9498858696403"",""DAMAGTAG"":null,""EMERGENC"":""False"",""ETN"":""24"",""EXPIRED"":""202606220145"",""FCSTER"":""SRW"",""GTYPE"":""P"",""HAILTAG"":""0.75"",""HV_CAUSE"":null,""HV_NWSLI"":null,""HV_REC"":null,""HV_SEV"":null,""INIT_EXP"":""202606220145"",""INIT_ISS"":""202606220106"",""ISSUED"":""202606220106"",""NWS_UGC"":null,""PHENOM"":""TO"",""POLY_BEG"":""202606220106"",""POLY_END"":""202606220132"",""PROD_ID"":""202606220106-KLMK-WFUS53-TORLMK"",""SIG"":""W"",""STATUS"":""NEW"",""TORNTAG"":""RADAR INDICATED"",""UPDATED"":""202606220106"",""VTEC_YR"":""2026"",""WFO"":""LMK"",""WINDTAG"":null},""iem_significance"":""W"",""iem_tornadotag"":""RADAR INDICATED"",""iem_ugc"":"""",""iem_wfo"":""LMK"",""iem_windtag"":"""",""senderName"":""LMK"",""status"":""NEW""}","{""geometry"":{""coordinates"":[[[-86.42,38.52],[-86.68,38.55],[-86.68,38.67],[-86.41,38.68],[-86.42,38.52]]],""type"":""Polygon""},""properties"":{""_map_py"":{""effective"":""2026-06-22T01:06:00Z"",""event"":""Tornado Warning"",""expires"":""2026-06-22T01:45:00Z"",""has_polygon"":true,""headline"":"""",""sender"":""LMK""},""effective"":""2026-06-22T01:06:00Z"",""event"":""Tornado Warning"",""expires"":""2026-06-22T01:45:00Z"",""headline"":"""",""iem_damagetag"":"""",""iem_emergency"":""False"",""iem_event_id"":""24"",""iem_forecaster"":""SRW"",""iem_gtype"":""P"",""iem_hailtag"":""0.75"",""iem_phenomena"":""TO"",""iem_raw_properties"":{""AREA_KM2"":""358.9498858696403"",""DAMAGTAG"":null,""EMERGENC"":""False"",""ETN"":""24"",""EXPIRED"":""202606220145"",""FCSTER"":""SRW"",""GTYPE"":""P"",""HAILTAG"":""0.75"",""HV_CAUSE"":null,""HV_NWSLI"":null,""HV_REC"":null,""HV_SEV"":null,""INIT_EXP"":""202606220145"",""INIT_ISS"":""202606220106"",""ISSUED"":""202606220106"",""NWS_UGC"":null,""PHENOM"":""TO"",""POLY_BEG"":""202606220106"",""POLY_END"":""202606220132"",""PROD_ID"":""202606220106-KLMK-WFUS53-TORLMK"",""SIG"":""W"",""STATUS"":""NEW"",""TORNTAG"":""RADAR INDICATED"",""UPDATED"":""202606220106"",""VTEC_YR"":""2026"",""WFO"":""LMK"",""WINDTAG"":null},""iem_significance"":""W"",""iem_tornadotag"":""RADAR INDICATED"",""iem_ugc"":"""",""iem_wfo"":""LMK"",""iem_windtag"":"""",""senderName"":""LMK"",""status"":""NEW""},""type"":""Feature""}",2026-04-27T17:31:58Z,2026-07-09T05:15:02Z,2026-07-09T18:49:04Z
5265,iem_watchwarn,iem_watchwarn|DDC|157|SV|W|2026-06-22T01:07:00Z|2026-06-22T02:00:00Z|,Severe Thunderstorm Warning,,2026-06-22T01:07:00Z,2026-06-22T02:00:00Z,DDC,NEW,1,"{""coordinates"":[[[-100.34,37.91],[-101.52,37.52],[-101.53,37.95],[-100.92,38.26],[-100.7,38.26],[-100.34,37.91]]],""type"":""Polygon""}","{""_map_py"":{""effective"":""2026-06-22T01:07:00Z"",""event"":""Severe Thunderstorm Warning"",""expires"":""2026-06-22T02:00:00Z"",""has_polygon"":true,""headline"":"""",""sender"":""DDC""},""effective"":""2026-06-22T01:07:00Z"",""event"":""Severe Thunderstorm Warning"",""expires"":""2026-06-22T02:00:00Z"",""headline"":"""",""iem_damagetag"":"""",""iem_emergency"":""False"",""iem_event_id"":""157"",""iem_forecaster"":""UMSCHEID"",""iem_gtype"":""P"",""iem_hailtag"":""1.0"",""iem_phenomena"":""SV"",""iem_raw_properties"":{""AREA_KM2"":""4774.785934959817"",""DAMAGTAG"":null,""EMERGENC"":""False"",""ETN"":""157"",""EXPIRED"":""202606220200"",""FCSTER"":""UMSCHEID"",""GTYPE"":""P"",""HAILTAG"":""1.0"",""HV_CAUSE"":null,""HV_NWSLI"":null,""HV_REC"":null,""HV_SEV"":null,""INIT_EXP"":""202606220200"",""INIT_ISS"":""202606220107"",""ISSUED"":""202606220107"",""NWS_UGC"":null,""PHENOM"":""SV"",""POLY_BEG"":""202606220107"",""POLY_END"":""202606220130"",""PROD_ID"":""202606220107-KDDC-WUUS53-SVRDDC"",""SIG"":""W"",""STATUS"":""NEW"",""TORNTAG"":null,""UPDATED"":""202606220107"",""VTEC_YR"":""2026"",""WFO"":""DDC"",""WINDTAG"":""60.0""},""iem_significance"":""W"",""iem_tornadotag"":"""",""iem_ugc"":"""",""iem_wfo"":""DDC"",""iem_windtag"":""60.0"",""senderName"":""DDC"",""status"":""NEW""}","{""geometry"":{""coordinates"":[[[-100.34,37.91],[-101.52,37.52],[-101.53,37.95],[-100.92,38.26],[-100.7,38.26],[-100.34,37.91]]],""type"":""Polygon""},""properties"":{""_map_py"":{""effective"":""2026-06-22T01:07:00Z"",""event"":""Severe Thunderstorm Warning"",""expires"":""2026-06-22T02:00:00Z"",""has_polygon"":true,""headline"":"""",""sender"":""DDC""},""effective"":""2026-06-22T01:07:00Z"",""event"":""Severe Thunderstorm Warning"",""expires"":""2026-06-22T02:00:00Z"",""headline"":"""",""iem_damagetag"":"""",""iem_emergency"":""False"",""iem_event_id"":""157"",""iem_forecaster"":""UMSCHEID"",""iem_gtype"":""P"",""iem_hailtag"":""1.0"",""iem_phenomena"":""SV"",""iem_raw_properties"":{""AREA_KM2"":""4774.785934959817"",""DAMAGTAG"":null,""EMERGENC"":""False"",""ETN"":""157"",""EXPIRED"":""202606220200"",""FCSTER"":""UMSCHEID"",""GTYPE"":""P"",""HAILTAG"":""1.0"",""HV_CAUSE"":null,""HV_NWSLI"":null,""HV_REC"":null,""HV_SEV"":null,""INIT_EXP"":""202606220200"",""INIT_ISS"":""202606220107"",""ISSUED"":""202606220107"",""NWS_UGC"":null,""PHENOM"":""SV"",""POLY_BEG"":""202606220107"",""POLY_END"":""202606220130"",""PROD_ID"":""202606220107-KDDC-WUUS53-SVRDDC"",""SIG"":""W"",""STATUS"":""NEW"",""TORNTAG"":null,""UPDATED"":""202606220107"",""VTEC_YR"":""2026"",""WFO"":""DDC"",""WINDTAG"":""60.0""},""iem_significance"":""W"",""iem_tornadotag"":"""",""iem_ugc"":"""",""iem_wfo"":""DDC"",""iem_windtag"":""60.0"",""senderName"":""DDC"",""status"":""NEW""},""type"":""Feature""}",2026-04-27T17:31:58Z,2026-07-09T05:15:02Z,2026-07-09T18:49:04Z
5496,iem_watchwarn,iem_watchwarn|DDC|158|SV|W|2026-06-22T01:10:00Z|2026-06-22T02:00:00Z|,Severe Thunderstorm Warning,,2026-06-22T01:10:00Z,2026-06-22T02:00:00Z,DDC,NEW,1,"{""coordinates"":[[[-100.23,38.0],[-100.45,38.0],[-100.68,38.23],[-100.68,38.37],[-100.29,38.52],[-100.25,38.52],[-100.23,38.0]]],""type"":""Polygon""}","{""_map_py"":{""effective"":""2026-06-22T01:10:00Z"",""event"":""Severe Thunderstorm Warning"",""expires"":""2026-06-22T02:00:00Z"",""has_polygon"":true,""headline"":"""",""sender"":""DDC""},""effective"":""2026-06-22T01:10:00Z"",""event"":""Severe Thunderstorm Warning"",""expires"":""2026-06-22T02:00:00Z"",""headline"":"""",""iem_damagetag"":"""",""iem_emergency"":""False"",""iem_event_id"":""158"",""iem_forecaster"":""UMSCHEID"",""iem_gtype"":""P"",""iem_hailtag"":""1.0"",""iem_phenomena"":""SV"",""iem_raw_properties"":{""AREA_KM2"":""1681.0819627175317"",""DAMAGTAG"":null,""EMERGENC"":""False"",""ETN"":""158"",""EXPIRED"":""202606220200"",""FCSTER"":""UMSCHEID"",""GTYPE"":""P"",""HAILTAG"":""1.0"",""HV_CAUSE"":null,""HV_NWSLI"":null,""HV_REC"":null,""HV_SEV"":null,""INIT_EXP"":""202606220200"",""INIT_ISS"":""202606220110"",""ISSUED"":""202606220110"",""NWS_UGC"":null,""PHENOM"":""SV"",""POLY_BEG"":""202606220110"",""POLY_END"":""202606220135"",""PROD_ID"":""202606220110-KDDC-WUUS53-SVRDDC"",""SIG"":""W"",""STATUS"":""NEW"",""TORNTAG"":null,""UPDATED"":""202606220110"",""VTEC_YR"":""2026"",""WFO"":""DDC"",""WINDTAG"":""60.0""},""iem_significance"":""W"",""iem_tornadotag"":"""",""iem_ugc"":"""",""iem_wfo"":""DDC"",""iem_windtag"":""60.0"",""senderName"":""DDC"",""status"":""NEW""}","{""geometry"":{""coordinates"":[[[-100.23,38.0],[-100.45,38.0],[-100.68,38.23],[-100.68,38.37],[-100.29,38.52],[-100.25,38.52],[-100.23,38.0]]],""type"":""Polygon""},""properties"":{""_map_py"":{""effective"":""2026-06-22T01:10:00Z"",""event"":""Severe Thunderstorm Warning"",""expires"":""2026-06-22T02:00:00Z"",""has_polygon"":true,""headline"":"""",""sender"":""DDC""},""effective"":""2026-06-22T01:10:00Z"",""event"":""Severe Thunderstorm Warning"",""expires"":""2026-06-22T02:00:00Z"",""headline"":"""",""iem_damagetag"":"""",""iem_emergency"":""False"",""iem_event_id"":""158"",""iem_forecaster"":""UMSCHEID"",""iem_gtype"":""P"",""iem_hailtag"":""1.0"",""iem_phenomena"":""SV"",""iem_raw_properties"":{""AREA_KM2"":""1681.0819627175317"",""DAMAGTAG"":null,""EMERGENC"":""False"",""ETN"":""158"",""EXPIRED"":""202606220200"",""FCSTER"":""UMSCHEID"",""GTYPE"":""P"",""HAILTAG"":""1.0"",""HV_CAUSE"":null,""HV_NWSLI"":null,""HV_REC"":null,""HV_SEV"":null,""INIT_EXP"":""202606220200"",""INIT_ISS"":""202606220110"",""ISSUED"":""202606220110"",""NWS_UGC"":null,""PHENOM"":""SV"",""POLY_BEG"":""202606220110"",""POLY_END"":""202606220135"",""PROD_ID"":""202606220110-KDDC-WUUS53-SVRDDC"",""SIG"":""W"",""STATUS"":""NEW"",""TORNTAG"":null,""UPDATED"":""202606220110"",""VTEC_YR"":""2026"",""WFO"":""DDC"",""WINDTAG"":""60.0""},""iem_significance"":""W"",""iem_tornadotag"":"""",""iem_ugc"":"""",""iem_wfo"":""DDC"",""iem_windtag"":""60.0"",""senderName"":""DDC"",""status"":""NEW""},""type"":""Feature""}",2026-04-27T17:31:58Z,2026-07-09T05:15:02Z,2026-07-09T18:49:04Z
595,iem_watchwarn,iem_watchwarn|PAH|52|TO|W|2026-06-22T01:12:00Z|2026-06-22T02:00:00Z|,Tornado Warning,,2026-06-22T01:12:00Z,2026-06-22T02:00:00Z,PAH,NEW,1,"{""coordinates"":[[[-88.64,38.1],[-88.66,38.19],[-88.29,38.25],[-88.3,38.08],[-88.64,38.1]]],""type"":""Polygon""}","{""_map_py"":{""effective"":""2026-06-22T01:12:00Z"",""event"":""Tornado Warning"",""expires"":""2026-06-22T02:00:00Z"",""has_polygon"":true,""headline"":"""",""sender"":""PAH""},""effective"":""2026-06-22T01:12:00Z"",""event"":""Tornado Warning"",""expires"":""2026-06-22T02:00:00Z"",""headline"":"""",""iem_damagetag"":"""",""iem_emergency"":""False"",""iem_event_id"":""52"",""iem_forecaster"":""SP"",""iem_gtype"":""P"",""iem_hailtag"":""0.75"",""iem_phenomena"":""TO"",""iem_raw_properties"":{""AREA_KM2"":""449.7582030262544"",""DAMAGTAG"":null,""EMERGENC"":""False"",""ETN"":""52"",""EXPIRED"":""202606220200"",""FCSTER"":""SP"",""GTYPE"":""P"",""HAILTAG"":""0.75"",""HV_CAUSE"":null,""HV_NWSLI"":null,""HV_REC"":null,""HV_SEV"":null,""INIT_EXP"":""202606220200"",""INIT_ISS"":""202606220112"",""ISSUED"":""202606220112"",""NWS_UGC"":null,""PHENOM"":""TO"",""POLY_BEG"":""202606220112"",""POLY_END"":""202606220129"",""PROD_ID"":""202606220112-KPAH-WFUS53-TORPAH"",""SIG"":""W"",""STATUS"":""NEW"",""TORNTAG"":""RADAR INDICATED"",""UPDATED"":""202606220112"",""VTEC_YR"":""2026"",""WFO"":""PAH"",""WINDTAG"":null},""iem_significance"":""W"",""iem_tornadotag"":""RADAR INDICATED"",""iem_ugc"":"""",""iem_wfo"":""PAH"",""iem_windtag"":"""",""senderName"":""PAH"",""status"":""NEW""}","{""geometry"":{""coordinates"":[[[-88.64,38.1],[-88.66,38.19],[-88.29,38.25],[-88.3,38.08],[-88.64,38.1]]],""type"":""Polygon""},""properties"":{""_map_py"":{""effective"":""2026-06-22T01:12:00Z"",""event"":""Tornado Warning"",""expires"":""2026-06-22T02:00:00Z"",""has_polygon"":true,""headline"":"""",""sender"":""PAH""},""effective"":""2026-06-22T01:12:00Z"",""event"":""Tornado Warning"",""expires"":""2026-06-22T02:00:00Z"",""headline"":"""",""iem_damagetag"":"""",""iem_emergency"":""False"",""iem_event_id"":""52"",""iem_forecaster"":""SP"",""iem_gtype"":""P"",""iem_hailtag"":""0.75"",""iem_phenomena"":""TO"",""iem_raw_properties"":{""AREA_KM2"":""449.7582030262544"",""DAMAGTAG"":null,""EMERGENC"":""False"",""ETN"":""52"",""EXPIRED"":""202606220200"",""FCSTER"":""SP"",""GTYPE"":""P"",""HAILTAG"":""0.75"",""HV_CAUSE"":null,""HV_NWSLI"":null,""HV_REC"":null,""HV_SEV"":null,""INIT_EXP"":""202606220200"",""INIT_ISS"":""202606220112"",""ISSUED"":""202606220112"",""NWS_UGC"":null,""PHENOM"":""TO"",""POLY_BEG"":""202606220112"",""POLY_END"":""202606220129"",""PROD_ID"":""202606220112-KPAH-WFUS53-TORPAH"",""SIG"":""W"",""STATUS"":""NEW"",""TORNTAG"":""RADAR INDICATED"",""UPDATED"":""202606220112"",""VTEC_YR"":""2026"",""WFO"":""PAH"",""WINDTAG"":null},""iem_significance"":""W"",""iem_tornadotag"":""RADAR INDICATED"",""iem_ugc"":"""",""iem_wfo"":""PAH"",""iem_windtag"":"""",""senderName"":""PAH"",""status"":""NEW""},""type"":""Feature""}",2026-04-27T17:31:58Z,2026-07-09T05:15:02Z,2026-07-09T18:49:04Z
7751,iem_watchwarn,iem_watchwarn|BOU|110|SV|W|2026-06-22T01:13:00Z|2026-06-22T01:45:00Z|,Severe Thunderstorm Warning,,2026-06-22T01:13:00Z,2026-06-22T01:45:00Z,BOU,NEW,1,"{""coordinates"":[[[-103.32,40.32],[-103.2,40.64],[-102.67,40.61],[-102.7,40.44],[-102.78,40.44],[-102.78,40.35],[-102.79,40.35],[-102.79,40.26],[-103.32,40.32]]],""type"":""Polygon""}","{""_map_py"":{""effective"":""2026-06-22T01:13:00Z"",""event"":""Severe Thunderstorm Warning"",""expires"":""2026-06-22T01:45:00Z"",""has_polygon"":true,""headline"":"""",""sender"":""BOU""},""effective"":""2026-06-22T01:13:00Z"",""event"":""Severe Thunderstorm Warning"",""expires"":""2026-06-22T01:45:00Z"",""headline"":"""",""iem_damagetag"":"""",""iem_emergency"":""False"",""iem_event_id"":""110"",""iem_forecaster"":""63"",""iem_gtype"":""P"",""iem_hailtag"":""1.25"",""iem_phenomena"":""SV"",""iem_raw_properties"":{""AREA_KM2"":""1700.1386483309461"",""DAMAGTAG"":null,""EMERGENC"":""False"",""ETN"":""110"",""EXPIRED"":""202606220145"",""FCSTER"":""63"",""GTYPE"":""P"",""HAILTAG"":""1.25"",""HV_CAUSE"":null,""HV_NWSLI"":null,""HV_REC"":null,""HV_SEV"":null,""INIT_EXP"":""202606220145"",""INIT_ISS"":""202606220113"",""ISSUED"":""202606220113"",""NWS_UGC"":null,""PHENOM"":""SV"",""POLY_BEG"":""202606220113"",""POLY_END"":""202606220123"",""PROD_ID"":""202606220113-KBOU-WUUS55-SVRBOU"",""SIG"":""W"",""STATUS"":""NEW"",""TORNTAG"":null,""UPDATED"":""202606220113"",""VTEC_YR"":""2026"",""WFO"":""BOU"",""WINDTAG"":""60.0""},""iem_significance"":""W"",""iem_tornadotag"":"""",""iem_ugc"":"""",""iem_wfo"":""BOU"",""iem_windtag"":""60.0"",""senderName"":""BOU"",""status"":""NEW""}","{""geometry"":{""coordinates"":[[[-103.32,40.32],[-103.2,40.64],[-102.67,40.61],[-102.7,40.44],[-102.78,40.44],[-102.78,40.35],[-102.79,40.35],[-102.79,40.26],[-103.32,40.32]]],""type"":""Polygon""},""properties"":{""_map_py"":{""effective"":""2026-06-22T01:13:00Z"",""event"":""Severe Thunderstorm Warning"",""expires"":""2026-06-22T01:45:00Z"",""has_polygon"":true,""headline"":"""",""sender"":""BOU""},""effective"":""2026-06-22T01:13:00Z"",""event"":""Severe Thunderstorm Warning"",""expires"":""2026-06-22T01:45:00Z"",""headline"":"""",""iem_damagetag"":"""",""iem_emergency"":""False"",""iem_event_id"":""110"",""iem_forecaster"":""63"",""iem_gtype"":""P"",""iem_hailtag"":""1.25"",""iem_phenomena"":""SV"",""iem_raw_properties"":{""AREA_KM2"":""1700.1386483309461"",""DAMAGTAG"":null,""EMERGENC"":""False"",""ETN"":""110"",""EXPIRED"":""202606220145"",""FCSTER"":""63"",""GTYPE"":""P"",""HAILTAG"":""1.25"",""HV_CAUSE"":null,""HV_NWSLI"":null,""HV_REC"":null,""HV_SEV"":null,""INIT_EXP"":""202606220145"",""INIT_ISS"":""202606220113"",""ISSUED"":""202606220113"",""NWS_UGC"":null,""PHENOM"":""SV"",""POLY_BEG"":""202606220113"",""POLY_END"":""202606220123"",""PROD_ID"":""202606220113-KBOU-WUUS55-SVRBOU"",""SIG"":""W"",""STATUS"":""NEW"",""TORNTAG"":null,""UPDATED"":""202606220113"",""VTEC_YR"":""2026"",""WFO"":""BOU"",""WINDTAG"":""60.0""},""iem_significance"":""W"",""iem_tornadotag"":"""",""iem_ugc"":"""",""iem_wfo"":""BOU"",""iem_windtag"":""60.0"",""senderName"":""BOU"",""status"":""NEW""},""type"":""Feature""}",2026-04-27T17:31:58Z,2026-07-09T05:15:02Z,2026-07-09T18:49:04Z
6282,iem_watchwarn,iem_watchwarn|DDC|159|SV|W|2026-06-22T01:13:00Z|2026-06-22T02:00:00Z|,Severe Thunderstorm Warning,,2026-06-22T01:13:00Z,2026-06-22T02:00:00Z,DDC,NEW,1,"{""coordinates"":[[[-101.97,37.89],[-101.54,37.88],[-101.54,37.83],[-101.53,37.83],[-101.53,37.52],[-101.94,37.52],[-101.97,37.89]]],""type"":""Polygon""}","{""_map_py"":{""effective"":""2026-06-22T01:13:00Z"",""event"":""Severe Thunderstorm Warning"",""expires"":""2026-06-22T02:00:00Z"",""has_polygon"":true,""headline"":"""",""sender"":""DDC""},""effective"":""2026-06-22T01:13:00Z"",""event"":""Severe Thunderstorm Warning"",""expires"":""2026-06-22T02:00:00Z"",""headline"":"""",""iem_damagetag"":""CONSIDERABLE"",""iem_emergency"":""False"",""iem_event_id"":""159"",""iem_forecaster"":""UMSCHEID"",""iem_gtype"":""P"",""iem_hailtag"":""2.0"",""iem_phenomena"":""SV"",""iem_raw_properties"":{""AREA_KM2"":""1511.329136855999"",""DAMAGTAG"":""CONSIDERABLE"",""EMERGENC"":""False"",""ETN"":""159"",""EXPIRED"":""202606220200"",""FCSTER"":""UMSCHEID"",""GTYPE"":""P"",""HAILTAG"":""2.0"",""HV_CAUSE"":null,""HV_NWSLI"":null,""HV_REC"":null,""HV_SEV"":null,""INIT_EXP"":""202606220200"",""INIT_ISS"":""202606220113"",""ISSUED"":""202606220113"",""NWS_UGC"":null,""PHENOM"":""SV"",""POLY_BEG"":""202606220113"",""POLY_END"":""202606220133"",""PROD_ID"":""202606220113-KDDC-WUUS53-SVRDDC"",""SIG"":""W"",""STATUS"":""NEW"",""TORNTAG"":null,""UPDATED"":""202606220113"",""VTEC_YR"":""2026"",""WFO"":""DDC"",""WINDTAG"":""70.0""},""iem_significance"":""W"",""iem_tornadotag"":"""",""iem_ugc"":"""",""iem_wfo"":""DDC"",""iem_windtag"":""70.0"",""senderName"":""DDC"",""status"":""NEW""}","{""geometry"":{""coordinates"":[[[-101.97,37.89],[-101.54,37.88],[-101.54,37.83],[-101.53,37.83],[-101.53,37.52],[-101.94,37.52],[-101.97,37.89]]],""type"":""Polygon""},""properties"":{""_map_py"":{""effective"":""2026-06-22T01:13:00Z"",""event"":""Severe Thunderstorm Warning"",""expires"":""2026-06-22T02:00:00Z"",""has_polygon"":true,""headline"":"""",""sender"":""DDC""},""effective"":""2026-06-22T01:13:00Z"",""event"":""Severe Thunderstorm Warning"",""expires"":""2026-06-22T02:00:00Z"",""headline"":"""",""iem_damagetag"":""CONSIDERABLE"",""iem_emergency"":""False"",""iem_event_id"":""159"",""iem_forecaster"":""UMSCHEID"",""iem_gtype"":""P"",""iem_hailtag"":""2.0"",""iem_phenomena"":""SV"",""iem_raw_properties"":{""AREA_KM2"":""1511.329136855999"",""DAMAGTAG"":""CONSIDERABLE"",""EMERGENC"":""False"",""ETN"":""159"",""EXPIRED"":""202606220200"",""FCSTER"":""UMSCHEID"",""GTYPE"":""P"",""HAILTAG"":""2.0"",""HV_CAUSE"":null,""HV_NWSLI"":null,""HV_REC"":null,""HV_SEV"":null,""INIT_EXP"":""202606220200"",""INIT_ISS"":""202606220113"",""ISSUED"":""202606220113"",""NWS_UGC"":null,""PHENOM"":""SV"",""POLY_BEG"":""202606220113"",""POLY_END"":""202606220133"",""PROD_ID"":""202606220113-KDDC-WUUS53-SVRDDC"",""SIG"":""W"",""STATUS"":""NEW"",""TORNTAG"":null,""UPDATED"":""202606220113"",""VTEC_YR"":""2026"",""WFO"":""DDC"",""WINDTAG"":""70.0""},""iem_significance"":""W"",""iem_tornadotag"":"""",""iem_ugc"":"""",""iem_wfo"":""DDC"",""iem_windtag"":""70.0"",""senderName"":""DDC"",""status"":""NEW""},""type"":""Feature""}",2026-04-27T17:31:58Z,2026-07-09T05:15:02Z,2026-07-09T18:49:04Z
2632,iem_watchwarn,iem_watchwarn|OUN|602|SV|W|2026-06-22T01:16:00Z|2026-06-22T02:00:00Z|,Severe Thunderstorm Warning,,2026-06-22T01:16:00Z,2026-06-22T02:00:00Z,OUN,NEW,1,"{""coordinates"":[[[-99.63,36.38],[-99.48,36.4],[-99.41,36.24],[-99.64,36.24],[-99.63,36.38]]],""type"":""Polygon""}","{""_map_py"":{""effective"":""2026-06-22T01:16:00Z"",""event"":""Severe Thunderstorm Warning"",""expires"":""2026-06-22T02:00:00Z"",""has_polygon"":true,""headline"":"""",""sender"":""OUN""},""effective"":""2026-06-22T01:16:00Z"",""event"":""Severe Thunderstorm Warning"",""expires"":""2026-06-22T02:00:00Z"",""headline"":"""",""iem_damagetag"":""CONSIDERABLE"",""iem_emergency"":""False"",""iem_event_id"":""602"",""iem_forecaster"":""Mahale"",""iem_gtype"":""P"",""iem_hailtag"":""1.75"",""iem_phenomena"":""SV"",""iem_raw_properties"":{""AREA_KM2"":""286.9230602603318"",""DAMAGTAG"":""CONSIDERABLE"",""EMERGENC"":""False"",""ETN"":""602"",""EXPIRED"":""202606220200"",""FCSTER"":""Mahale"",""GTYPE"":""P"",""HAILTAG"":""1.75"",""HV_CAUSE"":null,""HV_NWSLI"":null,""HV_REC"":null,""HV_SEV"":null,""INIT_EXP"":""202606220200"",""INIT_ISS"":""202606220116"",""ISSUED"":""202606220116"",""NWS_UGC"":null,""PHENOM"":""SV"",""POLY_BEG"":""202606220116"",""POLY_END"":""202606220200"",""PROD_ID"":""202606220116-KOUN-WUUS54-SVROUN"",""SIG"":""W"",""STATUS"":""NEW"",""TORNTAG"":null,""UPDATED"":""202606220116"",""VTEC_YR"":""2026"",""WFO"":""OUN"",""WINDTAG"":""60.0""},""iem_significance"":""W"",""iem_tornadotag"":"""",""iem_ugc"":"""",""iem_wfo"":""OUN"",""iem_windtag"":""60.0"",""senderName"":""OUN"",""status"":""NEW""}","{""geometry"":{""coordinates"":[[[-99.63,36.38],[-99.48,36.4],[-99.41,36.24],[-99.64,36.24],[-99.63,36.38]]],""type"":""Polygon""},""properties"":{""_map_py"":{""effective"":""2026-06-22T01:16:00Z"",""event"":""Severe Thunderstorm Warning"",""expires"":""2026-06-22T02:00:00Z"",""has_polygon"":true,""headline"":"""",""sender"":""OUN""},""effective"":""2026-06-22T01:16:00Z"",""event"":""Severe Thunderstorm Warning"",""expires"":""2026-06-22T02:00:00Z"",""headline"":"""",""iem_damagetag"":""CONSIDERABLE"",""iem_emergency"":""False"",""iem_event_id"":""602"",""iem_forecaster"":""Mahale"",""iem_gtype"":""P"",""iem_hailtag"":""1.75"",""iem_phenomena"":""SV"",""iem_raw_properties"":{""AREA_KM2"":""286.9230602603318"",""DAMAGTAG"":""CONSIDERABLE"",""EMERGENC"":""False"",""ETN"":""602"",""EXPIRED"":""202606220200"",""FCSTER"":""Mahale"",""GTYPE"":""P"",""HAILTAG"":""1.75"",""HV_CAUSE"":null,""HV_NWSLI"":null,""HV_REC"":null,""HV_SEV"":null,""INIT_EXP"":""202606220200"",""INIT_ISS"":""202606220116"",""ISSUED"":""202606220116"",""NWS_UGC"":null,""PHENOM"":""SV"",""POLY_BEG"":""202606220116"",""POLY_END"":""202606220200"",""PROD_ID"":""202606220116-KOUN-WUUS54-SVROUN"",""SIG"":""W"",""STATUS"":""NEW"",""TORNTAG"":null,""UPDATED"":""202606220116"",""VTEC_YR"":""2026"",""WFO"":""OUN"",""WINDTAG"":""60.0""},""iem_significance"":""W"",""iem_tornadotag"":"""",""iem_ugc"":"""",""iem_wfo"":""OUN"",""iem_windtag"":""60.0"",""senderName"":""OUN"",""status"":""NEW""},""type"":""Feature""}",2026-04-27T17:31:58Z,2026-07-09T05:15:02Z,2026-07-09T18:49:04Z
10595,iem_watchwarn,iem_watchwarn|LMK|97|SV|W|2026-06-22T01:17:00Z|2026-06-22T02:00:00Z|,Severe Thunderstorm Warning,,2026-06-22T01:17:00Z,2026-06-22T02:00:00Z,LMK,NEW,1,"{""coordinates"":[[[-85.68,38.74],[-85.65,38.73],[-85.65,38.71],[-85.61,38.71],[-85.6,38.68],[-85.66,38.51],[-85.99,38.41],[-86.0,38.42],[-86.03,38.42],[-86.04,38.41],[-86.14,38.38],[-86.57,38.4],[-86.16,38.52],[-86.12,38.68],[-85.68,38.76],[-85.68,38.74]]],""type"":""Polygon""}","{""_map_py"":{""effective"":""2026-06-22T01:17:00Z"",""event"":""Severe Thunderstorm Warning"",""expires"":""2026-06-22T02:00:00Z"",""has_polygon"":true,""headline"":"""",""sender"":""LMK""},""effective"":""2026-06-22T01:17:00Z"",""event"":""Severe Thunderstorm Warning"",""expires"":""2026-06-22T02:00:00Z"",""headline"":"""",""iem_damagetag"":"""",""iem_emergency"":""False"",""iem_event_id"":""97"",""iem_forecaster"":""Webb"",""iem_gtype"":""P"",""iem_hailtag"":""0.75"",""iem_phenomena"":""SV"",""iem_raw_properties"":{""AREA_KM2"":""1655.734362024562"",""DAMAGTAG"":null,""EMERGENC"":""False"",""ETN"":""97"",""EXPIRED"":""202606220200"",""FCSTER"":""Webb"",""GTYPE"":""P"",""HAILTAG"":""0.75"",""HV_CAUSE"":null,""HV_NWSLI"":null,""HV_REC"":null,""HV_SEV"":null,""INIT_EXP"":""202606220200"",""INIT_ISS"":""202606220117"",""ISSUED"":""202606220117"",""NWS_UGC"":null,""PHENOM"":""SV"",""POLY_BEG"":""202606220117"",""POLY_END"":""202606220200"",""PROD_ID"":""202606220117-KLMK-WUUS53-SVRLMK"",""SIG"":""W"",""STATUS"":""NEW"",""TORNTAG"":""POSSIBLE"",""UPDATED"":""202606220117"",""VTEC_YR"":""2026"",""WFO"":""LMK"",""WINDTAG"":""60.0""},""iem_significance"":""W"",""iem_tornadotag"":""POSSIBLE"",""iem_ugc"":"""",""iem_wfo"":""LMK"",""iem_windtag"":""60.0"",""senderName"":""LMK"",""status"":""NEW""}","{""geometry"":{""coordinates"":[[[-85.68,38.74],[-85.65,38.73],[-85.65,38.71],[-85.61,38.71],[-85.6,38.68],[-85.66,38.51],[-85.99,38.41],[-86.0,38.42],[-86.03,38.42],[-86.04,38.41],[-86.14,38.38],[-86.57,38.4],[-86.16,38.52],[-86.12,38.68],[-85.68,38.76],[-85.68,38.74]]],""type"":""Polygon""},""properties"":{""_map_py"":{""effective"":""2026-06-22T01:17:00Z"",""event"":""Severe Thunderstorm Warning"",""expires"":""2026-06-22T02:00:00Z"",""has_polygon"":true,""headline"":"""",""sender"":""LMK""},""effective"":""2026-06-22T01:17:00Z"",""event"":""Severe Thunderstorm Warning"",""expires"":""2026-06-22T02:00:00Z"",""headline"":"""",""iem_damagetag"":"""",""iem_emergency"":""False"",""iem_event_id"":""97"",""iem_forecaster"":""Webb"",""iem_gtype"":""P"",""iem_hailtag"":""0.75"",""iem_phenomena"":""SV"",""iem_raw_properties"":{""AREA_KM2"":""1655.734362024562"",""DAMAGTAG"":null,""EMERGENC"":""False"",""ETN"":""97"",""EXPIRED"":""202606220200"",""FCSTER"":""Webb"",""GTYPE"":""P"",""HAILTAG"":""0.75"",""HV_CAUSE"":null,""HV_NWSLI"":null,""HV_REC"":null,""HV_SEV"":null,""INIT_EXP"":""202606220200"",""INIT_ISS"":""202606220117"",""ISSUED"":""202606220117"",""NWS_UGC"":null,""PHENOM"":""SV"",""POLY_BEG"":""202606220117"",""POLY_END"":""202606220200"",""PROD_ID"":""202606220117-KLMK-WUUS53-SVRLMK"",""SIG"":""W"",""STATUS"":""NEW"",""TORNTAG"":""POSSIBLE"",""UPDATED"":""202606220117"",""VTEC_YR"":""2026"",""WFO"":""LMK"",""WINDTAG"":""60.0""},""iem_significance"":""W"",""iem_tornadotag"":""POSSIBLE"",""iem_ugc"":"""",""iem_wfo"":""LMK"",""iem_windtag"":""60.0"",""senderName"":""LMK"",""status"":""NEW""},""type"":""Feature""}",2026-04-27T17:31:58Z,2026-07-09T05:15:02Z,2026-07-09T18:49:04Z
2340,iem_watchwarn,iem_watchwarn|PUB|48|SV|W|2026-06-22T01:18:00Z|2026-06-22T02:00:00Z|,Severe Thunderstorm Warning,,2026-06-22T01:18:00Z,2026-06-22T02:00:00Z,PUB,NEW,1,"{""coordinates"":[[[-102.81,37.99],[-102.72,38.11],[-102.36,38.04],[-102.54,37.82],[-102.81,37.99]]],""type"":""Polygon""}","{""_map_py"":{""effective"":""2026-06-22T01:18:00Z"",""event"":""Severe Thunderstorm Warning"",""expires"":""2026-06-22T02:00:00Z"",""has_polygon"":true,""headline"":"""",""sender"":""PUB""},""effective"":""2026-06-22T01:18:00Z"",""event"":""Severe Thunderstorm Warning"",""expires"":""2026-06-22T02:00:00Z"",""headline"":"""",""iem_damagetag"":"""",""iem_emergency"":""False"",""iem_event_id"":""48"",""iem_forecaster"":""mw"",""iem_gtype"":""P"",""iem_hailtag"":""1.0"",""iem_phenomena"":""SV"",""iem_raw_properties"":{""AREA_KM2"":""679.577877428746"",""DAMAGTAG"":null,""EMERGENC"":""False"",""ETN"":""48"",""EXPIRED"":""202606220200"",""FCSTER"":""mw"",""GTYPE"":""P"",""HAILTAG"":""1.0"",""HV_CAUSE"":null,""HV_NWSLI"":null,""HV_REC"":null,""HV_SEV"":null,""INIT_EXP"":""202606220200"",""INIT_ISS"":""202606220118"",""ISSUED"":""202606220118"",""NWS_UGC"":null,""PHENOM"":""SV"",""POLY_BEG"":""202606220118"",""POLY_END"":""202606220129"",""PROD_ID"":""202606220118-KPUB-WUUS55-SVRPUB"",""SIG"":""W"",""STATUS"":""NEW"",""TORNTAG"":null,""UPDATED"":""202606220118"",""VTEC_YR"":""2026"",""WFO"":""PUB"",""WINDTAG"":""60.0""},""iem_significance"":""W"",""iem_tornadotag"":"""",""iem_ugc"":"""",""iem_wfo"":""PUB"",""iem_windtag"":""60.0"",""senderName"":""PUB"",""status"":""NEW""}","{""geometry"":{""coordinates"":[[[-102.81,37.99],[-102.72,38.11],[-102.36,38.04],[-102.54,37.82],[-102.81,37.99]]],""type"":""Polygon""},""properties"":{""_map_py"":{""effective"":""2026-06-22T01:18:00Z"",""event"":""Severe Thunderstorm Warning"",""expires"":""2026-06-22T02:00:00Z"",""has_polygon"":true,""headline"":"""",""sender"":""PUB""},""effective"":""2026-06-22T01:18:00Z"",""event"":""Severe Thunderstorm Warning"",""expires"":""2026-06-22T02:00:00Z"",""headline"":"""",""iem_damagetag"":"""",""iem_emergency"":""False"",""iem_event_id"":""48"",""iem_forecaster"":""mw"",""iem_gtype"":""P"",""iem_hailtag"":""1.0"",""iem_phenomena"":""SV"",""iem_raw_properties"":{""AREA_KM2"":""679.577877428746"",""DAMAGTAG"":null,""EMERGENC"":""False"",""ETN"":""48"",""EXPIRED"":""202606220200"",""FCSTER"":""mw"",""GTYPE"":""P"",""HAILTAG"":""1.0"",""HV_CAUSE"":null,""HV_NWSLI"":null,""HV_REC"":null,""HV_SEV"":null,""INIT_EXP"":""202606220200"",""INIT_ISS"":""202606220118"",""ISSUED"":""202606220118"",""NWS_UGC"":null,""PHENOM"":""SV"",""POLY_BEG"":""202606220118"",""POLY_END"":""202606220129"",""PROD_ID"":""202606220118-KPUB-WUUS55-SVRPUB"",""SIG"":""W"",""STATUS"":""NEW"",""TORNTAG"":null,""UPDATED"":""202606220118"",""VTEC_YR"":""2026"",""WFO"":""PUB"",""WINDTAG"":""60.0""},""iem_significance"":""W"",""iem_tornadotag"":"""",""iem_ugc"":"""",""iem_wfo"":""PUB"",""iem_windtag"":""60.0"",""senderName"":""PUB"",""status"":""NEW""},""type"":""Feature""}",2026-04-27T17:31:58Z,2026-07-09T05:15:02Z,2026-07-09T18:49:04Z
9856,iem_watchwarn,iem_watchwarn|LMK|98|SV|W|2026-06-22T01:20:00Z|2026-06-22T01:45:00Z|,Severe Thunderstorm Warning,,2026-06-22T01:20:00Z,2026-06-22T01:45:00Z,LMK,NEW,1,"{""coordinates"":[[[-86.93,38.51],[-86.91,38.5],[-86.87,38.5],[-86.85,38.51],[-86.83,38.53],[-86.68,38.53],[-86.68,38.61],[-86.46,38.52],[-86.63,38.39],[-86.68,38.4],[-86.68,38.36],[-86.94,38.49],[-86.93,38.51]]],""type"":""Polygon""}","{""_map_py"":{""effective"":""2026-06-22T01:20:00Z"",""event"":""Severe Thunderstorm Warning"",""expires"":""2026-06-22T01:45:00Z"",""has_polygon"":true,""headline"":"""",""sender"":""LMK""},""effective"":""2026-06-22T01:20:00Z"",""event"":""Severe Thunderstorm Warning"",""expires"":""2026-06-22T01:45:00Z"",""headline"":"""",""iem_damagetag"":"""",""iem_emergency"":""False"",""iem_event_id"":""98"",""iem_forecaster"":""Webb"",""iem_gtype"":""P"",""iem_hailtag"":""0.75"",""iem_phenomena"":""SV"",""iem_raw_properties"":{""AREA_KM2"":""501.15071600948426"",""DAMAGTAG"":null,""EMERGENC"":""False"",""ETN"":""98"",""EXPIRED"":""202606220145"",""FCSTER"":""Webb"",""GTYPE"":""P"",""HAILTAG"":""0.75"",""HV_CAUSE"":null,""HV_NWSLI"":null,""HV_REC"":null,""HV_SEV"":null,""INIT_EXP"":""202606220145"",""INIT_ISS"":""202606220120"",""ISSUED"":""202606220120"",""NWS_UGC"":null,""PHENOM"":""SV"",""POLY_BEG"":""202606220120"",""POLY_END"":""202606220142"",""PROD_ID"":""202606220120-KLMK-WUUS53-SVRLMK"",""SIG"":""W"",""STATUS"":""NEW"",""TORNTAG"":""POSSIBLE"",""UPDATED"":""202606220120"",""VTEC_YR"":""2026"",""WFO"":""LMK"",""WINDTAG"":""60.0""},""iem_significance"":""W"",""iem_tornadotag"":""POSSIBLE"",""iem_ugc"":"""",""iem_wfo"":""LMK"",""iem_windtag"":""60.0"",""senderName"":""LMK"",""status"":""NEW""}","{""geometry"":{""coordinates"":[[[-86.93,38.51],[-86.91,38.5],[-86.87,38.5],[-86.85,38.51],[-86.83,38.53],[-86.68,38.53],[-86.68,38.61],[-86.46,38.52],[-86.63,38.39],[-86.68,38.4],[-86.68,38.36],[-86.94,38.49],[-86.93,38.51]]],""type"":""Polygon""},""properties"":{""_map_py"":{""effective"":""2026-06-22T01:20:00Z"",""event"":""Severe Thunderstorm Warning"",""expires"":""2026-06-22T01:45:00Z"",""has_polygon"":true,""headline"":"""",""sender"":""LMK""},""effective"":""2026-06-22T01:20:00Z"",""event"":""Severe Thunderstorm Warning"",""expires"":""2026-06-22T01:45:00Z"",""headline"":"""",""iem_damagetag"":"""",""iem_emergency"":""False"",""iem_event_id"":""98"",""iem_forecaster"":""Webb"",""iem_gtype"":""P"",""iem_hailtag"":""0.75"",""iem_phenomena"":""SV"",""iem_raw_properties"":{""AREA_KM2"":""501.15071600948426"",""DAMAGTAG"":null,""EMERGENC"":""False"",""ETN"":""98"",""EXPIRED"":""202606220145"",""FCSTER"":""Webb"",""GTYPE"":""P"",""HAILTAG"":""0.75"",""HV_CAUSE"":null,""HV_NWSLI"":null,""HV_REC"":null,""HV_SEV"":null,""INIT_EXP"":""202606220145"",""INIT_ISS"":""202606220120"",""ISSUED"":""202606220120"",""NWS_UGC"":null,""PHENOM"":""SV"",""POLY_BEG"":""202606220120"",""POLY_END"":""202606220142"",""PROD_ID"":""202606220120-KLMK-WUUS53-SVRLMK"",""SIG"":""W"",""STATUS"":""NEW"",""TORNTAG"":""POSSIBLE"",""UPDATED"":""202606220120"",""VTEC_YR"":""2026"",""WFO"":""LMK"",""WINDTAG"":""60.0""},""iem_significance"":""W"",""iem_tornadotag"":""POSSIBLE"",""iem_ugc"":"""",""iem_wfo"":""LMK"",""iem_windtag"":""60.0"",""senderName"":""LMK"",""status"":""NEW""},""type"":""Feature""}",2026-04-27T17:31:58Z,2026-07-09T05:15:02Z,2026-07-09T18:49:04Z
6837,iem_watchwarn,iem_watchwarn|PAH|53|TO|W|2026-06-22T01:25:00Z|2026-06-22T02:15:00Z|,Tornado Warning,,2026-06-22T01:25:00Z,2026-06-22T02:15:00Z,PAH,NEW,1,"{""coordinates"":[[[-87.23,38.32],[-87.36,38.1],[-87.47,38.14],[-87.47,38.17],[-87.52,38.17],[-87.79,38.27],[-87.73,38.38],[-87.23,38.32]]],""type"":""Polygon""}","{""_map_py"":{""effective"":""2026-06-22T01:25:00Z"",""event"":""Tornado Warning"",""expires"":""2026-06-22T02:15:00Z"",""has_polygon"":true,""headline"":"""",""sender"":""PAH""},""effective"":""2026-06-22T01:25:00Z"",""event"":""Tornado Warning"",""expires"":""2026-06-22T02:15:00Z"",""headline"":"""",""iem_damagetag"":"""",""iem_emergency"":""False"",""iem_event_id"":""53"",""iem_forecaster"":""Diegan"",""iem_gtype"":""P"",""iem_hailtag"":""1.0"",""iem_phenomena"":""TO"",""iem_raw_properties"":{""AREA_KM2"":""836.4584802442022"",""DAMAGTAG"":null,""EMERGENC"":""False"",""ETN"":""53"",""EXPIRED"":""202606220215"",""FCSTER"":""Diegan"",""GTYPE"":""P"",""HAILTAG"":""1.0"",""HV_CAUSE"":null,""HV_NWSLI"":null,""HV_REC"":null,""HV_SEV"":null,""INIT_EXP"":""202606220215"",""INIT_ISS"":""202606220125"",""ISSUED"":""202606220125"",""NWS_UGC"":null,""PHENOM"":""TO"",""POLY_BEG"":""202606220125"",""POLY_END"":""202606220154"",""PROD_ID"":""202606220125-KPAH-WFUS53-TORPAH"",""SIG"":""W"",""STATUS"":""NEW"",""TORNTAG"":""RADAR INDICATED"",""UPDATED"":""202606220125"",""VTEC_YR"":""2026"",""WFO"":""PAH"",""WINDTAG"":null},""iem_significance"":""W"",""iem_tornadotag"":""RADAR INDICATED"",""iem_ugc"":"""",""iem_wfo"":""PAH"",""iem_windtag"":"""",""senderName"":""PAH"",""status"":""NEW""}","{""geometry"":{""coordinates"":[[[-87.23,38.32],[-87.36,38.1],[-87.47,38.14],[-87.47,38.17],[-87.52,38.17],[-87.79,38.27],[-87.73,38.38],[-87.23,38.32]]],""type"":""Polygon""},""properties"":{""_map_py"":{""effective"":""2026-06-22T01:25:00Z"",""event"":""Tornado Warning"",""expires"":""2026-06-22T02:15:00Z"",""has_polygon"":true,""headline"":"""",""sender"":""PAH""},""effective"":""2026-06-22T01:25:00Z"",""event"":""Tornado Warning"",""expires"":""2026-06-22T02:15:00Z"",""headline"":"""",""iem_damagetag"":"""",""iem_emergency"":""False"",""iem_event_id"":""53"",""iem_forecaster"":""Diegan"",""iem_gtype"":""P"",""iem_hailtag"":""1.0"",""iem_phenomena"":""TO"",""iem_raw_properties"":{""AREA_KM2"":""836.4584802442022"",""DAMAGTAG"":null,""EMERGENC"":""False"",""ETN"":""53"",""EXPIRED"":""202606220215"",""FCSTER"":""Diegan"",""GTYPE"":""P"",""HAILTAG"":""1.0"",""HV_CAUSE"":null,""HV_NWSLI"":null,""HV_REC"":null,""HV_SEV"":null,""INIT_EXP"":""202606220215"",""INIT_ISS"":""202606220125"",""ISSUED"":""202606220125"",""NWS_UGC"":null,""PHENOM"":""TO"",""POLY_BEG"":""202606220125"",""POLY_END"":""202606220154"",""PROD_ID"":""202606220125-KPAH-WFUS53-TORPAH"",""SIG"":""W"",""STATUS"":""NEW"",""TORNTAG"":""RADAR INDICATED"",""UPDATED"":""202606220125"",""VTEC_YR"":""2026"",""WFO"":""PAH"",""WINDTAG"":null},""iem_significance"":""W"",""iem_tornadotag"":""RADAR INDICATED"",""iem_ugc"":"""",""iem_wfo"":""PAH"",""iem_windtag"":"""",""senderName"":""PAH"",""status"":""NEW""},""type"":""Feature""}",2026-04-27T17:31:58Z,2026-07-09T05:15:02Z,2026-07-09T18:49:04Z
2328,iem_watchwarn,iem_watchwarn|LMK|25|TO|W|2026-06-22T01:27:00Z|2026-06-22T02:15:00Z|,Tornado Warning,,2026-06-22T01:27:00Z,2026-06-22T02:15:00Z,LMK,NEW,1,"{""coordinates"":[[[-86.56,38.35],[-86.56,38.42],[-86.16,38.5],[-86.14,38.35],[-86.56,38.35]]],""type"":""Polygon""}","{""_map_py"":{""effective"":""2026-06-22T01:27:00Z"",""event"":""Tornado Warning"",""expires"":""2026-06-22T02:15:00Z"",""has_polygon"":true,""headline"":"""",""sender"":""LMK""},""effective"":""2026-06-22T01:27:00Z"",""event"":""Tornado Warning"",""expires"":""2026-06-22T02:15:00Z"",""headline"":"""",""iem_damagetag"":"""",""iem_emergency"":""False"",""iem_event_id"":""25"",""iem_forecaster"":""Webb"",""iem_gtype"":""P"",""iem_hailtag"":""0.75"",""iem_phenomena"":""TO"",""iem_raw_properties"":{""AREA_KM2"":""440.8401107592947"",""DAMAGTAG"":null,""EMERGENC"":""False"",""ETN"":""25"",""EXPIRED"":""202606220215"",""FCSTER"":""Webb"",""GTYPE"":""P"",""HAILTAG"":""0.75"",""HV_CAUSE"":null,""HV_NWSLI"":null,""HV_REC"":null,""HV_SEV"":null,""INIT_EXP"":""202606220215"",""INIT_ISS"":""202606220127"",""ISSUED"":""202606220127"",""NWS_UGC"":null,""PHENOM"":""TO"",""POLY_BEG"":""202606220127"",""POLY_END"":""202606220151"",""PROD_ID"":""202606220127-KLMK-WFUS53-TORLMK"",""SIG"":""W"",""STATUS"":""NEW"",""TORNTAG"":""RADAR INDICATED"",""UPDATED"":""202606220127"",""VTEC_YR"":""2026"",""WFO"":""LMK"",""WINDTAG"":null},""iem_significance"":""W"",""iem_tornadotag"":""RADAR INDICATED"",""iem_ugc"":"""",""iem_wfo"":""LMK"",""iem_windtag"":"""",""senderName"":""LMK"",""status"":""NEW""}","{""geometry"":{""coordinates"":[[[-86.56,38.35],[-86.56,38.42],[-86.16,38.5],[-86.14,38.35],[-86.56,38.35]]],""type"":""Polygon""},""properties"":{""_map_py"":{""effective"":""2026-06-22T01:27:00Z"",""event"":""Tornado Warning"",""expires"":""2026-06-22T02:15:00Z"",""has_polygon"":true,""headline"":"""",""sender"":""LMK""},""effective"":""2026-06-22T01:27:00Z"",""event"":""Tornado Warning"",""expires"":""2026-06-22T02:15:00Z"",""headline"":"""",""iem_damagetag"":"""",""iem_emergency"":""False"",""iem_event_id"":""25"",""iem_forecaster"":""Webb"",""iem_gtype"":""P"",""iem_hailtag"":""0.75"",""iem_phenomena"":""TO"",""iem_raw_properties"":{""AREA_KM2"":""440.8401107592947"",""DAMAGTAG"":null,""EMERGENC"":""False"",""ETN"":""25"",""EXPIRED"":""202606220215"",""FCSTER"":""Webb"",""GTYPE"":""P"",""HAILTAG"":""0.75"",""HV_CAUSE"":null,""HV_NWSLI"":null,""HV_REC"":null,""HV_SEV"":null,""INIT_EXP"":""202606220215"",""INIT_ISS"":""202606220127"",""ISSUED"":""202606220127"",""NWS_UGC"":null,""PHENOM"":""TO"",""POLY_BEG"":""202606220127"",""POLY_END"":""202606220151"",""PROD_ID"":""202606220127-KLMK-WFUS53-TORLMK"",""SIG"":""W"",""STATUS"":""NEW"",""TORNTAG"":""RADAR INDICATED"",""UPDATED"":""202606220127"",""VTEC_YR"":""2026"",""WFO"":""LMK"",""WINDTAG"":null},""iem_significance"":""W"",""iem_tornadotag"":""RADAR INDICATED"",""iem_ugc"":"""",""iem_wfo"":""LMK"",""iem_windtag"":"""",""senderName"":""LMK"",""status"":""NEW""},""type"":""Feature""}",2026-04-27T17:31:58Z,2026-07-09T05:15:02Z,2026-07-09T18:49:04Z
9824,iem_watchwarn,iem_watchwarn|PAH|54|TO|W|2026-06-22T01:28:00Z|2026-06-22T02:15:00Z|,Tornado Warning,,2026-06-22T01:28:00Z,2026-06-22T02:15:00Z,PAH,NEW,1,"{""coordinates"":[[[-87.95,38.25],[-87.96,38.25],[-87.96,38.24],[-87.97,38.24],[-87.99,38.26],[-87.98,38.24],[-87.99,38.21],[-87.96,38.19],[-87.97,38.15],[-88.35,38.23],[-88.34,38.31],[-87.94,38.31],[-87.95,38.25]]],""type"":""Polygon""}","{""_map_py"":{""effective"":""2026-06-22T01:28:00Z"",""event"":""Tornado Warning"",""expires"":""2026-06-22T02:15:00Z"",""has_polygon"":true,""headline"":"""",""sender"":""PAH""},""effective"":""2026-06-22T01:28:00Z"",""event"":""Tornado Warning"",""expires"":""2026-06-22T02:15:00Z"",""headline"":"""",""iem_damagetag"":"""",""iem_emergency"":""False"",""iem_event_id"":""54"",""iem_forecaster"":""SP"",""iem_gtype"":""P"",""iem_hailtag"":""0.75"",""iem_phenomena"":""TO"",""iem_raw_properties"":{""AREA_KM2"":""450.0824999960813"",""DAMAGTAG"":null,""EMERGENC"":""False"",""ETN"":""54"",""EXPIRED"":""202606220215"",""FCSTER"":""SP"",""GTYPE"":""P"",""HAILTAG"":""0.75"",""HV_CAUSE"":null,""HV_NWSLI"":null,""HV_REC"":null,""HV_SEV"":null,""INIT_EXP"":""202606220215"",""INIT_ISS"":""202606220128"",""ISSUED"":""202606220128"",""NWS_UGC"":null,""PHENOM"":""TO"",""POLY_BEG"":""202606220128"",""POLY_END"":""202606220146"",""PROD_ID"":""202606220128-KPAH-WFUS53-TORPAH"",""SIG"":""W"",""STATUS"":""NEW"",""TORNTAG"":""RADAR INDICATED"",""UPDATED"":""202606220128"",""VTEC_YR"":""2026"",""WFO"":""PAH"",""WINDTAG"":null},""iem_significance"":""W"",""iem_tornadotag"":""RADAR INDICATED"",""iem_ugc"":"""",""iem_wfo"":""PAH"",""iem_windtag"":"""",""senderName"":""PAH"",""status"":""NEW""}","{""geometry"":{""coordinates"":[[[-87.95,38.25],[-87.96,38.25],[-87.96,38.24],[-87.97,38.24],[-87.99,38.26],[-87.98,38.24],[-87.99,38.21],[-87.96,38.19],[-87.97,38.15],[-88.35,38.23],[-88.34,38.31],[-87.94,38.31],[-87.95,38.25]]],""type"":""Polygon""},""properties"":{""_map_py"":{""effective"":""2026-06-22T01:28:00Z"",""event"":""Tornado Warning"",""expires"":""2026-06-22T02:15:00Z"",""has_polygon"":true,""headline"":"""",""sender"":""PAH""},""effective"":""2026-06-22T01:28:00Z"",""event"":""Tornado Warning"",""expires"":""2026-06-22T02:15:00Z"",""headline"":"""",""iem_damagetag"":"""",""iem_emergency"":""False"",""iem_event_id"":""54"",""iem_forecaster"":""SP"",""iem_gtype"":""P"",""iem_hailtag"":""0.75"",""iem_phenomena"":""TO"",""iem_raw_properties"":{""AREA_KM2"":""450.0824999960813"",""DAMAGTAG"":null,""EMERGENC"":""False"",""ETN"":""54"",""EXPIRED"":""202606220215"",""FCSTER"":""SP"",""GTYPE"":""P"",""HAILTAG"":""0.75"",""HV_CAUSE"":null,""HV_NWSLI"":null,""HV_REC"":null,""HV_SEV"":null,""INIT_EXP"":""202606220215"",""INIT_ISS"":""202606220128"",""ISSUED"":""202606220128"",""NWS_UGC"":null,""PHENOM"":""TO"",""POLY_BEG"":""202606220128"",""POLY_END"":""202606220146"",""PROD_ID"":""202606220128-KPAH-WFUS53-TORPAH"",""SIG"":""W"",""STATUS"":""NEW"",""TORNTAG"":""RADAR INDICATED"",""UPDATED"":""202606220128"",""VTEC_YR"":""2026"",""WFO"":""PAH"",""WINDTAG"":null},""iem_significance"":""W"",""iem_tornadotag"":""RADAR INDICATED"",""iem_ugc"":"""",""iem_wfo"":""PAH"",""iem_windtag"":"""",""senderName"":""PAH"",""status"":""NEW""},""type"":""Feature""}",2026-04-27T17:31:58Z,2026-07-09T05:15:02Z,2026-07-09T18:49:04Z
2695,iem_watchwarn,iem_watchwarn|PAH|55|TO|W|2026-06-22T01:30:00Z|2026-06-22T01:48:00Z|,Tornado Warning,,2026-06-22T01:30:00Z,2026-06-22T01:48:00Z,PAH,NEW,1,"{""coordinates"":[[[-89.29,37.95],[-89.27,38.13],[-88.92,38.13],[-88.97,37.96],[-89.29,37.95]]],""type"":""Polygon""}","{""_map_py"":{""effective"":""2026-06-22T01:30:00Z"",""event"":""Tornado Warning"",""expires"":""2026-06-22T01:48:00Z"",""has_polygon"":true,""headline"":"""",""sender"":""PAH""},""effective"":""2026-06-22T01:30:00Z"",""event"":""Tornado Warning"",""expires"":""2026-06-22T01:48:00Z"",""headline"":"""",""iem_damagetag"":"""",""iem_emergency"":""False"",""iem_event_id"":""55"",""iem_forecaster"":""DW"",""iem_gtype"":""P"",""iem_hailtag"":""0.75"",""iem_phenomena"":""TO"",""iem_raw_properties"":{""AREA_KM2"":""569.1965134851866"",""DAMAGTAG"":null,""EMERGENC"":""False"",""ETN"":""55"",""EXPIRED"":""202606220148"",""FCSTER"":""DW"",""GTYPE"":""P"",""HAILTAG"":""0.75"",""HV_CAUSE"":null,""HV_NWSLI"":null,""HV_REC"":null,""HV_SEV"":null,""INIT_EXP"":""202606220215"",""INIT_ISS"":""202606220130"",""ISSUED"":""202606220130"",""NWS_UGC"":null,""PHENOM"":""TO"",""POLY_BEG"":""202606220130"",""POLY_END"":""202606220138"",""PROD_ID"":""202606220130-KPAH-WFUS53-TORPAH"",""SIG"":""W"",""STATUS"":""NEW"",""TORNTAG"":""RADAR INDICATED"",""UPDATED"":""202606220130"",""VTEC_YR"":""2026"",""WFO"":""PAH"",""WINDTAG"":null},""iem_significance"":""W"",""iem_tornadotag"":""RADAR INDICATED"",""iem_ugc"":"""",""iem_wfo"":""PAH"",""iem_windtag"":"""",""senderName"":""PAH"",""status"":""NEW""}","{""geometry"":{""coordinates"":[[[-89.29,37.95],[-89.27,38.13],[-88.92,38.13],[-88.97,37.96],[-89.29,37.95]]],""type"":""Polygon""},""properties"":{""_map_py"":{""effective"":""2026-06-22T01:30:00Z"",""event"":""Tornado Warning"",""expires"":""2026-06-22T01:48:00Z"",""has_polygon"":true,""headline"":"""",""sender"":""PAH""},""effective"":""2026-06-22T01:30:00Z"",""event"":""Tornado Warning"",""expires"":""2026-06-22T01:48:00Z"",""headline"":"""",""iem_damagetag"":"""",""iem_emergency"":""False"",""iem_event_id"":""55"",""iem_forecaster"":""DW"",""iem_gtype"":""P"",""iem_hailtag"":""0.75"",""iem_phenomena"":""TO"",""iem_raw_properties"":{""AREA_KM2"":""569.1965134851866"",""DAMAGTAG"":null,""EMERGENC"":""False"",""ETN"":""55"",""EXPIRED"":""202606220148"",""FCSTER"":""DW"",""GTYPE"":""P"",""HAILTAG"":""0.75"",""HV_CAUSE"":null,""HV_NWSLI"":null,""HV_REC"":null,""HV_SEV"":null,""INIT_EXP"":""202606220215"",""INIT_ISS"":""202606220130"",""ISSUED"":""202606220130"",""NWS_UGC"":null,""PHENOM"":""TO"",""POLY_BEG"":""202606220130"",""POLY_END"":""202606220138"",""PROD_ID"":""202606220130-KPAH-WFUS53-TORPAH"",""SIG"":""W"",""STATUS"":""NEW"",""TORNTAG"":""RADAR INDICATED"",""UPDATED"":""202606220130"",""VTEC_YR"":""2026"",""WFO"":""PAH"",""WINDTAG"":null},""iem_significance"":""W"",""iem_tornadotag"":""RADAR INDICATED"",""iem_ugc"":"""",""iem_wfo"":""PAH"",""iem_windtag"":"""",""senderName"":""PAH"",""status"":""NEW""},""type"":""Feature""}",2026-04-27T17:31:58Z,2026-07-09T05:15:02Z,2026-07-09T18:49:04Z
1399,iem_watchwarn,iem_watchwarn|LMK|26|TO|W|2026-06-22T01:31:00Z|2026-06-22T02:15:00Z|,Tornado Warning,,2026-06-22T01:31:00Z,2026-06-22T02:15:00Z,LMK,NEW,1,"{""coordinates"":[[[-85.94,38.5],[-85.89,38.65],[-85.48,38.65],[-85.52,38.47],[-85.94,38.5]]],""type"":""Polygon""}","{""_map_py"":{""effective"":""2026-06-22T01:31:00Z"",""event"":""Tornado Warning"",""expires"":""2026-06-22T02:15:00Z"",""has_polygon"":true,""headline"":"""",""sender"":""LMK""},""effective"":""2026-06-22T01:31:00Z"",""event"":""Tornado Warning"",""expires"":""2026-06-22T02:15:00Z"",""headline"":"""",""iem_damagetag"":"""",""iem_emergency"":""False"",""iem_event_id"":""26"",""iem_forecaster"":""SRW"",""iem_gtype"":""P"",""iem_hailtag"":""0.75"",""iem_phenomena"":""TO"",""iem_raw_properties"":{""AREA_KM2"":""668.439170947618"",""DAMAGTAG"":null,""EMERGENC"":""False"",""ETN"":""26"",""EXPIRED"":""202606220215"",""FCSTER"":""SRW"",""GTYPE"":""P"",""HAILTAG"":""0.75"",""HV_CAUSE"":null,""HV_NWSLI"":null,""HV_REC"":null,""HV_SEV"":null,""INIT_EXP"":""202606220215"",""INIT_ISS"":""202606220131"",""ISSUED"":""202606220131"",""NWS_UGC"":null,""PHENOM"":""TO"",""POLY_BEG"":""202606220131"",""POLY_END"":""202606220149"",""PROD_ID"":""202606220131-KLMK-WFUS53-TORLMK"",""SIG"":""W"",""STATUS"":""NEW"",""TORNTAG"":""RADAR INDICATED"",""UPDATED"":""202606220131"",""VTEC_YR"":""2026"",""WFO"":""LMK"",""WINDTAG"":null},""iem_significance"":""W"",""iem_tornadotag"":""RADAR INDICATED"",""iem_ugc"":"""",""iem_wfo"":""LMK"",""iem_windtag"":"""",""senderName"":""LMK"",""status"":""NEW""}","{""geometry"":{""coordinates"":[[[-85.94,38.5],[-85.89,38.65],[-85.48,38.65],[-85.52,38.47],[-85.94,38.5]]],""type"":""Polygon""},""properties"":{""_map_py"":{""effective"":""2026-06-22T01:31:00Z"",""event"":""Tornado Warning"",""expires"":""2026-06-22T02:15:00Z"",""has_polygon"":true,""headline"":"""",""sender"":""LMK""},""effective"":""2026-06-22T01:31:00Z"",""event"":""Tornado Warning"",""expires"":""2026-06-22T02:15:00Z"",""headline"":"""",""iem_damagetag"":"""",""iem_emergency"":""False"",""iem_event_id"":""26"",""iem_forecaster"":""SRW"",""iem_gtype"":""P"",""iem_hailtag"":""0.75"",""iem_phenomena"":""TO"",""iem_raw_properties"":{""AREA_KM2"":""668.439170947618"",""DAMAGTAG"":null,""EMERGENC"":""False"",""ETN"":""26"",""EXPIRED"":""202606220215"",""FCSTER"":""SRW"",""GTYPE"":""P"",""HAILTAG"":""0.75"",""HV_CAUSE"":null,""HV_NWSLI"":null,""HV_REC"":null,""HV_SEV"":null,""INIT_EXP"":""202606220215"",""INIT_ISS"":""202606220131"",""ISSUED"":""202606220131"",""NWS_UGC"":null,""PHENOM"":""TO"",""POLY_BEG"":""202606220131"",""POLY_END"":""202606220149"",""PROD_ID"":""202606220131-KLMK-WFUS53-TORLMK"",""SIG"":""W"",""STATUS"":""NEW"",""TORNTAG"":""RADAR INDICATED"",""UPDATED"":""202606220131"",""VTEC_YR"":""2026"",""WFO"":""LMK"",""WINDTAG"":null},""iem_significance"":""W"",""iem_tornadotag"":""RADAR INDICATED"",""iem_ugc"":"""",""iem_wfo"":""LMK"",""iem_windtag"":"""",""senderName"":""LMK"",""status"":""NEW""},""type"":""Feature""}",2026-04-27T17:31:58Z,2026-07-09T05:15:02Z,2026-07-09T18:49:04Z
9141,iem_watchwarn,iem_watchwarn|IND|233|SV|W|2026-06-22T01:32:00Z|2026-06-22T02:00:00Z|,Severe Thunderstorm Warning,,2026-06-22T01:32:00Z,2026-06-22T02:00:00Z,IND,NEW,1,"{""coordinates"":[[[-85.72,38.99],[-85.44,39.04],[-85.45,38.91],[-85.54,38.91],[-85.54,38.88],[-85.57,38.88],[-85.57,38.85],[-85.61,38.85],[-85.61,38.82],[-85.69,38.82],[-85.72,38.99]]],""type"":""Polygon""}","{""_map_py"":{""effective"":""2026-06-22T01:32:00Z"",""event"":""Severe Thunderstorm Warning"",""expires"":""2026-06-22T02:00:00Z"",""has_polygon"":true,""headline"":"""",""sender"":""IND""},""effective"":""2026-06-22T01:32:00Z"",""event"":""Severe Thunderstorm Warning"",""expires"":""2026-06-22T02:00:00Z"",""headline"":"""",""iem_damagetag"":"""",""iem_emergency"":""False"",""iem_event_id"":""233"",""iem_forecaster"":""50"",""iem_gtype"":""P"",""iem_hailtag"":""0.75"",""iem_phenomena"":""SV"",""iem_raw_properties"":{""AREA_KM2"":""379.07529239639047"",""DAMAGTAG"":null,""EMERGENC"":""False"",""ETN"":""233"",""EXPIRED"":""202606220200"",""FCSTER"":""50"",""GTYPE"":""P"",""HAILTAG"":""0.75"",""HV_CAUSE"":null,""HV_NWSLI"":null,""HV_REC"":null,""HV_SEV"":null,""INIT_EXP"":""202606220200"",""INIT_ISS"":""202606220132"",""ISSUED"":""202606220132"",""NWS_UGC"":null,""PHENOM"":""SV"",""POLY_BEG"":""202606220132"",""POLY_END"":""202606220145"",""PROD_ID"":""202606220132-KIND-WUUS53-SVRIND"",""SIG"":""W"",""STATUS"":""NEW"",""TORNTAG"":""POSSIBLE"",""UPDATED"":""202606220132"",""VTEC_YR"":""2026"",""WFO"":""IND"",""WINDTAG"":""60.0""},""iem_significance"":""W"",""iem_tornadotag"":""POSSIBLE"",""iem_ugc"":"""",""iem_wfo"":""IND"",""iem_windtag"":""60.0"",""senderName"":""IND"",""status"":""NEW""}","{""geometry"":{""coordinates"":[[[-85.72,38.99],[-85.44,39.04],[-85.45,38.91],[-85.54,38.91],[-85.54,38.88],[-85.57,38.88],[-85.57,38.85],[-85.61,38.85],[-85.61,38.82],[-85.69,38.82],[-85.72,38.99]]],""type"":""Polygon""},""properties"":{""_map_py"":{""effective"":""2026-06-22T01:32:00Z"",""event"":""Severe Thunderstorm Warning"",""expires"":""2026-06-22T02:00:00Z"",""has_polygon"":true,""headline"":"""",""sender"":""IND""},""effective"":""2026-06-22T01:32:00Z"",""event"":""Severe Thunderstorm Warning"",""expires"":""2026-06-22T02:00:00Z"",""headline"":"""",""iem_damagetag"":"""",""iem_emergency"":""False"",""iem_event_id"":""233"",""iem_forecaster"":""50"",""iem_gtype"":""P"",""iem_hailtag"":""0.75"",""iem_phenomena"":""SV"",""iem_raw_properties"":{""AREA_KM2"":""379.07529239639047"",""DAMAGTAG"":null,""EMERGENC"":""False"",""ETN"":""233"",""EXPIRED"":""202606220200"",""FCSTER"":""50"",""GTYPE"":""P"",""HAILTAG"":""0.75"",""HV_CAUSE"":null,""HV_NWSLI"":null,""HV_REC"":null,""HV_SEV"":null,""INIT_EXP"":""202606220200"",""INIT_ISS"":""202606220132"",""ISSUED"":""202606220132"",""NWS_UGC"":null,""PHENOM"":""SV"",""POLY_BEG"":""202606220132"",""POLY_END"":""202606220145"",""PROD_ID"":""202606220132-KIND-WUUS53-SVRIND"",""SIG"":""W"",""STATUS"":""NEW"",""TORNTAG"":""POSSIBLE"",""UPDATED"":""202606220132"",""VTEC_YR"":""2026"",""WFO"":""IND"",""WINDTAG"":""60.0""},""iem_significance"":""W"",""iem_tornadotag"":""POSSIBLE"",""iem_ugc"":"""",""iem_wfo"":""IND"",""iem_windtag"":""60.0"",""senderName"":""IND"",""status"":""NEW""},""type"":""Feature""}",2026-04-27T17:31:58Z,2026-07-09T05:15:02Z,2026-07-09T18:49:04Z
337,iem_watchwarn,iem_watchwarn|ILX|133|TO|W|2026-06-22T01:32:00Z|2026-06-22T02:15:00Z|,Tornado Warning,,2026-06-22T01:32:00Z,2026-06-22T02:15:00Z,ILX,NEW,1,"{""coordinates"":[[[-88.82,39.29],[-88.82,39.39],[-88.31,39.44],[-88.3,39.26],[-88.82,39.29]]],""type"":""Polygon""}","{""_map_py"":{""effective"":""2026-06-22T01:32:00Z"",""event"":""Tornado Warning"",""expires"":""2026-06-22T02:15:00Z"",""has_polygon"":true,""headline"":"""",""sender"":""ILX""},""effective"":""2026-06-22T01:32:00Z"",""event"":""Tornado Warning"",""expires"":""2026-06-22T02:15:00Z"",""headline"":"""",""iem_damagetag"":"""",""iem_emergency"":""False"",""iem_event_id"":""133"",""iem_forecaster"":""25"",""iem_gtype"":""P"",""iem_hailtag"":""0.75"",""iem_phenomena"":""TO"",""iem_raw_properties"":{""AREA_KM2"":""689.8491782108839"",""DAMAGTAG"":null,""EMERGENC"":""False"",""ETN"":""133"",""EXPIRED"":""202606220215"",""FCSTER"":""25"",""GTYPE"":""P"",""HAILTAG"":""0.75"",""HV_CAUSE"":null,""HV_NWSLI"":null,""HV_REC"":null,""HV_SEV"":null,""INIT_EXP"":""202606220215"",""INIT_ISS"":""202606220132"",""ISSUED"":""202606220132"",""NWS_UGC"":null,""PHENOM"":""TO"",""POLY_BEG"":""202606220132"",""POLY_END"":""202606220149"",""PROD_ID"":""202606220132-KILX-WFUS53-TORILX"",""SIG"":""W"",""STATUS"":""NEW"",""TORNTAG"":""RADAR INDICATED"",""UPDATED"":""202606220132"",""VTEC_YR"":""2026"",""WFO"":""ILX"",""WINDTAG"":null},""iem_significance"":""W"",""iem_tornadotag"":""RADAR INDICATED"",""iem_ugc"":"""",""iem_wfo"":""ILX"",""iem_windtag"":"""",""senderName"":""ILX"",""status"":""NEW""}","{""geometry"":{""coordinates"":[[[-88.82,39.29],[-88.82,39.39],[-88.31,39.44],[-88.3,39.26],[-88.82,39.29]]],""type"":""Polygon""},""properties"":{""_map_py"":{""effective"":""2026-06-22T01:32:00Z"",""event"":""Tornado Warning"",""expires"":""2026-06-22T02:15:00Z"",""has_polygon"":true,""headline"":"""",""sender"":""ILX""},""effective"":""2026-06-22T01:32:00Z"",""event"":""Tornado Warning"",""expires"":""2026-06-22T02:15:00Z"",""headline"":"""",""iem_damagetag"":"""",""iem_emergency"":""False"",""iem_event_id"":""133"",""iem_forecaster"":""25"",""iem_gtype"":""P"",""iem_hailtag"":""0.75"",""iem_phenomena"":""TO"",""iem_raw_properties"":{""AREA_KM2"":""689.8491782108839"",""DAMAGTAG"":null,""EMERGENC"":""False"",""ETN"":""133"",""EXPIRED"":""202606220215"",""FCSTER"":""25"",""GTYPE"":""P"",""HAILTAG"":""0.75"",""HV_CAUSE"":null,""HV_NWSLI"":null,""HV_REC"":null,""HV_SEV"":null,""INIT_EXP"":""202606220215"",""INIT_ISS"":""202606220132"",""ISSUED"":""202606220132"",""NWS_UGC"":null,""PHENOM"":""TO"",""POLY_BEG"":""202606220132"",""POLY_END"":""202606220149"",""PROD_ID"":""202606220132-KILX-WFUS53-TORILX"",""SIG"":""W"",""STATUS"":""NEW"",""TORNTAG"":""RADAR INDICATED"",""UPDATED"":""202606220132"",""VTEC_YR"":""2026"",""WFO"":""ILX"",""WINDTAG"":null},""iem_significance"":""W"",""iem_tornadotag"":""RADAR INDICATED"",""iem_ugc"":"""",""iem_wfo"":""ILX"",""iem_windtag"":"""",""senderName"":""ILX"",""status"":""NEW""},""type"":""Feature""}",2026-04-27T17:31:58Z,2026-07-09T05:15:02Z,2026-07-09T18:49:04Z
10568,iem_watchwarn,iem_watchwarn|LMK|99|SV|W|2026-06-22T01:33:00Z|2026-06-22T02:01:00Z|,Severe Thunderstorm Warning,,2026-06-22T01:33:00Z,2026-06-22T02:01:00Z,LMK,NEW,1,"{""coordinates"":[[[-85.2,38.83],[-85.2,38.69],[-85.27,38.74],[-85.33,38.74],[-85.23,38.63],[-85.27,38.56],[-85.69,38.78],[-85.68,38.82],[-85.61,38.82],[-85.61,38.85],[-85.57,38.85],[-85.57,38.88],[-85.54,38.88],[-85.53,38.91],[-85.44,38.91],[-85.2,38.83]]],""type"":""Polygon""}","{""_map_py"":{""effective"":""2026-06-22T01:33:00Z"",""event"":""Severe Thunderstorm Warning"",""expires"":""2026-06-22T02:01:00Z"",""has_polygon"":true,""headline"":"""",""sender"":""LMK""},""effective"":""2026-06-22T01:33:00Z"",""event"":""Severe Thunderstorm Warning"",""expires"":""2026-06-22T02:01:00Z"",""headline"":"""",""iem_damagetag"":"""",""iem_emergency"":""False"",""iem_event_id"":""99"",""iem_forecaster"":""Webb"",""iem_gtype"":""P"",""iem_hailtag"":""0.75"",""iem_phenomena"":""SV"",""iem_raw_properties"":{""AREA_KM2"":""908.3146911678247"",""DAMAGTAG"":null,""EMERGENC"":""False"",""ETN"":""99"",""EXPIRED"":""202606220201"",""FCSTER"":""Webb"",""GTYPE"":""P"",""HAILTAG"":""0.75"",""HV_CAUSE"":null,""HV_NWSLI"":null,""HV_REC"":null,""HV_SEV"":null,""INIT_EXP"":""202606220215"",""INIT_ISS"":""202606220133"",""ISSUED"":""202606220133"",""NWS_UGC"":null,""PHENOM"":""SV"",""POLY_BEG"":""202606220133"",""POLY_END"":""202606220201"",""PROD_ID"":""202606220133-KLMK-WUUS53-SVRLMK"",""SIG"":""W"",""STATUS"":""NEW"",""TORNTAG"":""POSSIBLE"",""UPDATED"":""202606220133"",""VTEC_YR"":""2026"",""WFO"":""LMK"",""WINDTAG"":""60.0""},""iem_significance"":""W"",""iem_tornadotag"":""POSSIBLE"",""iem_ugc"":"""",""iem_wfo"":""LMK"",""iem_windtag"":""60.0"",""senderName"":""LMK"",""status"":""NEW""}","{""geometry"":{""coordinates"":[[[-85.2,38.83],[-85.2,38.69],[-85.27,38.74],[-85.33,38.74],[-85.23,38.63],[-85.27,38.56],[-85.69,38.78],[-85.68,38.82],[-85.61,38.82],[-85.61,38.85],[-85.57,38.85],[-85.57,38.88],[-85.54,38.88],[-85.53,38.91],[-85.44,38.91],[-85.2,38.83]]],""type"":""Polygon""},""properties"":{""_map_py"":{""effective"":""2026-06-22T01:33:00Z"",""event"":""Severe Thunderstorm Warning"",""expires"":""2026-06-22T02:01:00Z"",""has_polygon"":true,""headline"":"""",""sender"":""LMK""},""effective"":""2026-06-22T01:33:00Z"",""event"":""Severe Thunderstorm Warning"",""expires"":""2026-06-22T02:01:00Z"",""headline"":"""",""iem_damagetag"":"""",""iem_emergency"":""False"",""iem_event_id"":""99"",""iem_forecaster"":""Webb"",""iem_gtype"":""P"",""iem_hailtag"":""0.75"",""iem_phenomena"":""SV"",""iem_raw_properties"":{""AREA_KM2"":""908.3146911678247"",""DAMAGTAG"":null,""EMERGENC"":""False"",""ETN"":""99"",""EXPIRED"":""202606220201"",""FCSTER"":""Webb"",""GTYPE"":""P"",""HAILTAG"":""0.75"",""HV_CAUSE"":null,""HV_NWSLI"":null,""HV_REC"":null,""HV_SEV"":null,""INIT_EXP"":""202606220215"",""INIT_ISS"":""202606220133"",""ISSUED"":""202606220133"",""NWS_UGC"":null,""PHENOM"":""SV"",""POLY_BEG"":""202606220133"",""POLY_END"":""202606220201"",""PROD_ID"":""202606220133-KLMK-WUUS53-SVRLMK"",""SIG"":""W"",""STATUS"":""NEW"",""TORNTAG"":""POSSIBLE"",""UPDATED"":""202606220133"",""VTEC_YR"":""2026"",""WFO"":""LMK"",""WINDTAG"":""60.0""},""iem_significance"":""W"",""iem_tornadotag"":""POSSIBLE"",""iem_ugc"":"""",""iem_wfo"":""LMK"",""iem_windtag"":""60.0"",""senderName"":""LMK"",""status"":""NEW""},""type"":""Feature""}",2026-04-27T17:31:58Z,2026-07-09T05:15:02Z,2026-07-09T18:49:04Z
7993,iem_watchwarn,iem_watchwarn|LMK|27|TO|W|2026-06-22T01:36:00Z|2026-06-22T02:15:00Z|,Tornado Warning,,2026-06-22T01:36:00Z,2026-06-22T02:15:00Z,LMK,NEW,1,"{""coordinates"":[[[-86.85,38.27],[-86.52,38.28],[-86.52,38.14],[-86.8,38.15],[-86.8,38.18],[-86.79,38.18],[-86.79,38.21],[-86.86,38.21],[-86.85,38.27]]],""type"":""Polygon""}","{""_map_py"":{""effective"":""2026-06-22T01:36:00Z"",""event"":""Tornado Warning"",""expires"":""2026-06-22T02:15:00Z"",""has_polygon"":true,""headline"":"""",""sender"":""LMK""},""effective"":""2026-06-22T01:36:00Z"",""event"":""Tornado Warning"",""expires"":""2026-06-22T02:15:00Z"",""headline"":"""",""iem_damagetag"":"""",""iem_emergency"":""False"",""iem_event_id"":""27"",""iem_forecaster"":""SRW"",""iem_gtype"":""P"",""iem_hailtag"":""0.75"",""iem_phenomena"":""TO"",""iem_raw_properties"":{""AREA_KM2"":""385.2900550584776"",""DAMAGTAG"":null,""EMERGENC"":""False"",""ETN"":""27"",""EXPIRED"":""202606220215"",""FCSTER"":""SRW"",""GTYPE"":""P"",""HAILTAG"":""0.75"",""HV_CAUSE"":null,""HV_NWSLI"":null,""HV_REC"":null,""HV_SEV"":null,""INIT_EXP"":""202606220215"",""INIT_ISS"":""202606220136"",""ISSUED"":""202606220136"",""NWS_UGC"":null,""PHENOM"":""TO"",""POLY_BEG"":""202606220136"",""POLY_END"":""202606220159"",""PROD_ID"":""202606220136-KLMK-WFUS53-TORLMK"",""SIG"":""W"",""STATUS"":""NEW"",""TORNTAG"":""RADAR INDICATED"",""UPDATED"":""202606220136"",""VTEC_YR"":""2026"",""WFO"":""LMK"",""WINDTAG"":null},""iem_significance"":""W"",""iem_tornadotag"":""RADAR INDICATED"",""iem_ugc"":"""",""iem_wfo"":""LMK"",""iem_windtag"":"""",""senderName"":""LMK"",""status"":""NEW""}","{""geometry"":{""coordinates"":[[[-86.85,38.27],[-86.52,38.28],[-86.52,38.14],[-86.8,38.15],[-86.8,38.18],[-86.79,38.18],[-86.79,38.21],[-86.86,38.21],[-86.85,38.27]]],""type"":""Polygon""},""properties"":{""_map_py"":{""effective"":""2026-06-22T01:36:00Z"",""event"":""Tornado Warning"",""expires"":""2026-06-22T02:15:00Z"",""has_polygon"":true,""headline"":"""",""sender"":""LMK""},""effective"":""2026-06-22T01:36:00Z"",""event"":""Tornado Warning"",""expires"":""2026-06-22T02:15:00Z"",""headline"":"""",""iem_damagetag"":"""",""iem_emergency"":""False"",""iem_event_id"":""27"",""iem_forecaster"":""SRW"",""iem_gtype"":""P"",""iem_hailtag"":""0.75"",""iem_phenomena"":""TO"",""iem_raw_properties"":{""AREA_KM2"":""385.2900550584776"",""DAMAGTAG"":null,""EMERGENC"":""False"",""ETN"":""27"",""EXPIRED"":""202606220215"",""FCSTER"":""SRW"",""GTYPE"":""P"",""HAILTAG"":""0.75"",""HV_CAUSE"":null,""HV_NWSLI"":null,""HV_REC"":null,""HV_SEV"":null,""INIT_EXP"":""202606220215"",""INIT_ISS"":""202606220136"",""ISSUED"":""202606220136"",""NWS_UGC"":null,""PHENOM"":""TO"",""POLY_BEG"":""202606220136"",""POLY_END"":""202606220159"",""PROD_ID"":""202606220136-KLMK-WFUS53-TORLMK"",""SIG"":""W"",""STATUS"":""NEW"",""TORNTAG"":""RADAR INDICATED"",""UPDATED"":""202606220136"",""VTEC_YR"":""2026"",""WFO"":""LMK"",""WINDTAG"":null},""iem_significance"":""W"",""iem_tornadotag"":""RADAR INDICATED"",""iem_ugc"":"""",""iem_wfo"":""LMK"",""iem_windtag"":"""",""senderName"":""LMK"",""status"":""NEW""},""type"":""Feature""}",2026-04-27T17:31:58Z,2026-07-09T05:15:02Z,2026-07-09T18:49:04Z
3694,iem_watchwarn,iem_watchwarn|DDC|160|SV|W|2026-06-22T01:38:00Z|2026-06-22T02:30:00Z|,Severe Thunderstorm Warning,,2026-06-22T01:38:00Z,2026-06-22T02:30:00Z,DDC,NEW,1,"{""coordinates"":[[[-100.23,38.0],[-100.22,37.61],[-100.87,37.44],[-100.93,37.73],[-100.44,38.0],[-100.23,38.0]]],""type"":""Polygon""}","{""_map_py"":{""effective"":""2026-06-22T01:38:00Z"",""event"":""Severe Thunderstorm Warning"",""expires"":""2026-06-22T02:30:00Z"",""has_polygon"":true,""headline"":"""",""sender"":""DDC""},""effective"":""2026-06-22T01:38:00Z"",""event"":""Severe Thunderstorm Warning"",""expires"":""2026-06-22T02:30:00Z"",""headline"":"""",""iem_damagetag"":"""",""iem_emergency"":""False"",""iem_event_id"":""160"",""iem_forecaster"":""UMSCHEID"",""iem_gtype"":""P"",""iem_hailtag"":""1.0"",""iem_phenomena"":""SV"",""iem_raw_properties"":{""AREA_KM2"":""2596.1258575586457"",""DAMAGTAG"":null,""EMERGENC"":""False"",""ETN"":""160"",""EXPIRED"":""202606220230"",""FCSTER"":""UMSCHEID"",""GTYPE"":""P"",""HAILTAG"":""1.0"",""HV_CAUSE"":null,""HV_NWSLI"":null,""HV_REC"":null,""HV_SEV"":null,""INIT_EXP"":""202606220230"",""INIT_ISS"":""202606220138"",""ISSUED"":""202606220138"",""NWS_UGC"":null,""PHENOM"":""SV"",""POLY_BEG"":""202606220138"",""POLY_END"":""202606220154"",""PROD_ID"":""202606220138-KDDC-WUUS53-SVRDDC"",""SIG"":""W"",""STATUS"":""NEW"",""TORNTAG"":null,""UPDATED"":""202606220138"",""VTEC_YR"":""2026"",""WFO"":""DDC"",""WINDTAG"":""60.0""},""iem_significance"":""W"",""iem_tornadotag"":"""",""iem_ugc"":"""",""iem_wfo"":""DDC"",""iem_windtag"":""60.0"",""senderName"":""DDC"",""status"":""NEW""}","{""geometry"":{""coordinates"":[[[-100.23,38.0],[-100.22,37.61],[-100.87,37.44],[-100.93,37.73],[-100.44,38.0],[-100.23,38.0]]],""type"":""Polygon""},""properties"":{""_map_py"":{""effective"":""2026-06-22T01:38:00Z"",""event"":""Severe Thunderstorm Warning"",""expires"":""2026-06-22T02:30:00Z"",""has_polygon"":true,""headline"":"""",""sender"":""DDC""},""effective"":""2026-06-22T01:38:00Z"",""event"":""Severe Thunderstorm Warning"",""expires"":""2026-06-22T02:30:00Z"",""headline"":"""",""iem_damagetag"":"""",""iem_emergency"":""False"",""iem_event_id"":""160"",""iem_forecaster"":""UMSCHEID"",""iem_gtype"":""P"",""iem_hailtag"":""1.0"",""iem_phenomena"":""SV"",""iem_raw_properties"":{""AREA_KM2"":""2596.1258575586457"",""DAMAGTAG"":null,""EMERGENC"":""False"",""ETN"":""160"",""EXPIRED"":""202606220230"",""FCSTER"":""UMSCHEID"",""GTYPE"":""P"",""HAILTAG"":""1.0"",""HV_CAUSE"":null,""HV_NWSLI"":null,""HV_REC"":null,""HV_SEV"":null,""INIT_EXP"":""202606220230"",""INIT_ISS"":""202606220138"",""ISSUED"":""202606220138"",""NWS_UGC"":null,""PHENOM"":""SV"",""POLY_BEG"":""202606220138"",""POLY_END"":""202606220154"",""PROD_ID"":""202606220138-KDDC-WUUS53-SVRDDC"",""SIG"":""W"",""STATUS"":""NEW"",""TORNTAG"":null,""UPDATED"":""202606220138"",""VTEC_YR"":""2026"",""WFO"":""DDC"",""WINDTAG"":""60.0""},""iem_significance"":""W"",""iem_tornadotag"":"""",""iem_ugc"":"""",""iem_wfo"":""DDC"",""iem_windtag"":""60.0"",""senderName"":""DDC"",""status"":""NEW""},""type"":""Feature""}",2026-04-27T17:31:58Z,2026-07-09T05:15:02Z,2026-07-09T18:49:04Z
9386,iem_watchwarn,iem_watchwarn|LMK|100|SV|W|2026-06-22T01:42:00Z|2026-06-22T02:18:00Z|,Severe Thunderstorm Warning,,2026-06-22T01:42:00Z,2026-06-22T02:18:00Z,LMK,NEW,1,"{""coordinates"":[[[-86.03,38.64],[-86.24,38.42],[-86.26,38.42],[-86.26,38.41],[-86.25,38.41],[-86.38,38.27],[-86.68,38.4],[-86.68,38.57],[-86.59,38.69],[-86.31,38.69],[-86.28,38.68],[-86.03,38.64]]],""type"":""Polygon""}","{""_map_py"":{""effective"":""2026-06-22T01:42:00Z"",""event"":""Severe Thunderstorm Warning"",""expires"":""2026-06-22T02:18:00Z"",""has_polygon"":true,""headline"":"""",""sender"":""LMK""},""effective"":""2026-06-22T01:42:00Z"",""event"":""Severe Thunderstorm Warning"",""expires"":""2026-06-22T02:18:00Z"",""headline"":"""",""iem_damagetag"":"""",""iem_emergency"":""False"",""iem_event_id"":""100"",""iem_forecaster"":""SRW"",""iem_gtype"":""P"",""iem_hailtag"":""0.75"",""iem_phenomena"":""SV"",""iem_raw_properties"":{""AREA_KM2"":""1693.989842587288"",""DAMAGTAG"":null,""EMERGENC"":""False"",""ETN"":""100"",""EXPIRED"":""202606220218"",""FCSTER"":""SRW"",""GTYPE"":""P"",""HAILTAG"":""0.75"",""HV_CAUSE"":null,""HV_NWSLI"":null,""HV_REC"":null,""HV_SEV"":null,""INIT_EXP"":""202606220230"",""INIT_ISS"":""202606220142"",""ISSUED"":""202606220142"",""NWS_UGC"":null,""PHENOM"":""SV"",""POLY_BEG"":""202606220142"",""POLY_END"":""202606220153"",""PROD_ID"":""202606220142-KLMK-WUUS53-SVRLMK"",""SIG"":""W"",""STATUS"":""NEW"",""TORNTAG"":""POSSIBLE"",""UPDATED"":""202606220142"",""VTEC_YR"":""2026"",""WFO"":""LMK"",""WINDTAG"":""60.0""},""iem_significance"":""W"",""iem_tornadotag"":""POSSIBLE"",""iem_ugc"":"""",""iem_wfo"":""LMK"",""iem_windtag"":""60.0"",""senderName"":""LMK"",""status"":""NEW""}","{""geometry"":{""coordinates"":[[[-86.03,38.64],[-86.24,38.42],[-86.26,38.42],[-86.26,38.41],[-86.25,38.41],[-86.38,38.27],[-86.68,38.4],[-86.68,38.57],[-86.59,38.69],[-86.31,38.69],[-86.28,38.68],[-86.03,38.64]]],""type"":""Polygon""},""properties"":{""_map_py"":{""effective"":""2026-06-22T01:42:00Z"",""event"":""Severe Thunderstorm Warning"",""expires"":""2026-06-22T02:18:00Z"",""has_polygon"":true,""headline"":"""",""sender"":""LMK""},""effective"":""2026-06-22T01:42:00Z"",""event"":""Severe Thunderstorm Warning"",""expires"":""2026-06-22T02:18:00Z"",""headline"":"""",""iem_damagetag"":"""",""iem_emergency"":""False"",""iem_event_id"":""100"",""iem_forecaster"":""SRW"",""iem_gtype"":""P"",""iem_hailtag"":""0.75"",""iem_phenomena"":""SV"",""iem_raw_properties"":{""AREA_KM2"":""1693.989842587288"",""DAMAGTAG"":null,""EMERGENC"":""False"",""ETN"":""100"",""EXPIRED"":""202606220218"",""FCSTER"":""SRW"",""GTYPE"":""P"",""HAILTAG"":""0.75"",""HV_CAUSE"":null,""HV_NWSLI"":null,""HV_REC"":null,""HV_SEV"":null,""INIT_EXP"":""202606220230"",""INIT_ISS"":""202606220142"",""ISSUED"":""202606220142"",""NWS_UGC"":null,""PHENOM"":""SV"",""POLY_BEG"":""202606220142"",""POLY_END"":""202606220153"",""PROD_ID"":""202606220142-KLMK-WUUS53-SVRLMK"",""SIG"":""W"",""STATUS"":""NEW"",""TORNTAG"":""POSSIBLE"",""UPDATED"":""202606220142"",""VTEC_YR"":""2026"",""WFO"":""LMK"",""WINDTAG"":""60.0""},""iem_significance"":""W"",""iem_tornadotag"":""POSSIBLE"",""iem_ugc"":"""",""iem_wfo"":""LMK"",""iem_windtag"":""60.0"",""senderName"":""LMK"",""status"":""NEW""},""type"":""Feature""}",2026-04-27T17:31:58Z,2026-07-09T05:15:02Z,2026-07-09T18:49:04Z
1843,iem_watchwarn,iem_watchwarn|BOU|111|SV|W|2026-06-22T01:44:00Z|2026-06-22T02:15:00Z|,Severe Thunderstorm Warning,,2026-06-22T01:44:00Z,2026-06-22T02:15:00Z,BOU,NEW,1,"{""coordinates"":[[[-102.92,40.44],[-102.93,40.63],[-102.43,40.63],[-102.44,40.44],[-102.92,40.44]]],""type"":""Polygon""}","{""_map_py"":{""effective"":""2026-06-22T01:44:00Z"",""event"":""Severe Thunderstorm Warning"",""expires"":""2026-06-22T02:15:00Z"",""has_polygon"":true,""headline"":"""",""sender"":""BOU""},""effective"":""2026-06-22T01:44:00Z"",""event"":""Severe Thunderstorm Warning"",""expires"":""2026-06-22T02:15:00Z"",""headline"":"""",""iem_damagetag"":""CONSIDERABLE"",""iem_emergency"":""False"",""iem_event_id"":""111"",""iem_forecaster"":""63"",""iem_gtype"":""P"",""iem_hailtag"":""1.75"",""iem_phenomena"":""SV"",""iem_raw_properties"":{""AREA_KM2"":""874.9139023210706"",""DAMAGTAG"":""CONSIDERABLE"",""EMERGENC"":""False"",""ETN"":""111"",""EXPIRED"":""202606220215"",""FCSTER"":""63"",""GTYPE"":""P"",""HAILTAG"":""1.75"",""HV_CAUSE"":null,""HV_NWSLI"":null,""HV_REC"":null,""HV_SEV"":null,""INIT_EXP"":""202606220215"",""INIT_ISS"":""202606220144"",""ISSUED"":""202606220144"",""NWS_UGC"":null,""PHENOM"":""SV"",""POLY_BEG"":""202606220144"",""POLY_END"":""202606220156"",""PROD_ID"":""202606220144-KBOU-WUUS55-SVRBOU"",""SIG"":""W"",""STATUS"":""NEW"",""TORNTAG"":null,""UPDATED"":""202606220144"",""VTEC_YR"":""2026"",""WFO"":""BOU"",""WINDTAG"":""60.0""},""iem_significance"":""W"",""iem_tornadotag"":"""",""iem_ugc"":"""",""iem_wfo"":""BOU"",""iem_windtag"":""60.0"",""senderName"":""BOU"",""status"":""NEW""}","{""geometry"":{""coordinates"":[[[-102.92,40.44],[-102.93,40.63],[-102.43,40.63],[-102.44,40.44],[-102.92,40.44]]],""type"":""Polygon""},""properties"":{""_map_py"":{""effective"":""2026-06-22T01:44:00Z"",""event"":""Severe Thunderstorm Warning"",""expires"":""2026-06-22T02:15:00Z"",""has_polygon"":true,""headline"":"""",""sender"":""BOU""},""effective"":""2026-06-22T01:44:00Z"",""event"":""Severe Thunderstorm Warning"",""expires"":""2026-06-22T02:15:00Z"",""headline"":"""",""iem_damagetag"":""CONSIDERABLE"",""iem_emergency"":""False"",""iem_event_id"":""111"",""iem_forecaster"":""63"",""iem_gtype"":""P"",""iem_hailtag"":""1.75"",""iem_phenomena"":""SV"",""iem_raw_properties"":{""AREA_KM2"":""874.9139023210706"",""DAMAGTAG"":""CONSIDERABLE"",""EMERGENC"":""False"",""ETN"":""111"",""EXPIRED"":""202606220215"",""FCSTER"":""63"",""GTYPE"":""P"",""HAILTAG"":""1.75"",""HV_CAUSE"":null,""HV_NWSLI"":null,""HV_REC"":null,""HV_SEV"":null,""INIT_EXP"":""202606220215"",""INIT_ISS"":""202606220144"",""ISSUED"":""202606220144"",""NWS_UGC"":null,""PHENOM"":""SV"",""POLY_BEG"":""202606220144"",""POLY_END"":""202606220156"",""PROD_ID"":""202606220144-KBOU-WUUS55-SVRBOU"",""SIG"":""W"",""STATUS"":""NEW"",""TORNTAG"":null,""UPDATED"":""202606220144"",""VTEC_YR"":""2026"",""WFO"":""BOU"",""WINDTAG"":""60.0""},""iem_significance"":""W"",""iem_tornadotag"":"""",""iem_ugc"":"""",""iem_wfo"":""BOU"",""iem_windtag"":""60.0"",""senderName"":""BOU"",""status"":""NEW""},""type"":""Feature""}",2026-04-27T17:31:58Z,2026-07-09T05:15:02Z,2026-07-09T18:49:04Z
4152,iem_watchwarn,iem_watchwarn|PUB|49|SV|W|2026-06-22T01:48:00Z|2026-06-22T02:45:00Z|,Severe Thunderstorm Warning,,2026-06-22T01:48:00Z,2026-06-22T02:45:00Z,PUB,NEW,1,"{""coordinates"":[[[-102.53,37.93],[-102.46,38.11],[-102.05,38.1],[-102.05,37.8],[-102.14,37.72],[-102.53,37.93]]],""type"":""Polygon""}","{""_map_py"":{""effective"":""2026-06-22T01:48:00Z"",""event"":""Severe Thunderstorm Warning"",""expires"":""2026-06-22T02:45:00Z"",""has_polygon"":true,""headline"":"""",""sender"":""PUB""},""effective"":""2026-06-22T01:48:00Z"",""event"":""Severe Thunderstorm Warning"",""expires"":""2026-06-22T02:45:00Z"",""headline"":"""",""iem_damagetag"":"""",""iem_emergency"":""False"",""iem_event_id"":""49"",""iem_forecaster"":""mw"",""iem_gtype"":""P"",""iem_hailtag"":""1.0"",""iem_phenomena"":""SV"",""iem_raw_properties"":{""AREA_KM2"":""1309.114507728789"",""DAMAGTAG"":null,""EMERGENC"":""False"",""ETN"":""49"",""EXPIRED"":""202606220245"",""FCSTER"":""mw"",""GTYPE"":""P"",""HAILTAG"":""1.0"",""HV_CAUSE"":null,""HV_NWSLI"":null,""HV_REC"":null,""HV_SEV"":null,""INIT_EXP"":""202606220245"",""INIT_ISS"":""202606220148"",""ISSUED"":""202606220148"",""NWS_UGC"":null,""PHENOM"":""SV"",""POLY_BEG"":""202606220148"",""POLY_END"":""202606220201"",""PROD_ID"":""202606220148-KPUB-WUUS55-SVRPUB"",""SIG"":""W"",""STATUS"":""NEW"",""TORNTAG"":null,""UPDATED"":""202606220148"",""VTEC_YR"":""2026"",""WFO"":""PUB"",""WINDTAG"":""60.0""},""iem_significance"":""W"",""iem_tornadotag"":"""",""iem_ugc"":"""",""iem_wfo"":""PUB"",""iem_windtag"":""60.0"",""senderName"":""PUB"",""status"":""NEW""}","{""geometry"":{""coordinates"":[[[-102.53,37.93],[-102.46,38.11],[-102.05,38.1],[-102.05,37.8],[-102.14,37.72],[-102.53,37.93]]],""type"":""Polygon""},""properties"":{""_map_py"":{""effective"":""2026-06-22T01:48:00Z"",""event"":""Severe Thunderstorm Warning"",""expires"":""2026-06-22T02:45:00Z"",""has_polygon"":true,""headline"":"""",""sender"":""PUB""},""effective"":""2026-06-22T01:48:00Z"",""event"":""Severe Thunderstorm Warning"",""expires"":""2026-06-22T02:45:00Z"",""headline"":"""",""iem_damagetag"":"""",""iem_emergency"":""False"",""iem_event_id"":""49"",""iem_forecaster"":""mw"",""iem_gtype"":""P"",""iem_hailtag"":""1.0"",""iem_phenomena"":""SV"",""iem_raw_properties"":{""AREA_KM2"":""1309.114507728789"",""DAMAGTAG"":null,""EMERGENC"":""False"",""ETN"":""49"",""EXPIRED"":""202606220245"",""FCSTER"":""mw"",""GTYPE"":""P"",""HAILTAG"":""1.0"",""HV_CAUSE"":null,""HV_NWSLI"":null,""HV_REC"":null,""HV_SEV"":null,""INIT_EXP"":""202606220245"",""INIT_ISS"":""202606220148"",""ISSUED"":""202606220148"",""NWS_UGC"":null,""PHENOM"":""SV"",""POLY_BEG"":""202606220148"",""POLY_END"":""202606220201"",""PROD_ID"":""202606220148-KPUB-WUUS55-SVRPUB"",""SIG"":""W"",""STATUS"":""NEW"",""TORNTAG"":null,""UPDATED"":""202606220148"",""VTEC_YR"":""2026"",""WFO"":""PUB"",""WINDTAG"":""60.0""},""iem_significance"":""W"",""iem_tornadotag"":"""",""iem_ugc"":"""",""iem_wfo"":""PUB"",""iem_windtag"":""60.0"",""senderName"":""PUB"",""status"":""NEW""},""type"":""Feature""}",2026-04-27T17:31:58Z,2026-07-09T05:15:02Z,2026-07-09T18:49:04Z
7786,iem_watchwarn,iem_watchwarn|PAH|56|TO|W|2026-06-22T01:51:00Z|2026-06-22T02:30:00Z|,Tornado Warning,,2026-06-22T01:51:00Z,2026-06-22T02:30:00Z,PAH,NEW,1,"{""coordinates"":[[[-87.98,38.21],[-88.01,38.11],[-88.02,38.1],[-88.01,38.08],[-88.02,38.05],[-88.32,38.11],[-88.31,38.2],[-87.99,38.21],[-87.98,38.21]]],""type"":""Polygon""}","{""_map_py"":{""effective"":""2026-06-22T01:51:00Z"",""event"":""Tornado Warning"",""expires"":""2026-06-22T02:30:00Z"",""has_polygon"":true,""headline"":"""",""sender"":""PAH""},""effective"":""2026-06-22T01:51:00Z"",""event"":""Tornado Warning"",""expires"":""2026-06-22T02:30:00Z"",""headline"":"""",""iem_damagetag"":"""",""iem_emergency"":""False"",""iem_event_id"":""56"",""iem_forecaster"":""SP"",""iem_gtype"":""P"",""iem_hailtag"":""0.75"",""iem_phenomena"":""TO"",""iem_raw_properties"":{""AREA_KM2"":""385.5835400440341"",""DAMAGTAG"":null,""EMERGENC"":""False"",""ETN"":""56"",""EXPIRED"":""202606220230"",""FCSTER"":""SP"",""GTYPE"":""P"",""HAILTAG"":""0.75"",""HV_CAUSE"":null,""HV_NWSLI"":null,""HV_REC"":null,""HV_SEV"":null,""INIT_EXP"":""202606220230"",""INIT_ISS"":""202606220151"",""ISSUED"":""202606220151"",""NWS_UGC"":null,""PHENOM"":""TO"",""POLY_BEG"":""202606220151"",""POLY_END"":""202606220222"",""PROD_ID"":""202606220151-KPAH-WFUS53-TORPAH"",""SIG"":""W"",""STATUS"":""NEW"",""TORNTAG"":""RADAR INDICATED"",""UPDATED"":""202606220151"",""VTEC_YR"":""2026"",""WFO"":""PAH"",""WINDTAG"":null},""iem_significance"":""W"",""iem_tornadotag"":""RADAR INDICATED"",""iem_ugc"":"""",""iem_wfo"":""PAH"",""iem_windtag"":"""",""senderName"":""PAH"",""status"":""NEW""}","{""geometry"":{""coordinates"":[[[-87.98,38.21],[-88.01,38.11],[-88.02,38.1],[-88.01,38.08],[-88.02,38.05],[-88.32,38.11],[-88.31,38.2],[-87.99,38.21],[-87.98,38.21]]],""type"":""Polygon""},""properties"":{""_map_py"":{""effective"":""2026-06-22T01:51:00Z"",""event"":""Tornado Warning"",""expires"":""2026-06-22T02:30:00Z"",""has_polygon"":true,""headline"":"""",""sender"":""PAH""},""effective"":""2026-06-22T01:51:00Z"",""event"":""Tornado Warning"",""expires"":""2026-06-22T02:30:00Z"",""headline"":"""",""iem_damagetag"":"""",""iem_emergency"":""False"",""iem_event_id"":""56"",""iem_forecaster"":""SP"",""iem_gtype"":""P"",""iem_hailtag"":""0.75"",""iem_phenomena"":""TO"",""iem_raw_properties"":{""AREA_KM2"":""385.5835400440341"",""DAMAGTAG"":null,""EMERGENC"":""False"",""ETN"":""56"",""EXPIRED"":""202606220230"",""FCSTER"":""SP"",""GTYPE"":""P"",""HAILTAG"":""0.75"",""HV_CAUSE"":null,""HV_NWSLI"":null,""HV_REC"":null,""HV_SEV"":null,""INIT_EXP"":""202606220230"",""INIT_ISS"":""202606220151"",""ISSUED"":""202606220151"",""NWS_UGC"":null,""PHENOM"":""TO"",""POLY_BEG"":""202606220151"",""POLY_END"":""202606220222"",""PROD_ID"":""202606220151-KPAH-WFUS53-TORPAH"",""SIG"":""W"",""STATUS"":""NEW"",""TORNTAG"":""RADAR INDICATED"",""UPDATED"":""202606220151"",""VTEC_YR"":""2026"",""WFO"":""PAH"",""WINDTAG"":null},""iem_significance"":""W"",""iem_tornadotag"":""RADAR INDICATED"",""iem_ugc"":"""",""iem_wfo"":""PAH"",""iem_windtag"":"""",""senderName"":""PAH"",""status"":""NEW""},""type"":""Feature""}",2026-04-27T17:31:58Z,2026-07-09T05:15:02Z,2026-07-09T18:49:04Z
601,iem_watchwarn,iem_watchwarn|DDC|161|SV|W|2026-06-22T01:51:00Z|2026-06-22T02:45:00Z|,Severe Thunderstorm Warning,,2026-06-22T01:51:00Z,2026-06-22T02:45:00Z,DDC,NEW,1,"{""coordinates"":[[[-100.64,37.1],[-101.72,37.12],[-101.72,37.67],[-100.93,37.73],[-100.64,37.1]]],""type"":""Polygon""}","{""_map_py"":{""effective"":""2026-06-22T01:51:00Z"",""event"":""Severe Thunderstorm Warning"",""expires"":""2026-06-22T02:45:00Z"",""has_polygon"":true,""headline"":"""",""sender"":""DDC""},""effective"":""2026-06-22T01:51:00Z"",""event"":""Severe Thunderstorm Warning"",""expires"":""2026-06-22T02:45:00Z"",""headline"":"""",""iem_damagetag"":""CONSIDERABLE"",""iem_emergency"":""False"",""iem_event_id"":""161"",""iem_forecaster"":""UMSCHEID"",""iem_gtype"":""P"",""iem_hailtag"":""0.88"",""iem_phenomena"":""SV"",""iem_raw_properties"":{""AREA_KM2"":""5444.393616473152"",""DAMAGTAG"":""CONSIDERABLE"",""EMERGENC"":""False"",""ETN"":""161"",""EXPIRED"":""202606220245"",""FCSTER"":""UMSCHEID"",""GTYPE"":""P"",""HAILTAG"":""0.88"",""HV_CAUSE"":null,""HV_NWSLI"":null,""HV_REC"":null,""HV_SEV"":null,""INIT_EXP"":""202606220245"",""INIT_ISS"":""202606220151"",""ISSUED"":""202606220151"",""NWS_UGC"":null,""PHENOM"":""SV"",""POLY_BEG"":""202606220151"",""POLY_END"":""202606220213"",""PROD_ID"":""202606220151-KDDC-WUUS53-SVRDDC"",""SIG"":""W"",""STATUS"":""NEW"",""TORNTAG"":null,""UPDATED"":""202606220151"",""VTEC_YR"":""2026"",""WFO"":""DDC"",""WINDTAG"":""70.0""},""iem_significance"":""W"",""iem_tornadotag"":"""",""iem_ugc"":"""",""iem_wfo"":""DDC"",""iem_windtag"":""70.0"",""senderName"":""DDC"",""status"":""NEW""}","{""geometry"":{""coordinates"":[[[-100.64,37.1],[-101.72,37.12],[-101.72,37.67],[-100.93,37.73],[-100.64,37.1]]],""type"":""Polygon""},""properties"":{""_map_py"":{""effective"":""2026-06-22T01:51:00Z"",""event"":""Severe Thunderstorm Warning"",""expires"":""2026-06-22T02:45:00Z"",""has_polygon"":true,""headline"":"""",""sender"":""DDC""},""effective"":""2026-06-22T01:51:00Z"",""event"":""Severe Thunderstorm Warning"",""expires"":""2026-06-22T02:45:00Z"",""headline"":"""",""iem_damagetag"":""CONSIDERABLE"",""iem_emergency"":""False"",""iem_event_id"":""161"",""iem_forecaster"":""UMSCHEID"",""iem_gtype"":""P"",""iem_hailtag"":""0.88"",""iem_phenomena"":""SV"",""iem_raw_properties"":{""AREA_KM2"":""5444.393616473152"",""DAMAGTAG"":""CONSIDERABLE"",""EMERGENC"":""False"",""ETN"":""161"",""EXPIRED"":""202606220245"",""FCSTER"":""UMSCHEID"",""GTYPE"":""P"",""HAILTAG"":""0.88"",""HV_CAUSE"":null,""HV_NWSLI"":null,""HV_REC"":null,""HV_SEV"":null,""INIT_EXP"":""202606220245"",""INIT_ISS"":""202606220151"",""ISSUED"":""202606220151"",""NWS_UGC"":null,""PHENOM"":""SV"",""POLY_BEG"":""202606220151"",""POLY_END"":""202606220213"",""PROD_ID"":""202606220151-KDDC-WUUS53-SVRDDC"",""SIG"":""W"",""STATUS"":""NEW"",""TORNTAG"":null,""UPDATED"":""202606220151"",""VTEC_YR"":""2026"",""WFO"":""DDC"",""WINDTAG"":""70.0""},""iem_significance"":""W"",""iem_tornadotag"":"""",""iem_ugc"":"""",""iem_wfo"":""DDC"",""iem_windtag"":""70.0"",""senderName"":""DDC"",""status"":""NEW""},""type"":""Feature""}",2026-04-27T17:31:58Z,2026-07-09T05:15:02Z,2026-07-09T18:49:04Z
6801,iem_watchwarn,iem_watchwarn|LMK|101|SV|W|2026-06-22T01:52:00Z|2026-06-22T02:30:00Z|,Severe Thunderstorm Warning,,2026-06-22T01:52:00Z,2026-06-22T02:30:00Z,LMK,NEW,1,"{""coordinates"":[[[-87.07,38.36],[-86.75,38.37],[-86.76,38.2],[-86.79,38.2],[-86.79,38.21],[-86.86,38.2],[-87.07,38.21],[-87.07,38.36]]],""type"":""Polygon""}","{""_map_py"":{""effective"":""2026-06-22T01:52:00Z"",""event"":""Severe Thunderstorm Warning"",""expires"":""2026-06-22T02:30:00Z"",""has_polygon"":true,""headline"":"""",""sender"":""LMK""},""effective"":""2026-06-22T01:52:00Z"",""event"":""Severe Thunderstorm Warning"",""expires"":""2026-06-22T02:30:00Z"",""headline"":"""",""iem_damagetag"":"""",""iem_emergency"":""False"",""iem_event_id"":""101"",""iem_forecaster"":""SRW"",""iem_gtype"":""P"",""iem_hailtag"":""0.75"",""iem_phenomena"":""SV"",""iem_raw_properties"":{""AREA_KM2"":""490.75892672217924"",""DAMAGTAG"":null,""EMERGENC"":""False"",""ETN"":""101"",""EXPIRED"":""202606220230"",""FCSTER"":""SRW"",""GTYPE"":""P"",""HAILTAG"":""0.75"",""HV_CAUSE"":null,""HV_NWSLI"":null,""HV_REC"":null,""HV_SEV"":null,""INIT_EXP"":""202606220230"",""INIT_ISS"":""202606220152"",""ISSUED"":""202606220152"",""NWS_UGC"":null,""PHENOM"":""SV"",""POLY_BEG"":""202606220152"",""POLY_END"":""202606220226"",""PROD_ID"":""202606220152-KLMK-WUUS53-SVRLMK"",""SIG"":""W"",""STATUS"":""NEW"",""TORNTAG"":""POSSIBLE"",""UPDATED"":""202606220152"",""VTEC_YR"":""2026"",""WFO"":""LMK"",""WINDTAG"":""60.0""},""iem_significance"":""W"",""iem_tornadotag"":""POSSIBLE"",""iem_ugc"":"""",""iem_wfo"":""LMK"",""iem_windtag"":""60.0"",""senderName"":""LMK"",""status"":""NEW""}","{""geometry"":{""coordinates"":[[[-87.07,38.36],[-86.75,38.37],[-86.76,38.2],[-86.79,38.2],[-86.79,38.21],[-86.86,38.2],[-87.07,38.21],[-87.07,38.36]]],""type"":""Polygon""},""properties"":{""_map_py"":{""effective"":""2026-06-22T01:52:00Z"",""event"":""Severe Thunderstorm Warning"",""expires"":""2026-06-22T02:30:00Z"",""has_polygon"":true,""headline"":"""",""sender"":""LMK""},""effective"":""2026-06-22T01:52:00Z"",""event"":""Severe Thunderstorm Warning"",""expires"":""2026-06-22T02:30:00Z"",""headline"":"""",""iem_damagetag"":"""",""iem_emergency"":""False"",""iem_event_id"":""101"",""iem_forecaster"":""SRW"",""iem_gtype"":""P"",""iem_hailtag"":""0.75"",""iem_phenomena"":""SV"",""iem_raw_properties"":{""AREA_KM2"":""490.75892672217924"",""DAMAGTAG"":null,""EMERGENC"":""False"",""ETN"":""101"",""EXPIRED"":""202606220230"",""FCSTER"":""SRW"",""GTYPE"":""P"",""HAILTAG"":""0.75"",""HV_CAUSE"":null,""HV_NWSLI"":null,""HV_REC"":null,""HV_SEV"":null,""INIT_EXP"":""202606220230"",""INIT_ISS"":""202606220152"",""ISSUED"":""202606220152"",""NWS_UGC"":null,""PHENOM"":""SV"",""POLY_BEG"":""202606220152"",""POLY_END"":""202606220226"",""PROD_ID"":""202606220152-KLMK-WUUS53-SVRLMK"",""SIG"":""W"",""STATUS"":""NEW"",""TORNTAG"":""POSSIBLE"",""UPDATED"":""202606220152"",""VTEC_YR"":""2026"",""WFO"":""LMK"",""WINDTAG"":""60.0""},""iem_significance"":""W"",""iem_tornadotag"":""POSSIBLE"",""iem_ugc"":"""",""iem_wfo"":""LMK"",""iem_windtag"":""60.0"",""senderName"":""LMK"",""status"":""NEW""},""type"":""Feature""}",2026-04-27T17:31:58Z,2026-07-09T05:15:02Z,2026-07-09T18:49:04Z
4815,iem_watchwarn,iem_watchwarn|OUN|603|SV|W|2026-06-22T01:55:00Z|2026-06-22T02:45:00Z|,Severe Thunderstorm Warning,,2026-06-22T01:55:00Z,2026-06-22T02:45:00Z,OUN,NEW,1,"{""coordinates"":[[[-99.47,36.41],[-99.36,36.23],[-99.41,36.21],[-99.6,36.23],[-99.61,36.39],[-99.47,36.41]]],""type"":""Polygon""}","{""_map_py"":{""effective"":""2026-06-22T01:55:00Z"",""event"":""Severe Thunderstorm Warning"",""expires"":""2026-06-22T02:45:00Z"",""has_polygon"":true,""headline"":"""",""sender"":""OUN""},""effective"":""2026-06-22T01:55:00Z"",""event"":""Severe Thunderstorm Warning"",""expires"":""2026-06-22T02:45:00Z"",""headline"":"""",""iem_damagetag"":"""",""iem_emergency"":""False"",""iem_event_id"":""603"",""iem_forecaster"":""Mahale"",""iem_gtype"":""P"",""iem_hailtag"":""1.5"",""iem_phenomena"":""SV"",""iem_raw_properties"":{""AREA_KM2"":""351.79131204696813"",""DAMAGTAG"":null,""EMERGENC"":""False"",""ETN"":""603"",""EXPIRED"":""202606220245"",""FCSTER"":""Mahale"",""GTYPE"":""P"",""HAILTAG"":""1.5"",""HV_CAUSE"":null,""HV_NWSLI"":null,""HV_REC"":null,""HV_SEV"":null,""INIT_EXP"":""202606220245"",""INIT_ISS"":""202606220155"",""ISSUED"":""202606220155"",""NWS_UGC"":null,""PHENOM"":""SV"",""POLY_BEG"":""202606220155"",""POLY_END"":""202606220222"",""PROD_ID"":""202606220155-KOUN-WUUS54-SVROUN"",""SIG"":""W"",""STATUS"":""NEW"",""TORNTAG"":null,""UPDATED"":""202606220155"",""VTEC_YR"":""2026"",""WFO"":""OUN"",""WINDTAG"":""60.0""},""iem_significance"":""W"",""iem_tornadotag"":"""",""iem_ugc"":"""",""iem_wfo"":""OUN"",""iem_windtag"":""60.0"",""senderName"":""OUN"",""status"":""NEW""}","{""geometry"":{""coordinates"":[[[-99.47,36.41],[-99.36,36.23],[-99.41,36.21],[-99.6,36.23],[-99.61,36.39],[-99.47,36.41]]],""type"":""Polygon""},""properties"":{""_map_py"":{""effective"":""2026-06-22T01:55:00Z"",""event"":""Severe Thunderstorm Warning"",""expires"":""2026-06-22T02:45:00Z"",""has_polygon"":true,""headline"":"""",""sender"":""OUN""},""effective"":""2026-06-22T01:55:00Z"",""event"":""Severe Thunderstorm Warning"",""expires"":""2026-06-22T02:45:00Z"",""headline"":"""",""iem_damagetag"":"""",""iem_emergency"":""False"",""iem_event_id"":""603"",""iem_forecaster"":""Mahale"",""iem_gtype"":""P"",""iem_hailtag"":""1.5"",""iem_phenomena"":""SV"",""iem_raw_properties"":{""AREA_KM2"":""351.79131204696813"",""DAMAGTAG"":null,""EMERGENC"":""False"",""ETN"":""603"",""EXPIRED"":""202606220245"",""FCSTER"":""Mahale"",""GTYPE"":""P"",""HAILTAG"":""1.5"",""HV_CAUSE"":null,""HV_NWSLI"":null,""HV_REC"":null,""HV_SEV"":null,""INIT_EXP"":""202606220245"",""INIT_ISS"":""202606220155"",""ISSUED"":""202606220155"",""NWS_UGC"":null,""PHENOM"":""SV"",""POLY_BEG"":""202606220155"",""POLY_END"":""202606220222"",""PROD_ID"":""202606220155-KOUN-WUUS54-SVROUN"",""SIG"":""W"",""STATUS"":""NEW"",""TORNTAG"":null,""UPDATED"":""202606220155"",""VTEC_YR"":""2026"",""WFO"":""OUN"",""WINDTAG"":""60.0""},""iem_significance"":""W"",""iem_tornadotag"":"""",""iem_ugc"":"""",""iem_wfo"":""OUN"",""iem_windtag"":""60.0"",""senderName"":""OUN"",""status"":""NEW""},""type"":""Feature""}",2026-04-27T17:31:58Z,2026-07-09T05:15:02Z,2026-07-09T18:49:04Z
3011,iem_watchwarn,iem_watchwarn|LMK|28|TO|W|2026-06-22T01:56:00Z|2026-06-22T02:11:00Z|,Tornado Warning,,2026-06-22T01:56:00Z,2026-06-22T02:11:00Z,LMK,NEW,1,"{""coordinates"":[[[-86.61,38.39],[-86.54,38.51],[-86.1,38.49],[-86.14,38.29],[-86.61,38.39]]],""type"":""Polygon""}","{""_map_py"":{""effective"":""2026-06-22T01:56:00Z"",""event"":""Tornado Warning"",""expires"":""2026-06-22T02:11:00Z"",""has_polygon"":true,""headline"":"""",""sender"":""LMK""},""effective"":""2026-06-22T01:56:00Z"",""event"":""Tornado Warning"",""expires"":""2026-06-22T02:11:00Z"",""headline"":"""",""iem_damagetag"":"""",""iem_emergency"":""False"",""iem_event_id"":""28"",""iem_forecaster"":""SRW"",""iem_gtype"":""P"",""iem_hailtag"":""0.75"",""iem_phenomena"":""TO"",""iem_raw_properties"":{""AREA_KM2"":""736.9668399786855"",""DAMAGTAG"":null,""EMERGENC"":""False"",""ETN"":""28"",""EXPIRED"":""202606220211"",""FCSTER"":""SRW"",""GTYPE"":""P"",""HAILTAG"":""0.75"",""HV_CAUSE"":null,""HV_NWSLI"":null,""HV_REC"":null,""HV_SEV"":null,""INIT_EXP"":""202606220245"",""INIT_ISS"":""202606220156"",""ISSUED"":""202606220156"",""NWS_UGC"":null,""PHENOM"":""TO"",""POLY_BEG"":""202606220156"",""POLY_END"":""202606220211"",""PROD_ID"":""202606220156-KLMK-WFUS53-TORLMK"",""SIG"":""W"",""STATUS"":""NEW"",""TORNTAG"":""RADAR INDICATED"",""UPDATED"":""202606220156"",""VTEC_YR"":""2026"",""WFO"":""LMK"",""WINDTAG"":null},""iem_significance"":""W"",""iem_tornadotag"":""RADAR INDICATED"",""iem_ugc"":"""",""iem_wfo"":""LMK"",""iem_windtag"":"""",""senderName"":""LMK"",""status"":""NEW""}","{""geometry"":{""coordinates"":[[[-86.61,38.39],[-86.54,38.51],[-86.1,38.49],[-86.14,38.29],[-86.61,38.39]]],""type"":""Polygon""},""properties"":{""_map_py"":{""effective"":""2026-06-22T01:56:00Z"",""event"":""Tornado Warning"",""expires"":""2026-06-22T02:11:00Z"",""has_polygon"":true,""headline"":"""",""sender"":""LMK""},""effective"":""2026-06-22T01:56:00Z"",""event"":""Tornado Warning"",""expires"":""2026-06-22T02:11:00Z"",""headline"":"""",""iem_damagetag"":"""",""iem_emergency"":""False"",""iem_event_id"":""28"",""iem_forecaster"":""SRW"",""iem_gtype"":""P"",""iem_hailtag"":""0.75"",""iem_phenomena"":""TO"",""iem_raw_properties"":{""AREA_KM2"":""736.9668399786855"",""DAMAGTAG"":null,""EMERGENC"":""False"",""ETN"":""28"",""EXPIRED"":""202606220211"",""FCSTER"":""SRW"",""GTYPE"":""P"",""HAILTAG"":""0.75"",""HV_CAUSE"":null,""HV_NWSLI"":null,""HV_REC"":null,""HV_SEV"":null,""INIT_EXP"":""202606220245"",""INIT_ISS"":""202606220156"",""ISSUED"":""202606220156"",""NWS_UGC"":null,""PHENOM"":""TO"",""POLY_BEG"":""202606220156"",""POLY_END"":""202606220211"",""PROD_ID"":""202606220156-KLMK-WFUS53-TORLMK"",""SIG"":""W"",""STATUS"":""NEW"",""TORNTAG"":""RADAR INDICATED"",""UPDATED"":""202606220156"",""VTEC_YR"":""2026"",""WFO"":""LMK"",""WINDTAG"":null},""iem_significance"":""W"",""iem_tornadotag"":""RADAR INDICATED"",""iem_ugc"":"""",""iem_wfo"":""LMK"",""iem_windtag"":"""",""senderName"":""LMK"",""status"":""NEW""},""type"":""Feature""}",2026-04-27T17:31:58Z,2026-07-09T05:15:02Z,2026-07-09T18:49:04Z
8862,iem_watchwarn,iem_watchwarn|PAH|57|TO|W|2026-06-22T01:56:00Z|2026-06-22T02:45:00Z|,Tornado Warning,,2026-06-22T01:56:00Z,2026-06-22T02:45:00Z,PAH,NEW,1,"{""coordinates"":[[[-87.59,38.26],[-87.62,38.12],[-87.96,38.18],[-87.99,38.21],[-87.98,38.25],[-87.99,38.25],[-87.98,38.27],[-87.97,38.27],[-87.98,38.28],[-87.59,38.26]]],""type"":""Polygon""}","{""_map_py"":{""effective"":""2026-06-22T01:56:00Z"",""event"":""Tornado Warning"",""expires"":""2026-06-22T02:45:00Z"",""has_polygon"":true,""headline"":"""",""sender"":""PAH""},""effective"":""2026-06-22T01:56:00Z"",""event"":""Tornado Warning"",""expires"":""2026-06-22T02:45:00Z"",""headline"":"""",""iem_damagetag"":"""",""iem_emergency"":""False"",""iem_event_id"":""57"",""iem_forecaster"":""SP"",""iem_gtype"":""P"",""iem_hailtag"":""0.75"",""iem_phenomena"":""TO"",""iem_raw_properties"":{""AREA_KM2"":""438.26148201847656"",""DAMAGTAG"":null,""EMERGENC"":""False"",""ETN"":""57"",""EXPIRED"":""202606220245"",""FCSTER"":""SP"",""GTYPE"":""P"",""HAILTAG"":""0.75"",""HV_CAUSE"":null,""HV_NWSLI"":null,""HV_REC"":null,""HV_SEV"":null,""INIT_EXP"":""202606220245"",""INIT_ISS"":""202606220156"",""ISSUED"":""202606220156"",""NWS_UGC"":null,""PHENOM"":""TO"",""POLY_BEG"":""202606220156"",""POLY_END"":""202606220216"",""PROD_ID"":""202606220156-KPAH-WFUS53-TORPAH"",""SIG"":""W"",""STATUS"":""NEW"",""TORNTAG"":""RADAR INDICATED"",""UPDATED"":""202606220156"",""VTEC_YR"":""2026"",""WFO"":""PAH"",""WINDTAG"":null},""iem_significance"":""W"",""iem_tornadotag"":""RADAR INDICATED"",""iem_ugc"":"""",""iem_wfo"":""PAH"",""iem_windtag"":"""",""senderName"":""PAH"",""status"":""NEW""}","{""geometry"":{""coordinates"":[[[-87.59,38.26],[-87.62,38.12],[-87.96,38.18],[-87.99,38.21],[-87.98,38.25],[-87.99,38.25],[-87.98,38.27],[-87.97,38.27],[-87.98,38.28],[-87.59,38.26]]],""type"":""Polygon""},""properties"":{""_map_py"":{""effective"":""2026-06-22T01:56:00Z"",""event"":""Tornado Warning"",""expires"":""2026-06-22T02:45:00Z"",""has_polygon"":true,""headline"":"""",""sender"":""PAH""},""effective"":""2026-06-22T01:56:00Z"",""event"":""Tornado Warning"",""expires"":""2026-06-22T02:45:00Z"",""headline"":"""",""iem_damagetag"":"""",""iem_emergency"":""False"",""iem_event_id"":""57"",""iem_forecaster"":""SP"",""iem_gtype"":""P"",""iem_hailtag"":""0.75"",""iem_phenomena"":""TO"",""iem_raw_properties"":{""AREA_KM2"":""438.26148201847656"",""DAMAGTAG"":null,""EMERGENC"":""False"",""ETN"":""57"",""EXPIRED"":""202606220245"",""FCSTER"":""SP"",""GTYPE"":""P"",""HAILTAG"":""0.75"",""HV_CAUSE"":null,""HV_NWSLI"":null,""HV_REC"":null,""HV_SEV"":null,""INIT_EXP"":""202606220245"",""INIT_ISS"":""202606220156"",""ISSUED"":""202606220156"",""NWS_UGC"":null,""PHENOM"":""TO"",""POLY_BEG"":""202606220156"",""POLY_END"":""202606220216"",""PROD_ID"":""202606220156-KPAH-WFUS53-TORPAH"",""SIG"":""W"",""STATUS"":""NEW"",""TORNTAG"":""RADAR INDICATED"",""UPDATED"":""202606220156"",""VTEC_YR"":""2026"",""WFO"":""PAH"",""WINDTAG"":null},""iem_significance"":""W"",""iem_tornadotag"":""RADAR INDICATED"",""iem_ugc"":"""",""iem_wfo"":""PAH"",""iem_windtag"":"""",""senderName"":""PAH"",""status"":""NEW""},""type"":""Feature""}",2026-04-27T17:31:58Z,2026-07-09T05:15:02Z,2026-07-09T18:49:04Z
233,iem_watchwarn,iem_watchwarn|DDC|162|SV|W|2026-06-22T02:01:00Z|2026-06-22T02:45:00Z|,Severe Thunderstorm Warning,,2026-06-22T02:01:00Z,2026-06-22T02:45:00Z,DDC,NEW,1,"{""coordinates"":[[[-100.66,37.1],[-100.83,37.46],[-100.23,37.62],[-100.26,37.1],[-100.66,37.1]]],""type"":""Polygon""}","{""_map_py"":{""effective"":""2026-06-22T02:01:00Z"",""event"":""Severe Thunderstorm Warning"",""expires"":""2026-06-22T02:45:00Z"",""has_polygon"":true,""headline"":"""",""sender"":""DDC""},""effective"":""2026-06-22T02:01:00Z"",""event"":""Severe Thunderstorm Warning"",""expires"":""2026-06-22T02:45:00Z"",""headline"":"""",""iem_damagetag"":""CONSIDERABLE"",""iem_emergency"":""False"",""iem_event_id"":""162"",""iem_forecaster"":""UMSCHEID"",""iem_gtype"":""P"",""iem_hailtag"":""0.75"",""iem_phenomena"":""SV"",""iem_raw_properties"":{""AREA_KM2"":""2218.5168433753825"",""DAMAGTAG"":""CONSIDERABLE"",""EMERGENC"":""False"",""ETN"":""162"",""EXPIRED"":""202606220245"",""FCSTER"":""UMSCHEID"",""GTYPE"":""P"",""HAILTAG"":""0.75"",""HV_CAUSE"":null,""HV_NWSLI"":null,""HV_REC"":null,""HV_SEV"":null,""INIT_EXP"":""202606220245"",""INIT_ISS"":""202606220201"",""ISSUED"":""202606220201"",""NWS_UGC"":null,""PHENOM"":""SV"",""POLY_BEG"":""202606220201"",""POLY_END"":""202606220245"",""PROD_ID"":""202606220201-KDDC-WUUS53-SVRDDC"",""SIG"":""W"",""STATUS"":""NEW"",""TORNTAG"":null,""UPDATED"":""202606220201"",""VTEC_YR"":""2026"",""WFO"":""DDC"",""WINDTAG"":""70.0""},""iem_significance"":""W"",""iem_tornadotag"":"""",""iem_ugc"":"""",""iem_wfo"":""DDC"",""iem_windtag"":""70.0"",""senderName"":""DDC"",""status"":""NEW""}","{""geometry"":{""coordinates"":[[[-100.66,37.1],[-100.83,37.46],[-100.23,37.62],[-100.26,37.1],[-100.66,37.1]]],""type"":""Polygon""},""properties"":{""_map_py"":{""effective"":""2026-06-22T02:01:00Z"",""event"":""Severe Thunderstorm Warning"",""expires"":""2026-06-22T02:45:00Z"",""has_polygon"":true,""headline"":"""",""sender"":""DDC""},""effective"":""2026-06-22T02:01:00Z"",""event"":""Severe Thunderstorm Warning"",""expires"":""2026-06-22T02:45:00Z"",""headline"":"""",""iem_damagetag"":""CONSIDERABLE"",""iem_emergency"":""False"",""iem_event_id"":""162"",""iem_forecaster"":""UMSCHEID"",""iem_gtype"":""P"",""iem_hailtag"":""0.75"",""iem_phenomena"":""SV"",""iem_raw_properties"":{""AREA_KM2"":""2218.5168433753825"",""DAMAGTAG"":""CONSIDERABLE"",""EMERGENC"":""False"",""ETN"":""162"",""EXPIRED"":""202606220245"",""FCSTER"":""UMSCHEID"",""GTYPE"":""P"",""HAILTAG"":""0.75"",""HV_CAUSE"":null,""HV_NWSLI"":null,""HV_REC"":null,""HV_SEV"":null,""INIT_EXP"":""202606220245"",""INIT_ISS"":""202606220201"",""ISSUED"":""202606220201"",""NWS_UGC"":null,""PHENOM"":""SV"",""POLY_BEG"":""202606220201"",""POLY_END"":""202606220245"",""PROD_ID"":""202606220201-KDDC-WUUS53-SVRDDC"",""SIG"":""W"",""STATUS"":""NEW"",""TORNTAG"":null,""UPDATED"":""202606220201"",""VTEC_YR"":""2026"",""WFO"":""DDC"",""WINDTAG"":""70.0""},""iem_significance"":""W"",""iem_tornadotag"":"""",""iem_ugc"":"""",""iem_wfo"":""DDC"",""iem_windtag"":""70.0"",""senderName"":""DDC"",""status"":""NEW""},""type"":""Feature""}",2026-04-27T17:31:58Z,2026-07-09T05:15:02Z,2026-07-09T18:49:04Z
3044,iem_watchwarn,iem_watchwarn|PAH|58|TO|W|2026-06-22T02:04:00Z|2026-06-22T02:28:00Z|,Tornado Warning,,2026-06-22T02:04:00Z,2026-06-22T02:28:00Z,PAH,NEW,1,"{""coordinates"":[[[-87.61,37.94],[-87.62,38.04],[-87.35,38.08],[-87.34,37.93],[-87.61,37.94]]],""type"":""Polygon""}","{""_map_py"":{""effective"":""2026-06-22T02:04:00Z"",""event"":""Tornado Warning"",""expires"":""2026-06-22T02:28:00Z"",""has_polygon"":true,""headline"":"""",""sender"":""PAH""},""effective"":""2026-06-22T02:04:00Z"",""event"":""Tornado Warning"",""expires"":""2026-06-22T02:28:00Z"",""headline"":"""",""iem_damagetag"":"""",""iem_emergency"":""False"",""iem_event_id"":""58"",""iem_forecaster"":""DW"",""iem_gtype"":""P"",""iem_hailtag"":""0.75"",""iem_phenomena"":""TO"",""iem_raw_properties"":{""AREA_KM2"":""330.3095388461902"",""DAMAGTAG"":null,""EMERGENC"":""False"",""ETN"":""58"",""EXPIRED"":""202606220228"",""FCSTER"":""DW"",""GTYPE"":""P"",""HAILTAG"":""0.75"",""HV_CAUSE"":null,""HV_NWSLI"":null,""HV_REC"":null,""HV_SEV"":null,""INIT_EXP"":""202606220245"",""INIT_ISS"":""202606220204"",""ISSUED"":""202606220204"",""NWS_UGC"":null,""PHENOM"":""TO"",""POLY_BEG"":""202606220204"",""POLY_END"":""202606220212"",""PROD_ID"":""202606220204-KPAH-WFUS53-TORPAH"",""SIG"":""W"",""STATUS"":""NEW"",""TORNTAG"":""RADAR INDICATED"",""UPDATED"":""202606220204"",""VTEC_YR"":""2026"",""WFO"":""PAH"",""WINDTAG"":null},""iem_significance"":""W"",""iem_tornadotag"":""RADAR INDICATED"",""iem_ugc"":"""",""iem_wfo"":""PAH"",""iem_windtag"":"""",""senderName"":""PAH"",""status"":""NEW""}","{""geometry"":{""coordinates"":[[[-87.61,37.94],[-87.62,38.04],[-87.35,38.08],[-87.34,37.93],[-87.61,37.94]]],""type"":""Polygon""},""properties"":{""_map_py"":{""effective"":""2026-06-22T02:04:00Z"",""event"":""Tornado Warning"",""expires"":""2026-06-22T02:28:00Z"",""has_polygon"":true,""headline"":"""",""sender"":""PAH""},""effective"":""2026-06-22T02:04:00Z"",""event"":""Tornado Warning"",""expires"":""2026-06-22T02:28:00Z"",""headline"":"""",""iem_damagetag"":"""",""iem_emergency"":""False"",""iem_event_id"":""58"",""iem_forecaster"":""DW"",""iem_gtype"":""P"",""iem_hailtag"":""0.75"",""iem_phenomena"":""TO"",""iem_raw_properties"":{""AREA_KM2"":""330.3095388461902"",""DAMAGTAG"":null,""EMERGENC"":""False"",""ETN"":""58"",""EXPIRED"":""202606220228"",""FCSTER"":""DW"",""GTYPE"":""P"",""HAILTAG"":""0.75"",""HV_CAUSE"":null,""HV_NWSLI"":null,""HV_REC"":null,""HV_SEV"":null,""INIT_EXP"":""202606220245"",""INIT_ISS"":""202606220204"",""ISSUED"":""202606220204"",""NWS_UGC"":null,""PHENOM"":""TO"",""POLY_BEG"":""202606220204"",""POLY_END"":""202606220212"",""PROD_ID"":""202606220204-KPAH-WFUS53-TORPAH"",""SIG"":""W"",""STATUS"":""NEW"",""TORNTAG"":""RADAR INDICATED"",""UPDATED"":""202606220204"",""VTEC_YR"":""2026"",""WFO"":""PAH"",""WINDTAG"":null},""iem_significance"":""W"",""iem_tornadotag"":""RADAR INDICATED"",""iem_ugc"":"""",""iem_wfo"":""PAH"",""iem_windtag"":"""",""senderName"":""PAH"",""status"":""NEW""},""type"":""Feature""}",2026-04-27T17:31:58Z,2026-07-09T05:15:02Z,2026-07-09T18:49:04Z
8431,iem_watchwarn,iem_watchwarn|LMK|102|SV|W|2026-06-22T02:06:00Z|2026-06-22T02:45:00Z|,Severe Thunderstorm Warning,,2026-06-22T02:06:00Z,2026-06-22T02:45:00Z,LMK,NEW,1,"{""coordinates"":[[[-85.48,38.59],[-85.43,38.59],[-85.43,38.6],[-85.18,38.51],[-85.59,38.19],[-86.03,38.35],[-86.03,38.37],[-85.66,38.61],[-85.5,38.61],[-85.48,38.59]]],""type"":""Polygon""}","{""_map_py"":{""effective"":""2026-06-22T02:06:00Z"",""event"":""Severe Thunderstorm Warning"",""expires"":""2026-06-22T02:45:00Z"",""has_polygon"":true,""headline"":"""",""sender"":""LMK""},""effective"":""2026-06-22T02:06:00Z"",""event"":""Severe Thunderstorm Warning"",""expires"":""2026-06-22T02:45:00Z"",""headline"":"""",""iem_damagetag"":"""",""iem_emergency"":""False"",""iem_event_id"":""102"",""iem_forecaster"":""SRW"",""iem_gtype"":""P"",""iem_hailtag"":""0.75"",""iem_phenomena"":""SV"",""iem_raw_properties"":{""AREA_KM2"":""1905.4978419100057"",""DAMAGTAG"":null,""EMERGENC"":""False"",""ETN"":""102"",""EXPIRED"":""202606220245"",""FCSTER"":""SRW"",""GTYPE"":""P"",""HAILTAG"":""0.75"",""HV_CAUSE"":null,""HV_NWSLI"":null,""HV_REC"":null,""HV_SEV"":null,""INIT_EXP"":""202606220245"",""INIT_ISS"":""202606220206"",""ISSUED"":""202606220206"",""NWS_UGC"":null,""PHENOM"":""SV"",""POLY_BEG"":""202606220206"",""POLY_END"":""202606220243"",""PROD_ID"":""202606220206-KLMK-WUUS53-SVRLMK"",""SIG"":""W"",""STATUS"":""NEW"",""TORNTAG"":""POSSIBLE"",""UPDATED"":""202606220206"",""VTEC_YR"":""2026"",""WFO"":""LMK"",""WINDTAG"":""60.0""},""iem_significance"":""W"",""iem_tornadotag"":""POSSIBLE"",""iem_ugc"":"""",""iem_wfo"":""LMK"",""iem_windtag"":""60.0"",""senderName"":""LMK"",""status"":""NEW""}","{""geometry"":{""coordinates"":[[[-85.48,38.59],[-85.43,38.59],[-85.43,38.6],[-85.18,38.51],[-85.59,38.19],[-86.03,38.35],[-86.03,38.37],[-85.66,38.61],[-85.5,38.61],[-85.48,38.59]]],""type"":""Polygon""},""properties"":{""_map_py"":{""effective"":""2026-06-22T02:06:00Z"",""event"":""Severe Thunderstorm Warning"",""expires"":""2026-06-22T02:45:00Z"",""has_polygon"":true,""headline"":"""",""sender"":""LMK""},""effective"":""2026-06-22T02:06:00Z"",""event"":""Severe Thunderstorm Warning"",""expires"":""2026-06-22T02:45:00Z"",""headline"":"""",""iem_damagetag"":"""",""iem_emergency"":""False"",""iem_event_id"":""102"",""iem_forecaster"":""SRW"",""iem_gtype"":""P"",""iem_hailtag"":""0.75"",""iem_phenomena"":""SV"",""iem_raw_properties"":{""AREA_KM2"":""1905.4978419100057"",""DAMAGTAG"":null,""EMERGENC"":""False"",""ETN"":""102"",""EXPIRED"":""202606220245"",""FCSTER"":""SRW"",""GTYPE"":""P"",""HAILTAG"":""0.75"",""HV_CAUSE"":null,""HV_NWSLI"":null,""HV_REC"":null,""HV_SEV"":null,""INIT_EXP"":""202606220245"",""INIT_ISS"":""202606220206"",""ISSUED"":""202606220206"",""NWS_UGC"":null,""PHENOM"":""SV"",""POLY_BEG"":""202606220206"",""POLY_END"":""202606220243"",""PROD_ID"":""202606220206-KLMK-WUUS53-SVRLMK"",""SIG"":""W"",""STATUS"":""NEW"",""TORNTAG"":""POSSIBLE"",""UPDATED"":""202606220206"",""VTEC_YR"":""2026"",""WFO"":""LMK"",""WINDTAG"":""60.0""},""iem_significance"":""W"",""iem_tornadotag"":""POSSIBLE"",""iem_ugc"":"""",""iem_wfo"":""LMK"",""iem_windtag"":""60.0"",""senderName"":""LMK"",""status"":""NEW""},""type"":""Feature""}",2026-04-27T17:31:58Z,2026-07-09T05:15:02Z,2026-07-09T18:49:04Z
10392,iem_watchwarn,iem_watchwarn|LMK|29|TO|W|2026-06-22T02:07:00Z|2026-06-22T03:00:00Z|,Tornado Warning,,2026-06-22T02:07:00Z,2026-06-22T03:00:00Z,LMK,NEW,1,"{""coordinates"":[[[-86.68,38.26],[-86.27,38.26],[-86.28,38.23],[-86.3,38.22],[-86.29,38.21],[-86.29,38.2],[-86.31,38.2],[-86.31,38.19],[-86.32,38.19],[-86.31,38.18],[-86.33,38.18],[-86.28,38.15],[-86.29,38.08],[-86.68,38.12],[-86.68,38.26]]],""type"":""Polygon""}","{""_map_py"":{""effective"":""2026-06-22T02:07:00Z"",""event"":""Tornado Warning"",""expires"":""2026-06-22T03:00:00Z"",""has_polygon"":true,""headline"":"""",""sender"":""LMK""},""effective"":""2026-06-22T02:07:00Z"",""event"":""Tornado Warning"",""expires"":""2026-06-22T03:00:00Z"",""headline"":"""",""iem_damagetag"":"""",""iem_emergency"":""False"",""iem_event_id"":""29"",""iem_forecaster"":""SRW"",""iem_gtype"":""P"",""iem_hailtag"":""0.75"",""iem_phenomena"":""TO"",""iem_raw_properties"":{""AREA_KM2"":""605.0870157846348"",""DAMAGTAG"":null,""EMERGENC"":""False"",""ETN"":""29"",""EXPIRED"":""202606220300"",""FCSTER"":""SRW"",""GTYPE"":""P"",""HAILTAG"":""0.75"",""HV_CAUSE"":null,""HV_NWSLI"":null,""HV_REC"":null,""HV_SEV"":null,""INIT_EXP"":""202606220300"",""INIT_ISS"":""202606220207"",""ISSUED"":""202606220207"",""NWS_UGC"":null,""PHENOM"":""TO"",""POLY_BEG"":""202606220207"",""POLY_END"":""202606220224"",""PROD_ID"":""202606220207-KLMK-WFUS53-TORLMK"",""SIG"":""W"",""STATUS"":""NEW"",""TORNTAG"":""RADAR INDICATED"",""UPDATED"":""202606220207"",""VTEC_YR"":""2026"",""WFO"":""LMK"",""WINDTAG"":null},""iem_significance"":""W"",""iem_tornadotag"":""RADAR INDICATED"",""iem_ugc"":"""",""iem_wfo"":""LMK"",""iem_windtag"":"""",""senderName"":""LMK"",""status"":""NEW""}","{""geometry"":{""coordinates"":[[[-86.68,38.26],[-86.27,38.26],[-86.28,38.23],[-86.3,38.22],[-86.29,38.21],[-86.29,38.2],[-86.31,38.2],[-86.31,38.19],[-86.32,38.19],[-86.31,38.18],[-86.33,38.18],[-86.28,38.15],[-86.29,38.08],[-86.68,38.12],[-86.68,38.26]]],""type"":""Polygon""},""properties"":{""_map_py"":{""effective"":""2026-06-22T02:07:00Z"",""event"":""Tornado Warning"",""expires"":""2026-06-22T03:00:00Z"",""has_polygon"":true,""headline"":"""",""sender"":""LMK""},""effective"":""2026-06-22T02:07:00Z"",""event"":""Tornado Warning"",""expires"":""2026-06-22T03:00:00Z"",""headline"":"""",""iem_damagetag"":"""",""iem_emergency"":""False"",""iem_event_id"":""29"",""iem_forecaster"":""SRW"",""iem_gtype"":""P"",""iem_hailtag"":""0.75"",""iem_phenomena"":""TO"",""iem_raw_properties"":{""AREA_KM2"":""605.0870157846348"",""DAMAGTAG"":null,""EMERGENC"":""False"",""ETN"":""29"",""EXPIRED"":""202606220300"",""FCSTER"":""SRW"",""GTYPE"":""P"",""HAILTAG"":""0.75"",""HV_CAUSE"":null,""HV_NWSLI"":null,""HV_REC"":null,""HV_SEV"":null,""INIT_EXP"":""202606220300"",""INIT_ISS"":""202606220207"",""ISSUED"":""202606220207"",""NWS_UGC"":null,""PHENOM"":""TO"",""POLY_BEG"":""202606220207"",""POLY_END"":""202606220224"",""PROD_ID"":""202606220207-KLMK-WFUS53-TORLMK"",""SIG"":""W"",""STATUS"":""NEW"",""TORNTAG"":""RADAR INDICATED"",""UPDATED"":""202606220207"",""VTEC_YR"":""2026"",""WFO"":""LMK"",""WINDTAG"":null},""iem_significance"":""W"",""iem_tornadotag"":""RADAR INDICATED"",""iem_ugc"":"""",""iem_wfo"":""LMK"",""iem_windtag"":"""",""senderName"":""LMK"",""status"":""NEW""},""type"":""Feature""}",2026-04-27T17:31:58Z,2026-07-09T05:15:02Z,2026-07-09T18:49:04Z
4514,iem_watchwarn,iem_watchwarn|PUB|50|SV|W|2026-06-22T02:09:00Z|2026-06-22T02:48:00Z|,Severe Thunderstorm Warning,,2026-06-22T02:09:00Z,2026-06-22T02:48:00Z,PUB,NEW,1,"{""coordinates"":[[[-102.08,37.43],[-102.41,37.77],[-102.28,37.91],[-102.04,37.82],[-102.04,37.49],[-102.08,37.43]]],""type"":""Polygon""}","{""_map_py"":{""effective"":""2026-06-22T02:09:00Z"",""event"":""Severe Thunderstorm Warning"",""expires"":""2026-06-22T02:48:00Z"",""has_polygon"":true,""headline"":"""",""sender"":""PUB""},""effective"":""2026-06-22T02:09:00Z"",""event"":""Severe Thunderstorm Warning"",""expires"":""2026-06-22T02:48:00Z"",""headline"":"""",""iem_damagetag"":""CONSIDERABLE"",""iem_emergency"":""False"",""iem_event_id"":""50"",""iem_forecaster"":""mw"",""iem_gtype"":""P"",""iem_hailtag"":""2.0"",""iem_phenomena"":""SV"",""iem_raw_properties"":{""AREA_KM2"":""981.1919244633873"",""DAMAGTAG"":""CONSIDERABLE"",""EMERGENC"":""False"",""ETN"":""50"",""EXPIRED"":""202606220248"",""FCSTER"":""mw"",""GTYPE"":""P"",""HAILTAG"":""2.0"",""HV_CAUSE"":null,""HV_NWSLI"":null,""HV_REC"":null,""HV_SEV"":null,""INIT_EXP"":""202606220300"",""INIT_ISS"":""202606220209"",""ISSUED"":""202606220209"",""NWS_UGC"":null,""PHENOM"":""SV"",""POLY_BEG"":""202606220209"",""POLY_END"":""202606220222"",""PROD_ID"":""202606220209-KPUB-WUUS55-SVRPUB"",""SIG"":""W"",""STATUS"":""NEW"",""TORNTAG"":null,""UPDATED"":""202606220209"",""VTEC_YR"":""2026"",""WFO"":""PUB"",""WINDTAG"":""70.0""},""iem_significance"":""W"",""iem_tornadotag"":"""",""iem_ugc"":"""",""iem_wfo"":""PUB"",""iem_windtag"":""70.0"",""senderName"":""PUB"",""status"":""NEW""}","{""geometry"":{""coordinates"":[[[-102.08,37.43],[-102.41,37.77],[-102.28,37.91],[-102.04,37.82],[-102.04,37.49],[-102.08,37.43]]],""type"":""Polygon""},""properties"":{""_map_py"":{""effective"":""2026-06-22T02:09:00Z"",""event"":""Severe Thunderstorm Warning"",""expires"":""2026-06-22T02:48:00Z"",""has_polygon"":true,""headline"":"""",""sender"":""PUB""},""effective"":""2026-06-22T02:09:00Z"",""event"":""Severe Thunderstorm Warning"",""expires"":""2026-06-22T02:48:00Z"",""headline"":"""",""iem_damagetag"":""CONSIDERABLE"",""iem_emergency"":""False"",""iem_event_id"":""50"",""iem_forecaster"":""mw"",""iem_gtype"":""P"",""iem_hailtag"":""2.0"",""iem_phenomena"":""SV"",""iem_raw_properties"":{""AREA_KM2"":""981.1919244633873"",""DAMAGTAG"":""CONSIDERABLE"",""EMERGENC"":""False"",""ETN"":""50"",""EXPIRED"":""202606220248"",""FCSTER"":""mw"",""GTYPE"":""P"",""HAILTAG"":""2.0"",""HV_CAUSE"":null,""HV_NWSLI"":null,""HV_REC"":null,""HV_SEV"":null,""INIT_EXP"":""202606220300"",""INIT_ISS"":""202606220209"",""ISSUED"":""202606220209"",""NWS_UGC"":null,""PHENOM"":""SV"",""POLY_BEG"":""202606220209"",""POLY_END"":""202606220222"",""PROD_ID"":""202606220209-KPUB-WUUS55-SVRPUB"",""SIG"":""W"",""STATUS"":""NEW"",""TORNTAG"":null,""UPDATED"":""202606220209"",""VTEC_YR"":""2026"",""WFO"":""PUB"",""WINDTAG"":""70.0""},""iem_significance"":""W"",""iem_tornadotag"":"""",""iem_ugc"":"""",""iem_wfo"":""PUB"",""iem_windtag"":""70.0"",""senderName"":""PUB"",""status"":""NEW""},""type"":""Feature""}",2026-04-27T17:31:58Z,2026-07-09T05:15:02Z,2026-07-09T18:49:04Z
5962,iem_watchwarn,iem_watchwarn|PAH|59|TO|W|2026-06-22T02:11:00Z|2026-06-22T02:44:00Z|,Tornado Warning,,2026-06-22T02:11:00Z,2026-06-22T02:44:00Z,PAH,NEW,1,"{""coordinates"":[[[-87.01,38.06],[-87.36,38.15],[-87.33,38.26],[-87.07,38.26],[-87.07,38.2],[-86.96,38.2],[-87.01,38.06]]],""type"":""Polygon""}","{""_map_py"":{""effective"":""2026-06-22T02:11:00Z"",""event"":""Tornado Warning"",""expires"":""2026-06-22T02:44:00Z"",""has_polygon"":true,""headline"":"""",""sender"":""PAH""},""effective"":""2026-06-22T02:11:00Z"",""event"":""Tornado Warning"",""expires"":""2026-06-22T02:44:00Z"",""headline"":"""",""iem_damagetag"":"""",""iem_emergency"":""False"",""iem_event_id"":""59"",""iem_forecaster"":""SP"",""iem_gtype"":""P"",""iem_hailtag"":""0.75"",""iem_phenomena"":""TO"",""iem_raw_properties"":{""AREA_KM2"":""510.03936039625216"",""DAMAGTAG"":null,""EMERGENC"":""False"",""ETN"":""59"",""EXPIRED"":""202606220244"",""FCSTER"":""SP"",""GTYPE"":""P"",""HAILTAG"":""0.75"",""HV_CAUSE"":null,""HV_NWSLI"":null,""HV_REC"":null,""HV_SEV"":null,""INIT_EXP"":""202606220300"",""INIT_ISS"":""202606220211"",""ISSUED"":""202606220211"",""NWS_UGC"":null,""PHENOM"":""TO"",""POLY_BEG"":""202606220211"",""POLY_END"":""202606220228"",""PROD_ID"":""202606220211-KPAH-WFUS53-TORPAH"",""SIG"":""W"",""STATUS"":""NEW"",""TORNTAG"":""RADAR INDICATED"",""UPDATED"":""202606220211"",""VTEC_YR"":""2026"",""WFO"":""PAH"",""WINDTAG"":null},""iem_significance"":""W"",""iem_tornadotag"":""RADAR INDICATED"",""iem_ugc"":"""",""iem_wfo"":""PAH"",""iem_windtag"":"""",""senderName"":""PAH"",""status"":""NEW""}","{""geometry"":{""coordinates"":[[[-87.01,38.06],[-87.36,38.15],[-87.33,38.26],[-87.07,38.26],[-87.07,38.2],[-86.96,38.2],[-87.01,38.06]]],""type"":""Polygon""},""properties"":{""_map_py"":{""effective"":""2026-06-22T02:11:00Z"",""event"":""Tornado Warning"",""expires"":""2026-06-22T02:44:00Z"",""has_polygon"":true,""headline"":"""",""sender"":""PAH""},""effective"":""2026-06-22T02:11:00Z"",""event"":""Tornado Warning"",""expires"":""2026-06-22T02:44:00Z"",""headline"":"""",""iem_damagetag"":"""",""iem_emergency"":""False"",""iem_event_id"":""59"",""iem_forecaster"":""SP"",""iem_gtype"":""P"",""iem_hailtag"":""0.75"",""iem_phenomena"":""TO"",""iem_raw_properties"":{""AREA_KM2"":""510.03936039625216"",""DAMAGTAG"":null,""EMERGENC"":""False"",""ETN"":""59"",""EXPIRED"":""202606220244"",""FCSTER"":""SP"",""GTYPE"":""P"",""HAILTAG"":""0.75"",""HV_CAUSE"":null,""HV_NWSLI"":null,""HV_REC"":null,""HV_SEV"":null,""INIT_EXP"":""202606220300"",""INIT_ISS"":""202606220211"",""ISSUED"":""202606220211"",""NWS_UGC"":null,""PHENOM"":""TO"",""POLY_BEG"":""202606220211"",""POLY_END"":""202606220228"",""PROD_ID"":""202606220211-KPAH-WFUS53-TORPAH"",""SIG"":""W"",""STATUS"":""NEW"",""TORNTAG"":""RADAR INDICATED"",""UPDATED"":""202606220211"",""VTEC_YR"":""2026"",""WFO"":""PAH"",""WINDTAG"":null},""iem_significance"":""W"",""iem_tornadotag"":""RADAR INDICATED"",""iem_ugc"":"""",""iem_wfo"":""PAH"",""iem_windtag"":"""",""senderName"":""PAH"",""status"":""NEW""},""type"":""Feature""}",2026-04-27T17:31:58Z,2026-07-09T05:15:02Z,2026-07-09T18:49:04Z
7777,iem_watchwarn,iem_watchwarn|PAH|60|TO|W|2026-06-22T02:12:00Z|2026-06-22T02:44:00Z|,Tornado Warning,,2026-06-22T02:12:00Z,2026-06-22T02:44:00Z,PAH,NEW,1,"{""coordinates"":[[[-86.98,38.04],[-87.37,38.15],[-87.35,38.24],[-87.3,38.24],[-87.3,38.23],[-87.08,38.23],[-87.07,38.2],[-86.95,38.2],[-86.98,38.04]]],""type"":""Polygon""}","{""_map_py"":{""effective"":""2026-06-22T02:12:00Z"",""event"":""Tornado Warning"",""expires"":""2026-06-22T02:44:00Z"",""has_polygon"":true,""headline"":"""",""sender"":""PAH""},""effective"":""2026-06-22T02:12:00Z"",""event"":""Tornado Warning"",""expires"":""2026-06-22T02:44:00Z"",""headline"":"""",""iem_damagetag"":"""",""iem_emergency"":""False"",""iem_event_id"":""60"",""iem_forecaster"":""SP"",""iem_gtype"":""P"",""iem_hailtag"":""0.75"",""iem_phenomena"":""TO"",""iem_raw_properties"":{""AREA_KM2"":""505.0929657118716"",""DAMAGTAG"":null,""EMERGENC"":""False"",""ETN"":""60"",""EXPIRED"":""202606220244"",""FCSTER"":""SP"",""GTYPE"":""P"",""HAILTAG"":""0.75"",""HV_CAUSE"":null,""HV_NWSLI"":null,""HV_REC"":null,""HV_SEV"":null,""INIT_EXP"":""202606220300"",""INIT_ISS"":""202606220212"",""ISSUED"":""202606220212"",""NWS_UGC"":null,""PHENOM"":""TO"",""POLY_BEG"":""202606220212"",""POLY_END"":""202606220227"",""PROD_ID"":""202606220212-KPAH-WFUS53-TORPAH"",""SIG"":""W"",""STATUS"":""NEW"",""TORNTAG"":""RADAR INDICATED"",""UPDATED"":""202606220212"",""VTEC_YR"":""2026"",""WFO"":""PAH"",""WINDTAG"":null},""iem_significance"":""W"",""iem_tornadotag"":""RADAR INDICATED"",""iem_ugc"":"""",""iem_wfo"":""PAH"",""iem_windtag"":"""",""senderName"":""PAH"",""status"":""NEW""}","{""geometry"":{""coordinates"":[[[-86.98,38.04],[-87.37,38.15],[-87.35,38.24],[-87.3,38.24],[-87.3,38.23],[-87.08,38.23],[-87.07,38.2],[-86.95,38.2],[-86.98,38.04]]],""type"":""Polygon""},""properties"":{""_map_py"":{""effective"":""2026-06-22T02:12:00Z"",""event"":""Tornado Warning"",""expires"":""2026-06-22T02:44:00Z"",""has_polygon"":true,""headline"":"""",""sender"":""PAH""},""effective"":""2026-06-22T02:12:00Z"",""event"":""Tornado Warning"",""expires"":""2026-06-22T02:44:00Z"",""headline"":"""",""iem_damagetag"":"""",""iem_emergency"":""False"",""iem_event_id"":""60"",""iem_forecaster"":""SP"",""iem_gtype"":""P"",""iem_hailtag"":""0.75"",""iem_phenomena"":""TO"",""iem_raw_properties"":{""AREA_KM2"":""505.0929657118716"",""DAMAGTAG"":null,""EMERGENC"":""False"",""ETN"":""60"",""EXPIRED"":""202606220244"",""FCSTER"":""SP"",""GTYPE"":""P"",""HAILTAG"":""0.75"",""HV_CAUSE"":null,""HV_NWSLI"":null,""HV_REC"":null,""HV_SEV"":null,""INIT_EXP"":""202606220300"",""INIT_ISS"":""202606220212"",""ISSUED"":""202606220212"",""NWS_UGC"":null,""PHENOM"":""TO"",""POLY_BEG"":""202606220212"",""POLY_END"":""202606220227"",""PROD_ID"":""202606220212-KPAH-WFUS53-TORPAH"",""SIG"":""W"",""STATUS"":""NEW"",""TORNTAG"":""RADAR INDICATED"",""UPDATED"":""202606220212"",""VTEC_YR"":""2026"",""WFO"":""PAH"",""WINDTAG"":null},""iem_significance"":""W"",""iem_tornadotag"":""RADAR INDICATED"",""iem_ugc"":"""",""iem_wfo"":""PAH"",""iem_windtag"":"""",""senderName"":""PAH"",""status"":""NEW""},""type"":""Feature""}",2026-04-27T17:31:58Z,2026-07-09T05:15:02Z,2026-07-09T18:49:04Z
1839,iem_watchwarn,iem_watchwarn|BOU|112|SV|W|2026-06-22T02:16:00Z|2026-06-22T02:45:00Z|,Severe Thunderstorm Warning,,2026-06-22T02:16:00Z,2026-06-22T02:45:00Z,BOU,NEW,1,"{""coordinates"":[[[-102.67,40.63],[-102.29,40.64],[-102.3,40.44],[-102.67,40.44],[-102.67,40.63]]],""type"":""Polygon""}","{""_map_py"":{""effective"":""2026-06-22T02:16:00Z"",""event"":""Severe Thunderstorm Warning"",""expires"":""2026-06-22T02:45:00Z"",""has_polygon"":true,""headline"":"""",""sender"":""BOU""},""effective"":""2026-06-22T02:16:00Z"",""event"":""Severe Thunderstorm Warning"",""expires"":""2026-06-22T02:45:00Z"",""headline"":"""",""iem_damagetag"":""CONSIDERABLE"",""iem_emergency"":""False"",""iem_event_id"":""112"",""iem_forecaster"":""63"",""iem_gtype"":""P"",""iem_hailtag"":""1.75"",""iem_phenomena"":""SV"",""iem_raw_properties"":{""AREA_KM2"":""686.8941256779309"",""DAMAGTAG"":""CONSIDERABLE"",""EMERGENC"":""False"",""ETN"":""112"",""EXPIRED"":""202606220245"",""FCSTER"":""63"",""GTYPE"":""P"",""HAILTAG"":""1.75"",""HV_CAUSE"":null,""HV_NWSLI"":null,""HV_REC"":null,""HV_SEV"":null,""INIT_EXP"":""202606220245"",""INIT_ISS"":""202606220216"",""ISSUED"":""202606220216"",""NWS_UGC"":null,""PHENOM"":""SV"",""POLY_BEG"":""202606220216"",""POLY_END"":""202606220228"",""PROD_ID"":""202606220216-KBOU-WUUS55-SVRBOU"",""SIG"":""W"",""STATUS"":""NEW"",""TORNTAG"":null,""UPDATED"":""202606220216"",""VTEC_YR"":""2026"",""WFO"":""BOU"",""WINDTAG"":""60.0""},""iem_significance"":""W"",""iem_tornadotag"":"""",""iem_ugc"":"""",""iem_wfo"":""BOU"",""iem_windtag"":""60.0"",""senderName"":""BOU"",""status"":""NEW""}","{""geometry"":{""coordinates"":[[[-102.67,40.63],[-102.29,40.64],[-102.3,40.44],[-102.67,40.44],[-102.67,40.63]]],""type"":""Polygon""},""properties"":{""_map_py"":{""effective"":""2026-06-22T02:16:00Z"",""event"":""Severe Thunderstorm Warning"",""expires"":""2026-06-22T02:45:00Z"",""has_polygon"":true,""headline"":"""",""sender"":""BOU""},""effective"":""2026-06-22T02:16:00Z"",""event"":""Severe Thunderstorm Warning"",""expires"":""2026-06-22T02:45:00Z"",""headline"":"""",""iem_damagetag"":""CONSIDERABLE"",""iem_emergency"":""False"",""iem_event_id"":""112"",""iem_forecaster"":""63"",""iem_gtype"":""P"",""iem_hailtag"":""1.75"",""iem_phenomena"":""SV"",""iem_raw_properties"":{""AREA_KM2"":""686.8941256779309"",""DAMAGTAG"":""CONSIDERABLE"",""EMERGENC"":""False"",""ETN"":""112"",""EXPIRED"":""202606220245"",""FCSTER"":""63"",""GTYPE"":""P"",""HAILTAG"":""1.75"",""HV_CAUSE"":null,""HV_NWSLI"":null,""HV_REC"":null,""HV_SEV"":null,""INIT_EXP"":""202606220245"",""INIT_ISS"":""202606220216"",""ISSUED"":""202606220216"",""NWS_UGC"":null,""PHENOM"":""SV"",""POLY_BEG"":""202606220216"",""POLY_END"":""202606220228"",""PROD_ID"":""202606220216-KBOU-WUUS55-SVRBOU"",""SIG"":""W"",""STATUS"":""NEW"",""TORNTAG"":null,""UPDATED"":""202606220216"",""VTEC_YR"":""2026"",""WFO"":""BOU"",""WINDTAG"":""60.0""},""iem_significance"":""W"",""iem_tornadotag"":"""",""iem_ugc"":"""",""iem_wfo"":""BOU"",""iem_windtag"":""60.0"",""senderName"":""BOU"",""status"":""NEW""},""type"":""Feature""}",2026-04-27T17:31:58Z,2026-07-09T05:15:02Z,2026-07-09T18:49:04Z
1159,iem_watchwarn,iem_watchwarn|PAH|61|TO|W|2026-06-22T02:19:00Z|2026-06-22T03:00:00Z|,Tornado Warning,,2026-06-22T02:19:00Z,2026-06-22T03:00:00Z,PAH,NEW,1,"{""coordinates"":[[[-87.37,37.93],[-87.37,38.04],[-87.03,38.04],[-87.05,37.92],[-87.37,37.93]]],""type"":""Polygon""}","{""_map_py"":{""effective"":""2026-06-22T02:19:00Z"",""event"":""Tornado Warning"",""expires"":""2026-06-22T03:00:00Z"",""has_polygon"":true,""headline"":"""",""sender"":""PAH""},""effective"":""2026-06-22T02:19:00Z"",""event"":""Tornado Warning"",""expires"":""2026-06-22T03:00:00Z"",""headline"":"""",""iem_damagetag"":"""",""iem_emergency"":""False"",""iem_event_id"":""61"",""iem_forecaster"":""DW"",""iem_gtype"":""P"",""iem_hailtag"":""0.75"",""iem_phenomena"":""TO"",""iem_raw_properties"":{""AREA_KM2"":""370.36436491155007"",""DAMAGTAG"":null,""EMERGENC"":""False"",""ETN"":""61"",""EXPIRED"":""202606220300"",""FCSTER"":""DW"",""GTYPE"":""P"",""HAILTAG"":""0.75"",""HV_CAUSE"":null,""HV_NWSLI"":null,""HV_REC"":null,""HV_SEV"":null,""INIT_EXP"":""202606220300"",""INIT_ISS"":""202606220219"",""ISSUED"":""202606220219"",""NWS_UGC"":null,""PHENOM"":""TO"",""POLY_BEG"":""202606220219"",""POLY_END"":""202606220220"",""PROD_ID"":""202606220219-KPAH-WFUS53-TORPAH"",""SIG"":""W"",""STATUS"":""NEW"",""TORNTAG"":""RADAR INDICATED"",""UPDATED"":""202606220219"",""VTEC_YR"":""2026"",""WFO"":""PAH"",""WINDTAG"":null},""iem_significance"":""W"",""iem_tornadotag"":""RADAR INDICATED"",""iem_ugc"":"""",""iem_wfo"":""PAH"",""iem_windtag"":"""",""senderName"":""PAH"",""status"":""NEW""}","{""geometry"":{""coordinates"":[[[-87.37,37.93],[-87.37,38.04],[-87.03,38.04],[-87.05,37.92],[-87.37,37.93]]],""type"":""Polygon""},""properties"":{""_map_py"":{""effective"":""2026-06-22T02:19:00Z"",""event"":""Tornado Warning"",""expires"":""2026-06-22T03:00:00Z"",""has_polygon"":true,""headline"":"""",""sender"":""PAH""},""effective"":""2026-06-22T02:19:00Z"",""event"":""Tornado Warning"",""expires"":""2026-06-22T03:00:00Z"",""headline"":"""",""iem_damagetag"":"""",""iem_emergency"":""False"",""iem_event_id"":""61"",""iem_forecaster"":""DW"",""iem_gtype"":""P"",""iem_hailtag"":""0.75"",""iem_phenomena"":""TO"",""iem_raw_properties"":{""AREA_KM2"":""370.36436491155007"",""DAMAGTAG"":null,""EMERGENC"":""False"",""ETN"":""61"",""EXPIRED"":""202606220300"",""FCSTER"":""DW"",""GTYPE"":""P"",""HAILTAG"":""0.75"",""HV_CAUSE"":null,""HV_NWSLI"":null,""HV_REC"":null,""HV_SEV"":null,""INIT_EXP"":""202606220300"",""INIT_ISS"":""202606220219"",""ISSUED"":""202606220219"",""NWS_UGC"":null,""PHENOM"":""TO"",""POLY_BEG"":""202606220219"",""POLY_END"":""202606220220"",""PROD_ID"":""202606220219-KPAH-WFUS53-TORPAH"",""SIG"":""W"",""STATUS"":""NEW"",""TORNTAG"":""RADAR INDICATED"",""UPDATED"":""202606220219"",""VTEC_YR"":""2026"",""WFO"":""PAH"",""WINDTAG"":null},""iem_significance"":""W"",""iem_tornadotag"":""RADAR INDICATED"",""iem_ugc"":"""",""iem_wfo"":""PAH"",""iem_windtag"":"""",""senderName"":""PAH"",""status"":""NEW""},""type"":""Feature""}",2026-04-27T17:31:58Z,2026-07-09T05:15:02Z,2026-07-09T18:49:04Z
5784,iem_watchwarn,iem_watchwarn|DDC|163|SV|W|2026-06-22T02:23:00Z|2026-06-22T03:15:00Z|,Severe Thunderstorm Warning,,2026-06-22T02:23:00Z,2026-06-22T03:15:00Z,DDC,NEW,1,"{""coordinates"":[[[-100.28,37.0],[-100.26,37.48],[-100.22,37.48],[-100.22,38.26],[-99.58,38.26],[-99.73,37.0],[-100.28,37.0]]],""type"":""Polygon""}","{""_map_py"":{""effective"":""2026-06-22T02:23:00Z"",""event"":""Severe Thunderstorm Warning"",""expires"":""2026-06-22T03:15:00Z"",""has_polygon"":true,""headline"":"""",""sender"":""DDC""},""effective"":""2026-06-22T02:23:00Z"",""event"":""Severe Thunderstorm Warning"",""expires"":""2026-06-22T03:15:00Z"",""headline"":"""",""iem_damagetag"":"""",""iem_emergency"":""False"",""iem_event_id"":""163"",""iem_forecaster"":""UMSCHEID"",""iem_gtype"":""P"",""iem_hailtag"":""0.75"",""iem_phenomena"":""SV"",""iem_raw_properties"":{""AREA_KM2"":""7199.550874898802"",""DAMAGTAG"":null,""EMERGENC"":""False"",""ETN"":""163"",""EXPIRED"":""202606220315"",""FCSTER"":""UMSCHEID"",""GTYPE"":""P"",""HAILTAG"":""0.75"",""HV_CAUSE"":null,""HV_NWSLI"":null,""HV_REC"":null,""HV_SEV"":null,""INIT_EXP"":""202606220315"",""INIT_ISS"":""202606220223"",""ISSUED"":""202606220223"",""NWS_UGC"":null,""PHENOM"":""SV"",""POLY_BEG"":""202606220223"",""POLY_END"":""202606220248"",""PROD_ID"":""202606220223-KDDC-WUUS53-SVRDDC"",""SIG"":""W"",""STATUS"":""NEW"",""TORNTAG"":null,""UPDATED"":""202606220223"",""VTEC_YR"":""2026"",""WFO"":""DDC"",""WINDTAG"":""60.0""},""iem_significance"":""W"",""iem_tornadotag"":"""",""iem_ugc"":"""",""iem_wfo"":""DDC"",""iem_windtag"":""60.0"",""senderName"":""DDC"",""status"":""NEW""}","{""geometry"":{""coordinates"":[[[-100.28,37.0],[-100.26,37.48],[-100.22,37.48],[-100.22,38.26],[-99.58,38.26],[-99.73,37.0],[-100.28,37.0]]],""type"":""Polygon""},""properties"":{""_map_py"":{""effective"":""2026-06-22T02:23:00Z"",""event"":""Severe Thunderstorm Warning"",""expires"":""2026-06-22T03:15:00Z"",""has_polygon"":true,""headline"":"""",""sender"":""DDC""},""effective"":""2026-06-22T02:23:00Z"",""event"":""Severe Thunderstorm Warning"",""expires"":""2026-06-22T03:15:00Z"",""headline"":"""",""iem_damagetag"":"""",""iem_emergency"":""False"",""iem_event_id"":""163"",""iem_forecaster"":""UMSCHEID"",""iem_gtype"":""P"",""iem_hailtag"":""0.75"",""iem_phenomena"":""SV"",""iem_raw_properties"":{""AREA_KM2"":""7199.550874898802"",""DAMAGTAG"":null,""EMERGENC"":""False"",""ETN"":""163"",""EXPIRED"":""202606220315"",""FCSTER"":""UMSCHEID"",""GTYPE"":""P"",""HAILTAG"":""0.75"",""HV_CAUSE"":null,""HV_NWSLI"":null,""HV_REC"":null,""HV_SEV"":null,""INIT_EXP"":""202606220315"",""INIT_ISS"":""202606220223"",""ISSUED"":""202606220223"",""NWS_UGC"":null,""PHENOM"":""SV"",""POLY_BEG"":""202606220223"",""POLY_END"":""202606220248"",""PROD_ID"":""202606220223-KDDC-WUUS53-SVRDDC"",""SIG"":""W"",""STATUS"":""NEW"",""TORNTAG"":null,""UPDATED"":""202606220223"",""VTEC_YR"":""2026"",""WFO"":""DDC"",""WINDTAG"":""60.0""},""iem_significance"":""W"",""iem_tornadotag"":"""",""iem_ugc"":"""",""iem_wfo"":""DDC"",""iem_windtag"":""60.0"",""senderName"":""DDC"",""status"":""NEW""},""type"":""Feature""}",2026-04-27T17:31:58Z,2026-07-09T05:15:02Z,2026-07-09T18:49:04Z
4940,iem_watchwarn,iem_watchwarn|DDC|164|SV|W|2026-06-22T02:26:00Z|2026-06-22T03:15:00Z|,Severe Thunderstorm Warning,,2026-06-22T02:26:00Z,2026-06-22T03:15:00Z,DDC,NEW,1,"{""coordinates"":[[[-102.04,37.74],[-102.01,37.74],[-101.56,37.65],[-102.02,37.39],[-102.04,37.42],[-102.04,37.74]]],""type"":""Polygon""}","{""_map_py"":{""effective"":""2026-06-22T02:26:00Z"",""event"":""Severe Thunderstorm Warning"",""expires"":""2026-06-22T03:15:00Z"",""has_polygon"":true,""headline"":"""",""sender"":""DDC""},""effective"":""2026-06-22T02:26:00Z"",""event"":""Severe Thunderstorm Warning"",""expires"":""2026-06-22T03:15:00Z"",""headline"":"""",""iem_damagetag"":""CONSIDERABLE"",""iem_emergency"":""False"",""iem_event_id"":""164"",""iem_forecaster"":""UMSCHEID"",""iem_gtype"":""P"",""iem_hailtag"":""2.0"",""iem_phenomena"":""SV"",""iem_raw_properties"":{""AREA_KM2"":""858.022387297504"",""DAMAGTAG"":""CONSIDERABLE"",""EMERGENC"":""False"",""ETN"":""164"",""EXPIRED"":""202606220315"",""FCSTER"":""UMSCHEID"",""GTYPE"":""P"",""HAILTAG"":""2.0"",""HV_CAUSE"":null,""HV_NWSLI"":null,""HV_REC"":null,""HV_SEV"":null,""INIT_EXP"":""202606220315"",""INIT_ISS"":""202606220226"",""ISSUED"":""202606220226"",""NWS_UGC"":null,""PHENOM"":""SV"",""POLY_BEG"":""202606220226"",""POLY_END"":""202606220251"",""PROD_ID"":""202606220226-KDDC-WUUS53-SVRDDC"",""SIG"":""W"",""STATUS"":""NEW"",""TORNTAG"":null,""UPDATED"":""202606220226"",""VTEC_YR"":""2026"",""WFO"":""DDC"",""WINDTAG"":""70.0""},""iem_significance"":""W"",""iem_tornadotag"":"""",""iem_ugc"":"""",""iem_wfo"":""DDC"",""iem_windtag"":""70.0"",""senderName"":""DDC"",""status"":""NEW""}","{""geometry"":{""coordinates"":[[[-102.04,37.74],[-102.01,37.74],[-101.56,37.65],[-102.02,37.39],[-102.04,37.42],[-102.04,37.74]]],""type"":""Polygon""},""properties"":{""_map_py"":{""effective"":""2026-06-22T02:26:00Z"",""event"":""Severe Thunderstorm Warning"",""expires"":""2026-06-22T03:15:00Z"",""has_polygon"":true,""headline"":"""",""sender"":""DDC""},""effective"":""2026-06-22T02:26:00Z"",""event"":""Severe Thunderstorm Warning"",""expires"":""2026-06-22T03:15:00Z"",""headline"":"""",""iem_damagetag"":""CONSIDERABLE"",""iem_emergency"":""False"",""iem_event_id"":""164"",""iem_forecaster"":""UMSCHEID"",""iem_gtype"":""P"",""iem_hailtag"":""2.0"",""iem_phenomena"":""SV"",""iem_raw_properties"":{""AREA_KM2"":""858.022387297504"",""DAMAGTAG"":""CONSIDERABLE"",""EMERGENC"":""False"",""ETN"":""164"",""EXPIRED"":""202606220315"",""FCSTER"":""UMSCHEID"",""GTYPE"":""P"",""HAILTAG"":""2.0"",""HV_CAUSE"":null,""HV_NWSLI"":null,""HV_REC"":null,""HV_SEV"":null,""INIT_EXP"":""202606220315"",""INIT_ISS"":""202606220226"",""ISSUED"":""202606220226"",""NWS_UGC"":null,""PHENOM"":""SV"",""POLY_BEG"":""202606220226"",""POLY_END"":""202606220251"",""PROD_ID"":""202606220226-KDDC-WUUS53-SVRDDC"",""SIG"":""W"",""STATUS"":""NEW"",""TORNTAG"":null,""UPDATED"":""202606220226"",""VTEC_YR"":""2026"",""WFO"":""DDC"",""WINDTAG"":""70.0""},""iem_significance"":""W"",""iem_tornadotag"":"""",""iem_ugc"":"""",""iem_wfo"":""DDC"",""iem_windtag"":""70.0"",""senderName"":""DDC"",""status"":""NEW""},""type"":""Feature""}",2026-04-27T17:31:58Z,2026-07-09T05:15:02Z,2026-07-09T18:49:04Z
2700,iem_watchwarn,iem_watchwarn|DDC|165|SV|W|2026-06-22T02:29:00Z|2026-06-22T03:15:00Z|,Severe Thunderstorm Warning,,2026-06-22T02:29:00Z,2026-06-22T03:15:00Z,DDC,NEW,1,"{""coordinates"":[[[-101.29,37.0],[-101.3,37.26],[-100.28,37.33],[-100.26,37.0],[-101.29,37.0]]],""type"":""Polygon""}","{""_map_py"":{""effective"":""2026-06-22T02:29:00Z"",""event"":""Severe Thunderstorm Warning"",""expires"":""2026-06-22T03:15:00Z"",""has_polygon"":true,""headline"":"""",""sender"":""DDC""},""effective"":""2026-06-22T02:29:00Z"",""event"":""Severe Thunderstorm Warning"",""expires"":""2026-06-22T03:15:00Z"",""headline"":"""",""iem_damagetag"":"""",""iem_emergency"":""False"",""iem_event_id"":""165"",""iem_forecaster"":""UMSCHEID"",""iem_gtype"":""P"",""iem_hailtag"":""0.75"",""iem_phenomena"":""SV"",""iem_raw_properties"":{""AREA_KM2"":""2984.971968265914"",""DAMAGTAG"":null,""EMERGENC"":""False"",""ETN"":""165"",""EXPIRED"":""202606220315"",""FCSTER"":""UMSCHEID"",""GTYPE"":""P"",""HAILTAG"":""0.75"",""HV_CAUSE"":null,""HV_NWSLI"":null,""HV_REC"":null,""HV_SEV"":null,""INIT_EXP"":""202606220315"",""INIT_ISS"":""202606220229"",""ISSUED"":""202606220229"",""NWS_UGC"":null,""PHENOM"":""SV"",""POLY_BEG"":""202606220229"",""POLY_END"":""202606220246"",""PROD_ID"":""202606220229-KDDC-WUUS53-SVRDDC"",""SIG"":""W"",""STATUS"":""NEW"",""TORNTAG"":null,""UPDATED"":""202606220229"",""VTEC_YR"":""2026"",""WFO"":""DDC"",""WINDTAG"":""60.0""},""iem_significance"":""W"",""iem_tornadotag"":"""",""iem_ugc"":"""",""iem_wfo"":""DDC"",""iem_windtag"":""60.0"",""senderName"":""DDC"",""status"":""NEW""}","{""geometry"":{""coordinates"":[[[-101.29,37.0],[-101.3,37.26],[-100.28,37.33],[-100.26,37.0],[-101.29,37.0]]],""type"":""Polygon""},""properties"":{""_map_py"":{""effective"":""2026-06-22T02:29:00Z"",""event"":""Severe Thunderstorm Warning"",""expires"":""2026-06-22T03:15:00Z"",""has_polygon"":true,""headline"":"""",""sender"":""DDC""},""effective"":""2026-06-22T02:29:00Z"",""event"":""Severe Thunderstorm Warning"",""expires"":""2026-06-22T03:15:00Z"",""headline"":"""",""iem_damagetag"":"""",""iem_emergency"":""False"",""iem_event_id"":""165"",""iem_forecaster"":""UMSCHEID"",""iem_gtype"":""P"",""iem_hailtag"":""0.75"",""iem_phenomena"":""SV"",""iem_raw_properties"":{""AREA_KM2"":""2984.971968265914"",""DAMAGTAG"":null,""EMERGENC"":""False"",""ETN"":""165"",""EXPIRED"":""202606220315"",""FCSTER"":""UMSCHEID"",""GTYPE"":""P"",""HAILTAG"":""0.75"",""HV_CAUSE"":null,""HV_NWSLI"":null,""HV_REC"":null,""HV_SEV"":null,""INIT_EXP"":""202606220315"",""INIT_ISS"":""202606220229"",""ISSUED"":""202606220229"",""NWS_UGC"":null,""PHENOM"":""SV"",""POLY_BEG"":""202606220229"",""POLY_END"":""202606220246"",""PROD_ID"":""202606220229-KDDC-WUUS53-SVRDDC"",""SIG"":""W"",""STATUS"":""NEW"",""TORNTAG"":null,""UPDATED"":""202606220229"",""VTEC_YR"":""2026"",""WFO"":""DDC"",""WINDTAG"":""60.0""},""iem_significance"":""W"",""iem_tornadotag"":"""",""iem_ugc"":"""",""iem_wfo"":""DDC"",""iem_windtag"":""60.0"",""senderName"":""DDC"",""status"":""NEW""},""type"":""Feature""}",2026-04-27T17:31:58Z,2026-07-09T05:15:02Z,2026-07-09T18:49:04Z
9345,iem_watchwarn,iem_watchwarn|LMK|30|TO|W|2026-06-22T02:30:00Z|2026-06-22T03:15:00Z|,Tornado Warning,,2026-06-22T02:30:00Z,2026-06-22T03:15:00Z,LMK,NEW,1,"{""coordinates"":[[[-86.05,38.22],[-86.07,38.02],[-86.45,38.05],[-86.43,38.06],[-86.43,38.08],[-86.44,38.09],[-86.45,38.09],[-86.47,38.11],[-86.46,38.12],[-86.46,38.21],[-86.48,38.21],[-86.05,38.22]]],""type"":""Polygon""}","{""_map_py"":{""effective"":""2026-06-22T02:30:00Z"",""event"":""Tornado Warning"",""expires"":""2026-06-22T03:15:00Z"",""has_polygon"":true,""headline"":"""",""sender"":""LMK""},""effective"":""2026-06-22T02:30:00Z"",""event"":""Tornado Warning"",""expires"":""2026-06-22T03:15:00Z"",""headline"":"""",""iem_damagetag"":"""",""iem_emergency"":""False"",""iem_event_id"":""30"",""iem_forecaster"":""SRW"",""iem_gtype"":""P"",""iem_hailtag"":""0.75"",""iem_phenomena"":""TO"",""iem_raw_properties"":{""AREA_KM2"":""691.2008843752888"",""DAMAGTAG"":null,""EMERGENC"":""False"",""ETN"":""30"",""EXPIRED"":""202606220315"",""FCSTER"":""SRW"",""GTYPE"":""P"",""HAILTAG"":""0.75"",""HV_CAUSE"":null,""HV_NWSLI"":null,""HV_REC"":null,""HV_SEV"":null,""INIT_EXP"":""202606220315"",""INIT_ISS"":""202606220230"",""ISSUED"":""202606220230"",""NWS_UGC"":null,""PHENOM"":""TO"",""POLY_BEG"":""202606220230"",""POLY_END"":""202606220253"",""PROD_ID"":""202606220230-KLMK-WFUS53-TORLMK"",""SIG"":""W"",""STATUS"":""NEW"",""TORNTAG"":""RADAR INDICATED"",""UPDATED"":""202606220230"",""VTEC_YR"":""2026"",""WFO"":""LMK"",""WINDTAG"":null},""iem_significance"":""W"",""iem_tornadotag"":""RADAR INDICATED"",""iem_ugc"":"""",""iem_wfo"":""LMK"",""iem_windtag"":"""",""senderName"":""LMK"",""status"":""NEW""}","{""geometry"":{""coordinates"":[[[-86.05,38.22],[-86.07,38.02],[-86.45,38.05],[-86.43,38.06],[-86.43,38.08],[-86.44,38.09],[-86.45,38.09],[-86.47,38.11],[-86.46,38.12],[-86.46,38.21],[-86.48,38.21],[-86.05,38.22]]],""type"":""Polygon""},""properties"":{""_map_py"":{""effective"":""2026-06-22T02:30:00Z"",""event"":""Tornado Warning"",""expires"":""2026-06-22T03:15:00Z"",""has_polygon"":true,""headline"":"""",""sender"":""LMK""},""effective"":""2026-06-22T02:30:00Z"",""event"":""Tornado Warning"",""expires"":""2026-06-22T03:15:00Z"",""headline"":"""",""iem_damagetag"":"""",""iem_emergency"":""False"",""iem_event_id"":""30"",""iem_forecaster"":""SRW"",""iem_gtype"":""P"",""iem_hailtag"":""0.75"",""iem_phenomena"":""TO"",""iem_raw_properties"":{""AREA_KM2"":""691.2008843752888"",""DAMAGTAG"":null,""EMERGENC"":""False"",""ETN"":""30"",""EXPIRED"":""202606220315"",""FCSTER"":""SRW"",""GTYPE"":""P"",""HAILTAG"":""0.75"",""HV_CAUSE"":null,""HV_NWSLI"":null,""HV_REC"":null,""HV_SEV"":null,""INIT_EXP"":""202606220315"",""INIT_ISS"":""202606220230"",""ISSUED"":""202606220230"",""NWS_UGC"":null,""PHENOM"":""TO"",""POLY_BEG"":""202606220230"",""POLY_END"":""202606220253"",""PROD_ID"":""202606220230-KLMK-WFUS53-TORLMK"",""SIG"":""W"",""STATUS"":""NEW"",""TORNTAG"":""RADAR INDICATED"",""UPDATED"":""202606220230"",""VTEC_YR"":""2026"",""WFO"":""LMK"",""WINDTAG"":null},""iem_significance"":""W"",""iem_tornadotag"":""RADAR INDICATED"",""iem_ugc"":"""",""iem_wfo"":""LMK"",""iem_windtag"":"""",""senderName"":""LMK"",""status"":""NEW""},""type"":""Feature""}",2026-04-27T17:31:58Z,2026-07-09T05:15:02Z,2026-07-09T18:49:04Z
1161,iem_watchwarn,iem_watchwarn|OUN|604|SV|W|2026-06-22T02:36:00Z|2026-06-22T03:00:00Z|,Severe Thunderstorm Warning,,2026-06-22T02:36:00Z,2026-06-22T03:00:00Z,OUN,NEW,1,"{""coordinates"":[[[-99.37,36.32],[-99.2,36.16],[-99.5,36.17],[-99.56,36.26],[-99.37,36.32]]],""type"":""Polygon""}","{""_map_py"":{""effective"":""2026-06-22T02:36:00Z"",""event"":""Severe Thunderstorm Warning"",""expires"":""2026-06-22T03:00:00Z"",""has_polygon"":true,""headline"":"""",""sender"":""OUN""},""effective"":""2026-06-22T02:36:00Z"",""event"":""Severe Thunderstorm Warning"",""expires"":""2026-06-22T03:00:00Z"",""headline"":"""",""iem_damagetag"":"""",""iem_emergency"":""False"",""iem_event_id"":""604"",""iem_forecaster"":""Mahale"",""iem_gtype"":""P"",""iem_hailtag"":""1.0"",""iem_phenomena"":""SV"",""iem_raw_properties"":{""AREA_KM2"":""334.1067063585888"",""DAMAGTAG"":null,""EMERGENC"":""False"",""ETN"":""604"",""EXPIRED"":""202606220300"",""FCSTER"":""Mahale"",""GTYPE"":""P"",""HAILTAG"":""1.0"",""HV_CAUSE"":null,""HV_NWSLI"":null,""HV_REC"":null,""HV_SEV"":null,""INIT_EXP"":""202606220315"",""INIT_ISS"":""202606220236"",""ISSUED"":""202606220236"",""NWS_UGC"":null,""PHENOM"":""SV"",""POLY_BEG"":""202606220236"",""POLY_END"":""202606220300"",""PROD_ID"":""202606220236-KOUN-WUUS54-SVROUN"",""SIG"":""W"",""STATUS"":""NEW"",""TORNTAG"":null,""UPDATED"":""202606220236"",""VTEC_YR"":""2026"",""WFO"":""OUN"",""WINDTAG"":""60.0""},""iem_significance"":""W"",""iem_tornadotag"":"""",""iem_ugc"":"""",""iem_wfo"":""OUN"",""iem_windtag"":""60.0"",""senderName"":""OUN"",""status"":""NEW""}","{""geometry"":{""coordinates"":[[[-99.37,36.32],[-99.2,36.16],[-99.5,36.17],[-99.56,36.26],[-99.37,36.32]]],""type"":""Polygon""},""properties"":{""_map_py"":{""effective"":""2026-06-22T02:36:00Z"",""event"":""Severe Thunderstorm Warning"",""expires"":""2026-06-22T03:00:00Z"",""has_polygon"":true,""headline"":"""",""sender"":""OUN""},""effective"":""2026-06-22T02:36:00Z"",""event"":""Severe Thunderstorm Warning"",""expires"":""2026-06-22T03:00:00Z"",""headline"":"""",""iem_damagetag"":"""",""iem_emergency"":""False"",""iem_event_id"":""604"",""iem_forecaster"":""Mahale"",""iem_gtype"":""P"",""iem_hailtag"":""1.0"",""iem_phenomena"":""SV"",""iem_raw_properties"":{""AREA_KM2"":""334.1067063585888"",""DAMAGTAG"":null,""EMERGENC"":""False"",""ETN"":""604"",""EXPIRED"":""202606220300"",""FCSTER"":""Mahale"",""GTYPE"":""P"",""HAILTAG"":""1.0"",""HV_CAUSE"":null,""HV_NWSLI"":null,""HV_REC"":null,""HV_SEV"":null,""INIT_EXP"":""202606220315"",""INIT_ISS"":""202606220236"",""ISSUED"":""202606220236"",""NWS_UGC"":null,""PHENOM"":""SV"",""POLY_BEG"":""202606220236"",""POLY_END"":""202606220300"",""PROD_ID"":""202606220236-KOUN-WUUS54-SVROUN"",""SIG"":""W"",""STATUS"":""NEW"",""TORNTAG"":null,""UPDATED"":""202606220236"",""VTEC_YR"":""2026"",""WFO"":""OUN"",""WINDTAG"":""60.0""},""iem_significance"":""W"",""iem_tornadotag"":"""",""iem_ugc"":"""",""iem_wfo"":""OUN"",""iem_windtag"":""60.0"",""senderName"":""OUN"",""status"":""NEW""},""type"":""Feature""}",2026-04-27T17:31:58Z,2026-07-09T05:15:02Z,2026-07-09T18:49:04Z
7351,iem_watchwarn,iem_watchwarn|PAH|62|TO|W|2026-06-22T02:39:00Z|2026-06-22T03:30:00Z|,Tornado Warning,,2026-06-22T02:39:00Z,2026-06-22T03:30:00Z,PAH,NEW,1,"{""coordinates"":[[[-87.31,38.06],[-87.7,38.12],[-87.69,38.13],[-87.69,38.2],[-87.7,38.2],[-87.7,38.23],[-87.26,38.23],[-87.31,38.06]]],""type"":""Polygon""}","{""_map_py"":{""effective"":""2026-06-22T02:39:00Z"",""event"":""Tornado Warning"",""expires"":""2026-06-22T03:30:00Z"",""has_polygon"":true,""headline"":"""",""sender"":""PAH""},""effective"":""2026-06-22T02:39:00Z"",""event"":""Tornado Warning"",""expires"":""2026-06-22T03:30:00Z"",""headline"":"""",""iem_damagetag"":"""",""iem_emergency"":""False"",""iem_event_id"":""62"",""iem_forecaster"":""SP"",""iem_gtype"":""P"",""iem_hailtag"":""0.75"",""iem_phenomena"":""TO"",""iem_raw_properties"":{""AREA_KM2"":""564.9660130691765"",""DAMAGTAG"":null,""EMERGENC"":""False"",""ETN"":""62"",""EXPIRED"":""202606220330"",""FCSTER"":""SP"",""GTYPE"":""P"",""HAILTAG"":""0.75"",""HV_CAUSE"":null,""HV_NWSLI"":null,""HV_REC"":null,""HV_SEV"":null,""INIT_EXP"":""202606220330"",""INIT_ISS"":""202606220239"",""ISSUED"":""202606220239"",""NWS_UGC"":null,""PHENOM"":""TO"",""POLY_BEG"":""202606220239"",""POLY_END"":""202606220305"",""PROD_ID"":""202606220239-KPAH-WFUS53-TORPAH"",""SIG"":""W"",""STATUS"":""NEW"",""TORNTAG"":""RADAR INDICATED"",""UPDATED"":""202606220239"",""VTEC_YR"":""2026"",""WFO"":""PAH"",""WINDTAG"":null},""iem_significance"":""W"",""iem_tornadotag"":""RADAR INDICATED"",""iem_ugc"":"""",""iem_wfo"":""PAH"",""iem_windtag"":"""",""senderName"":""PAH"",""status"":""NEW""}","{""geometry"":{""coordinates"":[[[-87.31,38.06],[-87.7,38.12],[-87.69,38.13],[-87.69,38.2],[-87.7,38.2],[-87.7,38.23],[-87.26,38.23],[-87.31,38.06]]],""type"":""Polygon""},""properties"":{""_map_py"":{""effective"":""2026-06-22T02:39:00Z"",""event"":""Tornado Warning"",""expires"":""2026-06-22T03:30:00Z"",""has_polygon"":true,""headline"":"""",""sender"":""PAH""},""effective"":""2026-06-22T02:39:00Z"",""event"":""Tornado Warning"",""expires"":""2026-06-22T03:30:00Z"",""headline"":"""",""iem_damagetag"":"""",""iem_emergency"":""False"",""iem_event_id"":""62"",""iem_forecaster"":""SP"",""iem_gtype"":""P"",""iem_hailtag"":""0.75"",""iem_phenomena"":""TO"",""iem_raw_properties"":{""AREA_KM2"":""564.9660130691765"",""DAMAGTAG"":null,""EMERGENC"":""False"",""ETN"":""62"",""EXPIRED"":""202606220330"",""FCSTER"":""SP"",""GTYPE"":""P"",""HAILTAG"":""0.75"",""HV_CAUSE"":null,""HV_NWSLI"":null,""HV_REC"":null,""HV_SEV"":null,""INIT_EXP"":""202606220330"",""INIT_ISS"":""202606220239"",""ISSUED"":""202606220239"",""NWS_UGC"":null,""PHENOM"":""TO"",""POLY_BEG"":""202606220239"",""POLY_END"":""202606220305"",""PROD_ID"":""202606220239-KPAH-WFUS53-TORPAH"",""SIG"":""W"",""STATUS"":""NEW"",""TORNTAG"":""RADAR INDICATED"",""UPDATED"":""202606220239"",""VTEC_YR"":""2026"",""WFO"":""PAH"",""WINDTAG"":null},""iem_significance"":""W"",""iem_tornadotag"":""RADAR INDICATED"",""iem_ugc"":"""",""iem_wfo"":""PAH"",""iem_windtag"":"""",""senderName"":""PAH"",""status"":""NEW""},""type"":""Feature""}",2026-04-27T17:31:58Z,2026-07-09T05:15:02Z,2026-07-09T18:49:04Z
8553,iem_watchwarn,iem_watchwarn|PAH|63|TO|W|2026-06-22T02:41:00Z|2026-06-22T03:30:00Z|,Tornado Warning,,2026-06-22T02:41:00Z,2026-06-22T03:30:00Z,PAH,NEW,1,"{""coordinates"":[[[-87.53,38.15],[-87.56,38.02],[-87.95,38.08],[-87.94,38.13],[-87.92,38.15],[-87.94,38.16],[-87.93,38.17],[-87.92,38.16],[-87.91,38.17],[-87.53,38.15]]],""type"":""Polygon""}","{""_map_py"":{""effective"":""2026-06-22T02:41:00Z"",""event"":""Tornado Warning"",""expires"":""2026-06-22T03:30:00Z"",""has_polygon"":true,""headline"":"""",""sender"":""PAH""},""effective"":""2026-06-22T02:41:00Z"",""event"":""Tornado Warning"",""expires"":""2026-06-22T03:30:00Z"",""headline"":"""",""iem_damagetag"":"""",""iem_emergency"":""False"",""iem_event_id"":""63"",""iem_forecaster"":""SP"",""iem_gtype"":""P"",""iem_hailtag"":""0.75"",""iem_phenomena"":""TO"",""iem_raw_properties"":{""AREA_KM2"":""432.3920669408064"",""DAMAGTAG"":null,""EMERGENC"":""False"",""ETN"":""63"",""EXPIRED"":""202606220330"",""FCSTER"":""SP"",""GTYPE"":""P"",""HAILTAG"":""0.75"",""HV_CAUSE"":null,""HV_NWSLI"":null,""HV_REC"":null,""HV_SEV"":null,""INIT_EXP"":""202606220330"",""INIT_ISS"":""202606220241"",""ISSUED"":""202606220241"",""NWS_UGC"":null,""PHENOM"":""TO"",""POLY_BEG"":""202606220241"",""POLY_END"":""202606220253"",""PROD_ID"":""202606220241-KPAH-WFUS53-TORPAH"",""SIG"":""W"",""STATUS"":""NEW"",""TORNTAG"":""RADAR INDICATED"",""UPDATED"":""202606220241"",""VTEC_YR"":""2026"",""WFO"":""PAH"",""WINDTAG"":null},""iem_significance"":""W"",""iem_tornadotag"":""RADAR INDICATED"",""iem_ugc"":"""",""iem_wfo"":""PAH"",""iem_windtag"":"""",""senderName"":""PAH"",""status"":""NEW""}","{""geometry"":{""coordinates"":[[[-87.53,38.15],[-87.56,38.02],[-87.95,38.08],[-87.94,38.13],[-87.92,38.15],[-87.94,38.16],[-87.93,38.17],[-87.92,38.16],[-87.91,38.17],[-87.53,38.15]]],""type"":""Polygon""},""properties"":{""_map_py"":{""effective"":""2026-06-22T02:41:00Z"",""event"":""Tornado Warning"",""expires"":""2026-06-22T03:30:00Z"",""has_polygon"":true,""headline"":"""",""sender"":""PAH""},""effective"":""2026-06-22T02:41:00Z"",""event"":""Tornado Warning"",""expires"":""2026-06-22T03:30:00Z"",""headline"":"""",""iem_damagetag"":"""",""iem_emergency"":""False"",""iem_event_id"":""63"",""iem_forecaster"":""SP"",""iem_gtype"":""P"",""iem_hailtag"":""0.75"",""iem_phenomena"":""TO"",""iem_raw_properties"":{""AREA_KM2"":""432.3920669408064"",""DAMAGTAG"":null,""EMERGENC"":""False"",""ETN"":""63"",""EXPIRED"":""202606220330"",""FCSTER"":""SP"",""GTYPE"":""P"",""HAILTAG"":""0.75"",""HV_CAUSE"":null,""HV_NWSLI"":null,""HV_REC"":null,""HV_SEV"":null,""INIT_EXP"":""202606220330"",""INIT_ISS"":""202606220241"",""ISSUED"":""202606220241"",""NWS_UGC"":null,""PHENOM"":""TO"",""POLY_BEG"":""202606220241"",""POLY_END"":""202606220253"",""PROD_ID"":""202606220241-KPAH-WFUS53-TORPAH"",""SIG"":""W"",""STATUS"":""NEW"",""TORNTAG"":""RADAR INDICATED"",""UPDATED"":""202606220241"",""VTEC_YR"":""2026"",""WFO"":""PAH"",""WINDTAG"":null},""iem_significance"":""W"",""iem_tornadotag"":""RADAR INDICATED"",""iem_ugc"":"""",""iem_wfo"":""PAH"",""iem_windtag"":"""",""senderName"":""PAH"",""status"":""NEW""},""type"":""Feature""}",2026-04-27T17:31:58Z,2026-07-09T05:15:02Z,2026-07-09T18:49:04Z
3760,iem_watchwarn,iem_watchwarn|BOU|113|SV|W|2026-06-22T02:43:00Z|2026-06-22T03:15:00Z|,Severe Thunderstorm Warning,,2026-06-22T02:43:00Z,2026-06-22T03:15:00Z,BOU,NEW,1,"{""coordinates"":[[[-103.48,40.0],[-103.47,40.01],[-103.47,40.25],[-103.14,40.25],[-103.14,40.0],[-103.48,40.0]]],""type"":""Polygon""}","{""_map_py"":{""effective"":""2026-06-22T02:43:00Z"",""event"":""Severe Thunderstorm Warning"",""expires"":""2026-06-22T03:15:00Z"",""has_polygon"":true,""headline"":"""",""sender"":""BOU""},""effective"":""2026-06-22T02:43:00Z"",""event"":""Severe Thunderstorm Warning"",""expires"":""2026-06-22T03:15:00Z"",""headline"":"""",""iem_damagetag"":"""",""iem_emergency"":""False"",""iem_event_id"":""113"",""iem_forecaster"":""63"",""iem_gtype"":""P"",""iem_hailtag"":""1.5"",""iem_phenomena"":""SV"",""iem_raw_properties"":{""AREA_KM2"":""780.4067608869589"",""DAMAGTAG"":null,""EMERGENC"":""False"",""ETN"":""113"",""EXPIRED"":""202606220315"",""FCSTER"":""63"",""GTYPE"":""P"",""HAILTAG"":""1.5"",""HV_CAUSE"":null,""HV_NWSLI"":null,""HV_REC"":null,""HV_SEV"":null,""INIT_EXP"":""202606220315"",""INIT_ISS"":""202606220243"",""ISSUED"":""202606220243"",""NWS_UGC"":null,""PHENOM"":""SV"",""POLY_BEG"":""202606220243"",""POLY_END"":""202606220254"",""PROD_ID"":""202606220243-KBOU-WUUS55-SVRBOU"",""SIG"":""W"",""STATUS"":""NEW"",""TORNTAG"":null,""UPDATED"":""202606220243"",""VTEC_YR"":""2026"",""WFO"":""BOU"",""WINDTAG"":""60.0""},""iem_significance"":""W"",""iem_tornadotag"":"""",""iem_ugc"":"""",""iem_wfo"":""BOU"",""iem_windtag"":""60.0"",""senderName"":""BOU"",""status"":""NEW""}","{""geometry"":{""coordinates"":[[[-103.48,40.0],[-103.47,40.01],[-103.47,40.25],[-103.14,40.25],[-103.14,40.0],[-103.48,40.0]]],""type"":""Polygon""},""properties"":{""_map_py"":{""effective"":""2026-06-22T02:43:00Z"",""event"":""Severe Thunderstorm Warning"",""expires"":""2026-06-22T03:15:00Z"",""has_polygon"":true,""headline"":"""",""sender"":""BOU""},""effective"":""2026-06-22T02:43:00Z"",""event"":""Severe Thunderstorm Warning"",""expires"":""2026-06-22T03:15:00Z"",""headline"":"""",""iem_damagetag"":"""",""iem_emergency"":""False"",""iem_event_id"":""113"",""iem_forecaster"":""63"",""iem_gtype"":""P"",""iem_hailtag"":""1.5"",""iem_phenomena"":""SV"",""iem_raw_properties"":{""AREA_KM2"":""780.4067608869589"",""DAMAGTAG"":null,""EMERGENC"":""False"",""ETN"":""113"",""EXPIRED"":""202606220315"",""FCSTER"":""63"",""GTYPE"":""P"",""HAILTAG"":""1.5"",""HV_CAUSE"":null,""HV_NWSLI"":null,""HV_REC"":null,""HV_SEV"":null,""INIT_EXP"":""202606220315"",""INIT_ISS"":""202606220243"",""ISSUED"":""202606220243"",""NWS_UGC"":null,""PHENOM"":""SV"",""POLY_BEG"":""202606220243"",""POLY_END"":""202606220254"",""PROD_ID"":""202606220243-KBOU-WUUS55-SVRBOU"",""SIG"":""W"",""STATUS"":""NEW"",""TORNTAG"":null,""UPDATED"":""202606220243"",""VTEC_YR"":""2026"",""WFO"":""BOU"",""WINDTAG"":""60.0""},""iem_significance"":""W"",""iem_tornadotag"":"""",""iem_ugc"":"""",""iem_wfo"":""BOU"",""iem_windtag"":""60.0"",""senderName"":""BOU"",""status"":""NEW""},""type"":""Feature""}",2026-04-27T17:31:58Z,2026-07-09T05:15:02Z,2026-07-09T18:49:04Z
526,iem_watchwarn,iem_watchwarn|BOU|114|SV|W|2026-06-22T02:44:00Z|2026-06-22T03:13:00Z|,Severe Thunderstorm Warning,,2026-06-22T02:44:00Z,2026-06-22T03:13:00Z,BOU,NEW,1,"{""coordinates"":[[[-102.48,40.44],[-102.49,40.6],[-102.05,40.61],[-102.05,40.44],[-102.48,40.44]]],""type"":""Polygon""}","{""_map_py"":{""effective"":""2026-06-22T02:44:00Z"",""event"":""Severe Thunderstorm Warning"",""expires"":""2026-06-22T03:13:00Z"",""has_polygon"":true,""headline"":"""",""sender"":""BOU""},""effective"":""2026-06-22T02:44:00Z"",""event"":""Severe Thunderstorm Warning"",""expires"":""2026-06-22T03:13:00Z"",""headline"":"""",""iem_damagetag"":"""",""iem_emergency"":""False"",""iem_event_id"":""114"",""iem_forecaster"":""63"",""iem_gtype"":""P"",""iem_hailtag"":""1.25"",""iem_phenomena"":""SV"",""iem_raw_properties"":{""AREA_KM2"":""674.8443333793297"",""DAMAGTAG"":null,""EMERGENC"":""False"",""ETN"":""114"",""EXPIRED"":""202606220313"",""FCSTER"":""63"",""GTYPE"":""P"",""HAILTAG"":""1.25"",""HV_CAUSE"":null,""HV_NWSLI"":null,""HV_REC"":null,""HV_SEV"":null,""INIT_EXP"":""202606220330"",""INIT_ISS"":""202606220244"",""ISSUED"":""202606220244"",""NWS_UGC"":null,""PHENOM"":""SV"",""POLY_BEG"":""202606220244"",""POLY_END"":""202606220256"",""PROD_ID"":""202606220244-KBOU-WUUS55-SVRBOU"",""SIG"":""W"",""STATUS"":""NEW"",""TORNTAG"":null,""UPDATED"":""202606220244"",""VTEC_YR"":""2026"",""WFO"":""BOU"",""WINDTAG"":""60.0""},""iem_significance"":""W"",""iem_tornadotag"":"""",""iem_ugc"":"""",""iem_wfo"":""BOU"",""iem_windtag"":""60.0"",""senderName"":""BOU"",""status"":""NEW""}","{""geometry"":{""coordinates"":[[[-102.48,40.44],[-102.49,40.6],[-102.05,40.61],[-102.05,40.44],[-102.48,40.44]]],""type"":""Polygon""},""properties"":{""_map_py"":{""effective"":""2026-06-22T02:44:00Z"",""event"":""Severe Thunderstorm Warning"",""expires"":""2026-06-22T03:13:00Z"",""has_polygon"":true,""headline"":"""",""sender"":""BOU""},""effective"":""2026-06-22T02:44:00Z"",""event"":""Severe Thunderstorm Warning"",""expires"":""2026-06-22T03:13:00Z"",""headline"":"""",""iem_damagetag"":"""",""iem_emergency"":""False"",""iem_event_id"":""114"",""iem_forecaster"":""63"",""iem_gtype"":""P"",""iem_hailtag"":""1.25"",""iem_phenomena"":""SV"",""iem_raw_properties"":{""AREA_KM2"":""674.8443333793297"",""DAMAGTAG"":null,""EMERGENC"":""False"",""ETN"":""114"",""EXPIRED"":""202606220313"",""FCSTER"":""63"",""GTYPE"":""P"",""HAILTAG"":""1.25"",""HV_CAUSE"":null,""HV_NWSLI"":null,""HV_REC"":null,""HV_SEV"":null,""INIT_EXP"":""202606220330"",""INIT_ISS"":""202606220244"",""ISSUED"":""202606220244"",""NWS_UGC"":null,""PHENOM"":""SV"",""POLY_BEG"":""202606220244"",""POLY_END"":""202606220256"",""PROD_ID"":""202606220244-KBOU-WUUS55-SVRBOU"",""SIG"":""W"",""STATUS"":""NEW"",""TORNTAG"":null,""UPDATED"":""202606220244"",""VTEC_YR"":""2026"",""WFO"":""BOU"",""WINDTAG"":""60.0""},""iem_significance"":""W"",""iem_tornadotag"":"""",""iem_ugc"":"""",""iem_wfo"":""BOU"",""iem_windtag"":""60.0"",""senderName"":""BOU"",""status"":""NEW""},""type"":""Feature""}",2026-04-27T17:31:58Z,2026-07-09T05:15:02Z,2026-07-09T18:49:04Z
10246,iem_watchwarn,iem_watchwarn|PAH|64|TO|W|2026-06-22T02:50:00Z|2026-06-22T03:14:00Z|,Tornado Warning,,2026-06-22T02:50:00Z,2026-06-22T03:14:00Z,PAH,NEW,1,"{""coordinates"":[[[-86.78,38.0],[-86.8,38.01],[-86.81,38.0],[-86.86,37.99],[-86.92,37.94],[-86.97,37.93],[-87.02,37.91],[-87.1,37.92],[-87.09,38.04],[-86.78,38.05],[-86.79,38.04],[-86.77,38.03],[-86.78,38.03],[-86.77,38.0],[-86.78,38.0]]],""type"":""Polygon""}","{""_map_py"":{""effective"":""2026-06-22T02:50:00Z"",""event"":""Tornado Warning"",""expires"":""2026-06-22T03:14:00Z"",""has_polygon"":true,""headline"":"""",""sender"":""PAH""},""effective"":""2026-06-22T02:50:00Z"",""event"":""Tornado Warning"",""expires"":""2026-06-22T03:14:00Z"",""headline"":"""",""iem_damagetag"":"""",""iem_emergency"":""False"",""iem_event_id"":""64"",""iem_forecaster"":""DW"",""iem_gtype"":""P"",""iem_hailtag"":""1.0"",""iem_phenomena"":""TO"",""iem_raw_properties"":{""AREA_KM2"":""293.52943643361397"",""DAMAGTAG"":null,""EMERGENC"":""False"",""ETN"":""64"",""EXPIRED"":""202606220314"",""FCSTER"":""DW"",""GTYPE"":""P"",""HAILTAG"":""1.0"",""HV_CAUSE"":null,""HV_NWSLI"":null,""HV_REC"":null,""HV_SEV"":null,""INIT_EXP"":""202606220330"",""INIT_ISS"":""202606220250"",""ISSUED"":""202606220250"",""NWS_UGC"":null,""PHENOM"":""TO"",""POLY_BEG"":""202606220250"",""POLY_END"":""202606220303"",""PROD_ID"":""202606220250-KPAH-WFUS53-TORPAH"",""SIG"":""W"",""STATUS"":""NEW"",""TORNTAG"":""RADAR INDICATED"",""UPDATED"":""202606220250"",""VTEC_YR"":""2026"",""WFO"":""PAH"",""WINDTAG"":null},""iem_significance"":""W"",""iem_tornadotag"":""RADAR INDICATED"",""iem_ugc"":"""",""iem_wfo"":""PAH"",""iem_windtag"":"""",""senderName"":""PAH"",""status"":""NEW""}","{""geometry"":{""coordinates"":[[[-86.78,38.0],[-86.8,38.01],[-86.81,38.0],[-86.86,37.99],[-86.92,37.94],[-86.97,37.93],[-87.02,37.91],[-87.1,37.92],[-87.09,38.04],[-86.78,38.05],[-86.79,38.04],[-86.77,38.03],[-86.78,38.03],[-86.77,38.0],[-86.78,38.0]]],""type"":""Polygon""},""properties"":{""_map_py"":{""effective"":""2026-06-22T02:50:00Z"",""event"":""Tornado Warning"",""expires"":""2026-06-22T03:14:00Z"",""has_polygon"":true,""headline"":"""",""sender"":""PAH""},""effective"":""2026-06-22T02:50:00Z"",""event"":""Tornado Warning"",""expires"":""2026-06-22T03:14:00Z"",""headline"":"""",""iem_damagetag"":"""",""iem_emergency"":""False"",""iem_event_id"":""64"",""iem_forecaster"":""DW"",""iem_gtype"":""P"",""iem_hailtag"":""1.0"",""iem_phenomena"":""TO"",""iem_raw_properties"":{""AREA_KM2"":""293.52943643361397"",""DAMAGTAG"":null,""EMERGENC"":""False"",""ETN"":""64"",""EXPIRED"":""202606220314"",""FCSTER"":""DW"",""GTYPE"":""P"",""HAILTAG"":""1.0"",""HV_CAUSE"":null,""HV_NWSLI"":null,""HV_REC"":null,""HV_SEV"":null,""INIT_EXP"":""202606220330"",""INIT_ISS"":""202606220250"",""ISSUED"":""202606220250"",""NWS_UGC"":null,""PHENOM"":""TO"",""POLY_BEG"":""202606220250"",""POLY_END"":""202606220303"",""PROD_ID"":""202606220250-KPAH-WFUS53-TORPAH"",""SIG"":""W"",""STATUS"":""NEW"",""TORNTAG"":""RADAR INDICATED"",""UPDATED"":""202606220250"",""VTEC_YR"":""2026"",""WFO"":""PAH"",""WINDTAG"":null},""iem_significance"":""W"",""iem_tornadotag"":""RADAR INDICATED"",""iem_ugc"":"""",""iem_wfo"":""PAH"",""iem_windtag"":"""",""senderName"":""PAH"",""status"":""NEW""},""type"":""Feature""}",2026-04-27T17:31:58Z,2026-07-09T05:15:02Z,2026-07-09T18:49:04Z
5353,iem_watchwarn,iem_watchwarn|AMA|139|SV|W|2026-06-22T02:53:00Z|2026-06-22T04:00:00Z|,Severe Thunderstorm Warning,,2026-06-22T02:53:00Z,2026-06-22T04:00:00Z,AMA,NEW,1,"{""coordinates"":[[[-100.0,36.88],[-100.0,36.5],[-101.02,36.49],[-101.23,36.84],[-101.29,37.0],[-100.06,37.0],[-100.0,36.88]]],""type"":""Polygon""}","{""_map_py"":{""effective"":""2026-06-22T02:53:00Z"",""event"":""Severe Thunderstorm Warning"",""expires"":""2026-06-22T04:00:00Z"",""has_polygon"":true,""headline"":"""",""sender"":""AMA""},""effective"":""2026-06-22T02:53:00Z"",""event"":""Severe Thunderstorm Warning"",""expires"":""2026-06-22T04:00:00Z"",""headline"":"""",""iem_damagetag"":""CONSIDERABLE"",""iem_emergency"":""False"",""iem_event_id"":""139"",""iem_forecaster"":""COR"",""iem_gtype"":""P"",""iem_hailtag"":""1.5"",""iem_phenomena"":""SV"",""iem_raw_properties"":{""AREA_KM2"":""5816.85397350967"",""DAMAGTAG"":""CONSIDERABLE"",""EMERGENC"":""False"",""ETN"":""139"",""EXPIRED"":""202606220400"",""FCSTER"":""COR"",""GTYPE"":""P"",""HAILTAG"":""1.5"",""HV_CAUSE"":null,""HV_NWSLI"":null,""HV_REC"":null,""HV_SEV"":null,""INIT_EXP"":""202606220400"",""INIT_ISS"":""202606220253"",""ISSUED"":""202606220253"",""NWS_UGC"":null,""PHENOM"":""SV"",""POLY_BEG"":""202606220253"",""POLY_END"":""202606220335"",""PROD_ID"":""202606220253-KAMA-WUUS54-SVRAMA"",""SIG"":""W"",""STATUS"":""NEW"",""TORNTAG"":null,""UPDATED"":""202606220253"",""VTEC_YR"":""2026"",""WFO"":""AMA"",""WINDTAG"":""70.0""},""iem_significance"":""W"",""iem_tornadotag"":"""",""iem_ugc"":"""",""iem_wfo"":""AMA"",""iem_windtag"":""70.0"",""senderName"":""AMA"",""status"":""NEW""}","{""geometry"":{""coordinates"":[[[-100.0,36.88],[-100.0,36.5],[-101.02,36.49],[-101.23,36.84],[-101.29,37.0],[-100.06,37.0],[-100.0,36.88]]],""type"":""Polygon""},""properties"":{""_map_py"":{""effective"":""2026-06-22T02:53:00Z"",""event"":""Severe Thunderstorm Warning"",""expires"":""2026-06-22T04:00:00Z"",""has_polygon"":true,""headline"":"""",""sender"":""AMA""},""effective"":""2026-06-22T02:53:00Z"",""event"":""Severe Thunderstorm Warning"",""expires"":""2026-06-22T04:00:00Z"",""headline"":"""",""iem_damagetag"":""CONSIDERABLE"",""iem_emergency"":""False"",""iem_event_id"":""139"",""iem_forecaster"":""COR"",""iem_gtype"":""P"",""iem_hailtag"":""1.5"",""iem_phenomena"":""SV"",""iem_raw_properties"":{""AREA_KM2"":""5816.85397350967"",""DAMAGTAG"":""CONSIDERABLE"",""EMERGENC"":""False"",""ETN"":""139"",""EXPIRED"":""202606220400"",""FCSTER"":""COR"",""GTYPE"":""P"",""HAILTAG"":""1.5"",""HV_CAUSE"":null,""HV_NWSLI"":null,""HV_REC"":null,""HV_SEV"":null,""INIT_EXP"":""202606220400"",""INIT_ISS"":""202606220253"",""ISSUED"":""202606220253"",""NWS_UGC"":null,""PHENOM"":""SV"",""POLY_BEG"":""202606220253"",""POLY_END"":""202606220335"",""PROD_ID"":""202606220253-KAMA-WUUS54-SVRAMA"",""SIG"":""W"",""STATUS"":""NEW"",""TORNTAG"":null,""UPDATED"":""202606220253"",""VTEC_YR"":""2026"",""WFO"":""AMA"",""WINDTAG"":""70.0""},""iem_significance"":""W"",""iem_tornadotag"":"""",""iem_ugc"":"""",""iem_wfo"":""AMA"",""iem_windtag"":""70.0"",""senderName"":""AMA"",""status"":""NEW""},""type"":""Feature""}",2026-04-27T17:31:58Z,2026-07-09T05:15:02Z,2026-07-09T18:49:04Z
818,iem_watchwarn,iem_watchwarn|GLD|164|SV|W|2026-06-22T02:55:00Z|2026-06-22T03:30:00Z|,Severe Thunderstorm Warning,,2026-06-22T02:55:00Z,2026-06-22T03:30:00Z,GLD,NEW,1,"{""coordinates"":[[[-102.05,40.44],[-102.05,40.29],[-102.48,40.36],[-102.48,40.44],[-102.05,40.44]]],""type"":""Polygon""}","{""_map_py"":{""effective"":""2026-06-22T02:55:00Z"",""event"":""Severe Thunderstorm Warning"",""expires"":""2026-06-22T03:30:00Z"",""has_polygon"":true,""headline"":"""",""sender"":""GLD""},""effective"":""2026-06-22T02:55:00Z"",""event"":""Severe Thunderstorm Warning"",""expires"":""2026-06-22T03:30:00Z"",""headline"":"""",""iem_damagetag"":"""",""iem_emergency"":""False"",""iem_event_id"":""164"",""iem_forecaster"":""Vincent"",""iem_gtype"":""P"",""iem_hailtag"":""1.25"",""iem_phenomena"":""SV"",""iem_raw_properties"":{""AREA_KM2"":""465.68493917750277"",""DAMAGTAG"":null,""EMERGENC"":""False"",""ETN"":""164"",""EXPIRED"":""202606220330"",""FCSTER"":""Vincent"",""GTYPE"":""P"",""HAILTAG"":""1.25"",""HV_CAUSE"":null,""HV_NWSLI"":null,""HV_REC"":null,""HV_SEV"":null,""INIT_EXP"":""202606220330"",""INIT_ISS"":""202606220255"",""ISSUED"":""202606220255"",""NWS_UGC"":null,""PHENOM"":""SV"",""POLY_BEG"":""202606220255"",""POLY_END"":""202606220309"",""PROD_ID"":""202606220255-KGLD-WUUS53-SVRGLD"",""SIG"":""W"",""STATUS"":""NEW"",""TORNTAG"":null,""UPDATED"":""202606220255"",""VTEC_YR"":""2026"",""WFO"":""GLD"",""WINDTAG"":""60.0""},""iem_significance"":""W"",""iem_tornadotag"":"""",""iem_ugc"":"""",""iem_wfo"":""GLD"",""iem_windtag"":""60.0"",""senderName"":""GLD"",""status"":""NEW""}","{""geometry"":{""coordinates"":[[[-102.05,40.44],[-102.05,40.29],[-102.48,40.36],[-102.48,40.44],[-102.05,40.44]]],""type"":""Polygon""},""properties"":{""_map_py"":{""effective"":""2026-06-22T02:55:00Z"",""event"":""Severe Thunderstorm Warning"",""expires"":""2026-06-22T03:30:00Z"",""has_polygon"":true,""headline"":"""",""sender"":""GLD""},""effective"":""2026-06-22T02:55:00Z"",""event"":""Severe Thunderstorm Warning"",""expires"":""2026-06-22T03:30:00Z"",""headline"":"""",""iem_damagetag"":"""",""iem_emergency"":""False"",""iem_event_id"":""164"",""iem_forecaster"":""Vincent"",""iem_gtype"":""P"",""iem_hailtag"":""1.25"",""iem_phenomena"":""SV"",""iem_raw_properties"":{""AREA_KM2"":""465.68493917750277"",""DAMAGTAG"":null,""EMERGENC"":""False"",""ETN"":""164"",""EXPIRED"":""202606220330"",""FCSTER"":""Vincent"",""GTYPE"":""P"",""HAILTAG"":""1.25"",""HV_CAUSE"":null,""HV_NWSLI"":null,""HV_REC"":null,""HV_SEV"":null,""INIT_EXP"":""202606220330"",""INIT_ISS"":""202606220255"",""ISSUED"":""202606220255"",""NWS_UGC"":null,""PHENOM"":""SV"",""POLY_BEG"":""202606220255"",""POLY_END"":""202606220309"",""PROD_ID"":""202606220255-KGLD-WUUS53-SVRGLD"",""SIG"":""W"",""STATUS"":""NEW"",""TORNTAG"":null,""UPDATED"":""202606220255"",""VTEC_YR"":""2026"",""WFO"":""GLD"",""WINDTAG"":""60.0""},""iem_significance"":""W"",""iem_tornadotag"":"""",""iem_ugc"":"""",""iem_wfo"":""GLD"",""iem_windtag"":""60.0"",""senderName"":""GLD"",""status"":""NEW""},""type"":""Feature""}",2026-04-27T17:31:58Z,2026-07-09T05:15:02Z,2026-07-09T18:49:04Z
10444,iem_watchwarn,iem_watchwarn|LMK|31|TO|W|2026-06-22T02:56:00Z|2026-06-22T03:45:00Z|,Tornado Warning,,2026-06-22T02:56:00Z,2026-06-22T03:45:00Z,LMK,NEW,1,"{""coordinates"":[[[-86.98,37.93],[-86.92,37.94],[-86.86,37.99],[-86.81,38.0],[-86.8,38.02],[-86.78,38.0],[-86.77,38.0],[-86.78,38.03],[-86.77,38.03],[-86.79,38.04],[-86.78,38.05],[-86.65,38.06],[-86.64,37.9],[-86.98,37.91],[-86.97,37.92],[-86.98,37.93]]],""type"":""Polygon""}","{""_map_py"":{""effective"":""2026-06-22T02:56:00Z"",""event"":""Tornado Warning"",""expires"":""2026-06-22T03:45:00Z"",""has_polygon"":true,""headline"":"""",""sender"":""LMK""},""effective"":""2026-06-22T02:56:00Z"",""event"":""Tornado Warning"",""expires"":""2026-06-22T03:45:00Z"",""headline"":"""",""iem_damagetag"":"""",""iem_emergency"":""False"",""iem_event_id"":""31"",""iem_forecaster"":""Webb"",""iem_gtype"":""P"",""iem_hailtag"":""1.0"",""iem_phenomena"":""TO"",""iem_raw_properties"":{""AREA_KM2"":""322.365097344307"",""DAMAGTAG"":null,""EMERGENC"":""False"",""ETN"":""31"",""EXPIRED"":""202606220345"",""FCSTER"":""Webb"",""GTYPE"":""P"",""HAILTAG"":""1.0"",""HV_CAUSE"":null,""HV_NWSLI"":null,""HV_REC"":null,""HV_SEV"":null,""INIT_EXP"":""202606220345"",""INIT_ISS"":""202606220256"",""ISSUED"":""202606220256"",""NWS_UGC"":null,""PHENOM"":""TO"",""POLY_BEG"":""202606220256"",""POLY_END"":""202606220319"",""PROD_ID"":""202606220256-KLMK-WFUS53-TORLMK"",""SIG"":""W"",""STATUS"":""NEW"",""TORNTAG"":""RADAR INDICATED"",""UPDATED"":""202606220256"",""VTEC_YR"":""2026"",""WFO"":""LMK"",""WINDTAG"":null},""iem_significance"":""W"",""iem_tornadotag"":""RADAR INDICATED"",""iem_ugc"":"""",""iem_wfo"":""LMK"",""iem_windtag"":"""",""senderName"":""LMK"",""status"":""NEW""}","{""geometry"":{""coordinates"":[[[-86.98,37.93],[-86.92,37.94],[-86.86,37.99],[-86.81,38.0],[-86.8,38.02],[-86.78,38.0],[-86.77,38.0],[-86.78,38.03],[-86.77,38.03],[-86.79,38.04],[-86.78,38.05],[-86.65,38.06],[-86.64,37.9],[-86.98,37.91],[-86.97,37.92],[-86.98,37.93]]],""type"":""Polygon""},""properties"":{""_map_py"":{""effective"":""2026-06-22T02:56:00Z"",""event"":""Tornado Warning"",""expires"":""2026-06-22T03:45:00Z"",""has_polygon"":true,""headline"":"""",""sender"":""LMK""},""effective"":""2026-06-22T02:56:00Z"",""event"":""Tornado Warning"",""expires"":""2026-06-22T03:45:00Z"",""headline"":"""",""iem_damagetag"":"""",""iem_emergency"":""False"",""iem_event_id"":""31"",""iem_forecaster"":""Webb"",""iem_gtype"":""P"",""iem_hailtag"":""1.0"",""iem_phenomena"":""TO"",""iem_raw_properties"":{""AREA_KM2"":""322.365097344307"",""DAMAGTAG"":null,""EMERGENC"":""False"",""ETN"":""31"",""EXPIRED"":""202606220345"",""FCSTER"":""Webb"",""GTYPE"":""P"",""HAILTAG"":""1.0"",""HV_CAUSE"":null,""HV_NWSLI"":null,""HV_REC"":null,""HV_SEV"":null,""INIT_EXP"":""202606220345"",""INIT_ISS"":""202606220256"",""ISSUED"":""202606220256"",""NWS_UGC"":null,""PHENOM"":""TO"",""POLY_BEG"":""202606220256"",""POLY_END"":""202606220319"",""PROD_ID"":""202606220256-KLMK-WFUS53-TORLMK"",""SIG"":""W"",""STATUS"":""NEW"",""TORNTAG"":""RADAR INDICATED"",""UPDATED"":""202606220256"",""VTEC_YR"":""2026"",""WFO"":""LMK"",""WINDTAG"":null},""iem_significance"":""W"",""iem_tornadotag"":""RADAR INDICATED"",""iem_ugc"":"""",""iem_wfo"":""LMK"",""iem_windtag"":"""",""senderName"":""LMK"",""status"":""NEW""},""type"":""Feature""}",2026-04-27T17:31:58Z,2026-07-09T05:15:02Z,2026-07-09T18:49:04Z
262,iem_watchwarn,iem_watchwarn|DDC|166|SV|W|2026-06-22T03:02:00Z|2026-06-22T03:45:00Z|,Severe Thunderstorm Warning,,2026-06-22T03:02:00Z,2026-06-22T03:45:00Z,DDC,NEW,1,"{""coordinates"":[[[-101.91,37.5],[-101.85,37.73],[-101.25,37.56],[-101.53,37.21],[-101.91,37.5]]],""type"":""Polygon""}","{""_map_py"":{""effective"":""2026-06-22T03:02:00Z"",""event"":""Severe Thunderstorm Warning"",""expires"":""2026-06-22T03:45:00Z"",""has_polygon"":true,""headline"":"""",""sender"":""DDC""},""effective"":""2026-06-22T03:02:00Z"",""event"":""Severe Thunderstorm Warning"",""expires"":""2026-06-22T03:45:00Z"",""headline"":"""",""iem_damagetag"":""CONSIDERABLE"",""iem_emergency"":""False"",""iem_event_id"":""166"",""iem_forecaster"":""UMSCHEID"",""iem_gtype"":""P"",""iem_hailtag"":""1.75"",""iem_phenomena"":""SV"",""iem_raw_properties"":{""AREA_KM2"":""1777.5697089213347"",""DAMAGTAG"":""CONSIDERABLE"",""EMERGENC"":""False"",""ETN"":""166"",""EXPIRED"":""202606220345"",""FCSTER"":""UMSCHEID"",""GTYPE"":""P"",""HAILTAG"":""1.75"",""HV_CAUSE"":null,""HV_NWSLI"":null,""HV_REC"":null,""HV_SEV"":null,""INIT_EXP"":""202606220345"",""INIT_ISS"":""202606220302"",""ISSUED"":""202606220302"",""NWS_UGC"":null,""PHENOM"":""SV"",""POLY_BEG"":""202606220302"",""POLY_END"":""202606220322"",""PROD_ID"":""202606220302-KDDC-WUUS53-SVRDDC"",""SIG"":""W"",""STATUS"":""NEW"",""TORNTAG"":null,""UPDATED"":""202606220302"",""VTEC_YR"":""2026"",""WFO"":""DDC"",""WINDTAG"":""60.0""},""iem_significance"":""W"",""iem_tornadotag"":"""",""iem_ugc"":"""",""iem_wfo"":""DDC"",""iem_windtag"":""60.0"",""senderName"":""DDC"",""status"":""NEW""}","{""geometry"":{""coordinates"":[[[-101.91,37.5],[-101.85,37.73],[-101.25,37.56],[-101.53,37.21],[-101.91,37.5]]],""type"":""Polygon""},""properties"":{""_map_py"":{""effective"":""2026-06-22T03:02:00Z"",""event"":""Severe Thunderstorm Warning"",""expires"":""2026-06-22T03:45:00Z"",""has_polygon"":true,""headline"":"""",""sender"":""DDC""},""effective"":""2026-06-22T03:02:00Z"",""event"":""Severe Thunderstorm Warning"",""expires"":""2026-06-22T03:45:00Z"",""headline"":"""",""iem_damagetag"":""CONSIDERABLE"",""iem_emergency"":""False"",""iem_event_id"":""166"",""iem_forecaster"":""UMSCHEID"",""iem_gtype"":""P"",""iem_hailtag"":""1.75"",""iem_phenomena"":""SV"",""iem_raw_properties"":{""AREA_KM2"":""1777.5697089213347"",""DAMAGTAG"":""CONSIDERABLE"",""EMERGENC"":""False"",""ETN"":""166"",""EXPIRED"":""202606220345"",""FCSTER"":""UMSCHEID"",""GTYPE"":""P"",""HAILTAG"":""1.75"",""HV_CAUSE"":null,""HV_NWSLI"":null,""HV_REC"":null,""HV_SEV"":null,""INIT_EXP"":""202606220345"",""INIT_ISS"":""202606220302"",""ISSUED"":""202606220302"",""NWS_UGC"":null,""PHENOM"":""SV"",""POLY_BEG"":""202606220302"",""POLY_END"":""202606220322"",""PROD_ID"":""202606220302-KDDC-WUUS53-SVRDDC"",""SIG"":""W"",""STATUS"":""NEW"",""TORNTAG"":null,""UPDATED"":""202606220302"",""VTEC_YR"":""2026"",""WFO"":""DDC"",""WINDTAG"":""60.0""},""iem_significance"":""W"",""iem_tornadotag"":"""",""iem_ugc"":"""",""iem_wfo"":""DDC"",""iem_windtag"":""60.0"",""senderName"":""DDC"",""status"":""NEW""},""type"":""Feature""}",2026-04-27T17:31:58Z,2026-07-09T05:15:02Z,2026-07-09T18:49:04Z
8727,iem_watchwarn,iem_watchwarn|LMK|32|TO|W|2026-06-22T03:03:00Z|2026-06-22T03:30:00Z|,Tornado Warning,,2026-06-22T03:03:00Z,2026-06-22T03:30:00Z,LMK,NEW,1,"{""coordinates"":[[[-86.22,38.18],[-85.91,38.12],[-85.94,38.01],[-85.95,38.01],[-85.94,38.0],[-85.94,37.98],[-85.97,37.94],[-86.0,37.92],[-86.31,38.02],[-86.22,38.18]]],""type"":""Polygon""}","{""_map_py"":{""effective"":""2026-06-22T03:03:00Z"",""event"":""Tornado Warning"",""expires"":""2026-06-22T03:30:00Z"",""has_polygon"":true,""headline"":"""",""sender"":""LMK""},""effective"":""2026-06-22T03:03:00Z"",""event"":""Tornado Warning"",""expires"":""2026-06-22T03:30:00Z"",""headline"":"""",""iem_damagetag"":"""",""iem_emergency"":""False"",""iem_event_id"":""32"",""iem_forecaster"":""SRW"",""iem_gtype"":""P"",""iem_hailtag"":""1.0"",""iem_phenomena"":""TO"",""iem_raw_properties"":{""AREA_KM2"":""643.5492069648459"",""DAMAGTAG"":null,""EMERGENC"":""False"",""ETN"":""32"",""EXPIRED"":""202606220330"",""FCSTER"":""SRW"",""GTYPE"":""P"",""HAILTAG"":""1.0"",""HV_CAUSE"":null,""HV_NWSLI"":null,""HV_REC"":null,""HV_SEV"":null,""INIT_EXP"":""202606220330"",""INIT_ISS"":""202606220303"",""ISSUED"":""202606220303"",""NWS_UGC"":null,""PHENOM"":""TO"",""POLY_BEG"":""202606220303"",""POLY_END"":""202606220317"",""PROD_ID"":""202606220303-KLMK-WFUS53-TORLMK"",""SIG"":""W"",""STATUS"":""NEW"",""TORNTAG"":""RADAR INDICATED"",""UPDATED"":""202606220303"",""VTEC_YR"":""2026"",""WFO"":""LMK"",""WINDTAG"":null},""iem_significance"":""W"",""iem_tornadotag"":""RADAR INDICATED"",""iem_ugc"":"""",""iem_wfo"":""LMK"",""iem_windtag"":"""",""senderName"":""LMK"",""status"":""NEW""}","{""geometry"":{""coordinates"":[[[-86.22,38.18],[-85.91,38.12],[-85.94,38.01],[-85.95,38.01],[-85.94,38.0],[-85.94,37.98],[-85.97,37.94],[-86.0,37.92],[-86.31,38.02],[-86.22,38.18]]],""type"":""Polygon""},""properties"":{""_map_py"":{""effective"":""2026-06-22T03:03:00Z"",""event"":""Tornado Warning"",""expires"":""2026-06-22T03:30:00Z"",""has_polygon"":true,""headline"":"""",""sender"":""LMK""},""effective"":""2026-06-22T03:03:00Z"",""event"":""Tornado Warning"",""expires"":""2026-06-22T03:30:00Z"",""headline"":"""",""iem_damagetag"":"""",""iem_emergency"":""False"",""iem_event_id"":""32"",""iem_forecaster"":""SRW"",""iem_gtype"":""P"",""iem_hailtag"":""1.0"",""iem_phenomena"":""TO"",""iem_raw_properties"":{""AREA_KM2"":""643.5492069648459"",""DAMAGTAG"":null,""EMERGENC"":""False"",""ETN"":""32"",""EXPIRED"":""202606220330"",""FCSTER"":""SRW"",""GTYPE"":""P"",""HAILTAG"":""1.0"",""HV_CAUSE"":null,""HV_NWSLI"":null,""HV_REC"":null,""HV_SEV"":null,""INIT_EXP"":""202606220330"",""INIT_ISS"":""202606220303"",""ISSUED"":""202606220303"",""NWS_UGC"":null,""PHENOM"":""TO"",""POLY_BEG"":""202606220303"",""POLY_END"":""202606220317"",""PROD_ID"":""202606220303-KLMK-WFUS53-TORLMK"",""SIG"":""W"",""STATUS"":""NEW"",""TORNTAG"":""RADAR INDICATED"",""UPDATED"":""202606220303"",""VTEC_YR"":""2026"",""WFO"":""LMK"",""WINDTAG"":null},""iem_significance"":""W"",""iem_tornadotag"":""RADAR INDICATED"",""iem_ugc"":"""",""iem_wfo"":""LMK"",""iem_windtag"":"""",""senderName"":""LMK"",""status"":""NEW""},""type"":""Feature""}",2026-04-27T17:31:58Z,2026-07-09T05:15:02Z,2026-07-09T18:49:04Z
6633,iem_watchwarn,iem_watchwarn|OUN|605|SV|W|2026-06-22T03:05:00Z|2026-06-22T04:00:00Z|,Severe Thunderstorm Warning,,2026-06-22T03:05:00Z,2026-06-22T04:00:00Z,OUN,NEW,1,"{""coordinates"":[[[-99.18,37.0],[-99.35,36.79],[-99.72,36.59],[-99.9,36.59],[-100.0,36.74],[-100.0,37.0],[-99.18,37.0]]],""type"":""Polygon""}","{""_map_py"":{""effective"":""2026-06-22T03:05:00Z"",""event"":""Severe Thunderstorm Warning"",""expires"":""2026-06-22T04:00:00Z"",""has_polygon"":true,""headline"":"""",""sender"":""OUN""},""effective"":""2026-06-22T03:05:00Z"",""event"":""Severe Thunderstorm Warning"",""expires"":""2026-06-22T04:00:00Z"",""headline"":"""",""iem_damagetag"":""CONSIDERABLE"",""iem_emergency"":""False"",""iem_event_id"":""605"",""iem_forecaster"":""Mahale"",""iem_gtype"":""P"",""iem_hailtag"":""1.5"",""iem_phenomena"":""SV"",""iem_raw_properties"":{""AREA_KM2"":""2376.9026696952933"",""DAMAGTAG"":""CONSIDERABLE"",""EMERGENC"":""False"",""ETN"":""605"",""EXPIRED"":""202606220400"",""FCSTER"":""Mahale"",""GTYPE"":""P"",""HAILTAG"":""1.5"",""HV_CAUSE"":null,""HV_NWSLI"":null,""HV_REC"":null,""HV_SEV"":null,""INIT_EXP"":""202606220400"",""INIT_ISS"":""202606220305"",""ISSUED"":""202606220305"",""NWS_UGC"":null,""PHENOM"":""SV"",""POLY_BEG"":""202606220305"",""POLY_END"":""202606220400"",""PROD_ID"":""202606220305-KOUN-WUUS54-SVROUN"",""SIG"":""W"",""STATUS"":""NEW"",""TORNTAG"":null,""UPDATED"":""202606220305"",""VTEC_YR"":""2026"",""WFO"":""OUN"",""WINDTAG"":""70.0""},""iem_significance"":""W"",""iem_tornadotag"":"""",""iem_ugc"":"""",""iem_wfo"":""OUN"",""iem_windtag"":""70.0"",""senderName"":""OUN"",""status"":""NEW""}","{""geometry"":{""coordinates"":[[[-99.18,37.0],[-99.35,36.79],[-99.72,36.59],[-99.9,36.59],[-100.0,36.74],[-100.0,37.0],[-99.18,37.0]]],""type"":""Polygon""},""properties"":{""_map_py"":{""effective"":""2026-06-22T03:05:00Z"",""event"":""Severe Thunderstorm Warning"",""expires"":""2026-06-22T04:00:00Z"",""has_polygon"":true,""headline"":"""",""sender"":""OUN""},""effective"":""2026-06-22T03:05:00Z"",""event"":""Severe Thunderstorm Warning"",""expires"":""2026-06-22T04:00:00Z"",""headline"":"""",""iem_damagetag"":""CONSIDERABLE"",""iem_emergency"":""False"",""iem_event_id"":""605"",""iem_forecaster"":""Mahale"",""iem_gtype"":""P"",""iem_hailtag"":""1.5"",""iem_phenomena"":""SV"",""iem_raw_properties"":{""AREA_KM2"":""2376.9026696952933"",""DAMAGTAG"":""CONSIDERABLE"",""EMERGENC"":""False"",""ETN"":""605"",""EXPIRED"":""202606220400"",""FCSTER"":""Mahale"",""GTYPE"":""P"",""HAILTAG"":""1.5"",""HV_CAUSE"":null,""HV_NWSLI"":null,""HV_REC"":null,""HV_SEV"":null,""INIT_EXP"":""202606220400"",""INIT_ISS"":""202606220305"",""ISSUED"":""202606220305"",""NWS_UGC"":null,""PHENOM"":""SV"",""POLY_BEG"":""202606220305"",""POLY_END"":""202606220400"",""PROD_ID"":""202606220305-KOUN-WUUS54-SVROUN"",""SIG"":""W"",""STATUS"":""NEW"",""TORNTAG"":null,""UPDATED"":""202606220305"",""VTEC_YR"":""2026"",""WFO"":""OUN"",""WINDTAG"":""70.0""},""iem_significance"":""W"",""iem_tornadotag"":"""",""iem_ugc"":"""",""iem_wfo"":""OUN"",""iem_windtag"":""70.0"",""senderName"":""OUN"",""status"":""NEW""},""type"":""Feature""}",2026-04-27T17:31:58Z,2026-07-09T05:15:02Z,2026-07-09T18:49:04Z
2599,iem_watchwarn,iem_watchwarn|LMK|103|SV|W|2026-06-22T03:06:00Z|2026-06-22T03:30:00Z|,Severe Thunderstorm Warning,,2026-06-22T03:06:00Z,2026-06-22T03:30:00Z,LMK,NEW,1,"{""coordinates"":[[[-86.63,38.15],[-86.56,38.26],[-86.1,38.29],[-86.14,38.12],[-86.63,38.15]]],""type"":""Polygon""}","{""_map_py"":{""effective"":""2026-06-22T03:06:00Z"",""event"":""Severe Thunderstorm Warning"",""expires"":""2026-06-22T03:30:00Z"",""has_polygon"":true,""headline"":"""",""sender"":""LMK""},""effective"":""2026-06-22T03:06:00Z"",""event"":""Severe Thunderstorm Warning"",""expires"":""2026-06-22T03:30:00Z"",""headline"":"""",""iem_damagetag"":"""",""iem_emergency"":""False"",""iem_event_id"":""103"",""iem_forecaster"":""Webb"",""iem_gtype"":""P"",""iem_hailtag"":""0.75"",""iem_phenomena"":""SV"",""iem_raw_properties"":{""AREA_KM2"":""645.9543621038869"",""DAMAGTAG"":null,""EMERGENC"":""False"",""ETN"":""103"",""EXPIRED"":""202606220330"",""FCSTER"":""Webb"",""GTYPE"":""P"",""HAILTAG"":""0.75"",""HV_CAUSE"":null,""HV_NWSLI"":null,""HV_REC"":null,""HV_SEV"":null,""INIT_EXP"":""202606220330"",""INIT_ISS"":""202606220306"",""ISSUED"":""202606220306"",""NWS_UGC"":null,""PHENOM"":""SV"",""POLY_BEG"":""202606220306"",""POLY_END"":""202606220325"",""PROD_ID"":""202606220306-KLMK-WUUS53-SVRLMK"",""SIG"":""W"",""STATUS"":""NEW"",""TORNTAG"":""POSSIBLE"",""UPDATED"":""202606220306"",""VTEC_YR"":""2026"",""WFO"":""LMK"",""WINDTAG"":""60.0""},""iem_significance"":""W"",""iem_tornadotag"":""POSSIBLE"",""iem_ugc"":"""",""iem_wfo"":""LMK"",""iem_windtag"":""60.0"",""senderName"":""LMK"",""status"":""NEW""}","{""geometry"":{""coordinates"":[[[-86.63,38.15],[-86.56,38.26],[-86.1,38.29],[-86.14,38.12],[-86.63,38.15]]],""type"":""Polygon""},""properties"":{""_map_py"":{""effective"":""2026-06-22T03:06:00Z"",""event"":""Severe Thunderstorm Warning"",""expires"":""2026-06-22T03:30:00Z"",""has_polygon"":true,""headline"":"""",""sender"":""LMK""},""effective"":""2026-06-22T03:06:00Z"",""event"":""Severe Thunderstorm Warning"",""expires"":""2026-06-22T03:30:00Z"",""headline"":"""",""iem_damagetag"":"""",""iem_emergency"":""False"",""iem_event_id"":""103"",""iem_forecaster"":""Webb"",""iem_gtype"":""P"",""iem_hailtag"":""0.75"",""iem_phenomena"":""SV"",""iem_raw_properties"":{""AREA_KM2"":""645.9543621038869"",""DAMAGTAG"":null,""EMERGENC"":""False"",""ETN"":""103"",""EXPIRED"":""202606220330"",""FCSTER"":""Webb"",""GTYPE"":""P"",""HAILTAG"":""0.75"",""HV_CAUSE"":null,""HV_NWSLI"":null,""HV_REC"":null,""HV_SEV"":null,""INIT_EXP"":""202606220330"",""INIT_ISS"":""202606220306"",""ISSUED"":""202606220306"",""NWS_UGC"":null,""PHENOM"":""SV"",""POLY_BEG"":""202606220306"",""POLY_END"":""202606220325"",""PROD_ID"":""202606220306-KLMK-WUUS53-SVRLMK"",""SIG"":""W"",""STATUS"":""NEW"",""TORNTAG"":""POSSIBLE"",""UPDATED"":""202606220306"",""VTEC_YR"":""2026"",""WFO"":""LMK"",""WINDTAG"":""60.0""},""iem_significance"":""W"",""iem_tornadotag"":""POSSIBLE"",""iem_ugc"":"""",""iem_wfo"":""LMK"",""iem_windtag"":""60.0"",""senderName"":""LMK"",""status"":""NEW""},""type"":""Feature""}",2026-04-27T17:31:58Z,2026-07-09T05:15:02Z,2026-07-09T18:49:04Z
1,iem_watchwarn,iem_watchwarn|AMA|140|SV|W|2026-06-22T03:11:00Z|2026-06-22T04:00:00Z|,Severe Thunderstorm Warning,,2026-06-22T03:11:00Z,2026-06-22T04:00:00Z,AMA,NEW,1,"{""coordinates"":[[[-100.0,37.0],[-100.0,36.89],[-100.06,37.0],[-100.0,37.0]]],""type"":""Polygon""}","{""_map_py"":{""effective"":""2026-06-22T03:11:00Z"",""event"":""Severe Thunderstorm Warning"",""expires"":""2026-06-22T04:00:00Z"",""has_polygon"":true,""headline"":"""",""sender"":""AMA""},""effective"":""2026-06-22T03:11:00Z"",""event"":""Severe Thunderstorm Warning"",""expires"":""2026-06-22T04:00:00Z"",""headline"":"""",""iem_damagetag"":""CONSIDERABLE"",""iem_emergency"":""False"",""iem_event_id"":""140"",""iem_forecaster"":""COR"",""iem_gtype"":""P"",""iem_hailtag"":""1.5"",""iem_phenomena"":""SV"",""iem_raw_properties"":{""AREA_KM2"":""32.58459215247492"",""DAMAGTAG"":""CONSIDERABLE"",""EMERGENC"":""False"",""ETN"":""140"",""EXPIRED"":""202606220400"",""FCSTER"":""COR"",""GTYPE"":""P"",""HAILTAG"":""1.5"",""HV_CAUSE"":null,""HV_NWSLI"":null,""HV_REC"":null,""HV_SEV"":null,""INIT_EXP"":""202606220400"",""INIT_ISS"":""202606220311"",""ISSUED"":""202606220311"",""NWS_UGC"":null,""PHENOM"":""SV"",""POLY_BEG"":""202606220311"",""POLY_END"":""202606220338"",""PROD_ID"":""202606220311-KAMA-WUUS54-SVRAMA"",""SIG"":""W"",""STATUS"":""NEW"",""TORNTAG"":null,""UPDATED"":""202606220311"",""VTEC_YR"":""2026"",""WFO"":""AMA"",""WINDTAG"":""70.0""},""iem_significance"":""W"",""iem_tornadotag"":"""",""iem_ugc"":"""",""iem_wfo"":""AMA"",""iem_windtag"":""70.0"",""senderName"":""AMA"",""status"":""NEW""}","{""geometry"":{""coordinates"":[[[-100.0,37.0],[-100.0,36.89],[-100.06,37.0],[-100.0,37.0]]],""type"":""Polygon""},""properties"":{""_map_py"":{""effective"":""2026-06-22T03:11:00Z"",""event"":""Severe Thunderstorm Warning"",""expires"":""2026-06-22T04:00:00Z"",""has_polygon"":true,""headline"":"""",""sender"":""AMA""},""effective"":""2026-06-22T03:11:00Z"",""event"":""Severe Thunderstorm Warning"",""expires"":""2026-06-22T04:00:00Z"",""headline"":"""",""iem_damagetag"":""CONSIDERABLE"",""iem_emergency"":""False"",""iem_event_id"":""140"",""iem_forecaster"":""COR"",""iem_gtype"":""P"",""iem_hailtag"":""1.5"",""iem_phenomena"":""SV"",""iem_raw_properties"":{""AREA_KM2"":""32.58459215247492"",""DAMAGTAG"":""CONSIDERABLE"",""EMERGENC"":""False"",""ETN"":""140"",""EXPIRED"":""202606220400"",""FCSTER"":""COR"",""GTYPE"":""P"",""HAILTAG"":""1.5"",""HV_CAUSE"":null,""HV_NWSLI"":null,""HV_REC"":null,""HV_SEV"":null,""INIT_EXP"":""202606220400"",""INIT_ISS"":""202606220311"",""ISSUED"":""202606220311"",""NWS_UGC"":null,""PHENOM"":""SV"",""POLY_BEG"":""202606220311"",""POLY_END"":""202606220338"",""PROD_ID"":""202606220311-KAMA-WUUS54-SVRAMA"",""SIG"":""W"",""STATUS"":""NEW"",""TORNTAG"":null,""UPDATED"":""202606220311"",""VTEC_YR"":""2026"",""WFO"":""AMA"",""WINDTAG"":""70.0""},""iem_significance"":""W"",""iem_tornadotag"":"""",""iem_ugc"":"""",""iem_wfo"":""AMA"",""iem_windtag"":""70.0"",""senderName"":""AMA"",""status"":""NEW""},""type"":""Feature""}",2026-04-27T17:31:58Z,2026-07-09T05:15:02Z,2026-07-09T18:49:04Z
7990,iem_watchwarn,iem_watchwarn|ICT|329|SV|W|2026-06-22T03:11:00Z|2026-06-22T04:15:00Z|,Severe Thunderstorm Warning,,2026-06-22T03:11:00Z,2026-06-22T04:15:00Z,ICT,NEW,1,"{""coordinates"":[[[-98.35,37.38],[-98.46,37.39],[-98.46,37.63],[-98.02,37.73],[-97.93,37.73],[-97.81,37.5],[-97.81,37.42],[-98.35,37.28],[-98.35,37.38]]],""type"":""Polygon""}","{""_map_py"":{""effective"":""2026-06-22T03:11:00Z"",""event"":""Severe Thunderstorm Warning"",""expires"":""2026-06-22T04:15:00Z"",""has_polygon"":true,""headline"":"""",""sender"":""ICT""},""effective"":""2026-06-22T03:11:00Z"",""event"":""Severe Thunderstorm Warning"",""expires"":""2026-06-22T04:15:00Z"",""headline"":"""",""iem_damagetag"":"""",""iem_emergency"":""False"",""iem_event_id"":""329"",""iem_forecaster"":""WI"",""iem_gtype"":""P"",""iem_hailtag"":""1.25"",""iem_phenomena"":""SV"",""iem_raw_properties"":{""AREA_KM2"":""2032.89587717379"",""DAMAGTAG"":null,""EMERGENC"":""False"",""ETN"":""329"",""EXPIRED"":""202606220415"",""FCSTER"":""WI"",""GTYPE"":""P"",""HAILTAG"":""1.25"",""HV_CAUSE"":null,""HV_NWSLI"":null,""HV_REC"":null,""HV_SEV"":null,""INIT_EXP"":""202606220415"",""INIT_ISS"":""202606220311"",""ISSUED"":""202606220311"",""NWS_UGC"":null,""PHENOM"":""SV"",""POLY_BEG"":""202606220311"",""POLY_END"":""202606220326"",""PROD_ID"":""202606220311-KICT-WUUS53-SVRICT"",""SIG"":""W"",""STATUS"":""NEW"",""TORNTAG"":null,""UPDATED"":""202606220311"",""VTEC_YR"":""2026"",""WFO"":""ICT"",""WINDTAG"":""60.0""},""iem_significance"":""W"",""iem_tornadotag"":"""",""iem_ugc"":"""",""iem_wfo"":""ICT"",""iem_windtag"":""60.0"",""senderName"":""ICT"",""status"":""NEW""}","{""geometry"":{""coordinates"":[[[-98.35,37.38],[-98.46,37.39],[-98.46,37.63],[-98.02,37.73],[-97.93,37.73],[-97.81,37.5],[-97.81,37.42],[-98.35,37.28],[-98.35,37.38]]],""type"":""Polygon""},""properties"":{""_map_py"":{""effective"":""2026-06-22T03:11:00Z"",""event"":""Severe Thunderstorm Warning"",""expires"":""2026-06-22T04:15:00Z"",""has_polygon"":true,""headline"":"""",""sender"":""ICT""},""effective"":""2026-06-22T03:11:00Z"",""event"":""Severe Thunderstorm Warning"",""expires"":""2026-06-22T04:15:00Z"",""headline"":"""",""iem_damagetag"":"""",""iem_emergency"":""False"",""iem_event_id"":""329"",""iem_forecaster"":""WI"",""iem_gtype"":""P"",""iem_hailtag"":""1.25"",""iem_phenomena"":""SV"",""iem_raw_properties"":{""AREA_KM2"":""2032.89587717379"",""DAMAGTAG"":null,""EMERGENC"":""False"",""ETN"":""329"",""EXPIRED"":""202606220415"",""FCSTER"":""WI"",""GTYPE"":""P"",""HAILTAG"":""1.25"",""HV_CAUSE"":null,""HV_NWSLI"":null,""HV_REC"":null,""HV_SEV"":null,""INIT_EXP"":""202606220415"",""INIT_ISS"":""202606220311"",""ISSUED"":""202606220311"",""NWS_UGC"":null,""PHENOM"":""SV"",""POLY_BEG"":""202606220311"",""POLY_END"":""202606220326"",""PROD_ID"":""202606220311-KICT-WUUS53-SVRICT"",""SIG"":""W"",""STATUS"":""NEW"",""TORNTAG"":null,""UPDATED"":""202606220311"",""VTEC_YR"":""2026"",""WFO"":""ICT"",""WINDTAG"":""60.0""},""iem_significance"":""W"",""iem_tornadotag"":"""",""iem_ugc"":"""",""iem_wfo"":""ICT"",""iem_windtag"":""60.0"",""senderName"":""ICT"",""status"":""NEW""},""type"":""Feature""}",2026-04-27T17:31:58Z,2026-07-09T05:15:02Z,2026-07-09T18:49:04Z
8331,iem_watchwarn,iem_watchwarn|DDC|167|SV|W|2026-06-22T03:13:00Z|2026-06-22T04:00:00Z|,Severe Thunderstorm Warning,,2026-06-22T03:13:00Z,2026-06-22T04:00:00Z,DDC,NEW,1,"{""coordinates"":[[[-100.09,37.0],[-100.09,37.29],[-99.98,37.47],[-99.56,37.41],[-99.55,37.38],[-99.33,37.38],[-99.23,37.37],[-99.19,37.0],[-100.09,37.0]]],""type"":""Polygon""}","{""_map_py"":{""effective"":""2026-06-22T03:13:00Z"",""event"":""Severe Thunderstorm Warning"",""expires"":""2026-06-22T04:00:00Z"",""has_polygon"":true,""headline"":"""",""sender"":""DDC""},""effective"":""2026-06-22T03:13:00Z"",""event"":""Severe Thunderstorm Warning"",""expires"":""2026-06-22T04:00:00Z"",""headline"":"""",""iem_damagetag"":""CONSIDERABLE"",""iem_emergency"":""False"",""iem_event_id"":""167"",""iem_forecaster"":""UMSCHEID"",""iem_gtype"":""P"",""iem_hailtag"":""1.5"",""iem_phenomena"":""SV"",""iem_raw_properties"":{""AREA_KM2"":""3531.038012771058"",""DAMAGTAG"":""CONSIDERABLE"",""EMERGENC"":""False"",""ETN"":""167"",""EXPIRED"":""202606220400"",""FCSTER"":""UMSCHEID"",""GTYPE"":""P"",""HAILTAG"":""1.5"",""HV_CAUSE"":null,""HV_NWSLI"":null,""HV_REC"":null,""HV_SEV"":null,""INIT_EXP"":""202606220400"",""INIT_ISS"":""202606220313"",""ISSUED"":""202606220313"",""NWS_UGC"":null,""PHENOM"":""SV"",""POLY_BEG"":""202606220313"",""POLY_END"":""202606220334"",""PROD_ID"":""202606220313-KDDC-WUUS53-SVRDDC"",""SIG"":""W"",""STATUS"":""NEW"",""TORNTAG"":null,""UPDATED"":""202606220313"",""VTEC_YR"":""2026"",""WFO"":""DDC"",""WINDTAG"":""70.0""},""iem_significance"":""W"",""iem_tornadotag"":"""",""iem_ugc"":"""",""iem_wfo"":""DDC"",""iem_windtag"":""70.0"",""senderName"":""DDC"",""status"":""NEW""}","{""geometry"":{""coordinates"":[[[-100.09,37.0],[-100.09,37.29],[-99.98,37.47],[-99.56,37.41],[-99.55,37.38],[-99.33,37.38],[-99.23,37.37],[-99.19,37.0],[-100.09,37.0]]],""type"":""Polygon""},""properties"":{""_map_py"":{""effective"":""2026-06-22T03:13:00Z"",""event"":""Severe Thunderstorm Warning"",""expires"":""2026-06-22T04:00:00Z"",""has_polygon"":true,""headline"":"""",""sender"":""DDC""},""effective"":""2026-06-22T03:13:00Z"",""event"":""Severe Thunderstorm Warning"",""expires"":""2026-06-22T04:00:00Z"",""headline"":"""",""iem_damagetag"":""CONSIDERABLE"",""iem_emergency"":""False"",""iem_event_id"":""167"",""iem_forecaster"":""UMSCHEID"",""iem_gtype"":""P"",""iem_hailtag"":""1.5"",""iem_phenomena"":""SV"",""iem_raw_properties"":{""AREA_KM2"":""3531.038012771058"",""DAMAGTAG"":""CONSIDERABLE"",""EMERGENC"":""False"",""ETN"":""167"",""EXPIRED"":""202606220400"",""FCSTER"":""UMSCHEID"",""GTYPE"":""P"",""HAILTAG"":""1.5"",""HV_CAUSE"":null,""HV_NWSLI"":null,""HV_REC"":null,""HV_SEV"":null,""INIT_EXP"":""202606220400"",""INIT_ISS"":""202606220313"",""ISSUED"":""202606220313"",""NWS_UGC"":null,""PHENOM"":""SV"",""POLY_BEG"":""202606220313"",""POLY_END"":""202606220334"",""PROD_ID"":""202606220313-KDDC-WUUS53-SVRDDC"",""SIG"":""W"",""STATUS"":""NEW"",""TORNTAG"":null,""UPDATED"":""202606220313"",""VTEC_YR"":""2026"",""WFO"":""DDC"",""WINDTAG"":""70.0""},""iem_significance"":""W"",""iem_tornadotag"":"""",""iem_ugc"":"""",""iem_wfo"":""DDC"",""iem_windtag"":""70.0"",""senderName"":""DDC"",""status"":""NEW""},""type"":""Feature""}",2026-04-27T17:31:58Z,2026-07-09T05:15:02Z,2026-07-09T18:49:04Z
2439,iem_watchwarn,iem_watchwarn|LMK|104|SV|W|2026-06-22T03:14:00Z|2026-06-22T03:45:00Z|,Severe Thunderstorm Warning,,2026-06-22T03:14:00Z,2026-06-22T03:45:00Z,LMK,NEW,1,"{""coordinates"":[[[-86.22,37.99],[-86.08,38.15],[-85.69,38.05],[-85.86,37.81],[-86.22,37.99]]],""type"":""Polygon""}","{""_map_py"":{""effective"":""2026-06-22T03:14:00Z"",""event"":""Severe Thunderstorm Warning"",""expires"":""2026-06-22T03:45:00Z"",""has_polygon"":true,""headline"":"""",""sender"":""LMK""},""effective"":""2026-06-22T03:14:00Z"",""event"":""Severe Thunderstorm Warning"",""expires"":""2026-06-22T03:45:00Z"",""headline"":"""",""iem_damagetag"":"""",""iem_emergency"":""False"",""iem_event_id"":""104"",""iem_forecaster"":""SRW"",""iem_gtype"":""P"",""iem_hailtag"":""0.75"",""iem_phenomena"":""SV"",""iem_raw_properties"":{""AREA_KM2"":""941.9638321468336"",""DAMAGTAG"":null,""EMERGENC"":""False"",""ETN"":""104"",""EXPIRED"":""202606220345"",""FCSTER"":""SRW"",""GTYPE"":""P"",""HAILTAG"":""0.75"",""HV_CAUSE"":null,""HV_NWSLI"":null,""HV_REC"":null,""HV_SEV"":null,""INIT_EXP"":""202606220345"",""INIT_ISS"":""202606220314"",""ISSUED"":""202606220314"",""NWS_UGC"":null,""PHENOM"":""SV"",""POLY_BEG"":""202606220314"",""POLY_END"":""202606220325"",""PROD_ID"":""202606220314-KLMK-WUUS53-SVRLMK"",""SIG"":""W"",""STATUS"":""NEW"",""TORNTAG"":""POSSIBLE"",""UPDATED"":""202606220314"",""VTEC_YR"":""2026"",""WFO"":""LMK"",""WINDTAG"":""60.0""},""iem_significance"":""W"",""iem_tornadotag"":""POSSIBLE"",""iem_ugc"":"""",""iem_wfo"":""LMK"",""iem_windtag"":""60.0"",""senderName"":""LMK"",""status"":""NEW""}","{""geometry"":{""coordinates"":[[[-86.22,37.99],[-86.08,38.15],[-85.69,38.05],[-85.86,37.81],[-86.22,37.99]]],""type"":""Polygon""},""properties"":{""_map_py"":{""effective"":""2026-06-22T03:14:00Z"",""event"":""Severe Thunderstorm Warning"",""expires"":""2026-06-22T03:45:00Z"",""has_polygon"":true,""headline"":"""",""sender"":""LMK""},""effective"":""2026-06-22T03:14:00Z"",""event"":""Severe Thunderstorm Warning"",""expires"":""2026-06-22T03:45:00Z"",""headline"":"""",""iem_damagetag"":"""",""iem_emergency"":""False"",""iem_event_id"":""104"",""iem_forecaster"":""SRW"",""iem_gtype"":""P"",""iem_hailtag"":""0.75"",""iem_phenomena"":""SV"",""iem_raw_properties"":{""AREA_KM2"":""941.9638321468336"",""DAMAGTAG"":null,""EMERGENC"":""False"",""ETN"":""104"",""EXPIRED"":""202606220345"",""FCSTER"":""SRW"",""GTYPE"":""P"",""HAILTAG"":""0.75"",""HV_CAUSE"":null,""HV_NWSLI"":null,""HV_REC"":null,""HV_SEV"":null,""INIT_EXP"":""202606220345"",""INIT_ISS"":""202606220314"",""ISSUED"":""202606220314"",""NWS_UGC"":null,""PHENOM"":""SV"",""POLY_BEG"":""202606220314"",""POLY_END"":""202606220325"",""PROD_ID"":""202606220314-KLMK-WUUS53-SVRLMK"",""SIG"":""W"",""STATUS"":""NEW"",""TORNTAG"":""POSSIBLE"",""UPDATED"":""202606220314"",""VTEC_YR"":""2026"",""WFO"":""LMK"",""WINDTAG"":""60.0""},""iem_significance"":""W"",""iem_tornadotag"":""POSSIBLE"",""iem_ugc"":"""",""iem_wfo"":""LMK"",""iem_windtag"":""60.0"",""senderName"":""LMK"",""status"":""NEW""},""type"":""Feature""}",2026-04-27T17:31:58Z,2026-07-09T05:15:02Z,2026-07-09T18:49:04Z
5917,iem_watchwarn,iem_watchwarn|DDC|168|SV|W|2026-06-22T03:17:00Z|2026-06-22T03:45:00Z|,Severe Thunderstorm Warning,,2026-06-22T03:17:00Z,2026-06-22T03:45:00Z,DDC,NEW,1,"{""coordinates"":[[[-98.35,37.27],[-98.99,37.2],[-99.0,37.52],[-98.46,37.58],[-98.46,37.39],[-98.38,37.38],[-98.35,37.27]]],""type"":""Polygon""}","{""_map_py"":{""effective"":""2026-06-22T03:17:00Z"",""event"":""Severe Thunderstorm Warning"",""expires"":""2026-06-22T03:45:00Z"",""has_polygon"":true,""headline"":"""",""sender"":""DDC""},""effective"":""2026-06-22T03:17:00Z"",""event"":""Severe Thunderstorm Warning"",""expires"":""2026-06-22T03:45:00Z"",""headline"":"""",""iem_damagetag"":"""",""iem_emergency"":""False"",""iem_event_id"":""168"",""iem_forecaster"":""UMSCHEID"",""iem_gtype"":""P"",""iem_hailtag"":""1.0"",""iem_phenomena"":""SV"",""iem_raw_properties"":{""AREA_KM2"":""1802.3517427823645"",""DAMAGTAG"":null,""EMERGENC"":""False"",""ETN"":""168"",""EXPIRED"":""202606220345"",""FCSTER"":""UMSCHEID"",""GTYPE"":""P"",""HAILTAG"":""1.0"",""HV_CAUSE"":null,""HV_NWSLI"":null,""HV_REC"":null,""HV_SEV"":null,""INIT_EXP"":""202606220345"",""INIT_ISS"":""202606220317"",""ISSUED"":""202606220317"",""NWS_UGC"":null,""PHENOM"":""SV"",""POLY_BEG"":""202606220317"",""POLY_END"":""202606220332"",""PROD_ID"":""202606220317-KDDC-WUUS53-SVRDDC"",""SIG"":""W"",""STATUS"":""NEW"",""TORNTAG"":null,""UPDATED"":""202606220317"",""VTEC_YR"":""2026"",""WFO"":""DDC"",""WINDTAG"":""60.0""},""iem_significance"":""W"",""iem_tornadotag"":"""",""iem_ugc"":"""",""iem_wfo"":""DDC"",""iem_windtag"":""60.0"",""senderName"":""DDC"",""status"":""NEW""}","{""geometry"":{""coordinates"":[[[-98.35,37.27],[-98.99,37.2],[-99.0,37.52],[-98.46,37.58],[-98.46,37.39],[-98.38,37.38],[-98.35,37.27]]],""type"":""Polygon""},""properties"":{""_map_py"":{""effective"":""2026-06-22T03:17:00Z"",""event"":""Severe Thunderstorm Warning"",""expires"":""2026-06-22T03:45:00Z"",""has_polygon"":true,""headline"":"""",""sender"":""DDC""},""effective"":""2026-06-22T03:17:00Z"",""event"":""Severe Thunderstorm Warning"",""expires"":""2026-06-22T03:45:00Z"",""headline"":"""",""iem_damagetag"":"""",""iem_emergency"":""False"",""iem_event_id"":""168"",""iem_forecaster"":""UMSCHEID"",""iem_gtype"":""P"",""iem_hailtag"":""1.0"",""iem_phenomena"":""SV"",""iem_raw_properties"":{""AREA_KM2"":""1802.3517427823645"",""DAMAGTAG"":null,""EMERGENC"":""False"",""ETN"":""168"",""EXPIRED"":""202606220345"",""FCSTER"":""UMSCHEID"",""GTYPE"":""P"",""HAILTAG"":""1.0"",""HV_CAUSE"":null,""HV_NWSLI"":null,""HV_REC"":null,""HV_SEV"":null,""INIT_EXP"":""202606220345"",""INIT_ISS"":""202606220317"",""ISSUED"":""202606220317"",""NWS_UGC"":null,""PHENOM"":""SV"",""POLY_BEG"":""202606220317"",""POLY_END"":""202606220332"",""PROD_ID"":""202606220317-KDDC-WUUS53-SVRDDC"",""SIG"":""W"",""STATUS"":""NEW"",""TORNTAG"":null,""UPDATED"":""202606220317"",""VTEC_YR"":""2026"",""WFO"":""DDC"",""WINDTAG"":""60.0""},""iem_significance"":""W"",""iem_tornadotag"":"""",""iem_ugc"":"""",""iem_wfo"":""DDC"",""iem_windtag"":""60.0"",""senderName"":""DDC"",""status"":""NEW""},""type"":""Feature""}",2026-04-27T17:31:58Z,2026-07-09T05:15:02Z,2026-07-09T18:49:04Z
3722,iem_watchwarn,iem_watchwarn|AMA|141|SV|W|2026-06-22T03:18:00Z|2026-06-22T03:37:00Z|,Severe Thunderstorm Warning,,2026-06-22T03:18:00Z,2026-06-22T03:37:00Z,AMA,NEW,1,"{""coordinates"":[[[-101.48,36.99],[-101.7,36.74],[-101.92,36.94],[-101.88,36.99],[-101.51,37.0],[-101.48,36.99]]],""type"":""Polygon""}","{""_map_py"":{""effective"":""2026-06-22T03:18:00Z"",""event"":""Severe Thunderstorm Warning"",""expires"":""2026-06-22T03:37:00Z"",""has_polygon"":true,""headline"":"""",""sender"":""AMA""},""effective"":""2026-06-22T03:18:00Z"",""event"":""Severe Thunderstorm Warning"",""expires"":""2026-06-22T03:37:00Z"",""headline"":"""",""iem_damagetag"":"""",""iem_emergency"":""False"",""iem_event_id"":""141"",""iem_forecaster"":""COR"",""iem_gtype"":""P"",""iem_hailtag"":""1.0"",""iem_phenomena"":""SV"",""iem_raw_properties"":{""AREA_KM2"":""607.7362913823816"",""DAMAGTAG"":null,""EMERGENC"":""False"",""ETN"":""141"",""EXPIRED"":""202606220337"",""FCSTER"":""COR"",""GTYPE"":""P"",""HAILTAG"":""1.0"",""HV_CAUSE"":null,""HV_NWSLI"":null,""HV_REC"":null,""HV_SEV"":null,""INIT_EXP"":""202606220415"",""INIT_ISS"":""202606220318"",""ISSUED"":""202606220318"",""NWS_UGC"":null,""PHENOM"":""SV"",""POLY_BEG"":""202606220318"",""POLY_END"":""202606220337"",""PROD_ID"":""202606220318-KAMA-WUUS54-SVRAMA"",""SIG"":""W"",""STATUS"":""NEW"",""TORNTAG"":null,""UPDATED"":""202606220318"",""VTEC_YR"":""2026"",""WFO"":""AMA"",""WINDTAG"":""60.0""},""iem_significance"":""W"",""iem_tornadotag"":"""",""iem_ugc"":"""",""iem_wfo"":""AMA"",""iem_windtag"":""60.0"",""senderName"":""AMA"",""status"":""NEW""}","{""geometry"":{""coordinates"":[[[-101.48,36.99],[-101.7,36.74],[-101.92,36.94],[-101.88,36.99],[-101.51,37.0],[-101.48,36.99]]],""type"":""Polygon""},""properties"":{""_map_py"":{""effective"":""2026-06-22T03:18:00Z"",""event"":""Severe Thunderstorm Warning"",""expires"":""2026-06-22T03:37:00Z"",""has_polygon"":true,""headline"":"""",""sender"":""AMA""},""effective"":""2026-06-22T03:18:00Z"",""event"":""Severe Thunderstorm Warning"",""expires"":""2026-06-22T03:37:00Z"",""headline"":"""",""iem_damagetag"":"""",""iem_emergency"":""False"",""iem_event_id"":""141"",""iem_forecaster"":""COR"",""iem_gtype"":""P"",""iem_hailtag"":""1.0"",""iem_phenomena"":""SV"",""iem_raw_properties"":{""AREA_KM2"":""607.7362913823816"",""DAMAGTAG"":null,""EMERGENC"":""False"",""ETN"":""141"",""EXPIRED"":""202606220337"",""FCSTER"":""COR"",""GTYPE"":""P"",""HAILTAG"":""1.0"",""HV_CAUSE"":null,""HV_NWSLI"":null,""HV_REC"":null,""HV_SEV"":null,""INIT_EXP"":""202606220415"",""INIT_ISS"":""202606220318"",""ISSUED"":""202606220318"",""NWS_UGC"":null,""PHENOM"":""SV"",""POLY_BEG"":""202606220318"",""POLY_END"":""202606220337"",""PROD_ID"":""202606220318-KAMA-WUUS54-SVRAMA"",""SIG"":""W"",""STATUS"":""NEW"",""TORNTAG"":null,""UPDATED"":""202606220318"",""VTEC_YR"":""2026"",""WFO"":""AMA"",""WINDTAG"":""60.0""},""iem_significance"":""W"",""iem_tornadotag"":"""",""iem_ugc"":"""",""iem_wfo"":""AMA"",""iem_windtag"":""60.0"",""senderName"":""AMA"",""status"":""NEW""},""type"":""Feature""}",2026-04-27T17:31:58Z,2026-07-09T05:15:02Z,2026-07-09T18:49:04Z
6632,iem_watchwarn,iem_watchwarn|PAH|175|SV|W|2026-06-22T03:24:00Z|2026-06-22T04:15:00Z|,Severe Thunderstorm Warning,,2026-06-22T03:24:00Z,2026-06-22T04:15:00Z,PAH,NEW,1,"{""coordinates"":[[[-87.18,38.02],[-87.18,38.0],[-87.22,37.97],[-87.58,38.04],[-87.57,38.16],[-87.12,38.17],[-87.18,38.02]]],""type"":""Polygon""}","{""_map_py"":{""effective"":""2026-06-22T03:24:00Z"",""event"":""Severe Thunderstorm Warning"",""expires"":""2026-06-22T04:15:00Z"",""has_polygon"":true,""headline"":"""",""sender"":""PAH""},""effective"":""2026-06-22T03:24:00Z"",""event"":""Severe Thunderstorm Warning"",""expires"":""2026-06-22T04:15:00Z"",""headline"":"""",""iem_damagetag"":"""",""iem_emergency"":""False"",""iem_event_id"":""175"",""iem_forecaster"":""SP"",""iem_gtype"":""P"",""iem_hailtag"":""0.75"",""iem_phenomena"":""SV"",""iem_raw_properties"":{""AREA_KM2"":""665.4506220884391"",""DAMAGTAG"":null,""EMERGENC"":""False"",""ETN"":""175"",""EXPIRED"":""202606220415"",""FCSTER"":""SP"",""GTYPE"":""P"",""HAILTAG"":""0.75"",""HV_CAUSE"":null,""HV_NWSLI"":null,""HV_REC"":null,""HV_SEV"":null,""INIT_EXP"":""202606220415"",""INIT_ISS"":""202606220324"",""ISSUED"":""202606220324"",""NWS_UGC"":null,""PHENOM"":""SV"",""POLY_BEG"":""202606220324"",""POLY_END"":""202606220358"",""PROD_ID"":""202606220324-KPAH-WUUS53-SVRPAH"",""SIG"":""W"",""STATUS"":""NEW"",""TORNTAG"":""POSSIBLE"",""UPDATED"":""202606220324"",""VTEC_YR"":""2026"",""WFO"":""PAH"",""WINDTAG"":""60.0""},""iem_significance"":""W"",""iem_tornadotag"":""POSSIBLE"",""iem_ugc"":"""",""iem_wfo"":""PAH"",""iem_windtag"":""60.0"",""senderName"":""PAH"",""status"":""NEW""}","{""geometry"":{""coordinates"":[[[-87.18,38.02],[-87.18,38.0],[-87.22,37.97],[-87.58,38.04],[-87.57,38.16],[-87.12,38.17],[-87.18,38.02]]],""type"":""Polygon""},""properties"":{""_map_py"":{""effective"":""2026-06-22T03:24:00Z"",""event"":""Severe Thunderstorm Warning"",""expires"":""2026-06-22T04:15:00Z"",""has_polygon"":true,""headline"":"""",""sender"":""PAH""},""effective"":""2026-06-22T03:24:00Z"",""event"":""Severe Thunderstorm Warning"",""expires"":""2026-06-22T04:15:00Z"",""headline"":"""",""iem_damagetag"":"""",""iem_emergency"":""False"",""iem_event_id"":""175"",""iem_forecaster"":""SP"",""iem_gtype"":""P"",""iem_hailtag"":""0.75"",""iem_phenomena"":""SV"",""iem_raw_properties"":{""AREA_KM2"":""665.4506220884391"",""DAMAGTAG"":null,""EMERGENC"":""False"",""ETN"":""175"",""EXPIRED"":""202606220415"",""FCSTER"":""SP"",""GTYPE"":""P"",""HAILTAG"":""0.75"",""HV_CAUSE"":null,""HV_NWSLI"":null,""HV_REC"":null,""HV_SEV"":null,""INIT_EXP"":""202606220415"",""INIT_ISS"":""202606220324"",""ISSUED"":""202606220324"",""NWS_UGC"":null,""PHENOM"":""SV"",""POLY_BEG"":""202606220324"",""POLY_END"":""202606220358"",""PROD_ID"":""202606220324-KPAH-WUUS53-SVRPAH"",""SIG"":""W"",""STATUS"":""NEW"",""TORNTAG"":""POSSIBLE"",""UPDATED"":""202606220324"",""VTEC_YR"":""2026"",""WFO"":""PAH"",""WINDTAG"":""60.0""},""iem_significance"":""W"",""iem_tornadotag"":""POSSIBLE"",""iem_ugc"":"""",""iem_wfo"":""PAH"",""iem_windtag"":""60.0"",""senderName"":""PAH"",""status"":""NEW""},""type"":""Feature""}",2026-04-27T17:31:58Z,2026-07-09T05:15:02Z,2026-07-09T18:49:04Z
158,iem_watchwarn,iem_watchwarn|PUB|51|SV|W|2026-06-22T03:26:00Z|2026-06-22T03:47:00Z|,Severe Thunderstorm Warning,,2026-06-22T03:26:00Z,2026-06-22T03:47:00Z,PUB,NEW,1,"{""coordinates"":[[[-102.5,37.99],[-102.44,38.09],[-102.22,38.04],[-102.31,37.88],[-102.5,37.99]]],""type"":""Polygon""}","{""_map_py"":{""effective"":""2026-06-22T03:26:00Z"",""event"":""Severe Thunderstorm Warning"",""expires"":""2026-06-22T03:47:00Z"",""has_polygon"":true,""headline"":"""",""sender"":""PUB""},""effective"":""2026-06-22T03:26:00Z"",""event"":""Severe Thunderstorm Warning"",""expires"":""2026-06-22T03:47:00Z"",""headline"":"""",""iem_damagetag"":"""",""iem_emergency"":""False"",""iem_event_id"":""51"",""iem_forecaster"":""mw"",""iem_gtype"":""P"",""iem_hailtag"":""1.0"",""iem_phenomena"":""SV"",""iem_raw_properties"":{""AREA_KM2"":""318.06940628165256"",""DAMAGTAG"":null,""EMERGENC"":""False"",""ETN"":""51"",""EXPIRED"":""202606220347"",""FCSTER"":""mw"",""GTYPE"":""P"",""HAILTAG"":""1.0"",""HV_CAUSE"":null,""HV_NWSLI"":null,""HV_REC"":null,""HV_SEV"":null,""INIT_EXP"":""202606220400"",""INIT_ISS"":""202606220326"",""ISSUED"":""202606220326"",""NWS_UGC"":null,""PHENOM"":""SV"",""POLY_BEG"":""202606220326"",""POLY_END"":""202606220347"",""PROD_ID"":""202606220326-KPUB-WUUS55-SVRPUB"",""SIG"":""W"",""STATUS"":""NEW"",""TORNTAG"":null,""UPDATED"":""202606220326"",""VTEC_YR"":""2026"",""WFO"":""PUB"",""WINDTAG"":""60.0""},""iem_significance"":""W"",""iem_tornadotag"":"""",""iem_ugc"":"""",""iem_wfo"":""PUB"",""iem_windtag"":""60.0"",""senderName"":""PUB"",""status"":""NEW""}","{""geometry"":{""coordinates"":[[[-102.5,37.99],[-102.44,38.09],[-102.22,38.04],[-102.31,37.88],[-102.5,37.99]]],""type"":""Polygon""},""properties"":{""_map_py"":{""effective"":""2026-06-22T03:26:00Z"",""event"":""Severe Thunderstorm Warning"",""expires"":""2026-06-22T03:47:00Z"",""has_polygon"":true,""headline"":"""",""sender"":""PUB""},""effective"":""2026-06-22T03:26:00Z"",""event"":""Severe Thunderstorm Warning"",""expires"":""2026-06-22T03:47:00Z"",""headline"":"""",""iem_damagetag"":"""",""iem_emergency"":""False"",""iem_event_id"":""51"",""iem_forecaster"":""mw"",""iem_gtype"":""P"",""iem_hailtag"":""1.0"",""iem_phenomena"":""SV"",""iem_raw_properties"":{""AREA_KM2"":""318.06940628165256"",""DAMAGTAG"":null,""EMERGENC"":""False"",""ETN"":""51"",""EXPIRED"":""202606220347"",""FCSTER"":""mw"",""GTYPE"":""P"",""HAILTAG"":""1.0"",""HV_CAUSE"":null,""HV_NWSLI"":null,""HV_REC"":null,""HV_SEV"":null,""INIT_EXP"":""202606220400"",""INIT_ISS"":""202606220326"",""ISSUED"":""202606220326"",""NWS_UGC"":null,""PHENOM"":""SV"",""POLY_BEG"":""202606220326"",""POLY_END"":""202606220347"",""PROD_ID"":""202606220326-KPUB-WUUS55-SVRPUB"",""SIG"":""W"",""STATUS"":""NEW"",""TORNTAG"":null,""UPDATED"":""202606220326"",""VTEC_YR"":""2026"",""WFO"":""PUB"",""WINDTAG"":""60.0""},""iem_significance"":""W"",""iem_tornadotag"":"""",""iem_ugc"":"""",""iem_wfo"":""PUB"",""iem_windtag"":""60.0"",""senderName"":""PUB"",""status"":""NEW""},""type"":""Feature""}",2026-04-27T17:31:58Z,2026-07-09T05:15:02Z,2026-07-09T18:49:04Z
3128,iem_watchwarn,iem_watchwarn|BOU|115|SV|W|2026-06-22T03:30:00Z|2026-06-22T04:00:00Z|,Severe Thunderstorm Warning,,2026-06-22T03:30:00Z,2026-06-22T04:00:00Z,BOU,NEW,1,"{""coordinates"":[[[-105.52,39.96],[-105.48,40.16],[-105.18,40.13],[-105.22,39.92],[-105.52,39.96]]],""type"":""Polygon""}","{""_map_py"":{""effective"":""2026-06-22T03:30:00Z"",""event"":""Severe Thunderstorm Warning"",""expires"":""2026-06-22T04:00:00Z"",""has_polygon"":true,""headline"":"""",""sender"":""BOU""},""effective"":""2026-06-22T03:30:00Z"",""event"":""Severe Thunderstorm Warning"",""expires"":""2026-06-22T04:00:00Z"",""headline"":"""",""iem_damagetag"":"""",""iem_emergency"":""False"",""iem_event_id"":""115"",""iem_forecaster"":""63"",""iem_gtype"":""P"",""iem_hailtag"":""1.0"",""iem_phenomena"":""SV"",""iem_raw_properties"":{""AREA_KM2"":""595.3737886871753"",""DAMAGTAG"":null,""EMERGENC"":""False"",""ETN"":""115"",""EXPIRED"":""202606220400"",""FCSTER"":""63"",""GTYPE"":""P"",""HAILTAG"":""1.0"",""HV_CAUSE"":null,""HV_NWSLI"":null,""HV_REC"":null,""HV_SEV"":null,""INIT_EXP"":""202606220400"",""INIT_ISS"":""202606220330"",""ISSUED"":""202606220330"",""NWS_UGC"":null,""PHENOM"":""SV"",""POLY_BEG"":""202606220330"",""POLY_END"":""202606220341"",""PROD_ID"":""202606220330-KBOU-WUUS55-SVRBOU"",""SIG"":""W"",""STATUS"":""NEW"",""TORNTAG"":null,""UPDATED"":""202606220330"",""VTEC_YR"":""2026"",""WFO"":""BOU"",""WINDTAG"":""50.0""},""iem_significance"":""W"",""iem_tornadotag"":"""",""iem_ugc"":"""",""iem_wfo"":""BOU"",""iem_windtag"":""50.0"",""senderName"":""BOU"",""status"":""NEW""}","{""geometry"":{""coordinates"":[[[-105.52,39.96],[-105.48,40.16],[-105.18,40.13],[-105.22,39.92],[-105.52,39.96]]],""type"":""Polygon""},""properties"":{""_map_py"":{""effective"":""2026-06-22T03:30:00Z"",""event"":""Severe Thunderstorm Warning"",""expires"":""2026-06-22T04:00:00Z"",""has_polygon"":true,""headline"":"""",""sender"":""BOU""},""effective"":""2026-06-22T03:30:00Z"",""event"":""Severe Thunderstorm Warning"",""expires"":""2026-06-22T04:00:00Z"",""headline"":"""",""iem_damagetag"":"""",""iem_emergency"":""False"",""iem_event_id"":""115"",""iem_forecaster"":""63"",""iem_gtype"":""P"",""iem_hailtag"":""1.0"",""iem_phenomena"":""SV"",""iem_raw_properties"":{""AREA_KM2"":""595.3737886871753"",""DAMAGTAG"":null,""EMERGENC"":""False"",""ETN"":""115"",""EXPIRED"":""202606220400"",""FCSTER"":""63"",""GTYPE"":""P"",""HAILTAG"":""1.0"",""HV_CAUSE"":null,""HV_NWSLI"":null,""HV_REC"":null,""HV_SEV"":null,""INIT_EXP"":""202606220400"",""INIT_ISS"":""202606220330"",""ISSUED"":""202606220330"",""NWS_UGC"":null,""PHENOM"":""SV"",""POLY_BEG"":""202606220330"",""POLY_END"":""202606220341"",""PROD_ID"":""202606220330-KBOU-WUUS55-SVRBOU"",""SIG"":""W"",""STATUS"":""NEW"",""TORNTAG"":null,""UPDATED"":""202606220330"",""VTEC_YR"":""2026"",""WFO"":""BOU"",""WINDTAG"":""50.0""},""iem_significance"":""W"",""iem_tornadotag"":"""",""iem_ugc"":"""",""iem_wfo"":""BOU"",""iem_windtag"":""50.0"",""senderName"":""BOU"",""status"":""NEW""},""type"":""Feature""}",2026-04-27T17:31:58Z,2026-07-09T05:15:02Z,2026-07-09T18:49:04Z
4001,iem_watchwarn,iem_watchwarn|OUN|606|SV|W|2026-06-22T03:30:00Z|2026-06-22T04:15:00Z|,Severe Thunderstorm Warning,,2026-06-22T03:30:00Z,2026-06-22T04:15:00Z,OUN,NEW,1,"{""coordinates"":[[[-99.46,37.0],[-99.45,36.76],[-99.55,36.72],[-100.0,36.83],[-100.0,37.0],[-99.46,37.0]]],""type"":""Polygon""}","{""_map_py"":{""effective"":""2026-06-22T03:30:00Z"",""event"":""Severe Thunderstorm Warning"",""expires"":""2026-06-22T04:15:00Z"",""has_polygon"":true,""headline"":"""",""sender"":""OUN""},""effective"":""2026-06-22T03:30:00Z"",""event"":""Severe Thunderstorm Warning"",""expires"":""2026-06-22T04:15:00Z"",""headline"":"""",""iem_damagetag"":""DESTRUCTIVE"",""iem_emergency"":""False"",""iem_event_id"":""606"",""iem_forecaster"":""Mahale"",""iem_gtype"":""P"",""iem_hailtag"":""1.5"",""iem_phenomena"":""SV"",""iem_raw_properties"":{""AREA_KM2"":""1247.000827968942"",""DAMAGTAG"":""DESTRUCTIVE"",""EMERGENC"":""False"",""ETN"":""606"",""EXPIRED"":""202606220415"",""FCSTER"":""Mahale"",""GTYPE"":""P"",""HAILTAG"":""1.5"",""HV_CAUSE"":null,""HV_NWSLI"":null,""HV_REC"":null,""HV_SEV"":null,""INIT_EXP"":""202606220415"",""INIT_ISS"":""202606220330"",""ISSUED"":""202606220330"",""NWS_UGC"":null,""PHENOM"":""SV"",""POLY_BEG"":""202606220330"",""POLY_END"":""202606220415"",""PROD_ID"":""202606220330-KOUN-WUUS54-SVROUN"",""SIG"":""W"",""STATUS"":""NEW"",""TORNTAG"":null,""UPDATED"":""202606220330"",""VTEC_YR"":""2026"",""WFO"":""OUN"",""WINDTAG"":""80.0""},""iem_significance"":""W"",""iem_tornadotag"":"""",""iem_ugc"":"""",""iem_wfo"":""OUN"",""iem_windtag"":""80.0"",""senderName"":""OUN"",""status"":""NEW""}","{""geometry"":{""coordinates"":[[[-99.46,37.0],[-99.45,36.76],[-99.55,36.72],[-100.0,36.83],[-100.0,37.0],[-99.46,37.0]]],""type"":""Polygon""},""properties"":{""_map_py"":{""effective"":""2026-06-22T03:30:00Z"",""event"":""Severe Thunderstorm Warning"",""expires"":""2026-06-22T04:15:00Z"",""has_polygon"":true,""headline"":"""",""sender"":""OUN""},""effective"":""2026-06-22T03:30:00Z"",""event"":""Severe Thunderstorm Warning"",""expires"":""2026-06-22T04:15:00Z"",""headline"":"""",""iem_damagetag"":""DESTRUCTIVE"",""iem_emergency"":""False"",""iem_event_id"":""606"",""iem_forecaster"":""Mahale"",""iem_gtype"":""P"",""iem_hailtag"":""1.5"",""iem_phenomena"":""SV"",""iem_raw_properties"":{""AREA_KM2"":""1247.000827968942"",""DAMAGTAG"":""DESTRUCTIVE"",""EMERGENC"":""False"",""ETN"":""606"",""EXPIRED"":""202606220415"",""FCSTER"":""Mahale"",""GTYPE"":""P"",""HAILTAG"":""1.5"",""HV_CAUSE"":null,""HV_NWSLI"":null,""HV_REC"":null,""HV_SEV"":null,""INIT_EXP"":""202606220415"",""INIT_ISS"":""202606220330"",""ISSUED"":""202606220330"",""NWS_UGC"":null,""PHENOM"":""SV"",""POLY_BEG"":""202606220330"",""POLY_END"":""202606220415"",""PROD_ID"":""202606220330-KOUN-WUUS54-SVROUN"",""SIG"":""W"",""STATUS"":""NEW"",""TORNTAG"":null,""UPDATED"":""202606220330"",""VTEC_YR"":""2026"",""WFO"":""OUN"",""WINDTAG"":""80.0""},""iem_significance"":""W"",""iem_tornadotag"":"""",""iem_ugc"":"""",""iem_wfo"":""OUN"",""iem_windtag"":""80.0"",""senderName"":""OUN"",""status"":""NEW""},""type"":""Feature""}",2026-04-27T17:31:58Z,2026-07-09T05:15:02Z,2026-07-09T18:49:04Z
190,iem_watchwarn,iem_watchwarn|PAH|65|TO|W|2026-06-22T03:30:00Z|2026-06-22T04:15:00Z|,Tornado Warning,,2026-06-22T03:30:00Z,2026-06-22T04:15:00Z,PAH,NEW,1,"{""coordinates"":[[[-87.5,38.03],[-87.49,38.1],[-87.11,38.11],[-87.15,37.95],[-87.5,38.03]]],""type"":""Polygon""}","{""_map_py"":{""effective"":""2026-06-22T03:30:00Z"",""event"":""Tornado Warning"",""expires"":""2026-06-22T04:15:00Z"",""has_polygon"":true,""headline"":"""",""sender"":""PAH""},""effective"":""2026-06-22T03:30:00Z"",""event"":""Tornado Warning"",""expires"":""2026-06-22T04:15:00Z"",""headline"":"""",""iem_damagetag"":"""",""iem_emergency"":""False"",""iem_event_id"":""65"",""iem_forecaster"":""SP"",""iem_gtype"":""P"",""iem_hailtag"":""0.75"",""iem_phenomena"":""TO"",""iem_raw_properties"":{""AREA_KM2"":""417.2547332033951"",""DAMAGTAG"":null,""EMERGENC"":""False"",""ETN"":""65"",""EXPIRED"":""202606220415"",""FCSTER"":""SP"",""GTYPE"":""P"",""HAILTAG"":""0.75"",""HV_CAUSE"":null,""HV_NWSLI"":null,""HV_REC"":null,""HV_SEV"":null,""INIT_EXP"":""202606220415"",""INIT_ISS"":""202606220330"",""ISSUED"":""202606220330"",""NWS_UGC"":null,""PHENOM"":""TO"",""POLY_BEG"":""202606220330"",""POLY_END"":""202606220339"",""PROD_ID"":""202606220330-KPAH-WFUS53-TORPAH"",""SIG"":""W"",""STATUS"":""NEW"",""TORNTAG"":""RADAR INDICATED"",""UPDATED"":""202606220330"",""VTEC_YR"":""2026"",""WFO"":""PAH"",""WINDTAG"":null},""iem_significance"":""W"",""iem_tornadotag"":""RADAR INDICATED"",""iem_ugc"":"""",""iem_wfo"":""PAH"",""iem_windtag"":"""",""senderName"":""PAH"",""status"":""NEW""}","{""geometry"":{""coordinates"":[[[-87.5,38.03],[-87.49,38.1],[-87.11,38.11],[-87.15,37.95],[-87.5,38.03]]],""type"":""Polygon""},""properties"":{""_map_py"":{""effective"":""2026-06-22T03:30:00Z"",""event"":""Tornado Warning"",""expires"":""2026-06-22T04:15:00Z"",""has_polygon"":true,""headline"":"""",""sender"":""PAH""},""effective"":""2026-06-22T03:30:00Z"",""event"":""Tornado Warning"",""expires"":""2026-06-22T04:15:00Z"",""headline"":"""",""iem_damagetag"":"""",""iem_emergency"":""False"",""iem_event_id"":""65"",""iem_forecaster"":""SP"",""iem_gtype"":""P"",""iem_hailtag"":""0.75"",""iem_phenomena"":""TO"",""iem_raw_properties"":{""AREA_KM2"":""417.2547332033951"",""DAMAGTAG"":null,""EMERGENC"":""False"",""ETN"":""65"",""EXPIRED"":""202606220415"",""FCSTER"":""SP"",""GTYPE"":""P"",""HAILTAG"":""0.75"",""HV_CAUSE"":null,""HV_NWSLI"":null,""HV_REC"":null,""HV_SEV"":null,""INIT_EXP"":""202606220415"",""INIT_ISS"":""202606220330"",""ISSUED"":""202606220330"",""NWS_UGC"":null,""PHENOM"":""TO"",""POLY_BEG"":""202606220330"",""POLY_END"":""202606220339"",""PROD_ID"":""202606220330-KPAH-WFUS53-TORPAH"",""SIG"":""W"",""STATUS"":""NEW"",""TORNTAG"":""RADAR INDICATED"",""UPDATED"":""202606220330"",""VTEC_YR"":""2026"",""WFO"":""PAH"",""WINDTAG"":null},""iem_significance"":""W"",""iem_tornadotag"":""RADAR INDICATED"",""iem_ugc"":"""",""iem_wfo"":""PAH"",""iem_windtag"":"""",""senderName"":""PAH"",""status"":""NEW""},""type"":""Feature""}",2026-04-27T17:31:58Z,2026-07-09T05:15:02Z,2026-07-09T18:49:04Z
2752,iem_watchwarn,iem_watchwarn|LMK|105|SV|W|2026-06-22T03:34:00Z|2026-06-22T04:00:00Z|,Severe Thunderstorm Warning,,2026-06-22T03:34:00Z,2026-06-22T04:00:00Z,LMK,NEW,1,"{""coordinates"":[[[-86.79,37.87],[-86.76,38.0],[-86.39,37.97],[-86.44,37.76],[-86.79,37.87]]],""type"":""Polygon""}","{""_map_py"":{""effective"":""2026-06-22T03:34:00Z"",""event"":""Severe Thunderstorm Warning"",""expires"":""2026-06-22T04:00:00Z"",""has_polygon"":true,""headline"":"""",""sender"":""LMK""},""effective"":""2026-06-22T03:34:00Z"",""event"":""Severe Thunderstorm Warning"",""expires"":""2026-06-22T04:00:00Z"",""headline"":"""",""iem_damagetag"":"""",""iem_emergency"":""False"",""iem_event_id"":""105"",""iem_forecaster"":""Webb"",""iem_gtype"":""P"",""iem_hailtag"":""0.75"",""iem_phenomena"":""SV"",""iem_raw_properties"":{""AREA_KM2"":""624.3532906069794"",""DAMAGTAG"":null,""EMERGENC"":""False"",""ETN"":""105"",""EXPIRED"":""202606220400"",""FCSTER"":""Webb"",""GTYPE"":""P"",""HAILTAG"":""0.75"",""HV_CAUSE"":null,""HV_NWSLI"":null,""HV_REC"":null,""HV_SEV"":null,""INIT_EXP"":""202606220400"",""INIT_ISS"":""202606220334"",""ISSUED"":""202606220334"",""NWS_UGC"":null,""PHENOM"":""SV"",""POLY_BEG"":""202606220334"",""POLY_END"":""202606220400"",""PROD_ID"":""202606220334-KLMK-WUUS53-SVRLMK"",""SIG"":""W"",""STATUS"":""NEW"",""TORNTAG"":""POSSIBLE"",""UPDATED"":""202606220334"",""VTEC_YR"":""2026"",""WFO"":""LMK"",""WINDTAG"":""60.0""},""iem_significance"":""W"",""iem_tornadotag"":""POSSIBLE"",""iem_ugc"":"""",""iem_wfo"":""LMK"",""iem_windtag"":""60.0"",""senderName"":""LMK"",""status"":""NEW""}","{""geometry"":{""coordinates"":[[[-86.79,37.87],[-86.76,38.0],[-86.39,37.97],[-86.44,37.76],[-86.79,37.87]]],""type"":""Polygon""},""properties"":{""_map_py"":{""effective"":""2026-06-22T03:34:00Z"",""event"":""Severe Thunderstorm Warning"",""expires"":""2026-06-22T04:00:00Z"",""has_polygon"":true,""headline"":"""",""sender"":""LMK""},""effective"":""2026-06-22T03:34:00Z"",""event"":""Severe Thunderstorm Warning"",""expires"":""2026-06-22T04:00:00Z"",""headline"":"""",""iem_damagetag"":"""",""iem_emergency"":""False"",""iem_event_id"":""105"",""iem_forecaster"":""Webb"",""iem_gtype"":""P"",""iem_hailtag"":""0.75"",""iem_phenomena"":""SV"",""iem_raw_properties"":{""AREA_KM2"":""624.3532906069794"",""DAMAGTAG"":null,""EMERGENC"":""False"",""ETN"":""105"",""EXPIRED"":""202606220400"",""FCSTER"":""Webb"",""GTYPE"":""P"",""HAILTAG"":""0.75"",""HV_CAUSE"":null,""HV_NWSLI"":null,""HV_REC"":null,""HV_SEV"":null,""INIT_EXP"":""202606220400"",""INIT_ISS"":""202606220334"",""ISSUED"":""202606220334"",""NWS_UGC"":null,""PHENOM"":""SV"",""POLY_BEG"":""202606220334"",""POLY_END"":""202606220400"",""PROD_ID"":""202606220334-KLMK-WUUS53-SVRLMK"",""SIG"":""W"",""STATUS"":""NEW"",""TORNTAG"":""POSSIBLE"",""UPDATED"":""202606220334"",""VTEC_YR"":""2026"",""WFO"":""LMK"",""WINDTAG"":""60.0""},""iem_significance"":""W"",""iem_tornadotag"":""POSSIBLE"",""iem_ugc"":"""",""iem_wfo"":""LMK"",""iem_windtag"":""60.0"",""senderName"":""LMK"",""status"":""NEW""},""type"":""Feature""}",2026-04-27T17:31:58Z,2026-07-09T05:15:02Z,2026-07-09T18:49:04Z
4299,iem_watchwarn,iem_watchwarn|ICT|330|SV|W|2026-06-22T03:36:00Z|2026-06-22T04:45:00Z|,Severe Thunderstorm Warning,,2026-06-22T03:36:00Z,2026-06-22T04:45:00Z,ICT,NEW,1,"{""coordinates"":[[[-98.35,37.0],[-98.35,37.29],[-97.99,37.39],[-97.8,37.38],[-97.8,37.0],[-98.35,37.0]]],""type"":""Polygon""}","{""_map_py"":{""effective"":""2026-06-22T03:36:00Z"",""event"":""Severe Thunderstorm Warning"",""expires"":""2026-06-22T04:45:00Z"",""has_polygon"":true,""headline"":"""",""sender"":""ICT""},""effective"":""2026-06-22T03:36:00Z"",""event"":""Severe Thunderstorm Warning"",""expires"":""2026-06-22T04:45:00Z"",""headline"":"""",""iem_damagetag"":"""",""iem_emergency"":""False"",""iem_event_id"":""330"",""iem_forecaster"":""WI"",""iem_gtype"":""P"",""iem_hailtag"":""1.0"",""iem_phenomena"":""SV"",""iem_raw_properties"":{""AREA_KM2"":""1925.566623989616"",""DAMAGTAG"":null,""EMERGENC"":""False"",""ETN"":""330"",""EXPIRED"":""202606220445"",""FCSTER"":""WI"",""GTYPE"":""P"",""HAILTAG"":""1.0"",""HV_CAUSE"":null,""HV_NWSLI"":null,""HV_REC"":null,""HV_SEV"":null,""INIT_EXP"":""202606220445"",""INIT_ISS"":""202606220336"",""ISSUED"":""202606220336"",""NWS_UGC"":null,""PHENOM"":""SV"",""POLY_BEG"":""202606220336"",""POLY_END"":""202606220344"",""PROD_ID"":""202606220336-KICT-WUUS53-SVRICT"",""SIG"":""W"",""STATUS"":""NEW"",""TORNTAG"":null,""UPDATED"":""202606220336"",""VTEC_YR"":""2026"",""WFO"":""ICT"",""WINDTAG"":""60.0""},""iem_significance"":""W"",""iem_tornadotag"":"""",""iem_ugc"":"""",""iem_wfo"":""ICT"",""iem_windtag"":""60.0"",""senderName"":""ICT"",""status"":""NEW""}","{""geometry"":{""coordinates"":[[[-98.35,37.0],[-98.35,37.29],[-97.99,37.39],[-97.8,37.38],[-97.8,37.0],[-98.35,37.0]]],""type"":""Polygon""},""properties"":{""_map_py"":{""effective"":""2026-06-22T03:36:00Z"",""event"":""Severe Thunderstorm Warning"",""expires"":""2026-06-22T04:45:00Z"",""has_polygon"":true,""headline"":"""",""sender"":""ICT""},""effective"":""2026-06-22T03:36:00Z"",""event"":""Severe Thunderstorm Warning"",""expires"":""2026-06-22T04:45:00Z"",""headline"":"""",""iem_damagetag"":"""",""iem_emergency"":""False"",""iem_event_id"":""330"",""iem_forecaster"":""WI"",""iem_gtype"":""P"",""iem_hailtag"":""1.0"",""iem_phenomena"":""SV"",""iem_raw_properties"":{""AREA_KM2"":""1925.566623989616"",""DAMAGTAG"":null,""EMERGENC"":""False"",""ETN"":""330"",""EXPIRED"":""202606220445"",""FCSTER"":""WI"",""GTYPE"":""P"",""HAILTAG"":""1.0"",""HV_CAUSE"":null,""HV_NWSLI"":null,""HV_REC"":null,""HV_SEV"":null,""INIT_EXP"":""202606220445"",""INIT_ISS"":""202606220336"",""ISSUED"":""202606220336"",""NWS_UGC"":null,""PHENOM"":""SV"",""POLY_BEG"":""202606220336"",""POLY_END"":""202606220344"",""PROD_ID"":""202606220336-KICT-WUUS53-SVRICT"",""SIG"":""W"",""STATUS"":""NEW"",""TORNTAG"":null,""UPDATED"":""202606220336"",""VTEC_YR"":""2026"",""WFO"":""ICT"",""WINDTAG"":""60.0""},""iem_significance"":""W"",""iem_tornadotag"":"""",""iem_ugc"":"""",""iem_wfo"":""ICT"",""iem_windtag"":""60.0"",""senderName"":""ICT"",""status"":""NEW""},""type"":""Feature""}",2026-04-27T17:31:58Z,2026-07-09T05:15:02Z,2026-07-09T18:49:04Z
175,iem_watchwarn,iem_watchwarn|DDC|169|SV|W|2026-06-22T03:42:00Z|2026-06-22T04:30:00Z|,Severe Thunderstorm Warning,,2026-06-22T03:42:00Z,2026-06-22T04:30:00Z,DDC,NEW,1,"{""coordinates"":[[[-99.0,37.0],[-99.0,37.33],[-98.35,37.38],[-98.35,37.0],[-99.0,37.0]]],""type"":""Polygon""}","{""_map_py"":{""effective"":""2026-06-22T03:42:00Z"",""event"":""Severe Thunderstorm Warning"",""expires"":""2026-06-22T04:30:00Z"",""has_polygon"":true,""headline"":"""",""sender"":""DDC""},""effective"":""2026-06-22T03:42:00Z"",""event"":""Severe Thunderstorm Warning"",""expires"":""2026-06-22T04:30:00Z"",""headline"":"""",""iem_damagetag"":"""",""iem_emergency"":""False"",""iem_event_id"":""169"",""iem_forecaster"":""UMSCHEID"",""iem_gtype"":""P"",""iem_hailtag"":""1.0"",""iem_phenomena"":""SV"",""iem_raw_properties"":{""AREA_KM2"":""2273.199681643741"",""DAMAGTAG"":null,""EMERGENC"":""False"",""ETN"":""169"",""EXPIRED"":""202606220430"",""FCSTER"":""UMSCHEID"",""GTYPE"":""P"",""HAILTAG"":""1.0"",""HV_CAUSE"":null,""HV_NWSLI"":null,""HV_REC"":null,""HV_SEV"":null,""INIT_EXP"":""202606220430"",""INIT_ISS"":""202606220342"",""ISSUED"":""202606220342"",""NWS_UGC"":null,""PHENOM"":""SV"",""POLY_BEG"":""202606220342"",""POLY_END"":""202606220417"",""PROD_ID"":""202606220342-KDDC-WUUS53-SVRDDC"",""SIG"":""W"",""STATUS"":""NEW"",""TORNTAG"":null,""UPDATED"":""202606220342"",""VTEC_YR"":""2026"",""WFO"":""DDC"",""WINDTAG"":""60.0""},""iem_significance"":""W"",""iem_tornadotag"":"""",""iem_ugc"":"""",""iem_wfo"":""DDC"",""iem_windtag"":""60.0"",""senderName"":""DDC"",""status"":""NEW""}","{""geometry"":{""coordinates"":[[[-99.0,37.0],[-99.0,37.33],[-98.35,37.38],[-98.35,37.0],[-99.0,37.0]]],""type"":""Polygon""},""properties"":{""_map_py"":{""effective"":""2026-06-22T03:42:00Z"",""event"":""Severe Thunderstorm Warning"",""expires"":""2026-06-22T04:30:00Z"",""has_polygon"":true,""headline"":"""",""sender"":""DDC""},""effective"":""2026-06-22T03:42:00Z"",""event"":""Severe Thunderstorm Warning"",""expires"":""2026-06-22T04:30:00Z"",""headline"":"""",""iem_damagetag"":"""",""iem_emergency"":""False"",""iem_event_id"":""169"",""iem_forecaster"":""UMSCHEID"",""iem_gtype"":""P"",""iem_hailtag"":""1.0"",""iem_phenomena"":""SV"",""iem_raw_properties"":{""AREA_KM2"":""2273.199681643741"",""DAMAGTAG"":null,""EMERGENC"":""False"",""ETN"":""169"",""EXPIRED"":""202606220430"",""FCSTER"":""UMSCHEID"",""GTYPE"":""P"",""HAILTAG"":""1.0"",""HV_CAUSE"":null,""HV_NWSLI"":null,""HV_REC"":null,""HV_SEV"":null,""INIT_EXP"":""202606220430"",""INIT_ISS"":""202606220342"",""ISSUED"":""202606220342"",""NWS_UGC"":null,""PHENOM"":""SV"",""POLY_BEG"":""202606220342"",""POLY_END"":""202606220417"",""PROD_ID"":""202606220342-KDDC-WUUS53-SVRDDC"",""SIG"":""W"",""STATUS"":""NEW"",""TORNTAG"":null,""UPDATED"":""202606220342"",""VTEC_YR"":""2026"",""WFO"":""DDC"",""WINDTAG"":""60.0""},""iem_significance"":""W"",""iem_tornadotag"":"""",""iem_ugc"":"""",""iem_wfo"":""DDC"",""iem_windtag"":""60.0"",""senderName"":""DDC"",""status"":""NEW""},""type"":""Feature""}",2026-04-27T17:31:58Z,2026-07-09T05:15:02Z,2026-07-09T18:49:04Z
10761,iem_watchwarn,iem_watchwarn|LMK|106|SV|W|2026-06-22T03:43:00Z|2026-06-22T04:15:00Z|,Severe Thunderstorm Warning,,2026-06-22T03:43:00Z,2026-06-22T04:15:00Z,LMK,NEW,1,"{""coordinates"":[[[-85.52,37.97],[-85.53,37.96],[-85.52,37.96],[-85.58,37.91],[-85.58,37.88],[-85.61,37.87],[-85.61,37.86],[-85.66,37.83],[-85.72,37.81],[-85.74,37.81],[-85.74,37.79],[-85.75,37.78],[-85.98,37.93],[-85.9,38.03],[-85.88,38.04],[-85.81,38.06],[-85.52,37.97]]],""type"":""Polygon""}","{""_map_py"":{""effective"":""2026-06-22T03:43:00Z"",""event"":""Severe Thunderstorm Warning"",""expires"":""2026-06-22T04:15:00Z"",""has_polygon"":true,""headline"":"""",""sender"":""LMK""},""effective"":""2026-06-22T03:43:00Z"",""event"":""Severe Thunderstorm Warning"",""expires"":""2026-06-22T04:15:00Z"",""headline"":"""",""iem_damagetag"":"""",""iem_emergency"":""False"",""iem_event_id"":""106"",""iem_forecaster"":""Padgett"",""iem_gtype"":""P"",""iem_hailtag"":""0.75"",""iem_phenomena"":""SV"",""iem_raw_properties"":{""AREA_KM2"":""706.0990869346905"",""DAMAGTAG"":null,""EMERGENC"":""False"",""ETN"":""106"",""EXPIRED"":""202606220415"",""FCSTER"":""Padgett"",""GTYPE"":""P"",""HAILTAG"":""0.75"",""HV_CAUSE"":null,""HV_NWSLI"":null,""HV_REC"":null,""HV_SEV"":null,""INIT_EXP"":""202606220415"",""INIT_ISS"":""202606220343"",""ISSUED"":""202606220343"",""NWS_UGC"":null,""PHENOM"":""SV"",""POLY_BEG"":""202606220343"",""POLY_END"":""202606220402"",""PROD_ID"":""202606220343-KLMK-WUUS53-SVRLMK"",""SIG"":""W"",""STATUS"":""NEW"",""TORNTAG"":null,""UPDATED"":""202606220343"",""VTEC_YR"":""2026"",""WFO"":""LMK"",""WINDTAG"":""60.0""},""iem_significance"":""W"",""iem_tornadotag"":"""",""iem_ugc"":"""",""iem_wfo"":""LMK"",""iem_windtag"":""60.0"",""senderName"":""LMK"",""status"":""NEW""}","{""geometry"":{""coordinates"":[[[-85.52,37.97],[-85.53,37.96],[-85.52,37.96],[-85.58,37.91],[-85.58,37.88],[-85.61,37.87],[-85.61,37.86],[-85.66,37.83],[-85.72,37.81],[-85.74,37.81],[-85.74,37.79],[-85.75,37.78],[-85.98,37.93],[-85.9,38.03],[-85.88,38.04],[-85.81,38.06],[-85.52,37.97]]],""type"":""Polygon""},""properties"":{""_map_py"":{""effective"":""2026-06-22T03:43:00Z"",""event"":""Severe Thunderstorm Warning"",""expires"":""2026-06-22T04:15:00Z"",""has_polygon"":true,""headline"":"""",""sender"":""LMK""},""effective"":""2026-06-22T03:43:00Z"",""event"":""Severe Thunderstorm Warning"",""expires"":""2026-06-22T04:15:00Z"",""headline"":"""",""iem_damagetag"":"""",""iem_emergency"":""False"",""iem_event_id"":""106"",""iem_forecaster"":""Padgett"",""iem_gtype"":""P"",""iem_hailtag"":""0.75"",""iem_phenomena"":""SV"",""iem_raw_properties"":{""AREA_KM2"":""706.0990869346905"",""DAMAGTAG"":null,""EMERGENC"":""False"",""ETN"":""106"",""EXPIRED"":""202606220415"",""FCSTER"":""Padgett"",""GTYPE"":""P"",""HAILTAG"":""0.75"",""HV_CAUSE"":null,""HV_NWSLI"":null,""HV_REC"":null,""HV_SEV"":null,""INIT_EXP"":""202606220415"",""INIT_ISS"":""202606220343"",""ISSUED"":""202606220343"",""NWS_UGC"":null,""PHENOM"":""SV"",""POLY_BEG"":""202606220343"",""POLY_END"":""202606220402"",""PROD_ID"":""202606220343-KLMK-WUUS53-SVRLMK"",""SIG"":""W"",""STATUS"":""NEW"",""TORNTAG"":null,""UPDATED"":""202606220343"",""VTEC_YR"":""2026"",""WFO"":""LMK"",""WINDTAG"":""60.0""},""iem_significance"":""W"",""iem_tornadotag"":"""",""iem_ugc"":"""",""iem_wfo"":""LMK"",""iem_windtag"":""60.0"",""senderName"":""LMK"",""status"":""NEW""},""type"":""Feature""}",2026-04-27T17:31:58Z,2026-07-09T05:15:02Z,2026-07-09T18:49:04Z
7094,iem_watchwarn,iem_watchwarn|OUN|607|SV|W|2026-06-22T03:53:00Z|2026-06-22T05:00:00Z|,Severe Thunderstorm Warning,,2026-06-22T03:53:00Z,2026-06-22T05:00:00Z,OUN,NEW,1,"{""coordinates"":[[[-99.19,37.0],[-99.27,36.57],[-99.82,36.44],[-100.0,36.56],[-100.01,36.72],[-99.82,36.86],[-99.71,37.0],[-99.19,37.0]]],""type"":""Polygon""}","{""_map_py"":{""effective"":""2026-06-22T03:53:00Z"",""event"":""Severe Thunderstorm Warning"",""expires"":""2026-06-22T05:00:00Z"",""has_polygon"":true,""headline"":"""",""sender"":""OUN""},""effective"":""2026-06-22T03:53:00Z"",""event"":""Severe Thunderstorm Warning"",""expires"":""2026-06-22T05:00:00Z"",""headline"":"""",""iem_damagetag"":""CONSIDERABLE"",""iem_emergency"":""False"",""iem_event_id"":""607"",""iem_forecaster"":""Mahale"",""iem_gtype"":""P"",""iem_hailtag"":""1.0"",""iem_phenomena"":""SV"",""iem_raw_properties"":{""AREA_KM2"":""3323.1726777356557"",""DAMAGTAG"":""CONSIDERABLE"",""EMERGENC"":""False"",""ETN"":""607"",""EXPIRED"":""202606220500"",""FCSTER"":""Mahale"",""GTYPE"":""P"",""HAILTAG"":""1.0"",""HV_CAUSE"":null,""HV_NWSLI"":null,""HV_REC"":null,""HV_SEV"":null,""INIT_EXP"":""202606220500"",""INIT_ISS"":""202606220353"",""ISSUED"":""202606220353"",""NWS_UGC"":null,""PHENOM"":""SV"",""POLY_BEG"":""202606220353"",""POLY_END"":""202606220500"",""PROD_ID"":""202606220353-KOUN-WUUS54-SVROUN"",""SIG"":""W"",""STATUS"":""NEW"",""TORNTAG"":null,""UPDATED"":""202606220353"",""VTEC_YR"":""2026"",""WFO"":""OUN"",""WINDTAG"":""70.0""},""iem_significance"":""W"",""iem_tornadotag"":"""",""iem_ugc"":"""",""iem_wfo"":""OUN"",""iem_windtag"":""70.0"",""senderName"":""OUN"",""status"":""NEW""}","{""geometry"":{""coordinates"":[[[-99.19,37.0],[-99.27,36.57],[-99.82,36.44],[-100.0,36.56],[-100.01,36.72],[-99.82,36.86],[-99.71,37.0],[-99.19,37.0]]],""type"":""Polygon""},""properties"":{""_map_py"":{""effective"":""2026-06-22T03:53:00Z"",""event"":""Severe Thunderstorm Warning"",""expires"":""2026-06-22T05:00:00Z"",""has_polygon"":true,""headline"":"""",""sender"":""OUN""},""effective"":""2026-06-22T03:53:00Z"",""event"":""Severe Thunderstorm Warning"",""expires"":""2026-06-22T05:00:00Z"",""headline"":"""",""iem_damagetag"":""CONSIDERABLE"",""iem_emergency"":""False"",""iem_event_id"":""607"",""iem_forecaster"":""Mahale"",""iem_gtype"":""P"",""iem_hailtag"":""1.0"",""iem_phenomena"":""SV"",""iem_raw_properties"":{""AREA_KM2"":""3323.1726777356557"",""DAMAGTAG"":""CONSIDERABLE"",""EMERGENC"":""False"",""ETN"":""607"",""EXPIRED"":""202606220500"",""FCSTER"":""Mahale"",""GTYPE"":""P"",""HAILTAG"":""1.0"",""HV_CAUSE"":null,""HV_NWSLI"":null,""HV_REC"":null,""HV_SEV"":null,""INIT_EXP"":""202606220500"",""INIT_ISS"":""202606220353"",""ISSUED"":""202606220353"",""NWS_UGC"":null,""PHENOM"":""SV"",""POLY_BEG"":""202606220353"",""POLY_END"":""202606220500"",""PROD_ID"":""202606220353-KOUN-WUUS54-SVROUN"",""SIG"":""W"",""STATUS"":""NEW"",""TORNTAG"":null,""UPDATED"":""202606220353"",""VTEC_YR"":""2026"",""WFO"":""OUN"",""WINDTAG"":""70.0""},""iem_significance"":""W"",""iem_tornadotag"":"""",""iem_ugc"":"""",""iem_wfo"":""OUN"",""iem_windtag"":""70.0"",""senderName"":""OUN"",""status"":""NEW""},""type"":""Feature""}",2026-04-27T17:31:58Z,2026-07-09T05:15:02Z,2026-07-09T18:49:04Z
3453,iem_watchwarn,iem_watchwarn|AMA|142|SV|W|2026-06-22T03:54:00Z|2026-06-22T04:45:00Z|,Severe Thunderstorm Warning,,2026-06-22T03:54:00Z,2026-06-22T04:45:00Z,AMA,NEW,1,"{""coordinates"":[[[-100.0,36.16],[-100.02,36.16],[-100.46,36.51],[-100.63,36.84],[-100.0,36.84],[-100.0,36.16]]],""type"":""Polygon""}","{""_map_py"":{""effective"":""2026-06-22T03:54:00Z"",""event"":""Severe Thunderstorm Warning"",""expires"":""2026-06-22T04:45:00Z"",""has_polygon"":true,""headline"":"""",""sender"":""AMA""},""effective"":""2026-06-22T03:54:00Z"",""event"":""Severe Thunderstorm Warning"",""expires"":""2026-06-22T04:45:00Z"",""headline"":"""",""iem_damagetag"":"""",""iem_emergency"":""False"",""iem_event_id"":""142"",""iem_forecaster"":""COR"",""iem_gtype"":""P"",""iem_hailtag"":""1.0"",""iem_phenomena"":""SV"",""iem_raw_properties"":{""AREA_KM2"":""2618.9439316751927"",""DAMAGTAG"":null,""EMERGENC"":""False"",""ETN"":""142"",""EXPIRED"":""202606220445"",""FCSTER"":""COR"",""GTYPE"":""P"",""HAILTAG"":""1.0"",""HV_CAUSE"":null,""HV_NWSLI"":null,""HV_REC"":null,""HV_SEV"":null,""INIT_EXP"":""202606220445"",""INIT_ISS"":""202606220354"",""ISSUED"":""202606220354"",""NWS_UGC"":null,""PHENOM"":""SV"",""POLY_BEG"":""202606220354"",""POLY_END"":""202606220409"",""PROD_ID"":""202606220354-KAMA-WUUS54-SVRAMA"",""SIG"":""W"",""STATUS"":""NEW"",""TORNTAG"":null,""UPDATED"":""202606220354"",""VTEC_YR"":""2026"",""WFO"":""AMA"",""WINDTAG"":""60.0""},""iem_significance"":""W"",""iem_tornadotag"":"""",""iem_ugc"":"""",""iem_wfo"":""AMA"",""iem_windtag"":""60.0"",""senderName"":""AMA"",""status"":""NEW""}","{""geometry"":{""coordinates"":[[[-100.0,36.16],[-100.02,36.16],[-100.46,36.51],[-100.63,36.84],[-100.0,36.84],[-100.0,36.16]]],""type"":""Polygon""},""properties"":{""_map_py"":{""effective"":""2026-06-22T03:54:00Z"",""event"":""Severe Thunderstorm Warning"",""expires"":""2026-06-22T04:45:00Z"",""has_polygon"":true,""headline"":"""",""sender"":""AMA""},""effective"":""2026-06-22T03:54:00Z"",""event"":""Severe Thunderstorm Warning"",""expires"":""2026-06-22T04:45:00Z"",""headline"":"""",""iem_damagetag"":"""",""iem_emergency"":""False"",""iem_event_id"":""142"",""iem_forecaster"":""COR"",""iem_gtype"":""P"",""iem_hailtag"":""1.0"",""iem_phenomena"":""SV"",""iem_raw_properties"":{""AREA_KM2"":""2618.9439316751927"",""DAMAGTAG"":null,""EMERGENC"":""False"",""ETN"":""142"",""EXPIRED"":""202606220445"",""FCSTER"":""COR"",""GTYPE"":""P"",""HAILTAG"":""1.0"",""HV_CAUSE"":null,""HV_NWSLI"":null,""HV_REC"":null,""HV_SEV"":null,""INIT_EXP"":""202606220445"",""INIT_ISS"":""202606220354"",""ISSUED"":""202606220354"",""NWS_UGC"":null,""PHENOM"":""SV"",""POLY_BEG"":""202606220354"",""POLY_END"":""202606220409"",""PROD_ID"":""202606220354-KAMA-WUUS54-SVRAMA"",""SIG"":""W"",""STATUS"":""NEW"",""TORNTAG"":null,""UPDATED"":""202606220354"",""VTEC_YR"":""2026"",""WFO"":""AMA"",""WINDTAG"":""60.0""},""iem_significance"":""W"",""iem_tornadotag"":"""",""iem_ugc"":"""",""iem_wfo"":""AMA"",""iem_windtag"":""60.0"",""senderName"":""AMA"",""status"":""NEW""},""type"":""Feature""}",2026-04-27T17:31:58Z,2026-07-09T05:15:02Z,2026-07-09T18:49:04Z
1579,iem_watchwarn,iem_watchwarn|LMK|107|SV|W|2026-06-22T03:58:00Z|2026-06-22T04:45:00Z|,Severe Thunderstorm Warning,,2026-06-22T03:58:00Z,2026-06-22T04:45:00Z,LMK,NEW,1,"{""coordinates"":[[[-86.6,37.85],[-86.56,38.01],[-86.14,37.98],[-86.18,37.75],[-86.6,37.85]]],""type"":""Polygon""}","{""_map_py"":{""effective"":""2026-06-22T03:58:00Z"",""event"":""Severe Thunderstorm Warning"",""expires"":""2026-06-22T04:45:00Z"",""has_polygon"":true,""headline"":"""",""sender"":""LMK""},""effective"":""2026-06-22T03:58:00Z"",""event"":""Severe Thunderstorm Warning"",""expires"":""2026-06-22T04:45:00Z"",""headline"":"""",""iem_damagetag"":"""",""iem_emergency"":""False"",""iem_event_id"":""107"",""iem_forecaster"":""Webb"",""iem_gtype"":""P"",""iem_hailtag"":""1.0"",""iem_phenomena"":""SV"",""iem_raw_properties"":{""AREA_KM2"":""824.3464967867594"",""DAMAGTAG"":null,""EMERGENC"":""False"",""ETN"":""107"",""EXPIRED"":""202606220445"",""FCSTER"":""Webb"",""GTYPE"":""P"",""HAILTAG"":""1.0"",""HV_CAUSE"":null,""HV_NWSLI"":null,""HV_REC"":null,""HV_SEV"":null,""INIT_EXP"":""202606220445"",""INIT_ISS"":""202606220358"",""ISSUED"":""202606220358"",""NWS_UGC"":null,""PHENOM"":""SV"",""POLY_BEG"":""202606220358"",""POLY_END"":""202606220428"",""PROD_ID"":""202606220358-KLMK-WUUS53-SVRLMK"",""SIG"":""W"",""STATUS"":""NEW"",""TORNTAG"":""POSSIBLE"",""UPDATED"":""202606220358"",""VTEC_YR"":""2026"",""WFO"":""LMK"",""WINDTAG"":""60.0""},""iem_significance"":""W"",""iem_tornadotag"":""POSSIBLE"",""iem_ugc"":"""",""iem_wfo"":""LMK"",""iem_windtag"":""60.0"",""senderName"":""LMK"",""status"":""NEW""}","{""geometry"":{""coordinates"":[[[-86.6,37.85],[-86.56,38.01],[-86.14,37.98],[-86.18,37.75],[-86.6,37.85]]],""type"":""Polygon""},""properties"":{""_map_py"":{""effective"":""2026-06-22T03:58:00Z"",""event"":""Severe Thunderstorm Warning"",""expires"":""2026-06-22T04:45:00Z"",""has_polygon"":true,""headline"":"""",""sender"":""LMK""},""effective"":""2026-06-22T03:58:00Z"",""event"":""Severe Thunderstorm Warning"",""expires"":""2026-06-22T04:45:00Z"",""headline"":"""",""iem_damagetag"":"""",""iem_emergency"":""False"",""iem_event_id"":""107"",""iem_forecaster"":""Webb"",""iem_gtype"":""P"",""iem_hailtag"":""1.0"",""iem_phenomena"":""SV"",""iem_raw_properties"":{""AREA_KM2"":""824.3464967867594"",""DAMAGTAG"":null,""EMERGENC"":""False"",""ETN"":""107"",""EXPIRED"":""202606220445"",""FCSTER"":""Webb"",""GTYPE"":""P"",""HAILTAG"":""1.0"",""HV_CAUSE"":null,""HV_NWSLI"":null,""HV_REC"":null,""HV_SEV"":null,""INIT_EXP"":""202606220445"",""INIT_ISS"":""202606220358"",""ISSUED"":""202606220358"",""NWS_UGC"":null,""PHENOM"":""SV"",""POLY_BEG"":""202606220358"",""POLY_END"":""202606220428"",""PROD_ID"":""202606220358-KLMK-WUUS53-SVRLMK"",""SIG"":""W"",""STATUS"":""NEW"",""TORNTAG"":""POSSIBLE"",""UPDATED"":""202606220358"",""VTEC_YR"":""2026"",""WFO"":""LMK"",""WINDTAG"":""60.0""},""iem_significance"":""W"",""iem_tornadotag"":""POSSIBLE"",""iem_ugc"":"""",""iem_wfo"":""LMK"",""iem_windtag"":""60.0"",""senderName"":""LMK"",""status"":""NEW""},""type"":""Feature""}",2026-04-27T17:31:58Z,2026-07-09T05:15:02Z,2026-07-09T18:49:04Z
1466,iem_watchwarn,iem_watchwarn|DDC|170|SV|W|2026-06-22T03:59:00Z|2026-06-22T04:30:00Z|,Severe Thunderstorm Warning,,2026-06-22T03:59:00Z,2026-06-22T04:30:00Z,DDC,NEW,1,"{""coordinates"":[[[-99.69,37.0],[-99.51,37.24],[-99.0,37.31],[-99.0,37.0],[-99.69,37.0]]],""type"":""Polygon""}","{""_map_py"":{""effective"":""2026-06-22T03:59:00Z"",""event"":""Severe Thunderstorm Warning"",""expires"":""2026-06-22T04:30:00Z"",""has_polygon"":true,""headline"":"""",""sender"":""DDC""},""effective"":""2026-06-22T03:59:00Z"",""event"":""Severe Thunderstorm Warning"",""expires"":""2026-06-22T04:30:00Z"",""headline"":"""",""iem_damagetag"":""CONSIDERABLE"",""iem_emergency"":""False"",""iem_event_id"":""170"",""iem_forecaster"":""UMSCHEID"",""iem_gtype"":""P"",""iem_hailtag"":""0.88"",""iem_phenomena"":""SV"",""iem_raw_properties"":{""AREA_KM2"":""1594.2261953972015"",""DAMAGTAG"":""CONSIDERABLE"",""EMERGENC"":""False"",""ETN"":""170"",""EXPIRED"":""202606220430"",""FCSTER"":""UMSCHEID"",""GTYPE"":""P"",""HAILTAG"":""0.88"",""HV_CAUSE"":null,""HV_NWSLI"":null,""HV_REC"":null,""HV_SEV"":null,""INIT_EXP"":""202606220430"",""INIT_ISS"":""202606220359"",""ISSUED"":""202606220359"",""NWS_UGC"":null,""PHENOM"":""SV"",""POLY_BEG"":""202606220359"",""POLY_END"":""202606220416"",""PROD_ID"":""202606220359-KDDC-WUUS53-SVRDDC"",""SIG"":""W"",""STATUS"":""NEW"",""TORNTAG"":null,""UPDATED"":""202606220359"",""VTEC_YR"":""2026"",""WFO"":""DDC"",""WINDTAG"":""70.0""},""iem_significance"":""W"",""iem_tornadotag"":"""",""iem_ugc"":"""",""iem_wfo"":""DDC"",""iem_windtag"":""70.0"",""senderName"":""DDC"",""status"":""NEW""}","{""geometry"":{""coordinates"":[[[-99.69,37.0],[-99.51,37.24],[-99.0,37.31],[-99.0,37.0],[-99.69,37.0]]],""type"":""Polygon""},""properties"":{""_map_py"":{""effective"":""2026-06-22T03:59:00Z"",""event"":""Severe Thunderstorm Warning"",""expires"":""2026-06-22T04:30:00Z"",""has_polygon"":true,""headline"":"""",""sender"":""DDC""},""effective"":""2026-06-22T03:59:00Z"",""event"":""Severe Thunderstorm Warning"",""expires"":""2026-06-22T04:30:00Z"",""headline"":"""",""iem_damagetag"":""CONSIDERABLE"",""iem_emergency"":""False"",""iem_event_id"":""170"",""iem_forecaster"":""UMSCHEID"",""iem_gtype"":""P"",""iem_hailtag"":""0.88"",""iem_phenomena"":""SV"",""iem_raw_properties"":{""AREA_KM2"":""1594.2261953972015"",""DAMAGTAG"":""CONSIDERABLE"",""EMERGENC"":""False"",""ETN"":""170"",""EXPIRED"":""202606220430"",""FCSTER"":""UMSCHEID"",""GTYPE"":""P"",""HAILTAG"":""0.88"",""HV_CAUSE"":null,""HV_NWSLI"":null,""HV_REC"":null,""HV_SEV"":null,""INIT_EXP"":""202606220430"",""INIT_ISS"":""202606220359"",""ISSUED"":""202606220359"",""NWS_UGC"":null,""PHENOM"":""SV"",""POLY_BEG"":""202606220359"",""POLY_END"":""202606220416"",""PROD_ID"":""202606220359-KDDC-WUUS53-SVRDDC"",""SIG"":""W"",""STATUS"":""NEW"",""TORNTAG"":null,""UPDATED"":""202606220359"",""VTEC_YR"":""2026"",""WFO"":""DDC"",""WINDTAG"":""70.0""},""iem_significance"":""W"",""iem_tornadotag"":"""",""iem_ugc"":"""",""iem_wfo"":""DDC"",""iem_windtag"":""70.0"",""senderName"":""DDC"",""status"":""NEW""},""type"":""Feature""}",2026-04-27T17:31:58Z,2026-07-09T05:15:02Z,2026-07-09T18:49:04Z
3532,iem_watchwarn,iem_watchwarn|PUB|52|SV|W|2026-06-22T04:01:00Z|2026-06-22T04:30:00Z|,Severe Thunderstorm Warning,,2026-06-22T04:01:00Z,2026-06-22T04:30:00Z,PUB,NEW,1,"{""coordinates"":[[[-103.0,38.08],[-102.89,38.22],[-102.67,38.12],[-102.71,38.01],[-102.79,37.95],[-103.0,38.08]]],""type"":""Polygon""}","{""_map_py"":{""effective"":""2026-06-22T04:01:00Z"",""event"":""Severe Thunderstorm Warning"",""expires"":""2026-06-22T04:30:00Z"",""has_polygon"":true,""headline"":"""",""sender"":""PUB""},""effective"":""2026-06-22T04:01:00Z"",""event"":""Severe Thunderstorm Warning"",""expires"":""2026-06-22T04:30:00Z"",""headline"":"""",""iem_damagetag"":"""",""iem_emergency"":""False"",""iem_event_id"":""52"",""iem_forecaster"":""mw"",""iem_gtype"":""P"",""iem_hailtag"":""1.0"",""iem_phenomena"":""SV"",""iem_raw_properties"":{""AREA_KM2"":""484.16134909081995"",""DAMAGTAG"":null,""EMERGENC"":""False"",""ETN"":""52"",""EXPIRED"":""202606220430"",""FCSTER"":""mw"",""GTYPE"":""P"",""HAILTAG"":""1.0"",""HV_CAUSE"":null,""HV_NWSLI"":null,""HV_REC"":null,""HV_SEV"":null,""INIT_EXP"":""202606220430"",""INIT_ISS"":""202606220401"",""ISSUED"":""202606220401"",""NWS_UGC"":null,""PHENOM"":""SV"",""POLY_BEG"":""202606220401"",""POLY_END"":""202606220416"",""PROD_ID"":""202606220401-KPUB-WUUS55-SVRPUB"",""SIG"":""W"",""STATUS"":""NEW"",""TORNTAG"":null,""UPDATED"":""202606220401"",""VTEC_YR"":""2026"",""WFO"":""PUB"",""WINDTAG"":""60.0""},""iem_significance"":""W"",""iem_tornadotag"":"""",""iem_ugc"":"""",""iem_wfo"":""PUB"",""iem_windtag"":""60.0"",""senderName"":""PUB"",""status"":""NEW""}","{""geometry"":{""coordinates"":[[[-103.0,38.08],[-102.89,38.22],[-102.67,38.12],[-102.71,38.01],[-102.79,37.95],[-103.0,38.08]]],""type"":""Polygon""},""properties"":{""_map_py"":{""effective"":""2026-06-22T04:01:00Z"",""event"":""Severe Thunderstorm Warning"",""expires"":""2026-06-22T04:30:00Z"",""has_polygon"":true,""headline"":"""",""sender"":""PUB""},""effective"":""2026-06-22T04:01:00Z"",""event"":""Severe Thunderstorm Warning"",""expires"":""2026-06-22T04:30:00Z"",""headline"":"""",""iem_damagetag"":"""",""iem_emergency"":""False"",""iem_event_id"":""52"",""iem_forecaster"":""mw"",""iem_gtype"":""P"",""iem_hailtag"":""1.0"",""iem_phenomena"":""SV"",""iem_raw_properties"":{""AREA_KM2"":""484.16134909081995"",""DAMAGTAG"":null,""EMERGENC"":""False"",""ETN"":""52"",""EXPIRED"":""202606220430"",""FCSTER"":""mw"",""GTYPE"":""P"",""HAILTAG"":""1.0"",""HV_CAUSE"":null,""HV_NWSLI"":null,""HV_REC"":null,""HV_SEV"":null,""INIT_EXP"":""202606220430"",""INIT_ISS"":""202606220401"",""ISSUED"":""202606220401"",""NWS_UGC"":null,""PHENOM"":""SV"",""POLY_BEG"":""202606220401"",""POLY_END"":""202606220416"",""PROD_ID"":""202606220401-KPUB-WUUS55-SVRPUB"",""SIG"":""W"",""STATUS"":""NEW"",""TORNTAG"":null,""UPDATED"":""202606220401"",""VTEC_YR"":""2026"",""WFO"":""PUB"",""WINDTAG"":""60.0""},""iem_significance"":""W"",""iem_tornadotag"":"""",""iem_ugc"":"""",""iem_wfo"":""PUB"",""iem_windtag"":""60.0"",""senderName"":""PUB"",""status"":""NEW""},""type"":""Feature""}",2026-04-27T17:31:58Z,2026-07-09T05:15:02Z,2026-07-09T18:49:04Z
9811,iem_watchwarn,iem_watchwarn|PAH|66|TO|W|2026-06-22T04:01:00Z|2026-06-22T04:45:00Z|,Tornado Warning,,2026-06-22T04:01:00Z,2026-06-22T04:45:00Z,PAH,NEW,1,"{""coordinates"":[[[-86.79,38.04],[-86.78,38.03],[-86.77,38.0],[-86.78,38.0],[-86.8,38.01],[-86.81,38.0],[-86.86,37.99],[-86.92,37.94],[-87.02,37.92],[-87.2,37.96],[-87.16,38.07],[-86.77,38.06],[-86.79,38.04]]],""type"":""Polygon""}","{""_map_py"":{""effective"":""2026-06-22T04:01:00Z"",""event"":""Tornado Warning"",""expires"":""2026-06-22T04:45:00Z"",""has_polygon"":true,""headline"":"""",""sender"":""PAH""},""effective"":""2026-06-22T04:01:00Z"",""event"":""Tornado Warning"",""expires"":""2026-06-22T04:45:00Z"",""headline"":"""",""iem_damagetag"":"""",""iem_emergency"":""False"",""iem_event_id"":""66"",""iem_forecaster"":""SP"",""iem_gtype"":""P"",""iem_hailtag"":""0.75"",""iem_phenomena"":""TO"",""iem_raw_properties"":{""AREA_KM2"":""443.2016119529529"",""DAMAGTAG"":null,""EMERGENC"":""False"",""ETN"":""66"",""EXPIRED"":""202606220445"",""FCSTER"":""SP"",""GTYPE"":""P"",""HAILTAG"":""0.75"",""HV_CAUSE"":null,""HV_NWSLI"":null,""HV_REC"":null,""HV_SEV"":null,""INIT_EXP"":""202606220445"",""INIT_ISS"":""202606220401"",""ISSUED"":""202606220401"",""NWS_UGC"":null,""PHENOM"":""TO"",""POLY_BEG"":""202606220401"",""POLY_END"":""202606220426"",""PROD_ID"":""202606220401-KPAH-WFUS53-TORPAH"",""SIG"":""W"",""STATUS"":""NEW"",""TORNTAG"":""RADAR INDICATED"",""UPDATED"":""202606220401"",""VTEC_YR"":""2026"",""WFO"":""PAH"",""WINDTAG"":null},""iem_significance"":""W"",""iem_tornadotag"":""RADAR INDICATED"",""iem_ugc"":"""",""iem_wfo"":""PAH"",""iem_windtag"":"""",""senderName"":""PAH"",""status"":""NEW""}","{""geometry"":{""coordinates"":[[[-86.79,38.04],[-86.78,38.03],[-86.77,38.0],[-86.78,38.0],[-86.8,38.01],[-86.81,38.0],[-86.86,37.99],[-86.92,37.94],[-87.02,37.92],[-87.2,37.96],[-87.16,38.07],[-86.77,38.06],[-86.79,38.04]]],""type"":""Polygon""},""properties"":{""_map_py"":{""effective"":""2026-06-22T04:01:00Z"",""event"":""Tornado Warning"",""expires"":""2026-06-22T04:45:00Z"",""has_polygon"":true,""headline"":"""",""sender"":""PAH""},""effective"":""2026-06-22T04:01:00Z"",""event"":""Tornado Warning"",""expires"":""2026-06-22T04:45:00Z"",""headline"":"""",""iem_damagetag"":"""",""iem_emergency"":""False"",""iem_event_id"":""66"",""iem_forecaster"":""SP"",""iem_gtype"":""P"",""iem_hailtag"":""0.75"",""iem_phenomena"":""TO"",""iem_raw_properties"":{""AREA_KM2"":""443.2016119529529"",""DAMAGTAG"":null,""EMERGENC"":""False"",""ETN"":""66"",""EXPIRED"":""202606220445"",""FCSTER"":""SP"",""GTYPE"":""P"",""HAILTAG"":""0.75"",""HV_CAUSE"":null,""HV_NWSLI"":null,""HV_REC"":null,""HV_SEV"":null,""INIT_EXP"":""202606220445"",""INIT_ISS"":""202606220401"",""ISSUED"":""202606220401"",""NWS_UGC"":null,""PHENOM"":""TO"",""POLY_BEG"":""202606220401"",""POLY_END"":""202606220426"",""PROD_ID"":""202606220401-KPAH-WFUS53-TORPAH"",""SIG"":""W"",""STATUS"":""NEW"",""TORNTAG"":""RADAR INDICATED"",""UPDATED"":""202606220401"",""VTEC_YR"":""2026"",""WFO"":""PAH"",""WINDTAG"":null},""iem_significance"":""W"",""iem_tornadotag"":""RADAR INDICATED"",""iem_ugc"":"""",""iem_wfo"":""PAH"",""iem_windtag"":"""",""senderName"":""PAH"",""status"":""NEW""},""type"":""Feature""}",2026-04-27T17:31:58Z,2026-07-09T05:15:02Z,2026-07-09T18:49:04Z
2104,iem_watchwarn,iem_watchwarn|PUB|53|SV|W|2026-06-22T04:04:00Z|2026-06-22T04:30:00Z|,Severe Thunderstorm Warning,,2026-06-22T04:04:00Z,2026-06-22T04:30:00Z,PUB,NEW,1,"{""coordinates"":[[[-103.49,37.86],[-103.43,38.04],[-103.04,38.0],[-103.14,37.74],[-103.49,37.86]]],""type"":""Polygon""}","{""_map_py"":{""effective"":""2026-06-22T04:04:00Z"",""event"":""Severe Thunderstorm Warning"",""expires"":""2026-06-22T04:30:00Z"",""has_polygon"":true,""headline"":"""",""sender"":""PUB""},""effective"":""2026-06-22T04:04:00Z"",""event"":""Severe Thunderstorm Warning"",""expires"":""2026-06-22T04:30:00Z"",""headline"":"""",""iem_damagetag"":"""",""iem_emergency"":""False"",""iem_event_id"":""53"",""iem_forecaster"":""mw"",""iem_gtype"":""P"",""iem_hailtag"":""1.0"",""iem_phenomena"":""SV"",""iem_raw_properties"":{""AREA_KM2"":""856.4177165772462"",""DAMAGTAG"":null,""EMERGENC"":""False"",""ETN"":""53"",""EXPIRED"":""202606220430"",""FCSTER"":""mw"",""GTYPE"":""P"",""HAILTAG"":""1.0"",""HV_CAUSE"":null,""HV_NWSLI"":null,""HV_REC"":null,""HV_SEV"":null,""INIT_EXP"":""202606220430"",""INIT_ISS"":""202606220404"",""ISSUED"":""202606220404"",""NWS_UGC"":null,""PHENOM"":""SV"",""POLY_BEG"":""202606220404"",""POLY_END"":""202606220412"",""PROD_ID"":""202606220404-KPUB-WUUS55-SVRPUB"",""SIG"":""W"",""STATUS"":""NEW"",""TORNTAG"":null,""UPDATED"":""202606220404"",""VTEC_YR"":""2026"",""WFO"":""PUB"",""WINDTAG"":""60.0""},""iem_significance"":""W"",""iem_tornadotag"":"""",""iem_ugc"":"""",""iem_wfo"":""PUB"",""iem_windtag"":""60.0"",""senderName"":""PUB"",""status"":""NEW""}","{""geometry"":{""coordinates"":[[[-103.49,37.86],[-103.43,38.04],[-103.04,38.0],[-103.14,37.74],[-103.49,37.86]]],""type"":""Polygon""},""properties"":{""_map_py"":{""effective"":""2026-06-22T04:04:00Z"",""event"":""Severe Thunderstorm Warning"",""expires"":""2026-06-22T04:30:00Z"",""has_polygon"":true,""headline"":"""",""sender"":""PUB""},""effective"":""2026-06-22T04:04:00Z"",""event"":""Severe Thunderstorm Warning"",""expires"":""2026-06-22T04:30:00Z"",""headline"":"""",""iem_damagetag"":"""",""iem_emergency"":""False"",""iem_event_id"":""53"",""iem_forecaster"":""mw"",""iem_gtype"":""P"",""iem_hailtag"":""1.0"",""iem_phenomena"":""SV"",""iem_raw_properties"":{""AREA_KM2"":""856.4177165772462"",""DAMAGTAG"":null,""EMERGENC"":""False"",""ETN"":""53"",""EXPIRED"":""202606220430"",""FCSTER"":""mw"",""GTYPE"":""P"",""HAILTAG"":""1.0"",""HV_CAUSE"":null,""HV_NWSLI"":null,""HV_REC"":null,""HV_SEV"":null,""INIT_EXP"":""202606220430"",""INIT_ISS"":""202606220404"",""ISSUED"":""202606220404"",""NWS_UGC"":null,""PHENOM"":""SV"",""POLY_BEG"":""202606220404"",""POLY_END"":""202606220412"",""PROD_ID"":""202606220404-KPUB-WUUS55-SVRPUB"",""SIG"":""W"",""STATUS"":""NEW"",""TORNTAG"":null,""UPDATED"":""202606220404"",""VTEC_YR"":""2026"",""WFO"":""PUB"",""WINDTAG"":""60.0""},""iem_significance"":""W"",""iem_tornadotag"":"""",""iem_ugc"":"""",""iem_wfo"":""PUB"",""iem_windtag"":""60.0"",""senderName"":""PUB"",""status"":""NEW""},""type"":""Feature""}",2026-04-27T17:31:58Z,2026-07-09T05:15:02Z,2026-07-09T18:49:04Z
11080,iem_watchwarn,iem_watchwarn|LMK|108|SV|W|2026-06-22T04:14:00Z|2026-06-22T05:00:00Z|,Severe Thunderstorm Warning,,2026-06-22T04:14:00Z,2026-06-22T05:00:00Z,LMK,NEW,1,"{""coordinates"":[[[-85.18,37.91],[-85.19,37.88],[-85.19,37.89],[-85.2,37.9],[-85.2,37.86],[-85.21,37.85],[-85.24,37.87],[-85.26,37.86],[-85.24,37.85],[-85.28,37.85],[-85.31,37.8],[-85.36,37.78],[-85.35,37.76],[-85.37,37.77],[-85.37,37.74],[-85.43,37.71],[-85.73,37.89],[-85.66,38.03],[-85.18,37.91]]],""type"":""Polygon""}","{""_map_py"":{""effective"":""2026-06-22T04:14:00Z"",""event"":""Severe Thunderstorm Warning"",""expires"":""2026-06-22T05:00:00Z"",""has_polygon"":true,""headline"":"""",""sender"":""LMK""},""effective"":""2026-06-22T04:14:00Z"",""event"":""Severe Thunderstorm Warning"",""expires"":""2026-06-22T05:00:00Z"",""headline"":"""",""iem_damagetag"":"""",""iem_emergency"":""False"",""iem_event_id"":""108"",""iem_forecaster"":""Padgett"",""iem_gtype"":""P"",""iem_hailtag"":""0.75"",""iem_phenomena"":""SV"",""iem_raw_properties"":{""AREA_KM2"":""888.667103797307"",""DAMAGTAG"":null,""EMERGENC"":""False"",""ETN"":""108"",""EXPIRED"":""202606220500"",""FCSTER"":""Padgett"",""GTYPE"":""P"",""HAILTAG"":""0.75"",""HV_CAUSE"":null,""HV_NWSLI"":null,""HV_REC"":null,""HV_SEV"":null,""INIT_EXP"":""202606220500"",""INIT_ISS"":""202606220414"",""ISSUED"":""202606220414"",""NWS_UGC"":null,""PHENOM"":""SV"",""POLY_BEG"":""202606220414"",""POLY_END"":""202606220427"",""PROD_ID"":""202606220414-KLMK-WUUS53-SVRLMK"",""SIG"":""W"",""STATUS"":""NEW"",""TORNTAG"":null,""UPDATED"":""202606220414"",""VTEC_YR"":""2026"",""WFO"":""LMK"",""WINDTAG"":""60.0""},""iem_significance"":""W"",""iem_tornadotag"":"""",""iem_ugc"":"""",""iem_wfo"":""LMK"",""iem_windtag"":""60.0"",""senderName"":""LMK"",""status"":""NEW""}","{""geometry"":{""coordinates"":[[[-85.18,37.91],[-85.19,37.88],[-85.19,37.89],[-85.2,37.9],[-85.2,37.86],[-85.21,37.85],[-85.24,37.87],[-85.26,37.86],[-85.24,37.85],[-85.28,37.85],[-85.31,37.8],[-85.36,37.78],[-85.35,37.76],[-85.37,37.77],[-85.37,37.74],[-85.43,37.71],[-85.73,37.89],[-85.66,38.03],[-85.18,37.91]]],""type"":""Polygon""},""properties"":{""_map_py"":{""effective"":""2026-06-22T04:14:00Z"",""event"":""Severe Thunderstorm Warning"",""expires"":""2026-06-22T05:00:00Z"",""has_polygon"":true,""headline"":"""",""sender"":""LMK""},""effective"":""2026-06-22T04:14:00Z"",""event"":""Severe Thunderstorm Warning"",""expires"":""2026-06-22T05:00:00Z"",""headline"":"""",""iem_damagetag"":"""",""iem_emergency"":""False"",""iem_event_id"":""108"",""iem_forecaster"":""Padgett"",""iem_gtype"":""P"",""iem_hailtag"":""0.75"",""iem_phenomena"":""SV"",""iem_raw_properties"":{""AREA_KM2"":""888.667103797307"",""DAMAGTAG"":null,""EMERGENC"":""False"",""ETN"":""108"",""EXPIRED"":""202606220500"",""FCSTER"":""Padgett"",""GTYPE"":""P"",""HAILTAG"":""0.75"",""HV_CAUSE"":null,""HV_NWSLI"":null,""HV_REC"":null,""HV_SEV"":null,""INIT_EXP"":""202606220500"",""INIT_ISS"":""202606220414"",""ISSUED"":""202606220414"",""NWS_UGC"":null,""PHENOM"":""SV"",""POLY_BEG"":""202606220414"",""POLY_END"":""202606220427"",""PROD_ID"":""202606220414-KLMK-WUUS53-SVRLMK"",""SIG"":""W"",""STATUS"":""NEW"",""TORNTAG"":null,""UPDATED"":""202606220414"",""VTEC_YR"":""2026"",""WFO"":""LMK"",""WINDTAG"":""60.0""},""iem_significance"":""W"",""iem_tornadotag"":"""",""iem_ugc"":"""",""iem_wfo"":""LMK"",""iem_windtag"":""60.0"",""senderName"":""LMK"",""status"":""NEW""},""type"":""Feature""}",2026-04-27T17:31:58Z,2026-07-09T05:15:02Z,2026-07-09T18:49:04Z
7198,iem_watchwarn,iem_watchwarn|OUN|608|SV|W|2026-06-22T04:15:00Z|2026-06-22T05:15:00Z|,Severe Thunderstorm Warning,,2026-06-22T04:15:00Z,2026-06-22T05:15:00Z,OUN,NEW,1,"{""coordinates"":[[[-98.92,37.0],[-98.82,36.68],[-98.82,36.27],[-99.76,36.14],[-100.0,36.47],[-99.44,36.64],[-99.36,37.0],[-98.92,37.0]]],""type"":""Polygon""}","{""_map_py"":{""effective"":""2026-06-22T04:15:00Z"",""event"":""Severe Thunderstorm Warning"",""expires"":""2026-06-22T05:15:00Z"",""has_polygon"":true,""headline"":"""",""sender"":""OUN""},""effective"":""2026-06-22T04:15:00Z"",""event"":""Severe Thunderstorm Warning"",""expires"":""2026-06-22T05:15:00Z"",""headline"":"""",""iem_damagetag"":""CONSIDERABLE"",""iem_emergency"":""False"",""iem_event_id"":""608"",""iem_forecaster"":""Mahale"",""iem_gtype"":""P"",""iem_hailtag"":""1.0"",""iem_phenomena"":""SV"",""iem_raw_properties"":{""AREA_KM2"":""6298.867947659493"",""DAMAGTAG"":""CONSIDERABLE"",""EMERGENC"":""False"",""ETN"":""608"",""EXPIRED"":""202606220515"",""FCSTER"":""Mahale"",""GTYPE"":""P"",""HAILTAG"":""1.0"",""HV_CAUSE"":null,""HV_NWSLI"":null,""HV_REC"":null,""HV_SEV"":null,""INIT_EXP"":""202606220515"",""INIT_ISS"":""202606220415"",""ISSUED"":""202606220415"",""NWS_UGC"":null,""PHENOM"":""SV"",""POLY_BEG"":""202606220415"",""POLY_END"":""202606220515"",""PROD_ID"":""202606220415-KOUN-WUUS54-SVROUN"",""SIG"":""W"",""STATUS"":""NEW"",""TORNTAG"":null,""UPDATED"":""202606220415"",""VTEC_YR"":""2026"",""WFO"":""OUN"",""WINDTAG"":""70.0""},""iem_significance"":""W"",""iem_tornadotag"":"""",""iem_ugc"":"""",""iem_wfo"":""OUN"",""iem_windtag"":""70.0"",""senderName"":""OUN"",""status"":""NEW""}","{""geometry"":{""coordinates"":[[[-98.92,37.0],[-98.82,36.68],[-98.82,36.27],[-99.76,36.14],[-100.0,36.47],[-99.44,36.64],[-99.36,37.0],[-98.92,37.0]]],""type"":""Polygon""},""properties"":{""_map_py"":{""effective"":""2026-06-22T04:15:00Z"",""event"":""Severe Thunderstorm Warning"",""expires"":""2026-06-22T05:15:00Z"",""has_polygon"":true,""headline"":"""",""sender"":""OUN""},""effective"":""2026-06-22T04:15:00Z"",""event"":""Severe Thunderstorm Warning"",""expires"":""2026-06-22T05:15:00Z"",""headline"":"""",""iem_damagetag"":""CONSIDERABLE"",""iem_emergency"":""False"",""iem_event_id"":""608"",""iem_forecaster"":""Mahale"",""iem_gtype"":""P"",""iem_hailtag"":""1.0"",""iem_phenomena"":""SV"",""iem_raw_properties"":{""AREA_KM2"":""6298.867947659493"",""DAMAGTAG"":""CONSIDERABLE"",""EMERGENC"":""False"",""ETN"":""608"",""EXPIRED"":""202606220515"",""FCSTER"":""Mahale"",""GTYPE"":""P"",""HAILTAG"":""1.0"",""HV_CAUSE"":null,""HV_NWSLI"":null,""HV_REC"":null,""HV_SEV"":null,""INIT_EXP"":""202606220515"",""INIT_ISS"":""202606220415"",""ISSUED"":""202606220415"",""NWS_UGC"":null,""PHENOM"":""SV"",""POLY_BEG"":""202606220415"",""POLY_END"":""202606220515"",""PROD_ID"":""202606220415-KOUN-WUUS54-SVROUN"",""SIG"":""W"",""STATUS"":""NEW"",""TORNTAG"":null,""UPDATED"":""202606220415"",""VTEC_YR"":""2026"",""WFO"":""OUN"",""WINDTAG"":""70.0""},""iem_significance"":""W"",""iem_tornadotag"":"""",""iem_ugc"":"""",""iem_wfo"":""OUN"",""iem_windtag"":""70.0"",""senderName"":""OUN"",""status"":""NEW""},""type"":""Feature""}",2026-04-27T17:31:58Z,2026-07-09T05:15:02Z,2026-07-09T18:49:04Z
11520,iem_watchwarn,iem_watchwarn|LMK|33|TO|W|2026-06-22T04:22:00Z|2026-06-22T05:00:00Z|,Tornado Warning,,2026-06-22T04:22:00Z,2026-06-22T05:00:00Z,LMK,NEW,1,"{""coordinates"":[[[-86.97,37.93],[-86.92,37.94],[-86.86,37.99],[-86.81,38.0],[-86.8,38.02],[-86.77,38.0],[-86.77,38.03],[-86.79,38.04],[-86.78,38.05],[-86.52,38.03],[-86.54,37.92],[-86.59,37.92],[-86.6,37.91],[-86.6,37.86],[-86.66,37.84],[-86.67,37.82],[-86.9,37.87],[-86.89,37.88],[-86.93,37.91],[-86.99,37.89],[-86.97,37.93]]],""type"":""Polygon""}","{""_map_py"":{""effective"":""2026-06-22T04:22:00Z"",""event"":""Tornado Warning"",""expires"":""2026-06-22T05:00:00Z"",""has_polygon"":true,""headline"":"""",""sender"":""LMK""},""effective"":""2026-06-22T04:22:00Z"",""event"":""Tornado Warning"",""expires"":""2026-06-22T05:00:00Z"",""headline"":"""",""iem_damagetag"":"""",""iem_emergency"":""False"",""iem_event_id"":""33"",""iem_forecaster"":""Webb"",""iem_gtype"":""P"",""iem_hailtag"":""0.75"",""iem_phenomena"":""TO"",""iem_raw_properties"":{""AREA_KM2"":""622.1395426241387"",""DAMAGTAG"":null,""EMERGENC"":""False"",""ETN"":""33"",""EXPIRED"":""202606220500"",""FCSTER"":""Webb"",""GTYPE"":""P"",""HAILTAG"":""0.75"",""HV_CAUSE"":null,""HV_NWSLI"":null,""HV_REC"":null,""HV_SEV"":null,""INIT_EXP"":""202606220500"",""INIT_ISS"":""202606220422"",""ISSUED"":""202606220422"",""NWS_UGC"":null,""PHENOM"":""TO"",""POLY_BEG"":""202606220422"",""POLY_END"":""202606220441"",""PROD_ID"":""202606220422-KLMK-WFUS53-TORLMK"",""SIG"":""W"",""STATUS"":""NEW"",""TORNTAG"":""RADAR INDICATED"",""UPDATED"":""202606220422"",""VTEC_YR"":""2026"",""WFO"":""LMK"",""WINDTAG"":null},""iem_significance"":""W"",""iem_tornadotag"":""RADAR INDICATED"",""iem_ugc"":"""",""iem_wfo"":""LMK"",""iem_windtag"":"""",""senderName"":""LMK"",""status"":""NEW""}","{""geometry"":{""coordinates"":[[[-86.97,37.93],[-86.92,37.94],[-86.86,37.99],[-86.81,38.0],[-86.8,38.02],[-86.77,38.0],[-86.77,38.03],[-86.79,38.04],[-86.78,38.05],[-86.52,38.03],[-86.54,37.92],[-86.59,37.92],[-86.6,37.91],[-86.6,37.86],[-86.66,37.84],[-86.67,37.82],[-86.9,37.87],[-86.89,37.88],[-86.93,37.91],[-86.99,37.89],[-86.97,37.93]]],""type"":""Polygon""},""properties"":{""_map_py"":{""effective"":""2026-06-22T04:22:00Z"",""event"":""Tornado Warning"",""expires"":""2026-06-22T05:00:00Z"",""has_polygon"":true,""headline"":"""",""sender"":""LMK""},""effective"":""2026-06-22T04:22:00Z"",""event"":""Tornado Warning"",""expires"":""2026-06-22T05:00:00Z"",""headline"":"""",""iem_damagetag"":"""",""iem_emergency"":""False"",""iem_event_id"":""33"",""iem_forecaster"":""Webb"",""iem_gtype"":""P"",""iem_hailtag"":""0.75"",""iem_phenomena"":""TO"",""iem_raw_properties"":{""AREA_KM2"":""622.1395426241387"",""DAMAGTAG"":null,""EMERGENC"":""False"",""ETN"":""33"",""EXPIRED"":""202606220500"",""FCSTER"":""Webb"",""GTYPE"":""P"",""HAILTAG"":""0.75"",""HV_CAUSE"":null,""HV_NWSLI"":null,""HV_REC"":null,""HV_SEV"":null,""INIT_EXP"":""202606220500"",""INIT_ISS"":""202606220422"",""ISSUED"":""202606220422"",""NWS_UGC"":null,""PHENOM"":""TO"",""POLY_BEG"":""202606220422"",""POLY_END"":""202606220441"",""PROD_ID"":""202606220422-KLMK-WFUS53-TORLMK"",""SIG"":""W"",""STATUS"":""NEW"",""TORNTAG"":""RADAR INDICATED"",""UPDATED"":""202606220422"",""VTEC_YR"":""2026"",""WFO"":""LMK"",""WINDTAG"":null},""iem_significance"":""W"",""iem_tornadotag"":""RADAR INDICATED"",""iem_ugc"":"""",""iem_wfo"":""LMK"",""iem_windtag"":"""",""senderName"":""LMK"",""status"":""NEW""},""type"":""Feature""}",2026-04-27T17:31:58Z,2026-07-09T05:15:02Z,2026-07-09T18:49:04Z
7058,iem_watchwarn,iem_watchwarn|OUN|73|TO|W|2026-06-22T04:23:00Z|2026-06-22T04:48:00Z|,Tornado Warning,,2026-06-22T04:23:00Z,2026-06-22T04:48:00Z,OUN,NEW,1,"{""coordinates"":[[[-99.03,36.9],[-99.11,36.76],[-99.13,36.77],[-99.14,36.78],[-99.18,36.79],[-99.35,36.87],[-99.33,36.92],[-99.03,36.9]]],""type"":""Polygon""}","{""_map_py"":{""effective"":""2026-06-22T04:23:00Z"",""event"":""Tornado Warning"",""expires"":""2026-06-22T04:48:00Z"",""has_polygon"":true,""headline"":"""",""sender"":""OUN""},""effective"":""2026-06-22T04:23:00Z"",""event"":""Tornado Warning"",""expires"":""2026-06-22T04:48:00Z"",""headline"":"""",""iem_damagetag"":"""",""iem_emergency"":""False"",""iem_event_id"":""73"",""iem_forecaster"":""Mahale"",""iem_gtype"":""P"",""iem_hailtag"":""0.75"",""iem_phenomena"":""TO"",""iem_raw_properties"":{""AREA_KM2"":""286.5111430858091"",""DAMAGTAG"":null,""EMERGENC"":""False"",""ETN"":""73"",""EXPIRED"":""202606220448"",""FCSTER"":""Mahale"",""GTYPE"":""P"",""HAILTAG"":""0.75"",""HV_CAUSE"":null,""HV_NWSLI"":null,""HV_REC"":null,""HV_SEV"":null,""INIT_EXP"":""202606220500"",""INIT_ISS"":""202606220423"",""ISSUED"":""202606220423"",""NWS_UGC"":null,""PHENOM"":""TO"",""POLY_BEG"":""202606220423"",""POLY_END"":""202606220436"",""PROD_ID"":""202606220423-KOUN-WFUS54-TOROUN"",""SIG"":""W"",""STATUS"":""NEW"",""TORNTAG"":""RADAR INDICATED"",""UPDATED"":""202606220423"",""VTEC_YR"":""2026"",""WFO"":""OUN"",""WINDTAG"":null},""iem_significance"":""W"",""iem_tornadotag"":""RADAR INDICATED"",""iem_ugc"":"""",""iem_wfo"":""OUN"",""iem_windtag"":"""",""senderName"":""OUN"",""status"":""NEW""}","{""geometry"":{""coordinates"":[[[-99.03,36.9],[-99.11,36.76],[-99.13,36.77],[-99.14,36.78],[-99.18,36.79],[-99.35,36.87],[-99.33,36.92],[-99.03,36.9]]],""type"":""Polygon""},""properties"":{""_map_py"":{""effective"":""2026-06-22T04:23:00Z"",""event"":""Tornado Warning"",""expires"":""2026-06-22T04:48:00Z"",""has_polygon"":true,""headline"":"""",""sender"":""OUN""},""effective"":""2026-06-22T04:23:00Z"",""event"":""Tornado Warning"",""expires"":""2026-06-22T04:48:00Z"",""headline"":"""",""iem_damagetag"":"""",""iem_emergency"":""False"",""iem_event_id"":""73"",""iem_forecaster"":""Mahale"",""iem_gtype"":""P"",""iem_hailtag"":""0.75"",""iem_phenomena"":""TO"",""iem_raw_properties"":{""AREA_KM2"":""286.5111430858091"",""DAMAGTAG"":null,""EMERGENC"":""False"",""ETN"":""73"",""EXPIRED"":""202606220448"",""FCSTER"":""Mahale"",""GTYPE"":""P"",""HAILTAG"":""0.75"",""HV_CAUSE"":null,""HV_NWSLI"":null,""HV_REC"":null,""HV_SEV"":null,""INIT_EXP"":""202606220500"",""INIT_ISS"":""202606220423"",""ISSUED"":""202606220423"",""NWS_UGC"":null,""PHENOM"":""TO"",""POLY_BEG"":""202606220423"",""POLY_END"":""202606220436"",""PROD_ID"":""202606220423-KOUN-WFUS54-TOROUN"",""SIG"":""W"",""STATUS"":""NEW"",""TORNTAG"":""RADAR INDICATED"",""UPDATED"":""202606220423"",""VTEC_YR"":""2026"",""WFO"":""OUN"",""WINDTAG"":null},""iem_significance"":""W"",""iem_tornadotag"":""RADAR INDICATED"",""iem_ugc"":"""",""iem_wfo"":""OUN"",""iem_windtag"":"""",""senderName"":""OUN"",""status"":""NEW""},""type"":""Feature""}",2026-04-27T17:31:58Z,2026-07-09T05:15:02Z,2026-07-09T18:49:04Z
3497,iem_watchwarn,iem_watchwarn|OUN|609|SV|W|2026-06-22T04:26:00Z|2026-06-22T05:15:00Z|,Severe Thunderstorm Warning,,2026-06-22T04:26:00Z,2026-06-22T05:15:00Z,OUN,NEW,1,"{""coordinates"":[[[-97.75,37.0],[-97.54,36.8],[-97.89,36.7],[-98.82,36.68],[-98.92,37.0],[-97.75,37.0]]],""type"":""Polygon""}","{""_map_py"":{""effective"":""2026-06-22T04:26:00Z"",""event"":""Severe Thunderstorm Warning"",""expires"":""2026-06-22T05:15:00Z"",""has_polygon"":true,""headline"":"""",""sender"":""OUN""},""effective"":""2026-06-22T04:26:00Z"",""event"":""Severe Thunderstorm Warning"",""expires"":""2026-06-22T05:15:00Z"",""headline"":"""",""iem_damagetag"":"""",""iem_emergency"":""False"",""iem_event_id"":""609"",""iem_forecaster"":""Mahale"",""iem_gtype"":""P"",""iem_hailtag"":""0.75"",""iem_phenomena"":""SV"",""iem_raw_properties"":{""AREA_KM2"":""3674.529949992564"",""DAMAGTAG"":null,""EMERGENC"":""False"",""ETN"":""609"",""EXPIRED"":""202606220515"",""FCSTER"":""Mahale"",""GTYPE"":""P"",""HAILTAG"":""0.75"",""HV_CAUSE"":null,""HV_NWSLI"":null,""HV_REC"":null,""HV_SEV"":null,""INIT_EXP"":""202606220515"",""INIT_ISS"":""202606220426"",""ISSUED"":""202606220426"",""NWS_UGC"":null,""PHENOM"":""SV"",""POLY_BEG"":""202606220426"",""POLY_END"":""202606220515"",""PROD_ID"":""202606220426-KOUN-WUUS54-SVROUN"",""SIG"":""W"",""STATUS"":""NEW"",""TORNTAG"":null,""UPDATED"":""202606220426"",""VTEC_YR"":""2026"",""WFO"":""OUN"",""WINDTAG"":""60.0""},""iem_significance"":""W"",""iem_tornadotag"":"""",""iem_ugc"":"""",""iem_wfo"":""OUN"",""iem_windtag"":""60.0"",""senderName"":""OUN"",""status"":""NEW""}","{""geometry"":{""coordinates"":[[[-97.75,37.0],[-97.54,36.8],[-97.89,36.7],[-98.82,36.68],[-98.92,37.0],[-97.75,37.0]]],""type"":""Polygon""},""properties"":{""_map_py"":{""effective"":""2026-06-22T04:26:00Z"",""event"":""Severe Thunderstorm Warning"",""expires"":""2026-06-22T05:15:00Z"",""has_polygon"":true,""headline"":"""",""sender"":""OUN""},""effective"":""2026-06-22T04:26:00Z"",""event"":""Severe Thunderstorm Warning"",""expires"":""2026-06-22T05:15:00Z"",""headline"":"""",""iem_damagetag"":"""",""iem_emergency"":""False"",""iem_event_id"":""609"",""iem_forecaster"":""Mahale"",""iem_gtype"":""P"",""iem_hailtag"":""0.75"",""iem_phenomena"":""SV"",""iem_raw_properties"":{""AREA_KM2"":""3674.529949992564"",""DAMAGTAG"":null,""EMERGENC"":""False"",""ETN"":""609"",""EXPIRED"":""202606220515"",""FCSTER"":""Mahale"",""GTYPE"":""P"",""HAILTAG"":""0.75"",""HV_CAUSE"":null,""HV_NWSLI"":null,""HV_REC"":null,""HV_SEV"":null,""INIT_EXP"":""202606220515"",""INIT_ISS"":""202606220426"",""ISSUED"":""202606220426"",""NWS_UGC"":null,""PHENOM"":""SV"",""POLY_BEG"":""202606220426"",""POLY_END"":""202606220515"",""PROD_ID"":""202606220426-KOUN-WUUS54-SVROUN"",""SIG"":""W"",""STATUS"":""NEW"",""TORNTAG"":null,""UPDATED"":""202606220426"",""VTEC_YR"":""2026"",""WFO"":""OUN"",""WINDTAG"":""60.0""},""iem_significance"":""W"",""iem_tornadotag"":"""",""iem_ugc"":"""",""iem_wfo"":""OUN"",""iem_windtag"":""60.0"",""senderName"":""OUN"",""status"":""NEW""},""type"":""Feature""}",2026-04-27T17:31:58Z,2026-07-09T05:15:02Z,2026-07-09T18:49:04Z
3901,iem_watchwarn,iem_watchwarn|ICT|331|SV|W|2026-06-22T04:28:00Z|2026-06-22T05:30:00Z|,Severe Thunderstorm Warning,,2026-06-22T04:28:00Z,2026-06-22T05:30:00Z,ICT,NEW,1,"{""coordinates"":[[[-97.8,37.0],[-97.8,37.34],[-97.45,37.31],[-97.17,37.18],[-97.16,37.0],[-97.8,37.0]]],""type"":""Polygon""}","{""_map_py"":{""effective"":""2026-06-22T04:28:00Z"",""event"":""Severe Thunderstorm Warning"",""expires"":""2026-06-22T05:30:00Z"",""has_polygon"":true,""headline"":"""",""sender"":""ICT""},""effective"":""2026-06-22T04:28:00Z"",""event"":""Severe Thunderstorm Warning"",""expires"":""2026-06-22T05:30:00Z"",""headline"":"""",""iem_damagetag"":"""",""iem_emergency"":""False"",""iem_event_id"":""331"",""iem_forecaster"":""WI"",""iem_gtype"":""P"",""iem_hailtag"":""1.0"",""iem_phenomena"":""SV"",""iem_raw_properties"":{""AREA_KM2"":""1804.5331798815942"",""DAMAGTAG"":null,""EMERGENC"":""False"",""ETN"":""331"",""EXPIRED"":""202606220530"",""FCSTER"":""WI"",""GTYPE"":""P"",""HAILTAG"":""1.0"",""HV_CAUSE"":null,""HV_NWSLI"":null,""HV_REC"":null,""HV_SEV"":null,""INIT_EXP"":""202606220530"",""INIT_ISS"":""202606220428"",""ISSUED"":""202606220428"",""NWS_UGC"":null,""PHENOM"":""SV"",""POLY_BEG"":""202606220428"",""POLY_END"":""202606220446"",""PROD_ID"":""202606220428-KICT-WUUS53-SVRICT"",""SIG"":""W"",""STATUS"":""NEW"",""TORNTAG"":null,""UPDATED"":""202606220428"",""VTEC_YR"":""2026"",""WFO"":""ICT"",""WINDTAG"":""60.0""},""iem_significance"":""W"",""iem_tornadotag"":"""",""iem_ugc"":"""",""iem_wfo"":""ICT"",""iem_windtag"":""60.0"",""senderName"":""ICT"",""status"":""NEW""}","{""geometry"":{""coordinates"":[[[-97.8,37.0],[-97.8,37.34],[-97.45,37.31],[-97.17,37.18],[-97.16,37.0],[-97.8,37.0]]],""type"":""Polygon""},""properties"":{""_map_py"":{""effective"":""2026-06-22T04:28:00Z"",""event"":""Severe Thunderstorm Warning"",""expires"":""2026-06-22T05:30:00Z"",""has_polygon"":true,""headline"":"""",""sender"":""ICT""},""effective"":""2026-06-22T04:28:00Z"",""event"":""Severe Thunderstorm Warning"",""expires"":""2026-06-22T05:30:00Z"",""headline"":"""",""iem_damagetag"":"""",""iem_emergency"":""False"",""iem_event_id"":""331"",""iem_forecaster"":""WI"",""iem_gtype"":""P"",""iem_hailtag"":""1.0"",""iem_phenomena"":""SV"",""iem_raw_properties"":{""AREA_KM2"":""1804.5331798815942"",""DAMAGTAG"":null,""EMERGENC"":""False"",""ETN"":""331"",""EXPIRED"":""202606220530"",""FCSTER"":""WI"",""GTYPE"":""P"",""HAILTAG"":""1.0"",""HV_CAUSE"":null,""HV_NWSLI"":null,""HV_REC"":null,""HV_SEV"":null,""INIT_EXP"":""202606220530"",""INIT_ISS"":""202606220428"",""ISSUED"":""202606220428"",""NWS_UGC"":null,""PHENOM"":""SV"",""POLY_BEG"":""202606220428"",""POLY_END"":""202606220446"",""PROD_ID"":""202606220428-KICT-WUUS53-SVRICT"",""SIG"":""W"",""STATUS"":""NEW"",""TORNTAG"":null,""UPDATED"":""202606220428"",""VTEC_YR"":""2026"",""WFO"":""ICT"",""WINDTAG"":""60.0""},""iem_significance"":""W"",""iem_tornadotag"":"""",""iem_ugc"":"""",""iem_wfo"":""ICT"",""iem_windtag"":""60.0"",""senderName"":""ICT"",""status"":""NEW""},""type"":""Feature""}",2026-04-27T17:31:58Z,2026-07-09T05:15:02Z,2026-07-09T18:49:04Z
3761,iem_watchwarn,iem_watchwarn|PUB|54|SV|W|2026-06-22T04:29:00Z|2026-06-22T04:53:00Z|,Severe Thunderstorm Warning,,2026-06-22T04:29:00Z,2026-06-22T04:53:00Z,PUB,NEW,1,"{""coordinates"":[[[-103.48,37.87],[-103.39,37.94],[-103.05,37.85],[-103.14,37.74],[-103.29,37.65],[-103.48,37.87]]],""type"":""Polygon""}","{""_map_py"":{""effective"":""2026-06-22T04:29:00Z"",""event"":""Severe Thunderstorm Warning"",""expires"":""2026-06-22T04:53:00Z"",""has_polygon"":true,""headline"":"""",""sender"":""PUB""},""effective"":""2026-06-22T04:29:00Z"",""event"":""Severe Thunderstorm Warning"",""expires"":""2026-06-22T04:53:00Z"",""headline"":"""",""iem_damagetag"":""CONSIDERABLE"",""iem_emergency"":""False"",""iem_event_id"":""54"",""iem_forecaster"":""mw"",""iem_gtype"":""P"",""iem_hailtag"":""2.0"",""iem_phenomena"":""SV"",""iem_raw_properties"":{""AREA_KM2"":""640.3290260408716"",""DAMAGTAG"":""CONSIDERABLE"",""EMERGENC"":""False"",""ETN"":""54"",""EXPIRED"":""202606220453"",""FCSTER"":""mw"",""GTYPE"":""P"",""HAILTAG"":""2.0"",""HV_CAUSE"":null,""HV_NWSLI"":null,""HV_REC"":null,""HV_SEV"":null,""INIT_EXP"":""202606220530"",""INIT_ISS"":""202606220429"",""ISSUED"":""202606220429"",""NWS_UGC"":null,""PHENOM"":""SV"",""POLY_BEG"":""202606220429"",""POLY_END"":""202606220440"",""PROD_ID"":""202606220429-KPUB-WUUS55-SVRPUB"",""SIG"":""W"",""STATUS"":""NEW"",""TORNTAG"":null,""UPDATED"":""202606220429"",""VTEC_YR"":""2026"",""WFO"":""PUB"",""WINDTAG"":""70.0""},""iem_significance"":""W"",""iem_tornadotag"":"""",""iem_ugc"":"""",""iem_wfo"":""PUB"",""iem_windtag"":""70.0"",""senderName"":""PUB"",""status"":""NEW""}","{""geometry"":{""coordinates"":[[[-103.48,37.87],[-103.39,37.94],[-103.05,37.85],[-103.14,37.74],[-103.29,37.65],[-103.48,37.87]]],""type"":""Polygon""},""properties"":{""_map_py"":{""effective"":""2026-06-22T04:29:00Z"",""event"":""Severe Thunderstorm Warning"",""expires"":""2026-06-22T04:53:00Z"",""has_polygon"":true,""headline"":"""",""sender"":""PUB""},""effective"":""2026-06-22T04:29:00Z"",""event"":""Severe Thunderstorm Warning"",""expires"":""2026-06-22T04:53:00Z"",""headline"":"""",""iem_damagetag"":""CONSIDERABLE"",""iem_emergency"":""False"",""iem_event_id"":""54"",""iem_forecaster"":""mw"",""iem_gtype"":""P"",""iem_hailtag"":""2.0"",""iem_phenomena"":""SV"",""iem_raw_properties"":{""AREA_KM2"":""640.3290260408716"",""DAMAGTAG"":""CONSIDERABLE"",""EMERGENC"":""False"",""ETN"":""54"",""EXPIRED"":""202606220453"",""FCSTER"":""mw"",""GTYPE"":""P"",""HAILTAG"":""2.0"",""HV_CAUSE"":null,""HV_NWSLI"":null,""HV_REC"":null,""HV_SEV"":null,""INIT_EXP"":""202606220530"",""INIT_ISS"":""202606220429"",""ISSUED"":""202606220429"",""NWS_UGC"":null,""PHENOM"":""SV"",""POLY_BEG"":""202606220429"",""POLY_END"":""202606220440"",""PROD_ID"":""202606220429-KPUB-WUUS55-SVRPUB"",""SIG"":""W"",""STATUS"":""NEW"",""TORNTAG"":null,""UPDATED"":""202606220429"",""VTEC_YR"":""2026"",""WFO"":""PUB"",""WINDTAG"":""70.0""},""iem_significance"":""W"",""iem_tornadotag"":"""",""iem_ugc"":"""",""iem_wfo"":""PUB"",""iem_windtag"":""70.0"",""senderName"":""PUB"",""status"":""NEW""},""type"":""Feature""}",2026-04-27T17:31:58Z,2026-07-09T05:15:02Z,2026-07-09T18:49:04Z
2444,iem_watchwarn,iem_watchwarn|LMK|109|SV|W|2026-06-22T04:36:00Z|2026-06-22T05:00:00Z|,Severe Thunderstorm Warning,,2026-06-22T04:36:00Z,2026-06-22T05:00:00Z,LMK,NEW,1,"{""coordinates"":[[[-86.22,37.78],[-86.18,37.94],[-85.92,37.91],[-85.98,37.71],[-86.22,37.78]]],""type"":""Polygon""}","{""_map_py"":{""effective"":""2026-06-22T04:36:00Z"",""event"":""Severe Thunderstorm Warning"",""expires"":""2026-06-22T05:00:00Z"",""has_polygon"":true,""headline"":"""",""sender"":""LMK""},""effective"":""2026-06-22T04:36:00Z"",""event"":""Severe Thunderstorm Warning"",""expires"":""2026-06-22T05:00:00Z"",""headline"":"""",""iem_damagetag"":"""",""iem_emergency"":""False"",""iem_event_id"":""109"",""iem_forecaster"":""Webb"",""iem_gtype"":""P"",""iem_hailtag"":""0.75"",""iem_phenomena"":""SV"",""iem_raw_properties"":{""AREA_KM2"":""463.80381312147557"",""DAMAGTAG"":null,""EMERGENC"":""False"",""ETN"":""109"",""EXPIRED"":""202606220500"",""FCSTER"":""Webb"",""GTYPE"":""P"",""HAILTAG"":""0.75"",""HV_CAUSE"":null,""HV_NWSLI"":null,""HV_REC"":null,""HV_SEV"":null,""INIT_EXP"":""202606220500"",""INIT_ISS"":""202606220436"",""ISSUED"":""202606220436"",""NWS_UGC"":null,""PHENOM"":""SV"",""POLY_BEG"":""202606220436"",""POLY_END"":""202606220501"",""PROD_ID"":""202606220436-KLMK-WUUS53-SVRLMK"",""SIG"":""W"",""STATUS"":""NEW"",""TORNTAG"":""POSSIBLE"",""UPDATED"":""202606220436"",""VTEC_YR"":""2026"",""WFO"":""LMK"",""WINDTAG"":""60.0""},""iem_significance"":""W"",""iem_tornadotag"":""POSSIBLE"",""iem_ugc"":"""",""iem_wfo"":""LMK"",""iem_windtag"":""60.0"",""senderName"":""LMK"",""status"":""NEW""}","{""geometry"":{""coordinates"":[[[-86.22,37.78],[-86.18,37.94],[-85.92,37.91],[-85.98,37.71],[-86.22,37.78]]],""type"":""Polygon""},""properties"":{""_map_py"":{""effective"":""2026-06-22T04:36:00Z"",""event"":""Severe Thunderstorm Warning"",""expires"":""2026-06-22T05:00:00Z"",""has_polygon"":true,""headline"":"""",""sender"":""LMK""},""effective"":""2026-06-22T04:36:00Z"",""event"":""Severe Thunderstorm Warning"",""expires"":""2026-06-22T05:00:00Z"",""headline"":"""",""iem_damagetag"":"""",""iem_emergency"":""False"",""iem_event_id"":""109"",""iem_forecaster"":""Webb"",""iem_gtype"":""P"",""iem_hailtag"":""0.75"",""iem_phenomena"":""SV"",""iem_raw_properties"":{""AREA_KM2"":""463.80381312147557"",""DAMAGTAG"":null,""EMERGENC"":""False"",""ETN"":""109"",""EXPIRED"":""202606220500"",""FCSTER"":""Webb"",""GTYPE"":""P"",""HAILTAG"":""0.75"",""HV_CAUSE"":null,""HV_NWSLI"":null,""HV_REC"":null,""HV_SEV"":null,""INIT_EXP"":""202606220500"",""INIT_ISS"":""202606220436"",""ISSUED"":""202606220436"",""NWS_UGC"":null,""PHENOM"":""SV"",""POLY_BEG"":""202606220436"",""POLY_END"":""202606220501"",""PROD_ID"":""202606220436-KLMK-WUUS53-SVRLMK"",""SIG"":""W"",""STATUS"":""NEW"",""TORNTAG"":""POSSIBLE"",""UPDATED"":""202606220436"",""VTEC_YR"":""2026"",""WFO"":""LMK"",""WINDTAG"":""60.0""},""iem_significance"":""W"",""iem_tornadotag"":""POSSIBLE"",""iem_ugc"":"""",""iem_wfo"":""LMK"",""iem_windtag"":""60.0"",""senderName"":""LMK"",""status"":""NEW""},""type"":""Feature""}",2026-04-27T17:31:58Z,2026-07-09T05:15:02Z,2026-07-09T18:49:04Z
5863,iem_watchwarn,iem_watchwarn|OUN|74|TO|W|2026-06-22T04:43:00Z|2026-06-22T05:01:00Z|,Tornado Warning,,2026-06-22T04:43:00Z,2026-06-22T05:01:00Z,OUN,NEW,1,"{""coordinates"":[[[-98.69,36.49],[-98.96,36.58],[-98.96,36.6],[-98.97,36.6],[-98.96,36.66],[-98.63,36.66],[-98.69,36.49]]],""type"":""Polygon""}","{""_map_py"":{""effective"":""2026-06-22T04:43:00Z"",""event"":""Tornado Warning"",""expires"":""2026-06-22T05:01:00Z"",""has_polygon"":true,""headline"":"""",""sender"":""OUN""},""effective"":""2026-06-22T04:43:00Z"",""event"":""Tornado Warning"",""expires"":""2026-06-22T05:01:00Z"",""headline"":"""",""iem_damagetag"":"""",""iem_emergency"":""False"",""iem_event_id"":""74"",""iem_forecaster"":""Mahale"",""iem_gtype"":""P"",""iem_hailtag"":""0.75"",""iem_phenomena"":""TO"",""iem_raw_properties"":{""AREA_KM2"":""388.6660147171245"",""DAMAGTAG"":null,""EMERGENC"":""False"",""ETN"":""74"",""EXPIRED"":""202606220501"",""FCSTER"":""Mahale"",""GTYPE"":""P"",""HAILTAG"":""0.75"",""HV_CAUSE"":null,""HV_NWSLI"":null,""HV_REC"":null,""HV_SEV"":null,""INIT_EXP"":""202606220515"",""INIT_ISS"":""202606220443"",""ISSUED"":""202606220443"",""NWS_UGC"":null,""PHENOM"":""TO"",""POLY_BEG"":""202606220443"",""POLY_END"":""202606220501"",""PROD_ID"":""202606220443-KOUN-WFUS54-TOROUN"",""SIG"":""W"",""STATUS"":""NEW"",""TORNTAG"":""RADAR INDICATED"",""UPDATED"":""202606220443"",""VTEC_YR"":""2026"",""WFO"":""OUN"",""WINDTAG"":null},""iem_significance"":""W"",""iem_tornadotag"":""RADAR INDICATED"",""iem_ugc"":"""",""iem_wfo"":""OUN"",""iem_windtag"":"""",""senderName"":""OUN"",""status"":""NEW""}","{""geometry"":{""coordinates"":[[[-98.69,36.49],[-98.96,36.58],[-98.96,36.6],[-98.97,36.6],[-98.96,36.66],[-98.63,36.66],[-98.69,36.49]]],""type"":""Polygon""},""properties"":{""_map_py"":{""effective"":""2026-06-22T04:43:00Z"",""event"":""Tornado Warning"",""expires"":""2026-06-22T05:01:00Z"",""has_polygon"":true,""headline"":"""",""sender"":""OUN""},""effective"":""2026-06-22T04:43:00Z"",""event"":""Tornado Warning"",""expires"":""2026-06-22T05:01:00Z"",""headline"":"""",""iem_damagetag"":"""",""iem_emergency"":""False"",""iem_event_id"":""74"",""iem_forecaster"":""Mahale"",""iem_gtype"":""P"",""iem_hailtag"":""0.75"",""iem_phenomena"":""TO"",""iem_raw_properties"":{""AREA_KM2"":""388.6660147171245"",""DAMAGTAG"":null,""EMERGENC"":""False"",""ETN"":""74"",""EXPIRED"":""202606220501"",""FCSTER"":""Mahale"",""GTYPE"":""P"",""HAILTAG"":""0.75"",""HV_CAUSE"":null,""HV_NWSLI"":null,""HV_REC"":null,""HV_SEV"":null,""INIT_EXP"":""202606220515"",""INIT_ISS"":""202606220443"",""ISSUED"":""202606220443"",""NWS_UGC"":null,""PHENOM"":""TO"",""POLY_BEG"":""202606220443"",""POLY_END"":""202606220501"",""PROD_ID"":""202606220443-KOUN-WFUS54-TOROUN"",""SIG"":""W"",""STATUS"":""NEW"",""TORNTAG"":""RADAR INDICATED"",""UPDATED"":""202606220443"",""VTEC_YR"":""2026"",""WFO"":""OUN"",""WINDTAG"":null},""iem_significance"":""W"",""iem_tornadotag"":""RADAR INDICATED"",""iem_ugc"":"""",""iem_wfo"":""OUN"",""iem_windtag"":"""",""senderName"":""OUN"",""status"":""NEW""},""type"":""Feature""}",2026-04-27T17:31:58Z,2026-07-09T05:15:02Z,2026-07-09T18:49:04Z
4067,iem_watchwarn,iem_watchwarn|ICT|332|SV|W|2026-06-22T04:44:00Z|2026-06-22T05:23:00Z|,Severe Thunderstorm Warning,,2026-06-22T04:44:00Z,2026-06-22T05:23:00Z,ICT,NEW,1,"{""coordinates"":[[[-98.12,37.19],[-97.98,37.26],[-97.8,37.29],[-97.8,37.0],[-98.12,37.0],[-98.12,37.19]]],""type"":""Polygon""}","{""_map_py"":{""effective"":""2026-06-22T04:44:00Z"",""event"":""Severe Thunderstorm Warning"",""expires"":""2026-06-22T05:23:00Z"",""has_polygon"":true,""headline"":"""",""sender"":""ICT""},""effective"":""2026-06-22T04:44:00Z"",""event"":""Severe Thunderstorm Warning"",""expires"":""2026-06-22T05:23:00Z"",""headline"":"""",""iem_damagetag"":""CONSIDERABLE"",""iem_emergency"":""False"",""iem_event_id"":""332"",""iem_forecaster"":""WI"",""iem_gtype"":""P"",""iem_hailtag"":""1.0"",""iem_phenomena"":""SV"",""iem_raw_properties"":{""AREA_KM2"":""798.3014627934781"",""DAMAGTAG"":""CONSIDERABLE"",""EMERGENC"":""False"",""ETN"":""332"",""EXPIRED"":""202606220523"",""FCSTER"":""WI"",""GTYPE"":""P"",""HAILTAG"":""1.0"",""HV_CAUSE"":null,""HV_NWSLI"":null,""HV_REC"":null,""HV_SEV"":null,""INIT_EXP"":""202606220545"",""INIT_ISS"":""202606220444"",""ISSUED"":""202606220444"",""NWS_UGC"":null,""PHENOM"":""SV"",""POLY_BEG"":""202606220444"",""POLY_END"":""202606220503"",""PROD_ID"":""202606220444-KICT-WUUS53-SVRICT"",""SIG"":""W"",""STATUS"":""NEW"",""TORNTAG"":null,""UPDATED"":""202606220444"",""VTEC_YR"":""2026"",""WFO"":""ICT"",""WINDTAG"":""70.0""},""iem_significance"":""W"",""iem_tornadotag"":"""",""iem_ugc"":"""",""iem_wfo"":""ICT"",""iem_windtag"":""70.0"",""senderName"":""ICT"",""status"":""NEW""}","{""geometry"":{""coordinates"":[[[-98.12,37.19],[-97.98,37.26],[-97.8,37.29],[-97.8,37.0],[-98.12,37.0],[-98.12,37.19]]],""type"":""Polygon""},""properties"":{""_map_py"":{""effective"":""2026-06-22T04:44:00Z"",""event"":""Severe Thunderstorm Warning"",""expires"":""2026-06-22T05:23:00Z"",""has_polygon"":true,""headline"":"""",""sender"":""ICT""},""effective"":""2026-06-22T04:44:00Z"",""event"":""Severe Thunderstorm Warning"",""expires"":""2026-06-22T05:23:00Z"",""headline"":"""",""iem_damagetag"":""CONSIDERABLE"",""iem_emergency"":""False"",""iem_event_id"":""332"",""iem_forecaster"":""WI"",""iem_gtype"":""P"",""iem_hailtag"":""1.0"",""iem_phenomena"":""SV"",""iem_raw_properties"":{""AREA_KM2"":""798.3014627934781"",""DAMAGTAG"":""CONSIDERABLE"",""EMERGENC"":""False"",""ETN"":""332"",""EXPIRED"":""202606220523"",""FCSTER"":""WI"",""GTYPE"":""P"",""HAILTAG"":""1.0"",""HV_CAUSE"":null,""HV_NWSLI"":null,""HV_REC"":null,""HV_SEV"":null,""INIT_EXP"":""202606220545"",""INIT_ISS"":""202606220444"",""ISSUED"":""202606220444"",""NWS_UGC"":null,""PHENOM"":""SV"",""POLY_BEG"":""202606220444"",""POLY_END"":""202606220503"",""PROD_ID"":""202606220444-KICT-WUUS53-SVRICT"",""SIG"":""W"",""STATUS"":""NEW"",""TORNTAG"":null,""UPDATED"":""202606220444"",""VTEC_YR"":""2026"",""WFO"":""ICT"",""WINDTAG"":""70.0""},""iem_significance"":""W"",""iem_tornadotag"":"""",""iem_ugc"":"""",""iem_wfo"":""ICT"",""iem_windtag"":""70.0"",""senderName"":""ICT"",""status"":""NEW""},""type"":""Feature""}",2026-04-27T17:31:58Z,2026-07-09T05:15:02Z,2026-07-09T18:49:04Z
9778,iem_watchwarn,iem_watchwarn|PAH|176|SV|W|2026-06-22T04:47:00Z|2026-06-22T05:30:00Z|,Severe Thunderstorm Warning,,2026-06-22T04:47:00Z,2026-06-22T05:30:00Z,PAH,NEW,1,"{""coordinates"":[[[-91.06,36.69],[-91.0,36.82],[-90.9,36.81],[-90.64,36.81],[-90.63,36.77],[-90.63,36.68],[-90.59,36.68],[-90.59,36.59],[-90.58,36.59],[-90.58,36.5],[-91.12,36.5],[-91.12,36.59],[-91.06,36.69]]],""type"":""Polygon""}","{""_map_py"":{""effective"":""2026-06-22T04:47:00Z"",""event"":""Severe Thunderstorm Warning"",""expires"":""2026-06-22T05:30:00Z"",""has_polygon"":true,""headline"":"""",""sender"":""PAH""},""effective"":""2026-06-22T04:47:00Z"",""event"":""Severe Thunderstorm Warning"",""expires"":""2026-06-22T05:30:00Z"",""headline"":"""",""iem_damagetag"":"""",""iem_emergency"":""False"",""iem_event_id"":""176"",""iem_forecaster"":""DW"",""iem_gtype"":""P"",""iem_hailtag"":""0.75"",""iem_phenomena"":""SV"",""iem_raw_properties"":{""AREA_KM2"":""1455.2560032599658"",""DAMAGTAG"":null,""EMERGENC"":""False"",""ETN"":""176"",""EXPIRED"":""202606220530"",""FCSTER"":""DW"",""GTYPE"":""P"",""HAILTAG"":""0.75"",""HV_CAUSE"":null,""HV_NWSLI"":null,""HV_REC"":null,""HV_SEV"":null,""INIT_EXP"":""202606220530"",""INIT_ISS"":""202606220447"",""ISSUED"":""202606220447"",""NWS_UGC"":null,""PHENOM"":""SV"",""POLY_BEG"":""202606220447"",""POLY_END"":""202606220500"",""PROD_ID"":""202606220447-KPAH-WUUS53-SVRPAH"",""SIG"":""W"",""STATUS"":""NEW"",""TORNTAG"":null,""UPDATED"":""202606220447"",""VTEC_YR"":""2026"",""WFO"":""PAH"",""WINDTAG"":""60.0""},""iem_significance"":""W"",""iem_tornadotag"":"""",""iem_ugc"":"""",""iem_wfo"":""PAH"",""iem_windtag"":""60.0"",""senderName"":""PAH"",""status"":""NEW""}","{""geometry"":{""coordinates"":[[[-91.06,36.69],[-91.0,36.82],[-90.9,36.81],[-90.64,36.81],[-90.63,36.77],[-90.63,36.68],[-90.59,36.68],[-90.59,36.59],[-90.58,36.59],[-90.58,36.5],[-91.12,36.5],[-91.12,36.59],[-91.06,36.69]]],""type"":""Polygon""},""properties"":{""_map_py"":{""effective"":""2026-06-22T04:47:00Z"",""event"":""Severe Thunderstorm Warning"",""expires"":""2026-06-22T05:30:00Z"",""has_polygon"":true,""headline"":"""",""sender"":""PAH""},""effective"":""2026-06-22T04:47:00Z"",""event"":""Severe Thunderstorm Warning"",""expires"":""2026-06-22T05:30:00Z"",""headline"":"""",""iem_damagetag"":"""",""iem_emergency"":""False"",""iem_event_id"":""176"",""iem_forecaster"":""DW"",""iem_gtype"":""P"",""iem_hailtag"":""0.75"",""iem_phenomena"":""SV"",""iem_raw_properties"":{""AREA_KM2"":""1455.2560032599658"",""DAMAGTAG"":null,""EMERGENC"":""False"",""ETN"":""176"",""EXPIRED"":""202606220530"",""FCSTER"":""DW"",""GTYPE"":""P"",""HAILTAG"":""0.75"",""HV_CAUSE"":null,""HV_NWSLI"":null,""HV_REC"":null,""HV_SEV"":null,""INIT_EXP"":""202606220530"",""INIT_ISS"":""202606220447"",""ISSUED"":""202606220447"",""NWS_UGC"":null,""PHENOM"":""SV"",""POLY_BEG"":""202606220447"",""POLY_END"":""202606220500"",""PROD_ID"":""202606220447-KPAH-WUUS53-SVRPAH"",""SIG"":""W"",""STATUS"":""NEW"",""TORNTAG"":null,""UPDATED"":""202606220447"",""VTEC_YR"":""2026"",""WFO"":""PAH"",""WINDTAG"":""60.0""},""iem_significance"":""W"",""iem_tornadotag"":"""",""iem_ugc"":"""",""iem_wfo"":""PAH"",""iem_windtag"":""60.0"",""senderName"":""PAH"",""status"":""NEW""},""type"":""Feature""}",2026-04-27T17:31:58Z,2026-07-09T05:15:02Z,2026-07-09T18:49:04Z
8365,iem_watchwarn,iem_watchwarn|OUN|610|SV|W|2026-06-22T04:48:00Z|2026-06-22T05:45:00Z|,Severe Thunderstorm Warning,,2026-06-22T04:48:00Z,2026-06-22T05:45:00Z,OUN,NEW,1,"{""coordinates"":[[[-98.25,36.89],[-98.49,36.3],[-98.74,36.04],[-99.34,35.81],[-99.72,35.69],[-100.0,35.97],[-100.0,36.18],[-99.12,36.48],[-98.96,37.0],[-98.25,36.89]]],""type"":""Polygon""}","{""_map_py"":{""effective"":""2026-06-22T04:48:00Z"",""event"":""Severe Thunderstorm Warning"",""expires"":""2026-06-22T05:45:00Z"",""has_polygon"":true,""headline"":"""",""sender"":""OUN""},""effective"":""2026-06-22T04:48:00Z"",""event"":""Severe Thunderstorm Warning"",""expires"":""2026-06-22T05:45:00Z"",""headline"":"""",""iem_damagetag"":""CONSIDERABLE"",""iem_emergency"":""False"",""iem_event_id"":""610"",""iem_forecaster"":""Mahale"",""iem_gtype"":""P"",""iem_hailtag"":""1.0"",""iem_phenomena"":""SV"",""iem_raw_properties"":{""AREA_KM2"":""10784.608564220074"",""DAMAGTAG"":""CONSIDERABLE"",""EMERGENC"":""False"",""ETN"":""610"",""EXPIRED"":""202606220545"",""FCSTER"":""Mahale"",""GTYPE"":""P"",""HAILTAG"":""1.0"",""HV_CAUSE"":null,""HV_NWSLI"":null,""HV_REC"":null,""HV_SEV"":null,""INIT_EXP"":""202606220545"",""INIT_ISS"":""202606220448"",""ISSUED"":""202606220448"",""NWS_UGC"":null,""PHENOM"":""SV"",""POLY_BEG"":""202606220448"",""POLY_END"":""202606220545"",""PROD_ID"":""202606220448-KOUN-WUUS54-SVROUN"",""SIG"":""W"",""STATUS"":""NEW"",""TORNTAG"":null,""UPDATED"":""202606220448"",""VTEC_YR"":""2026"",""WFO"":""OUN"",""WINDTAG"":""70.0""},""iem_significance"":""W"",""iem_tornadotag"":"""",""iem_ugc"":"""",""iem_wfo"":""OUN"",""iem_windtag"":""70.0"",""senderName"":""OUN"",""status"":""NEW""}","{""geometry"":{""coordinates"":[[[-98.25,36.89],[-98.49,36.3],[-98.74,36.04],[-99.34,35.81],[-99.72,35.69],[-100.0,35.97],[-100.0,36.18],[-99.12,36.48],[-98.96,37.0],[-98.25,36.89]]],""type"":""Polygon""},""properties"":{""_map_py"":{""effective"":""2026-06-22T04:48:00Z"",""event"":""Severe Thunderstorm Warning"",""expires"":""2026-06-22T05:45:00Z"",""has_polygon"":true,""headline"":"""",""sender"":""OUN""},""effective"":""2026-06-22T04:48:00Z"",""event"":""Severe Thunderstorm Warning"",""expires"":""2026-06-22T05:45:00Z"",""headline"":"""",""iem_damagetag"":""CONSIDERABLE"",""iem_emergency"":""False"",""iem_event_id"":""610"",""iem_forecaster"":""Mahale"",""iem_gtype"":""P"",""iem_hailtag"":""1.0"",""iem_phenomena"":""SV"",""iem_raw_properties"":{""AREA_KM2"":""10784.608564220074"",""DAMAGTAG"":""CONSIDERABLE"",""EMERGENC"":""False"",""ETN"":""610"",""EXPIRED"":""202606220545"",""FCSTER"":""Mahale"",""GTYPE"":""P"",""HAILTAG"":""1.0"",""HV_CAUSE"":null,""HV_NWSLI"":null,""HV_REC"":null,""HV_SEV"":null,""INIT_EXP"":""202606220545"",""INIT_ISS"":""202606220448"",""ISSUED"":""202606220448"",""NWS_UGC"":null,""PHENOM"":""SV"",""POLY_BEG"":""202606220448"",""POLY_END"":""202606220545"",""PROD_ID"":""202606220448-KOUN-WUUS54-SVROUN"",""SIG"":""W"",""STATUS"":""NEW"",""TORNTAG"":null,""UPDATED"":""202606220448"",""VTEC_YR"":""2026"",""WFO"":""OUN"",""WINDTAG"":""70.0""},""iem_significance"":""W"",""iem_tornadotag"":"""",""iem_ugc"":"""",""iem_wfo"":""OUN"",""iem_windtag"":""70.0"",""senderName"":""OUN"",""status"":""NEW""},""type"":""Feature""}",2026-04-27T17:31:58Z,2026-07-09T05:15:02Z,2026-07-09T18:49:04Z
5173,iem_watchwarn,iem_watchwarn|PUB|55|SV|W|2026-06-22T04:50:00Z|2026-06-22T05:09:00Z|,Severe Thunderstorm Warning,,2026-06-22T04:50:00Z,2026-06-22T05:09:00Z,PUB,NEW,1,"{""coordinates"":[[[-102.77,37.9],[-102.64,38.04],[-102.31,37.97],[-102.36,37.84],[-102.49,37.72],[-102.77,37.9]]],""type"":""Polygon""}","{""_map_py"":{""effective"":""2026-06-22T04:50:00Z"",""event"":""Severe Thunderstorm Warning"",""expires"":""2026-06-22T05:09:00Z"",""has_polygon"":true,""headline"":"""",""sender"":""PUB""},""effective"":""2026-06-22T04:50:00Z"",""event"":""Severe Thunderstorm Warning"",""expires"":""2026-06-22T05:09:00Z"",""headline"":"""",""iem_damagetag"":"""",""iem_emergency"":""False"",""iem_event_id"":""55"",""iem_forecaster"":""mw"",""iem_gtype"":""P"",""iem_hailtag"":""1.0"",""iem_phenomena"":""SV"",""iem_raw_properties"":{""AREA_KM2"":""822.4153942891893"",""DAMAGTAG"":null,""EMERGENC"":""False"",""ETN"":""55"",""EXPIRED"":""202606220509"",""FCSTER"":""mw"",""GTYPE"":""P"",""HAILTAG"":""1.0"",""HV_CAUSE"":null,""HV_NWSLI"":null,""HV_REC"":null,""HV_SEV"":null,""INIT_EXP"":""202606220530"",""INIT_ISS"":""202606220450"",""ISSUED"":""202606220450"",""NWS_UGC"":null,""PHENOM"":""SV"",""POLY_BEG"":""202606220450"",""POLY_END"":""202606220503"",""PROD_ID"":""202606220450-KPUB-WUUS55-SVRPUB"",""SIG"":""W"",""STATUS"":""NEW"",""TORNTAG"":null,""UPDATED"":""202606220450"",""VTEC_YR"":""2026"",""WFO"":""PUB"",""WINDTAG"":""60.0""},""iem_significance"":""W"",""iem_tornadotag"":"""",""iem_ugc"":"""",""iem_wfo"":""PUB"",""iem_windtag"":""60.0"",""senderName"":""PUB"",""status"":""NEW""}","{""geometry"":{""coordinates"":[[[-102.77,37.9],[-102.64,38.04],[-102.31,37.97],[-102.36,37.84],[-102.49,37.72],[-102.77,37.9]]],""type"":""Polygon""},""properties"":{""_map_py"":{""effective"":""2026-06-22T04:50:00Z"",""event"":""Severe Thunderstorm Warning"",""expires"":""2026-06-22T05:09:00Z"",""has_polygon"":true,""headline"":"""",""sender"":""PUB""},""effective"":""2026-06-22T04:50:00Z"",""event"":""Severe Thunderstorm Warning"",""expires"":""2026-06-22T05:09:00Z"",""headline"":"""",""iem_damagetag"":"""",""iem_emergency"":""False"",""iem_event_id"":""55"",""iem_forecaster"":""mw"",""iem_gtype"":""P"",""iem_hailtag"":""1.0"",""iem_phenomena"":""SV"",""iem_raw_properties"":{""AREA_KM2"":""822.4153942891893"",""DAMAGTAG"":null,""EMERGENC"":""False"",""ETN"":""55"",""EXPIRED"":""202606220509"",""FCSTER"":""mw"",""GTYPE"":""P"",""HAILTAG"":""1.0"",""HV_CAUSE"":null,""HV_NWSLI"":null,""HV_REC"":null,""HV_SEV"":null,""INIT_EXP"":""202606220530"",""INIT_ISS"":""202606220450"",""ISSUED"":""202606220450"",""NWS_UGC"":null,""PHENOM"":""SV"",""POLY_BEG"":""202606220450"",""POLY_END"":""202606220503"",""PROD_ID"":""202606220450-KPUB-WUUS55-SVRPUB"",""SIG"":""W"",""STATUS"":""NEW"",""TORNTAG"":null,""UPDATED"":""202606220450"",""VTEC_YR"":""2026"",""WFO"":""PUB"",""WINDTAG"":""60.0""},""iem_significance"":""W"",""iem_tornadotag"":"""",""iem_ugc"":"""",""iem_wfo"":""PUB"",""iem_windtag"":""60.0"",""senderName"":""PUB"",""status"":""NEW""},""type"":""Feature""}",2026-04-27T17:31:58Z,2026-07-09T05:15:02Z,2026-07-09T18:49:04Z
11057,iem_watchwarn,iem_watchwarn|LMK|110|SV|W|2026-06-22T04:50:00Z|2026-06-22T05:15:00Z|,Severe Thunderstorm Warning,,2026-06-22T04:50:00Z,2026-06-22T05:15:00Z,LMK,NEW,1,"{""coordinates"":[[[-83.88,38.27],[-84.13,38.22],[-84.19,38.36],[-84.09,38.46],[-84.02,38.44],[-84.0,38.43],[-84.0,38.42],[-83.99,38.44],[-83.97,38.44],[-83.95,38.42],[-83.92,38.36],[-83.89,38.36],[-83.9,38.35],[-83.87,38.36],[-83.86,38.33],[-83.84,38.34],[-83.85,38.32],[-83.83,38.31],[-83.88,38.27]]],""type"":""Polygon""}","{""_map_py"":{""effective"":""2026-06-22T04:50:00Z"",""event"":""Severe Thunderstorm Warning"",""expires"":""2026-06-22T05:15:00Z"",""has_polygon"":true,""headline"":"""",""sender"":""LMK""},""effective"":""2026-06-22T04:50:00Z"",""event"":""Severe Thunderstorm Warning"",""expires"":""2026-06-22T05:15:00Z"",""headline"":"""",""iem_damagetag"":"""",""iem_emergency"":""False"",""iem_event_id"":""110"",""iem_forecaster"":""Padgett"",""iem_gtype"":""P"",""iem_hailtag"":""0.75"",""iem_phenomena"":""SV"",""iem_raw_properties"":{""AREA_KM2"":""509.0403202975808"",""DAMAGTAG"":null,""EMERGENC"":""False"",""ETN"":""110"",""EXPIRED"":""202606220515"",""FCSTER"":""Padgett"",""GTYPE"":""P"",""HAILTAG"":""0.75"",""HV_CAUSE"":null,""HV_NWSLI"":null,""HV_REC"":null,""HV_SEV"":null,""INIT_EXP"":""202606220515"",""INIT_ISS"":""202606220450"",""ISSUED"":""202606220450"",""NWS_UGC"":null,""PHENOM"":""SV"",""POLY_BEG"":""202606220450"",""POLY_END"":""202606220504"",""PROD_ID"":""202606220450-KLMK-WUUS53-SVRLMK"",""SIG"":""W"",""STATUS"":""NEW"",""TORNTAG"":""POSSIBLE"",""UPDATED"":""202606220450"",""VTEC_YR"":""2026"",""WFO"":""LMK"",""WINDTAG"":""60.0""},""iem_significance"":""W"",""iem_tornadotag"":""POSSIBLE"",""iem_ugc"":"""",""iem_wfo"":""LMK"",""iem_windtag"":""60.0"",""senderName"":""LMK"",""status"":""NEW""}","{""geometry"":{""coordinates"":[[[-83.88,38.27],[-84.13,38.22],[-84.19,38.36],[-84.09,38.46],[-84.02,38.44],[-84.0,38.43],[-84.0,38.42],[-83.99,38.44],[-83.97,38.44],[-83.95,38.42],[-83.92,38.36],[-83.89,38.36],[-83.9,38.35],[-83.87,38.36],[-83.86,38.33],[-83.84,38.34],[-83.85,38.32],[-83.83,38.31],[-83.88,38.27]]],""type"":""Polygon""},""properties"":{""_map_py"":{""effective"":""2026-06-22T04:50:00Z"",""event"":""Severe Thunderstorm Warning"",""expires"":""2026-06-22T05:15:00Z"",""has_polygon"":true,""headline"":"""",""sender"":""LMK""},""effective"":""2026-06-22T04:50:00Z"",""event"":""Severe Thunderstorm Warning"",""expires"":""2026-06-22T05:15:00Z"",""headline"":"""",""iem_damagetag"":"""",""iem_emergency"":""False"",""iem_event_id"":""110"",""iem_forecaster"":""Padgett"",""iem_gtype"":""P"",""iem_hailtag"":""0.75"",""iem_phenomena"":""SV"",""iem_raw_properties"":{""AREA_KM2"":""509.0403202975808"",""DAMAGTAG"":null,""EMERGENC"":""False"",""ETN"":""110"",""EXPIRED"":""202606220515"",""FCSTER"":""Padgett"",""GTYPE"":""P"",""HAILTAG"":""0.75"",""HV_CAUSE"":null,""HV_NWSLI"":null,""HV_REC"":null,""HV_SEV"":null,""INIT_EXP"":""202606220515"",""INIT_ISS"":""202606220450"",""ISSUED"":""202606220450"",""NWS_UGC"":null,""PHENOM"":""SV"",""POLY_BEG"":""202606220450"",""POLY_END"":""202606220504"",""PROD_ID"":""202606220450-KLMK-WUUS53-SVRLMK"",""SIG"":""W"",""STATUS"":""NEW"",""TORNTAG"":""POSSIBLE"",""UPDATED"":""202606220450"",""VTEC_YR"":""2026"",""WFO"":""LMK"",""WINDTAG"":""60.0""},""iem_significance"":""W"",""iem_tornadotag"":""POSSIBLE"",""iem_ugc"":"""",""iem_wfo"":""LMK"",""iem_windtag"":""60.0"",""senderName"":""LMK"",""status"":""NEW""},""type"":""Feature""}",2026-04-27T17:31:58Z,2026-07-09T05:15:02Z,2026-07-09T18:49:04Z
842,iem_watchwarn,iem_watchwarn|LMK|34|TO|W|2026-06-22T04:50:00Z|2026-06-22T05:30:00Z|,Tornado Warning,,2026-06-22T04:50:00Z,2026-06-22T05:30:00Z,LMK,NEW,1,"{""coordinates"":[[[-86.8,37.85],[-86.73,37.99],[-86.32,37.91],[-86.42,37.69],[-86.8,37.85]]],""type"":""Polygon""}","{""_map_py"":{""effective"":""2026-06-22T04:50:00Z"",""event"":""Tornado Warning"",""expires"":""2026-06-22T05:30:00Z"",""has_polygon"":true,""headline"":"""",""sender"":""LMK""},""effective"":""2026-06-22T04:50:00Z"",""event"":""Tornado Warning"",""expires"":""2026-06-22T05:30:00Z"",""headline"":"""",""iem_damagetag"":"""",""iem_emergency"":""False"",""iem_event_id"":""34"",""iem_forecaster"":""Webb"",""iem_gtype"":""P"",""iem_hailtag"":""1.0"",""iem_phenomena"":""TO"",""iem_raw_properties"":{""AREA_KM2"":""793.5240357828169"",""DAMAGTAG"":null,""EMERGENC"":""False"",""ETN"":""34"",""EXPIRED"":""202606220530"",""FCSTER"":""Webb"",""GTYPE"":""P"",""HAILTAG"":""1.0"",""HV_CAUSE"":null,""HV_NWSLI"":null,""HV_REC"":null,""HV_SEV"":null,""INIT_EXP"":""202606220530"",""INIT_ISS"":""202606220450"",""ISSUED"":""202606220450"",""NWS_UGC"":null,""PHENOM"":""TO"",""POLY_BEG"":""202606220450"",""POLY_END"":""202606220509"",""PROD_ID"":""202606220450-KLMK-WFUS53-TORLMK"",""SIG"":""W"",""STATUS"":""NEW"",""TORNTAG"":""RADAR INDICATED"",""UPDATED"":""202606220450"",""VTEC_YR"":""2026"",""WFO"":""LMK"",""WINDTAG"":null},""iem_significance"":""W"",""iem_tornadotag"":""RADAR INDICATED"",""iem_ugc"":"""",""iem_wfo"":""LMK"",""iem_windtag"":"""",""senderName"":""LMK"",""status"":""NEW""}","{""geometry"":{""coordinates"":[[[-86.8,37.85],[-86.73,37.99],[-86.32,37.91],[-86.42,37.69],[-86.8,37.85]]],""type"":""Polygon""},""properties"":{""_map_py"":{""effective"":""2026-06-22T04:50:00Z"",""event"":""Tornado Warning"",""expires"":""2026-06-22T05:30:00Z"",""has_polygon"":true,""headline"":"""",""sender"":""LMK""},""effective"":""2026-06-22T04:50:00Z"",""event"":""Tornado Warning"",""expires"":""2026-06-22T05:30:00Z"",""headline"":"""",""iem_damagetag"":"""",""iem_emergency"":""False"",""iem_event_id"":""34"",""iem_forecaster"":""Webb"",""iem_gtype"":""P"",""iem_hailtag"":""1.0"",""iem_phenomena"":""TO"",""iem_raw_properties"":{""AREA_KM2"":""793.5240357828169"",""DAMAGTAG"":null,""EMERGENC"":""False"",""ETN"":""34"",""EXPIRED"":""202606220530"",""FCSTER"":""Webb"",""GTYPE"":""P"",""HAILTAG"":""1.0"",""HV_CAUSE"":null,""HV_NWSLI"":null,""HV_REC"":null,""HV_SEV"":null,""INIT_EXP"":""202606220530"",""INIT_ISS"":""202606220450"",""ISSUED"":""202606220450"",""NWS_UGC"":null,""PHENOM"":""TO"",""POLY_BEG"":""202606220450"",""POLY_END"":""202606220509"",""PROD_ID"":""202606220450-KLMK-WFUS53-TORLMK"",""SIG"":""W"",""STATUS"":""NEW"",""TORNTAG"":""RADAR INDICATED"",""UPDATED"":""202606220450"",""VTEC_YR"":""2026"",""WFO"":""LMK"",""WINDTAG"":null},""iem_significance"":""W"",""iem_tornadotag"":""RADAR INDICATED"",""iem_ugc"":"""",""iem_wfo"":""LMK"",""iem_windtag"":"""",""senderName"":""LMK"",""status"":""NEW""},""type"":""Feature""}",2026-04-27T17:31:58Z,2026-07-09T05:15:02Z,2026-07-09T18:49:04Z
3821,iem_watchwarn,iem_watchwarn|OUN|611|SV|W|2026-06-22T04:55:00Z|2026-06-22T05:45:00Z|,Severe Thunderstorm Warning,,2026-06-22T04:55:00Z,2026-06-22T05:45:00Z,OUN,NEW,1,"{""coordinates"":[[[-98.39,36.74],[-98.4,36.58],[-98.52,36.5],[-99.07,36.64],[-99.01,36.83],[-98.39,36.74]]],""type"":""Polygon""}","{""_map_py"":{""effective"":""2026-06-22T04:55:00Z"",""event"":""Severe Thunderstorm Warning"",""expires"":""2026-06-22T05:45:00Z"",""has_polygon"":true,""headline"":"""",""sender"":""OUN""},""effective"":""2026-06-22T04:55:00Z"",""event"":""Severe Thunderstorm Warning"",""expires"":""2026-06-22T05:45:00Z"",""headline"":"""",""iem_damagetag"":""DESTRUCTIVE"",""iem_emergency"":""False"",""iem_event_id"":""611"",""iem_forecaster"":""Mahale"",""iem_gtype"":""P"",""iem_hailtag"":""1.0"",""iem_phenomena"":""SV"",""iem_raw_properties"":{""AREA_KM2"":""1447.3216379355251"",""DAMAGTAG"":""DESTRUCTIVE"",""EMERGENC"":""False"",""ETN"":""611"",""EXPIRED"":""202606220545"",""FCSTER"":""Mahale"",""GTYPE"":""P"",""HAILTAG"":""1.0"",""HV_CAUSE"":null,""HV_NWSLI"":null,""HV_REC"":null,""HV_SEV"":null,""INIT_EXP"":""202606220545"",""INIT_ISS"":""202606220455"",""ISSUED"":""202606220455"",""NWS_UGC"":null,""PHENOM"":""SV"",""POLY_BEG"":""202606220455"",""POLY_END"":""202606220505"",""PROD_ID"":""202606220455-KOUN-WUUS54-SVROUN"",""SIG"":""W"",""STATUS"":""NEW"",""TORNTAG"":null,""UPDATED"":""202606220455"",""VTEC_YR"":""2026"",""WFO"":""OUN"",""WINDTAG"":""90.0""},""iem_significance"":""W"",""iem_tornadotag"":"""",""iem_ugc"":"""",""iem_wfo"":""OUN"",""iem_windtag"":""90.0"",""senderName"":""OUN"",""status"":""NEW""}","{""geometry"":{""coordinates"":[[[-98.39,36.74],[-98.4,36.58],[-98.52,36.5],[-99.07,36.64],[-99.01,36.83],[-98.39,36.74]]],""type"":""Polygon""},""properties"":{""_map_py"":{""effective"":""2026-06-22T04:55:00Z"",""event"":""Severe Thunderstorm Warning"",""expires"":""2026-06-22T05:45:00Z"",""has_polygon"":true,""headline"":"""",""sender"":""OUN""},""effective"":""2026-06-22T04:55:00Z"",""event"":""Severe Thunderstorm Warning"",""expires"":""2026-06-22T05:45:00Z"",""headline"":"""",""iem_damagetag"":""DESTRUCTIVE"",""iem_emergency"":""False"",""iem_event_id"":""611"",""iem_forecaster"":""Mahale"",""iem_gtype"":""P"",""iem_hailtag"":""1.0"",""iem_phenomena"":""SV"",""iem_raw_properties"":{""AREA_KM2"":""1447.3216379355251"",""DAMAGTAG"":""DESTRUCTIVE"",""EMERGENC"":""False"",""ETN"":""611"",""EXPIRED"":""202606220545"",""FCSTER"":""Mahale"",""GTYPE"":""P"",""HAILTAG"":""1.0"",""HV_CAUSE"":null,""HV_NWSLI"":null,""HV_REC"":null,""HV_SEV"":null,""INIT_EXP"":""202606220545"",""INIT_ISS"":""202606220455"",""ISSUED"":""202606220455"",""NWS_UGC"":null,""PHENOM"":""SV"",""POLY_BEG"":""202606220455"",""POLY_END"":""202606220505"",""PROD_ID"":""202606220455-KOUN-WUUS54-SVROUN"",""SIG"":""W"",""STATUS"":""NEW"",""TORNTAG"":null,""UPDATED"":""202606220455"",""VTEC_YR"":""2026"",""WFO"":""OUN"",""WINDTAG"":""90.0""},""iem_significance"":""W"",""iem_tornadotag"":"""",""iem_ugc"":"""",""iem_wfo"":""OUN"",""iem_windtag"":""90.0"",""senderName"":""OUN"",""status"":""NEW""},""type"":""Feature""}",2026-04-27T17:31:58Z,2026-07-09T05:15:02Z,2026-07-09T18:49:04Z
10944,iem_watchwarn,iem_watchwarn|JKL|51|SV|W|2026-06-22T04:57:00Z|2026-06-22T05:30:00Z|,Severe Thunderstorm Warning,,2026-06-22T04:57:00Z,2026-06-22T05:30:00Z,JKL,NEW,1,"{""coordinates"":[[[-83.59,38.49],[-83.58,38.44],[-83.5,38.41],[-83.48,38.36],[-83.5,38.35],[-83.49,38.33],[-83.88,38.27],[-83.84,38.32],[-83.84,38.34],[-83.88,38.36],[-83.9,38.35],[-83.89,38.36],[-83.92,38.36],[-83.95,38.42],[-83.97,38.43],[-83.85,38.46],[-83.65,38.53],[-83.59,38.49]]],""type"":""Polygon""}","{""_map_py"":{""effective"":""2026-06-22T04:57:00Z"",""event"":""Severe Thunderstorm Warning"",""expires"":""2026-06-22T05:30:00Z"",""has_polygon"":true,""headline"":"""",""sender"":""JKL""},""effective"":""2026-06-22T04:57:00Z"",""event"":""Severe Thunderstorm Warning"",""expires"":""2026-06-22T05:30:00Z"",""headline"":"""",""iem_damagetag"":"""",""iem_emergency"":""False"",""iem_event_id"":""51"",""iem_forecaster"":""CMC"",""iem_gtype"":""P"",""iem_hailtag"":""0.75"",""iem_phenomena"":""SV"",""iem_raw_properties"":{""AREA_KM2"":""696.3470898799809"",""DAMAGTAG"":null,""EMERGENC"":""False"",""ETN"":""51"",""EXPIRED"":""202606220530"",""FCSTER"":""CMC"",""GTYPE"":""P"",""HAILTAG"":""0.75"",""HV_CAUSE"":null,""HV_NWSLI"":null,""HV_REC"":null,""HV_SEV"":null,""INIT_EXP"":""202606220545"",""INIT_ISS"":""202606220457"",""ISSUED"":""202606220457"",""NWS_UGC"":null,""PHENOM"":""SV"",""POLY_BEG"":""202606220457"",""POLY_END"":""202606220520"",""PROD_ID"":""202606220457-KJKL-WUUS53-SVRJKL"",""SIG"":""W"",""STATUS"":""NEW"",""TORNTAG"":""POSSIBLE"",""UPDATED"":""202606220457"",""VTEC_YR"":""2026"",""WFO"":""JKL"",""WINDTAG"":""60.0""},""iem_significance"":""W"",""iem_tornadotag"":""POSSIBLE"",""iem_ugc"":"""",""iem_wfo"":""JKL"",""iem_windtag"":""60.0"",""senderName"":""JKL"",""status"":""NEW""}","{""geometry"":{""coordinates"":[[[-83.59,38.49],[-83.58,38.44],[-83.5,38.41],[-83.48,38.36],[-83.5,38.35],[-83.49,38.33],[-83.88,38.27],[-83.84,38.32],[-83.84,38.34],[-83.88,38.36],[-83.9,38.35],[-83.89,38.36],[-83.92,38.36],[-83.95,38.42],[-83.97,38.43],[-83.85,38.46],[-83.65,38.53],[-83.59,38.49]]],""type"":""Polygon""},""properties"":{""_map_py"":{""effective"":""2026-06-22T04:57:00Z"",""event"":""Severe Thunderstorm Warning"",""expires"":""2026-06-22T05:30:00Z"",""has_polygon"":true,""headline"":"""",""sender"":""JKL""},""effective"":""2026-06-22T04:57:00Z"",""event"":""Severe Thunderstorm Warning"",""expires"":""2026-06-22T05:30:00Z"",""headline"":"""",""iem_damagetag"":"""",""iem_emergency"":""False"",""iem_event_id"":""51"",""iem_forecaster"":""CMC"",""iem_gtype"":""P"",""iem_hailtag"":""0.75"",""iem_phenomena"":""SV"",""iem_raw_properties"":{""AREA_KM2"":""696.3470898799809"",""DAMAGTAG"":null,""EMERGENC"":""False"",""ETN"":""51"",""EXPIRED"":""202606220530"",""FCSTER"":""CMC"",""GTYPE"":""P"",""HAILTAG"":""0.75"",""HV_CAUSE"":null,""HV_NWSLI"":null,""HV_REC"":null,""HV_SEV"":null,""INIT_EXP"":""202606220545"",""INIT_ISS"":""202606220457"",""ISSUED"":""202606220457"",""NWS_UGC"":null,""PHENOM"":""SV"",""POLY_BEG"":""202606220457"",""POLY_END"":""202606220520"",""PROD_ID"":""202606220457-KJKL-WUUS53-SVRJKL"",""SIG"":""W"",""STATUS"":""NEW"",""TORNTAG"":""POSSIBLE"",""UPDATED"":""202606220457"",""VTEC_YR"":""2026"",""WFO"":""JKL"",""WINDTAG"":""60.0""},""iem_significance"":""W"",""iem_tornadotag"":""POSSIBLE"",""iem_ugc"":"""",""iem_wfo"":""JKL"",""iem_windtag"":""60.0"",""senderName"":""JKL"",""status"":""NEW""},""type"":""Feature""}",2026-04-27T17:31:58Z,2026-07-09T05:15:02Z,2026-07-09T18:49:04Z
7053,iem_watchwarn,iem_watchwarn|OUN|75|TO|W|2026-06-22T05:00:00Z|2026-06-22T05:30:00Z|,Tornado Warning,,2026-06-22T05:00:00Z,2026-06-22T05:30:00Z,OUN,NEW,1,"{""coordinates"":[[[-98.53,36.47],[-98.53,36.46],[-98.51,36.47],[-98.43,36.45],[-98.49,36.29],[-98.8,36.46],[-98.77,36.52],[-98.53,36.47]]],""type"":""Polygon""}","{""_map_py"":{""effective"":""2026-06-22T05:00:00Z"",""event"":""Tornado Warning"",""expires"":""2026-06-22T05:30:00Z"",""has_polygon"":true,""headline"":"""",""sender"":""OUN""},""effective"":""2026-06-22T05:00:00Z"",""event"":""Tornado Warning"",""expires"":""2026-06-22T05:30:00Z"",""headline"":"""",""iem_damagetag"":"""",""iem_emergency"":""False"",""iem_event_id"":""75"",""iem_forecaster"":""Mahale"",""iem_gtype"":""P"",""iem_hailtag"":""0.75"",""iem_phenomena"":""TO"",""iem_raw_properties"":{""AREA_KM2"":""409.06086092812234"",""DAMAGTAG"":null,""EMERGENC"":""False"",""ETN"":""75"",""EXPIRED"":""202606220530"",""FCSTER"":""Mahale"",""GTYPE"":""P"",""HAILTAG"":""0.75"",""HV_CAUSE"":null,""HV_NWSLI"":null,""HV_REC"":null,""HV_SEV"":null,""INIT_EXP"":""202606220530"",""INIT_ISS"":""202606220500"",""ISSUED"":""202606220500"",""NWS_UGC"":null,""PHENOM"":""TO"",""POLY_BEG"":""202606220500"",""POLY_END"":""202606220520"",""PROD_ID"":""202606220500-KOUN-WFUS54-TOROUN"",""SIG"":""W"",""STATUS"":""NEW"",""TORNTAG"":""RADAR INDICATED"",""UPDATED"":""202606220500"",""VTEC_YR"":""2026"",""WFO"":""OUN"",""WINDTAG"":null},""iem_significance"":""W"",""iem_tornadotag"":""RADAR INDICATED"",""iem_ugc"":"""",""iem_wfo"":""OUN"",""iem_windtag"":"""",""senderName"":""OUN"",""status"":""NEW""}","{""geometry"":{""coordinates"":[[[-98.53,36.47],[-98.53,36.46],[-98.51,36.47],[-98.43,36.45],[-98.49,36.29],[-98.8,36.46],[-98.77,36.52],[-98.53,36.47]]],""type"":""Polygon""},""properties"":{""_map_py"":{""effective"":""2026-06-22T05:00:00Z"",""event"":""Tornado Warning"",""expires"":""2026-06-22T05:30:00Z"",""has_polygon"":true,""headline"":"""",""sender"":""OUN""},""effective"":""2026-06-22T05:00:00Z"",""event"":""Tornado Warning"",""expires"":""2026-06-22T05:30:00Z"",""headline"":"""",""iem_damagetag"":"""",""iem_emergency"":""False"",""iem_event_id"":""75"",""iem_forecaster"":""Mahale"",""iem_gtype"":""P"",""iem_hailtag"":""0.75"",""iem_phenomena"":""TO"",""iem_raw_properties"":{""AREA_KM2"":""409.06086092812234"",""DAMAGTAG"":null,""EMERGENC"":""False"",""ETN"":""75"",""EXPIRED"":""202606220530"",""FCSTER"":""Mahale"",""GTYPE"":""P"",""HAILTAG"":""0.75"",""HV_CAUSE"":null,""HV_NWSLI"":null,""HV_REC"":null,""HV_SEV"":null,""INIT_EXP"":""202606220530"",""INIT_ISS"":""202606220500"",""ISSUED"":""202606220500"",""NWS_UGC"":null,""PHENOM"":""TO"",""POLY_BEG"":""202606220500"",""POLY_END"":""202606220520"",""PROD_ID"":""202606220500-KOUN-WFUS54-TOROUN"",""SIG"":""W"",""STATUS"":""NEW"",""TORNTAG"":""RADAR INDICATED"",""UPDATED"":""202606220500"",""VTEC_YR"":""2026"",""WFO"":""OUN"",""WINDTAG"":null},""iem_significance"":""W"",""iem_tornadotag"":""RADAR INDICATED"",""iem_ugc"":"""",""iem_wfo"":""OUN"",""iem_windtag"":"""",""senderName"":""OUN"",""status"":""NEW""},""type"":""Feature""}",2026-04-27T17:31:58Z,2026-07-09T05:15:02Z,2026-07-09T18:49:04Z
6326,iem_watchwarn,iem_watchwarn|LMK|111|SV|W|2026-06-22T05:04:00Z|2026-06-22T05:45:00Z|,Severe Thunderstorm Warning,,2026-06-22T05:04:00Z,2026-06-22T05:45:00Z,LMK,NEW,1,"{""coordinates"":[[[-84.88,37.71],[-85.28,37.79],[-85.25,37.96],[-85.17,37.97],[-85.17,37.98],[-84.84,37.97],[-84.88,37.71]]],""type"":""Polygon""}","{""_map_py"":{""effective"":""2026-06-22T05:04:00Z"",""event"":""Severe Thunderstorm Warning"",""expires"":""2026-06-22T05:45:00Z"",""has_polygon"":true,""headline"":"""",""sender"":""LMK""},""effective"":""2026-06-22T05:04:00Z"",""event"":""Severe Thunderstorm Warning"",""expires"":""2026-06-22T05:45:00Z"",""headline"":"""",""iem_damagetag"":"""",""iem_emergency"":""False"",""iem_event_id"":""111"",""iem_forecaster"":""Webb"",""iem_gtype"":""P"",""iem_hailtag"":""1.0"",""iem_phenomena"":""SV"",""iem_raw_properties"":{""AREA_KM2"":""893.8286112119112"",""DAMAGTAG"":null,""EMERGENC"":""False"",""ETN"":""111"",""EXPIRED"":""202606220545"",""FCSTER"":""Webb"",""GTYPE"":""P"",""HAILTAG"":""1.0"",""HV_CAUSE"":null,""HV_NWSLI"":null,""HV_REC"":null,""HV_SEV"":null,""INIT_EXP"":""202606220545"",""INIT_ISS"":""202606220504"",""ISSUED"":""202606220504"",""NWS_UGC"":null,""PHENOM"":""SV"",""POLY_BEG"":""202606220504"",""POLY_END"":""202606220532"",""PROD_ID"":""202606220504-KLMK-WUUS53-SVRLMK"",""SIG"":""W"",""STATUS"":""NEW"",""TORNTAG"":null,""UPDATED"":""202606220504"",""VTEC_YR"":""2026"",""WFO"":""LMK"",""WINDTAG"":""60.0""},""iem_significance"":""W"",""iem_tornadotag"":"""",""iem_ugc"":"""",""iem_wfo"":""LMK"",""iem_windtag"":""60.0"",""senderName"":""LMK"",""status"":""NEW""}","{""geometry"":{""coordinates"":[[[-84.88,37.71],[-85.28,37.79],[-85.25,37.96],[-85.17,37.97],[-85.17,37.98],[-84.84,37.97],[-84.88,37.71]]],""type"":""Polygon""},""properties"":{""_map_py"":{""effective"":""2026-06-22T05:04:00Z"",""event"":""Severe Thunderstorm Warning"",""expires"":""2026-06-22T05:45:00Z"",""has_polygon"":true,""headline"":"""",""sender"":""LMK""},""effective"":""2026-06-22T05:04:00Z"",""event"":""Severe Thunderstorm Warning"",""expires"":""2026-06-22T05:45:00Z"",""headline"":"""",""iem_damagetag"":"""",""iem_emergency"":""False"",""iem_event_id"":""111"",""iem_forecaster"":""Webb"",""iem_gtype"":""P"",""iem_hailtag"":""1.0"",""iem_phenomena"":""SV"",""iem_raw_properties"":{""AREA_KM2"":""893.8286112119112"",""DAMAGTAG"":null,""EMERGENC"":""False"",""ETN"":""111"",""EXPIRED"":""202606220545"",""FCSTER"":""Webb"",""GTYPE"":""P"",""HAILTAG"":""1.0"",""HV_CAUSE"":null,""HV_NWSLI"":null,""HV_REC"":null,""HV_SEV"":null,""INIT_EXP"":""202606220545"",""INIT_ISS"":""202606220504"",""ISSUED"":""202606220504"",""NWS_UGC"":null,""PHENOM"":""SV"",""POLY_BEG"":""202606220504"",""POLY_END"":""202606220532"",""PROD_ID"":""202606220504-KLMK-WUUS53-SVRLMK"",""SIG"":""W"",""STATUS"":""NEW"",""TORNTAG"":null,""UPDATED"":""202606220504"",""VTEC_YR"":""2026"",""WFO"":""LMK"",""WINDTAG"":""60.0""},""iem_significance"":""W"",""iem_tornadotag"":"""",""iem_ugc"":"""",""iem_wfo"":""LMK"",""iem_windtag"":""60.0"",""senderName"":""LMK"",""status"":""NEW""},""type"":""Feature""}",2026-04-27T17:31:58Z,2026-07-09T05:15:02Z,2026-07-09T18:49:04Z
7730,iem_watchwarn,iem_watchwarn|OUN|612|SV|W|2026-06-22T05:13:00Z|2026-06-22T06:00:00Z|,Severe Thunderstorm Warning,,2026-06-22T05:13:00Z,2026-06-22T06:00:00Z,OUN,NEW,1,"{""coordinates"":[[[-97.07,37.0],[-97.08,36.73],[-97.46,36.49],[-98.1,36.46],[-98.11,36.64],[-97.77,36.81],[-97.76,36.99],[-97.74,37.0],[-97.07,37.0]]],""type"":""Polygon""}","{""_map_py"":{""effective"":""2026-06-22T05:13:00Z"",""event"":""Severe Thunderstorm Warning"",""expires"":""2026-06-22T06:00:00Z"",""has_polygon"":true,""headline"":"""",""sender"":""OUN""},""effective"":""2026-06-22T05:13:00Z"",""event"":""Severe Thunderstorm Warning"",""expires"":""2026-06-22T06:00:00Z"",""headline"":"""",""iem_damagetag"":"""",""iem_emergency"":""False"",""iem_event_id"":""612"",""iem_forecaster"":""Mahale"",""iem_gtype"":""P"",""iem_hailtag"":""0.75"",""iem_phenomena"":""SV"",""iem_raw_properties"":{""AREA_KM2"":""3918.372805016124"",""DAMAGTAG"":null,""EMERGENC"":""False"",""ETN"":""612"",""EXPIRED"":""202606220600"",""FCSTER"":""Mahale"",""GTYPE"":""P"",""HAILTAG"":""0.75"",""HV_CAUSE"":null,""HV_NWSLI"":null,""HV_REC"":null,""HV_SEV"":null,""INIT_EXP"":""202606220600"",""INIT_ISS"":""202606220513"",""ISSUED"":""202606220513"",""NWS_UGC"":null,""PHENOM"":""SV"",""POLY_BEG"":""202606220513"",""POLY_END"":""202606220600"",""PROD_ID"":""202606220513-KOUN-WUUS54-SVROUN"",""SIG"":""W"",""STATUS"":""NEW"",""TORNTAG"":null,""UPDATED"":""202606220513"",""VTEC_YR"":""2026"",""WFO"":""OUN"",""WINDTAG"":""60.0""},""iem_significance"":""W"",""iem_tornadotag"":"""",""iem_ugc"":"""",""iem_wfo"":""OUN"",""iem_windtag"":""60.0"",""senderName"":""OUN"",""status"":""NEW""}","{""geometry"":{""coordinates"":[[[-97.07,37.0],[-97.08,36.73],[-97.46,36.49],[-98.1,36.46],[-98.11,36.64],[-97.77,36.81],[-97.76,36.99],[-97.74,37.0],[-97.07,37.0]]],""type"":""Polygon""},""properties"":{""_map_py"":{""effective"":""2026-06-22T05:13:00Z"",""event"":""Severe Thunderstorm Warning"",""expires"":""2026-06-22T06:00:00Z"",""has_polygon"":true,""headline"":"""",""sender"":""OUN""},""effective"":""2026-06-22T05:13:00Z"",""event"":""Severe Thunderstorm Warning"",""expires"":""2026-06-22T06:00:00Z"",""headline"":"""",""iem_damagetag"":"""",""iem_emergency"":""False"",""iem_event_id"":""612"",""iem_forecaster"":""Mahale"",""iem_gtype"":""P"",""iem_hailtag"":""0.75"",""iem_phenomena"":""SV"",""iem_raw_properties"":{""AREA_KM2"":""3918.372805016124"",""DAMAGTAG"":null,""EMERGENC"":""False"",""ETN"":""612"",""EXPIRED"":""202606220600"",""FCSTER"":""Mahale"",""GTYPE"":""P"",""HAILTAG"":""0.75"",""HV_CAUSE"":null,""HV_NWSLI"":null,""HV_REC"":null,""HV_SEV"":null,""INIT_EXP"":""202606220600"",""INIT_ISS"":""202606220513"",""ISSUED"":""202606220513"",""NWS_UGC"":null,""PHENOM"":""SV"",""POLY_BEG"":""202606220513"",""POLY_END"":""202606220600"",""PROD_ID"":""202606220513-KOUN-WUUS54-SVROUN"",""SIG"":""W"",""STATUS"":""NEW"",""TORNTAG"":null,""UPDATED"":""202606220513"",""VTEC_YR"":""2026"",""WFO"":""OUN"",""WINDTAG"":""60.0""},""iem_significance"":""W"",""iem_tornadotag"":"""",""iem_ugc"":"""",""iem_wfo"":""OUN"",""iem_windtag"":""60.0"",""senderName"":""OUN"",""status"":""NEW""},""type"":""Feature""}",2026-04-27T17:31:58Z,2026-07-09T05:15:02Z,2026-07-09T18:49:04Z
8507,iem_watchwarn,iem_watchwarn|OUN|613|SV|W|2026-06-22T05:18:00Z|2026-06-22T06:15:00Z|,Severe Thunderstorm Warning,,2026-06-22T05:18:00Z,2026-06-22T06:15:00Z,OUN,NEW,1,"{""coordinates"":[[[-98.96,36.16],[-98.49,36.71],[-97.46,36.59],[-97.9,35.9],[-98.2,35.74],[-99.36,35.47],[-99.37,35.51],[-99.43,35.51],[-99.85,35.81],[-98.96,36.16]]],""type"":""Polygon""}","{""_map_py"":{""effective"":""2026-06-22T05:18:00Z"",""event"":""Severe Thunderstorm Warning"",""expires"":""2026-06-22T06:15:00Z"",""has_polygon"":true,""headline"":"""",""sender"":""OUN""},""effective"":""2026-06-22T05:18:00Z"",""event"":""Severe Thunderstorm Warning"",""expires"":""2026-06-22T06:15:00Z"",""headline"":"""",""iem_damagetag"":""CONSIDERABLE"",""iem_emergency"":""False"",""iem_event_id"":""613"",""iem_forecaster"":""Mahale"",""iem_gtype"":""P"",""iem_hailtag"":""1.0"",""iem_phenomena"":""SV"",""iem_raw_properties"":{""AREA_KM2"":""14411.09385087748"",""DAMAGTAG"":""CONSIDERABLE"",""EMERGENC"":""False"",""ETN"":""613"",""EXPIRED"":""202606220615"",""FCSTER"":""Mahale"",""GTYPE"":""P"",""HAILTAG"":""1.0"",""HV_CAUSE"":null,""HV_NWSLI"":null,""HV_REC"":null,""HV_SEV"":null,""INIT_EXP"":""202606220615"",""INIT_ISS"":""202606220518"",""ISSUED"":""202606220518"",""NWS_UGC"":null,""PHENOM"":""SV"",""POLY_BEG"":""202606220518"",""POLY_END"":""202606220615"",""PROD_ID"":""202606220518-KOUN-WUUS54-SVROUN"",""SIG"":""W"",""STATUS"":""NEW"",""TORNTAG"":null,""UPDATED"":""202606220518"",""VTEC_YR"":""2026"",""WFO"":""OUN"",""WINDTAG"":""70.0""},""iem_significance"":""W"",""iem_tornadotag"":"""",""iem_ugc"":"""",""iem_wfo"":""OUN"",""iem_windtag"":""70.0"",""senderName"":""OUN"",""status"":""NEW""}","{""geometry"":{""coordinates"":[[[-98.96,36.16],[-98.49,36.71],[-97.46,36.59],[-97.9,35.9],[-98.2,35.74],[-99.36,35.47],[-99.37,35.51],[-99.43,35.51],[-99.85,35.81],[-98.96,36.16]]],""type"":""Polygon""},""properties"":{""_map_py"":{""effective"":""2026-06-22T05:18:00Z"",""event"":""Severe Thunderstorm Warning"",""expires"":""2026-06-22T06:15:00Z"",""has_polygon"":true,""headline"":"""",""sender"":""OUN""},""effective"":""2026-06-22T05:18:00Z"",""event"":""Severe Thunderstorm Warning"",""expires"":""2026-06-22T06:15:00Z"",""headline"":"""",""iem_damagetag"":""CONSIDERABLE"",""iem_emergency"":""False"",""iem_event_id"":""613"",""iem_forecaster"":""Mahale"",""iem_gtype"":""P"",""iem_hailtag"":""1.0"",""iem_phenomena"":""SV"",""iem_raw_properties"":{""AREA_KM2"":""14411.09385087748"",""DAMAGTAG"":""CONSIDERABLE"",""EMERGENC"":""False"",""ETN"":""613"",""EXPIRED"":""202606220615"",""FCSTER"":""Mahale"",""GTYPE"":""P"",""HAILTAG"":""1.0"",""HV_CAUSE"":null,""HV_NWSLI"":null,""HV_REC"":null,""HV_SEV"":null,""INIT_EXP"":""202606220615"",""INIT_ISS"":""202606220518"",""ISSUED"":""202606220518"",""NWS_UGC"":null,""PHENOM"":""SV"",""POLY_BEG"":""202606220518"",""POLY_END"":""202606220615"",""PROD_ID"":""202606220518-KOUN-WUUS54-SVROUN"",""SIG"":""W"",""STATUS"":""NEW"",""TORNTAG"":null,""UPDATED"":""202606220518"",""VTEC_YR"":""2026"",""WFO"":""OUN"",""WINDTAG"":""70.0""},""iem_significance"":""W"",""iem_tornadotag"":"""",""iem_ugc"":"""",""iem_wfo"":""OUN"",""iem_windtag"":""70.0"",""senderName"":""OUN"",""status"":""NEW""},""type"":""Feature""}",2026-04-27T17:31:58Z,2026-07-09T05:15:02Z,2026-07-09T18:49:04Z
2698,iem_watchwarn,iem_watchwarn|OUN|76|TO|W|2026-06-22T05:19:00Z|2026-06-22T05:45:00Z|,Tornado Warning,,2026-06-22T05:19:00Z,2026-06-22T05:45:00Z,OUN,NEW,1,"{""coordinates"":[[[-97.29,36.9],[-97.52,36.89],[-97.58,37.0],[-97.4,37.0],[-97.29,36.9]]],""type"":""Polygon""}","{""_map_py"":{""effective"":""2026-06-22T05:19:00Z"",""event"":""Tornado Warning"",""expires"":""2026-06-22T05:45:00Z"",""has_polygon"":true,""headline"":"""",""sender"":""OUN""},""effective"":""2026-06-22T05:19:00Z"",""event"":""Tornado Warning"",""expires"":""2026-06-22T05:45:00Z"",""headline"":"""",""iem_damagetag"":"""",""iem_emergency"":""False"",""iem_event_id"":""76"",""iem_forecaster"":""Mahale"",""iem_gtype"":""P"",""iem_hailtag"":""0.75"",""iem_phenomena"":""TO"",""iem_raw_properties"":{""AREA_KM2"":""216.86726971187068"",""DAMAGTAG"":null,""EMERGENC"":""False"",""ETN"":""76"",""EXPIRED"":""202606220545"",""FCSTER"":""Mahale"",""GTYPE"":""P"",""HAILTAG"":""0.75"",""HV_CAUSE"":null,""HV_NWSLI"":null,""HV_REC"":null,""HV_SEV"":null,""INIT_EXP"":""202606220545"",""INIT_ISS"":""202606220519"",""ISSUED"":""202606220519"",""NWS_UGC"":null,""PHENOM"":""TO"",""POLY_BEG"":""202606220519"",""POLY_END"":""202606220545"",""PROD_ID"":""202606220519-KOUN-WFUS54-TOROUN"",""SIG"":""W"",""STATUS"":""NEW"",""TORNTAG"":""RADAR INDICATED"",""UPDATED"":""202606220519"",""VTEC_YR"":""2026"",""WFO"":""OUN"",""WINDTAG"":null},""iem_significance"":""W"",""iem_tornadotag"":""RADAR INDICATED"",""iem_ugc"":"""",""iem_wfo"":""OUN"",""iem_windtag"":"""",""senderName"":""OUN"",""status"":""NEW""}","{""geometry"":{""coordinates"":[[[-97.29,36.9],[-97.52,36.89],[-97.58,37.0],[-97.4,37.0],[-97.29,36.9]]],""type"":""Polygon""},""properties"":{""_map_py"":{""effective"":""2026-06-22T05:19:00Z"",""event"":""Tornado Warning"",""expires"":""2026-06-22T05:45:00Z"",""has_polygon"":true,""headline"":"""",""sender"":""OUN""},""effective"":""2026-06-22T05:19:00Z"",""event"":""Tornado Warning"",""expires"":""2026-06-22T05:45:00Z"",""headline"":"""",""iem_damagetag"":"""",""iem_emergency"":""False"",""iem_event_id"":""76"",""iem_forecaster"":""Mahale"",""iem_gtype"":""P"",""iem_hailtag"":""0.75"",""iem_phenomena"":""TO"",""iem_raw_properties"":{""AREA_KM2"":""216.86726971187068"",""DAMAGTAG"":null,""EMERGENC"":""False"",""ETN"":""76"",""EXPIRED"":""202606220545"",""FCSTER"":""Mahale"",""GTYPE"":""P"",""HAILTAG"":""0.75"",""HV_CAUSE"":null,""HV_NWSLI"":null,""HV_REC"":null,""HV_SEV"":null,""INIT_EXP"":""202606220545"",""INIT_ISS"":""202606220519"",""ISSUED"":""202606220519"",""NWS_UGC"":null,""PHENOM"":""TO"",""POLY_BEG"":""202606220519"",""POLY_END"":""202606220545"",""PROD_ID"":""202606220519-KOUN-WFUS54-TOROUN"",""SIG"":""W"",""STATUS"":""NEW"",""TORNTAG"":""RADAR INDICATED"",""UPDATED"":""202606220519"",""VTEC_YR"":""2026"",""WFO"":""OUN"",""WINDTAG"":null},""iem_significance"":""W"",""iem_tornadotag"":""RADAR INDICATED"",""iem_ugc"":"""",""iem_wfo"":""OUN"",""iem_windtag"":"""",""senderName"":""OUN"",""status"":""NEW""},""type"":""Feature""}",2026-04-27T17:31:58Z,2026-07-09T05:15:02Z,2026-07-09T18:49:04Z
2026,iem_watchwarn,iem_watchwarn|OUN|77|TO|W|2026-06-22T05:30:00Z|2026-06-22T06:00:00Z|,Tornado Warning,,2026-06-22T05:30:00Z,2026-06-22T06:00:00Z,OUN,NEW,1,"{""coordinates"":[[[-96.99,37.0],[-96.99,36.88],[-97.36,36.89],[-97.39,37.0],[-96.99,37.0]]],""type"":""Polygon""}","{""_map_py"":{""effective"":""2026-06-22T05:30:00Z"",""event"":""Tornado Warning"",""expires"":""2026-06-22T06:00:00Z"",""has_polygon"":true,""headline"":"""",""sender"":""OUN""},""effective"":""2026-06-22T05:30:00Z"",""event"":""Tornado Warning"",""expires"":""2026-06-22T06:00:00Z"",""headline"":"""",""iem_damagetag"":"""",""iem_emergency"":""False"",""iem_event_id"":""77"",""iem_forecaster"":""Mahale"",""iem_gtype"":""P"",""iem_hailtag"":""0.75"",""iem_phenomena"":""TO"",""iem_raw_properties"":{""AREA_KM2"":""436.87082674146643"",""DAMAGTAG"":null,""EMERGENC"":""False"",""ETN"":""77"",""EXPIRED"":""202606220600"",""FCSTER"":""Mahale"",""GTYPE"":""P"",""HAILTAG"":""0.75"",""HV_CAUSE"":null,""HV_NWSLI"":null,""HV_REC"":null,""HV_SEV"":null,""INIT_EXP"":""202606220600"",""INIT_ISS"":""202606220530"",""ISSUED"":""202606220530"",""NWS_UGC"":null,""PHENOM"":""TO"",""POLY_BEG"":""202606220530"",""POLY_END"":""202606220556"",""PROD_ID"":""202606220530-KOUN-WFUS54-TOROUN"",""SIG"":""W"",""STATUS"":""NEW"",""TORNTAG"":""RADAR INDICATED"",""UPDATED"":""202606220530"",""VTEC_YR"":""2026"",""WFO"":""OUN"",""WINDTAG"":null},""iem_significance"":""W"",""iem_tornadotag"":""RADAR INDICATED"",""iem_ugc"":"""",""iem_wfo"":""OUN"",""iem_windtag"":"""",""senderName"":""OUN"",""status"":""NEW""}","{""geometry"":{""coordinates"":[[[-96.99,37.0],[-96.99,36.88],[-97.36,36.89],[-97.39,37.0],[-96.99,37.0]]],""type"":""Polygon""},""properties"":{""_map_py"":{""effective"":""2026-06-22T05:30:00Z"",""event"":""Tornado Warning"",""expires"":""2026-06-22T06:00:00Z"",""has_polygon"":true,""headline"":"""",""sender"":""OUN""},""effective"":""2026-06-22T05:30:00Z"",""event"":""Tornado Warning"",""expires"":""2026-06-22T06:00:00Z"",""headline"":"""",""iem_damagetag"":"""",""iem_emergency"":""False"",""iem_event_id"":""77"",""iem_forecaster"":""Mahale"",""iem_gtype"":""P"",""iem_hailtag"":""0.75"",""iem_phenomena"":""TO"",""iem_raw_properties"":{""AREA_KM2"":""436.87082674146643"",""DAMAGTAG"":null,""EMERGENC"":""False"",""ETN"":""77"",""EXPIRED"":""202606220600"",""FCSTER"":""Mahale"",""GTYPE"":""P"",""HAILTAG"":""0.75"",""HV_CAUSE"":null,""HV_NWSLI"":null,""HV_REC"":null,""HV_SEV"":null,""INIT_EXP"":""202606220600"",""INIT_ISS"":""202606220530"",""ISSUED"":""202606220530"",""NWS_UGC"":null,""PHENOM"":""TO"",""POLY_BEG"":""202606220530"",""POLY_END"":""202606220556"",""PROD_ID"":""202606220530-KOUN-WFUS54-TOROUN"",""SIG"":""W"",""STATUS"":""NEW"",""TORNTAG"":""RADAR INDICATED"",""UPDATED"":""202606220530"",""VTEC_YR"":""2026"",""WFO"":""OUN"",""WINDTAG"":null},""iem_significance"":""W"",""iem_tornadotag"":""RADAR INDICATED"",""iem_ugc"":"""",""iem_wfo"":""OUN"",""iem_windtag"":"""",""senderName"":""OUN"",""status"":""NEW""},""type"":""Feature""}",2026-04-27T17:31:58Z,2026-07-09T05:15:02Z,2026-07-09T18:49:04Z
694,iem_watchwarn,iem_watchwarn|PUB|56|SV|W|2026-06-22T05:33:00Z|2026-06-22T06:00:00Z|,Severe Thunderstorm Warning,,2026-06-22T05:33:00Z,2026-06-22T06:00:00Z,PUB,NEW,1,"{""coordinates"":[[[-103.39,37.82],[-103.24,37.96],[-103.0,37.83],[-103.25,37.69],[-103.39,37.82]]],""type"":""Polygon""}","{""_map_py"":{""effective"":""2026-06-22T05:33:00Z"",""event"":""Severe Thunderstorm Warning"",""expires"":""2026-06-22T06:00:00Z"",""has_polygon"":true,""headline"":"""",""sender"":""PUB""},""effective"":""2026-06-22T05:33:00Z"",""event"":""Severe Thunderstorm Warning"",""expires"":""2026-06-22T06:00:00Z"",""headline"":"""",""iem_damagetag"":"""",""iem_emergency"":""False"",""iem_event_id"":""56"",""iem_forecaster"":""MG"",""iem_gtype"":""P"",""iem_hailtag"":""1.0"",""iem_phenomena"":""SV"",""iem_raw_properties"":{""AREA_KM2"":""513.690529498116"",""DAMAGTAG"":null,""EMERGENC"":""False"",""ETN"":""56"",""EXPIRED"":""202606220600"",""FCSTER"":""MG"",""GTYPE"":""P"",""HAILTAG"":""1.0"",""HV_CAUSE"":null,""HV_NWSLI"":null,""HV_REC"":null,""HV_SEV"":null,""INIT_EXP"":""202606220600"",""INIT_ISS"":""202606220533"",""ISSUED"":""202606220533"",""NWS_UGC"":null,""PHENOM"":""SV"",""POLY_BEG"":""202606220533"",""POLY_END"":""202606220545"",""PROD_ID"":""202606220533-KPUB-WUUS55-SVRPUB"",""SIG"":""W"",""STATUS"":""NEW"",""TORNTAG"":null,""UPDATED"":""202606220533"",""VTEC_YR"":""2026"",""WFO"":""PUB"",""WINDTAG"":""60.0""},""iem_significance"":""W"",""iem_tornadotag"":"""",""iem_ugc"":"""",""iem_wfo"":""PUB"",""iem_windtag"":""60.0"",""senderName"":""PUB"",""status"":""NEW""}","{""geometry"":{""coordinates"":[[[-103.39,37.82],[-103.24,37.96],[-103.0,37.83],[-103.25,37.69],[-103.39,37.82]]],""type"":""Polygon""},""properties"":{""_map_py"":{""effective"":""2026-06-22T05:33:00Z"",""event"":""Severe Thunderstorm Warning"",""expires"":""2026-06-22T06:00:00Z"",""has_polygon"":true,""headline"":"""",""sender"":""PUB""},""effective"":""2026-06-22T05:33:00Z"",""event"":""Severe Thunderstorm Warning"",""expires"":""2026-06-22T06:00:00Z"",""headline"":"""",""iem_damagetag"":"""",""iem_emergency"":""False"",""iem_event_id"":""56"",""iem_forecaster"":""MG"",""iem_gtype"":""P"",""iem_hailtag"":""1.0"",""iem_phenomena"":""SV"",""iem_raw_properties"":{""AREA_KM2"":""513.690529498116"",""DAMAGTAG"":null,""EMERGENC"":""False"",""ETN"":""56"",""EXPIRED"":""202606220600"",""FCSTER"":""MG"",""GTYPE"":""P"",""HAILTAG"":""1.0"",""HV_CAUSE"":null,""HV_NWSLI"":null,""HV_REC"":null,""HV_SEV"":null,""INIT_EXP"":""202606220600"",""INIT_ISS"":""202606220533"",""ISSUED"":""202606220533"",""NWS_UGC"":null,""PHENOM"":""SV"",""POLY_BEG"":""202606220533"",""POLY_END"":""202606220545"",""PROD_ID"":""202606220533-KPUB-WUUS55-SVRPUB"",""SIG"":""W"",""STATUS"":""NEW"",""TORNTAG"":null,""UPDATED"":""202606220533"",""VTEC_YR"":""2026"",""WFO"":""PUB"",""WINDTAG"":""60.0""},""iem_significance"":""W"",""iem_tornadotag"":"""",""iem_ugc"":"""",""iem_wfo"":""PUB"",""iem_windtag"":""60.0"",""senderName"":""PUB"",""status"":""NEW""},""type"":""Feature""}",2026-04-27T17:31:58Z,2026-07-09T05:15:02Z,2026-07-09T18:49:04Z
7600,iem_watchwarn,iem_watchwarn|OUN|614|SV|W|2026-06-22T05:43:00Z|2026-06-22T06:30:00Z|,Severe Thunderstorm Warning,,2026-06-22T05:43:00Z,2026-06-22T06:30:00Z,OUN,NEW,1,"{""coordinates"":[[[-97.68,36.24],[-97.72,35.76],[-98.35,35.51],[-99.22,35.85],[-98.79,36.01],[-98.52,36.26],[-98.47,36.39],[-97.68,36.24]]],""type"":""Polygon""}","{""_map_py"":{""effective"":""2026-06-22T05:43:00Z"",""event"":""Severe Thunderstorm Warning"",""expires"":""2026-06-22T06:30:00Z"",""has_polygon"":true,""headline"":"""",""sender"":""OUN""},""effective"":""2026-06-22T05:43:00Z"",""event"":""Severe Thunderstorm Warning"",""expires"":""2026-06-22T06:30:00Z"",""headline"":"""",""iem_damagetag"":""DESTRUCTIVE"",""iem_emergency"":""False"",""iem_event_id"":""614"",""iem_forecaster"":""Mahale"",""iem_gtype"":""P"",""iem_hailtag"":""1.0"",""iem_phenomena"":""SV"",""iem_raw_properties"":{""AREA_KM2"":""7800.929892513374"",""DAMAGTAG"":""DESTRUCTIVE"",""EMERGENC"":""False"",""ETN"":""614"",""EXPIRED"":""202606220630"",""FCSTER"":""Mahale"",""GTYPE"":""P"",""HAILTAG"":""1.0"",""HV_CAUSE"":null,""HV_NWSLI"":null,""HV_REC"":null,""HV_SEV"":null,""INIT_EXP"":""202606220630"",""INIT_ISS"":""202606220543"",""ISSUED"":""202606220543"",""NWS_UGC"":null,""PHENOM"":""SV"",""POLY_BEG"":""202606220543"",""POLY_END"":""202606220630"",""PROD_ID"":""202606220543-KOUN-WUUS54-SVROUN"",""SIG"":""W"",""STATUS"":""NEW"",""TORNTAG"":null,""UPDATED"":""202606220543"",""VTEC_YR"":""2026"",""WFO"":""OUN"",""WINDTAG"":""80.0""},""iem_significance"":""W"",""iem_tornadotag"":"""",""iem_ugc"":"""",""iem_wfo"":""OUN"",""iem_windtag"":""80.0"",""senderName"":""OUN"",""status"":""NEW""}","{""geometry"":{""coordinates"":[[[-97.68,36.24],[-97.72,35.76],[-98.35,35.51],[-99.22,35.85],[-98.79,36.01],[-98.52,36.26],[-98.47,36.39],[-97.68,36.24]]],""type"":""Polygon""},""properties"":{""_map_py"":{""effective"":""2026-06-22T05:43:00Z"",""event"":""Severe Thunderstorm Warning"",""expires"":""2026-06-22T06:30:00Z"",""has_polygon"":true,""headline"":"""",""sender"":""OUN""},""effective"":""2026-06-22T05:43:00Z"",""event"":""Severe Thunderstorm Warning"",""expires"":""2026-06-22T06:30:00Z"",""headline"":"""",""iem_damagetag"":""DESTRUCTIVE"",""iem_emergency"":""False"",""iem_event_id"":""614"",""iem_forecaster"":""Mahale"",""iem_gtype"":""P"",""iem_hailtag"":""1.0"",""iem_phenomena"":""SV"",""iem_raw_properties"":{""AREA_KM2"":""7800.929892513374"",""DAMAGTAG"":""DESTRUCTIVE"",""EMERGENC"":""False"",""ETN"":""614"",""EXPIRED"":""202606220630"",""FCSTER"":""Mahale"",""GTYPE"":""P"",""HAILTAG"":""1.0"",""HV_CAUSE"":null,""HV_NWSLI"":null,""HV_REC"":null,""HV_SEV"":null,""INIT_EXP"":""202606220630"",""INIT_ISS"":""202606220543"",""ISSUED"":""202606220543"",""NWS_UGC"":null,""PHENOM"":""SV"",""POLY_BEG"":""202606220543"",""POLY_END"":""202606220630"",""PROD_ID"":""202606220543-KOUN-WUUS54-SVROUN"",""SIG"":""W"",""STATUS"":""NEW"",""TORNTAG"":null,""UPDATED"":""202606220543"",""VTEC_YR"":""2026"",""WFO"":""OUN"",""WINDTAG"":""80.0""},""iem_significance"":""W"",""iem_tornadotag"":"""",""iem_ugc"":"""",""iem_wfo"":""OUN"",""iem_windtag"":""80.0"",""senderName"":""OUN"",""status"":""NEW""},""type"":""Feature""}",2026-04-27T17:31:58Z,2026-07-09T05:15:02Z,2026-07-09T18:49:04Z
5340,iem_watchwarn,iem_watchwarn|OUN|615|SV|W|2026-06-22T05:47:00Z|2026-06-22T06:30:00Z|,Severe Thunderstorm Warning,,2026-06-22T05:47:00Z,2026-06-22T06:30:00Z,OUN,NEW,1,"{""coordinates"":[[[-99.59,35.25],[-99.72,35.68],[-99.1,35.8],[-98.34,35.51],[-98.59,35.28],[-99.59,35.25]]],""type"":""Polygon""}","{""_map_py"":{""effective"":""2026-06-22T05:47:00Z"",""event"":""Severe Thunderstorm Warning"",""expires"":""2026-06-22T06:30:00Z"",""has_polygon"":true,""headline"":"""",""sender"":""OUN""},""effective"":""2026-06-22T05:47:00Z"",""event"":""Severe Thunderstorm Warning"",""expires"":""2026-06-22T06:30:00Z"",""headline"":"""",""iem_damagetag"":""CONSIDERABLE"",""iem_emergency"":""False"",""iem_event_id"":""615"",""iem_forecaster"":""Mahale"",""iem_gtype"":""P"",""iem_hailtag"":""1.0"",""iem_phenomena"":""SV"",""iem_raw_properties"":{""AREA_KM2"":""5357.071401075412"",""DAMAGTAG"":""CONSIDERABLE"",""EMERGENC"":""False"",""ETN"":""615"",""EXPIRED"":""202606220630"",""FCSTER"":""Mahale"",""GTYPE"":""P"",""HAILTAG"":""1.0"",""HV_CAUSE"":null,""HV_NWSLI"":null,""HV_REC"":null,""HV_SEV"":null,""INIT_EXP"":""202606220630"",""INIT_ISS"":""202606220547"",""ISSUED"":""202606220547"",""NWS_UGC"":null,""PHENOM"":""SV"",""POLY_BEG"":""202606220547"",""POLY_END"":""202606220630"",""PROD_ID"":""202606220547-KOUN-WUUS54-SVROUN"",""SIG"":""W"",""STATUS"":""NEW"",""TORNTAG"":null,""UPDATED"":""202606220547"",""VTEC_YR"":""2026"",""WFO"":""OUN"",""WINDTAG"":""70.0""},""iem_significance"":""W"",""iem_tornadotag"":"""",""iem_ugc"":"""",""iem_wfo"":""OUN"",""iem_windtag"":""70.0"",""senderName"":""OUN"",""status"":""NEW""}","{""geometry"":{""coordinates"":[[[-99.59,35.25],[-99.72,35.68],[-99.1,35.8],[-98.34,35.51],[-98.59,35.28],[-99.59,35.25]]],""type"":""Polygon""},""properties"":{""_map_py"":{""effective"":""2026-06-22T05:47:00Z"",""event"":""Severe Thunderstorm Warning"",""expires"":""2026-06-22T06:30:00Z"",""has_polygon"":true,""headline"":"""",""sender"":""OUN""},""effective"":""2026-06-22T05:47:00Z"",""event"":""Severe Thunderstorm Warning"",""expires"":""2026-06-22T06:30:00Z"",""headline"":"""",""iem_damagetag"":""CONSIDERABLE"",""iem_emergency"":""False"",""iem_event_id"":""615"",""iem_forecaster"":""Mahale"",""iem_gtype"":""P"",""iem_hailtag"":""1.0"",""iem_phenomena"":""SV"",""iem_raw_properties"":{""AREA_KM2"":""5357.071401075412"",""DAMAGTAG"":""CONSIDERABLE"",""EMERGENC"":""False"",""ETN"":""615"",""EXPIRED"":""202606220630"",""FCSTER"":""Mahale"",""GTYPE"":""P"",""HAILTAG"":""1.0"",""HV_CAUSE"":null,""HV_NWSLI"":null,""HV_REC"":null,""HV_SEV"":null,""INIT_EXP"":""202606220630"",""INIT_ISS"":""202606220547"",""ISSUED"":""202606220547"",""NWS_UGC"":null,""PHENOM"":""SV"",""POLY_BEG"":""202606220547"",""POLY_END"":""202606220630"",""PROD_ID"":""202606220547-KOUN-WUUS54-SVROUN"",""SIG"":""W"",""STATUS"":""NEW"",""TORNTAG"":null,""UPDATED"":""202606220547"",""VTEC_YR"":""2026"",""WFO"":""OUN"",""WINDTAG"":""70.0""},""iem_significance"":""W"",""iem_tornadotag"":"""",""iem_ugc"":"""",""iem_wfo"":""OUN"",""iem_windtag"":""70.0"",""senderName"":""OUN"",""status"":""NEW""},""type"":""Feature""}",2026-04-27T17:31:58Z,2026-07-09T05:15:02Z,2026-07-09T18:49:04Z
11262,iem_watchwarn,iem_watchwarn|OUN|616|SV|W|2026-06-22T05:53:00Z|2026-06-22T07:00:00Z|,Severe Thunderstorm Warning,,2026-06-22T05:53:00Z,2026-06-22T07:00:00Z,OUN,NEW,1,"{""coordinates"":[[[-96.75,36.78],[-96.82,36.77],[-96.83,36.74],[-96.89,36.75],[-96.93,36.68],[-97.06,36.68],[-97.06,36.59],[-96.91,36.6],[-96.89,36.58],[-96.9,36.55],[-97.03,36.51],[-97.03,36.33],[-96.92,36.33],[-96.93,36.25],[-97.14,36.25],[-97.14,36.16],[-97.7,36.16],[-98.22,36.34],[-97.47,37.0],[-96.76,37.0],[-96.75,36.78]]],""type"":""Polygon""}","{""_map_py"":{""effective"":""2026-06-22T05:53:00Z"",""event"":""Severe Thunderstorm Warning"",""expires"":""2026-06-22T07:00:00Z"",""has_polygon"":true,""headline"":"""",""sender"":""OUN""},""effective"":""2026-06-22T05:53:00Z"",""event"":""Severe Thunderstorm Warning"",""expires"":""2026-06-22T07:00:00Z"",""headline"":"""",""iem_damagetag"":""CONSIDERABLE"",""iem_emergency"":""False"",""iem_event_id"":""616"",""iem_forecaster"":""Mahale"",""iem_gtype"":""P"",""iem_hailtag"":""1.0"",""iem_phenomena"":""SV"",""iem_raw_properties"":{""AREA_KM2"":""7813.190013810068"",""DAMAGTAG"":""CONSIDERABLE"",""EMERGENC"":""False"",""ETN"":""616"",""EXPIRED"":""202606220700"",""FCSTER"":""Mahale"",""GTYPE"":""P"",""HAILTAG"":""1.0"",""HV_CAUSE"":null,""HV_NWSLI"":null,""HV_REC"":null,""HV_SEV"":null,""INIT_EXP"":""202606220700"",""INIT_ISS"":""202606220553"",""ISSUED"":""202606220553"",""NWS_UGC"":null,""PHENOM"":""SV"",""POLY_BEG"":""202606220553"",""POLY_END"":""202606220700"",""PROD_ID"":""202606220553-KOUN-WUUS54-SVROUN"",""SIG"":""W"",""STATUS"":""NEW"",""TORNTAG"":null,""UPDATED"":""202606220553"",""VTEC_YR"":""2026"",""WFO"":""OUN"",""WINDTAG"":""70.0""},""iem_significance"":""W"",""iem_tornadotag"":"""",""iem_ugc"":"""",""iem_wfo"":""OUN"",""iem_windtag"":""70.0"",""senderName"":""OUN"",""status"":""NEW""}","{""geometry"":{""coordinates"":[[[-96.75,36.78],[-96.82,36.77],[-96.83,36.74],[-96.89,36.75],[-96.93,36.68],[-97.06,36.68],[-97.06,36.59],[-96.91,36.6],[-96.89,36.58],[-96.9,36.55],[-97.03,36.51],[-97.03,36.33],[-96.92,36.33],[-96.93,36.25],[-97.14,36.25],[-97.14,36.16],[-97.7,36.16],[-98.22,36.34],[-97.47,37.0],[-96.76,37.0],[-96.75,36.78]]],""type"":""Polygon""},""properties"":{""_map_py"":{""effective"":""2026-06-22T05:53:00Z"",""event"":""Severe Thunderstorm Warning"",""expires"":""2026-06-22T07:00:00Z"",""has_polygon"":true,""headline"":"""",""sender"":""OUN""},""effective"":""2026-06-22T05:53:00Z"",""event"":""Severe Thunderstorm Warning"",""expires"":""2026-06-22T07:00:00Z"",""headline"":"""",""iem_damagetag"":""CONSIDERABLE"",""iem_emergency"":""False"",""iem_event_id"":""616"",""iem_forecaster"":""Mahale"",""iem_gtype"":""P"",""iem_hailtag"":""1.0"",""iem_phenomena"":""SV"",""iem_raw_properties"":{""AREA_KM2"":""7813.190013810068"",""DAMAGTAG"":""CONSIDERABLE"",""EMERGENC"":""False"",""ETN"":""616"",""EXPIRED"":""202606220700"",""FCSTER"":""Mahale"",""GTYPE"":""P"",""HAILTAG"":""1.0"",""HV_CAUSE"":null,""HV_NWSLI"":null,""HV_REC"":null,""HV_SEV"":null,""INIT_EXP"":""202606220700"",""INIT_ISS"":""202606220553"",""ISSUED"":""202606220553"",""NWS_UGC"":null,""PHENOM"":""SV"",""POLY_BEG"":""202606220553"",""POLY_END"":""202606220700"",""PROD_ID"":""202606220553-KOUN-WUUS54-SVROUN"",""SIG"":""W"",""STATUS"":""NEW"",""TORNTAG"":null,""UPDATED"":""202606220553"",""VTEC_YR"":""2026"",""WFO"":""OUN"",""WINDTAG"":""70.0""},""iem_significance"":""W"",""iem_tornadotag"":"""",""iem_ugc"":"""",""iem_wfo"":""OUN"",""iem_windtag"":""70.0"",""senderName"":""OUN"",""status"":""NEW""},""type"":""Feature""}",2026-04-27T17:31:58Z,2026-07-09T05:15:02Z,2026-07-09T18:49:04Z
